Using pre-set license
Built from '6000.0/staging' branch; Version is '6000.0.49f1 (840e0a9776d9) revision 8654346'; Using compiler version '193933523'; Build Type 'Release'
OS: 'Windows 11  (10.0.22631) 64bit Professional' Language: 'en' Physical Memory: 32469 MB
BatchMode: 1, IsHumanControllingUs: 0, StartBugReporterOnCrash: 0, Is64bit: 1, IsPro: 1

COMMAND LINE ARGUMENTS:
C:\Program Files\Unity\Hub\Editor\6000.0.49f1\Editor\Unity.exe
-adb2
-batchMode
-noUpm
-name
AssetImportWorker0
-projectPath
D:/Projects/personal/Fate/Fate
-logFile
Logs/AssetImportWorker0.log
-srvPort
57252
-job-worker-count
7
-background-job-worker-count
8
-gc-helper-count
1
Successfully changed project path to: D:/Projects/personal/Fate/Fate
D:/Projects/personal/Fate/Fate
[UnityMemory] Configuration Parameters - Can be set up in boot.config
    "memorysetup-bucket-allocator-granularity=16"
    "memorysetup-bucket-allocator-bucket-count=8"
    "memorysetup-bucket-allocator-block-size=33554432"
    "memorysetup-bucket-allocator-block-count=8"
    "memorysetup-main-allocator-block-size=16777216"
    "memorysetup-thread-allocator-block-size=16777216"
    "memorysetup-gfx-main-allocator-block-size=16777216"
    "memorysetup-gfx-thread-allocator-block-size=16777216"
    "memorysetup-cache-allocator-block-size=4194304"
    "memorysetup-typetree-allocator-block-size=2097152"
    "memorysetup-profiler-bucket-allocator-granularity=16"
    "memorysetup-profiler-bucket-allocator-bucket-count=8"
    "memorysetup-profiler-bucket-allocator-block-size=33554432"
    "memorysetup-profiler-bucket-allocator-block-count=8"
    "memorysetup-profiler-allocator-block-size=16777216"
    "memorysetup-profiler-editor-allocator-block-size=1048576"
    "memorysetup-temp-allocator-size-main=16777216"
    "memorysetup-job-temp-allocator-block-size=2097152"
    "memorysetup-job-temp-allocator-block-size-background=1048576"
    "memorysetup-job-temp-allocator-reduction-small-platforms=262144"
    "memorysetup-allocator-temp-initial-block-size-main=262144"
    "memorysetup-allocator-temp-initial-block-size-worker=262144"
    "memorysetup-temp-allocator-size-background-worker=32768"
    "memorysetup-temp-allocator-size-job-worker=262144"
    "memorysetup-temp-allocator-size-preload-manager=33554432"
    "memorysetup-temp-allocator-size-nav-mesh-worker=65536"
    "memorysetup-temp-allocator-size-audio-worker=65536"
    "memorysetup-temp-allocator-size-cloud-worker=32768"
    "memorysetup-temp-allocator-size-gi-baking-worker=262144"
    "memorysetup-temp-allocator-size-gi-baking-worker=262144"
    "memorysetup-temp-allocator-size-gi-baking-worker=262144"
    "memorysetup-temp-allocator-size-gi-baking-worker=262144"
    "memorysetup-temp-allocator-size-gi-baking-worker=262144"
    "memorysetup-temp-allocator-size-gfx=262144"
Player connection [25556]  Target information:

Player connection [25556]  * "[IP] 192.168.1.215 [Port] 0 [Flags] 2 [Guid] 792291283 [EditorId] 792291283 [Version] 1048832 [Id] WindowsEditor(7,LTTechno06) [Debug] 1 [PackageName] WindowsEditor [ProjectName] Editor" 

Player connection [25556] Host joined multi-casting on [225.0.0.222:54997]...
Player connection [25556] Host joined alternative multi-casting on [225.0.0.222:34997]...
JobSystem: Creating JobQueue using job-worker-count value 7
Input System module state changed to: Initialized.
[Physics::Module] Initialized fallback backend.
[Physics::Module] Id: 0xdecafbad
Library Redirect Path: Library/
[Physics::Module] Selected backend.
[Physics::Module] Name: PhysX
[Physics::Module] Id: 0xf2b8ea05
[Physics::Module] SDK Version: 4.1.2
[Physics::Module] Integration Version: 1.0.0
[Physics::Module] Threading Mode: Multi-Threaded
Refreshing native plugins compatible for Editor in 1.46 ms, found 3 plugins.
Preloading 0 native plugins for Editor in 0.00 ms.
Initialize engine version: 6000.0.49f1 (840e0a9776d9)
[Subsystems] Discovering subsystems at path C:/Program Files/Unity/Hub/Editor/6000.0.49f1/Editor/Data/Resources/UnitySubsystems
[Subsystems] Discovering subsystems at path D:/Projects/personal/Fate/Fate/Assets
GfxDevice: creating device client; kGfxThreadingModeNonThreaded
Direct3D:
    Version:  Direct3D 11.0 [level 11.1]
    Renderer: NVIDIA GeForce RTX 3070 Laptop GPU (ID=0x249d)
    Vendor:   NVIDIA
    VRAM:     8020 MB
    Driver:   32.0.15.5585
Initialize mono
Mono path[0] = 'C:/Program Files/Unity/Hub/Editor/6000.0.49f1/Editor/Data/Managed'
Mono path[1] = 'C:/Program Files/Unity/Hub/Editor/6000.0.49f1/Editor/Data/MonoBleedingEdge/lib/mono/unityjit-win32'
Mono config path = 'C:/Program Files/Unity/Hub/Editor/6000.0.49f1/Editor/Data/MonoBleedingEdge/etc'
Using monoOptions --debugger-agent=transport=dt_socket,embedding=1,server=y,suspend=n,address=127.0.0.1:56680
Begin MonoManager ReloadAssembly
Registering precompiled unity dll's ...
Register platform support module: C:/Program Files/Unity/Hub/Editor/6000.0.49f1/Editor/Data/PlaybackEngines/WindowsStandaloneSupport/UnityEditor.WindowsStandalone.Extensions.dll
Register platform support module: C:/Program Files/Unity/Hub/Editor/6000.0.49f1/Editor/Data/PlaybackEngines/AndroidPlayer/UnityEditor.Android.Extensions.dll
Register platform support module: C:/Program Files/Unity/Hub/Editor/6000.0.49f1/Editor/Data/PlaybackEngines/LinuxStandaloneSupport/UnityEditor.LinuxStandalone.Extensions.dll
Registered in 0.004250 seconds.
- Loaded All Assemblies, in  0.564 seconds
Native extension for LinuxStandalone target not found
Native extension for Android target not found
Android Extension - Scanning For ADB Devices 299 ms
Native extension for WindowsStandalone target not found
Mono: successfully reloaded assembly
- Finished resetting the current domain, in  0.794 seconds
Domain Reload Profiling: 1356ms
	BeginReloadAssembly (270ms)
		ExecutionOrderSort (0ms)
		DisableScriptedObjects (0ms)
		BackupInstance (0ms)
		ReleaseScriptingObjects (0ms)
		CreateAndSetChildDomain (1ms)
	RebuildCommonClasses (44ms)
	RebuildNativeTypeToScriptingClass (14ms)
	initialDomainReloadingComplete (55ms)
	LoadAllAssembliesAndSetupDomain (179ms)
		LoadAssemblies (267ms)
		RebuildTransferFunctionScriptingTraits (0ms)
		AnalyzeDomain (175ms)
			TypeCache.Refresh (173ms)
				TypeCache.ScanAssembly (157ms)
			BuildScriptInfoCaches (0ms)
			ResolveRequiredComponents (1ms)
	FinalizeReload (795ms)
		ReleaseScriptCaches (0ms)
		RebuildScriptCaches (0ms)
		SetupLoadedEditorAssemblies (732ms)
			LogAssemblyErrors (0ms)
			InitializePlatformSupportModulesInManaged (462ms)
			SetLoadedEditorAssemblies (5ms)
			BeforeProcessingInitializeOnLoad (65ms)
			ProcessInitializeOnLoadAttributes (135ms)
			ProcessInitializeOnLoadMethodAttributes (64ms)
			AfterProcessingInitializeOnLoad (0ms)
			EditorAssembliesLoaded (0ms)
		ExecutionOrderSort2 (0ms)
		AwakeInstancesAfterBackupRestoration (0ms)
========================================================================
Worker process is ready to serve import requests
Import Worker Mode flag is 0x00
Begin MonoManager ReloadAssembly
- Loaded All Assemblies, in  1.044 seconds
Refreshing native plugins compatible for Editor in 0.74 ms, found 3 plugins.
Native extension for LinuxStandalone target not found
Native extension for Android target not found
Native extension for WindowsStandalone target not found
Mono: successfully reloaded assembly
- Finished resetting the current domain, in  1.209 seconds
Domain Reload Profiling: 2250ms
	BeginReloadAssembly (205ms)
		ExecutionOrderSort (0ms)
		DisableScriptedObjects (7ms)
		BackupInstance (0ms)
		ReleaseScriptingObjects (0ms)
		CreateAndSetChildDomain (42ms)
	RebuildCommonClasses (59ms)
	RebuildNativeTypeToScriptingClass (17ms)
	initialDomainReloadingComplete (47ms)
	LoadAllAssembliesAndSetupDomain (712ms)
		LoadAssemblies (416ms)
		RebuildTransferFunctionScriptingTraits (0ms)
		AnalyzeDomain (404ms)
			TypeCache.Refresh (310ms)
				TypeCache.ScanAssembly (288ms)
			BuildScriptInfoCaches (74ms)
			ResolveRequiredComponents (17ms)
	FinalizeReload (1210ms)
		ReleaseScriptCaches (0ms)
		RebuildScriptCaches (0ms)
		SetupLoadedEditorAssemblies (1042ms)
			LogAssemblyErrors (0ms)
			InitializePlatformSupportModulesInManaged (26ms)
			SetLoadedEditorAssemblies (8ms)
			BeforeProcessingInitializeOnLoad (252ms)
			ProcessInitializeOnLoadAttributes (690ms)
			ProcessInitializeOnLoadMethodAttributes (61ms)
			AfterProcessingInitializeOnLoad (4ms)
			EditorAssembliesLoaded (0ms)
		ExecutionOrderSort2 (0ms)
		AwakeInstancesAfterBackupRestoration (5ms)
WARNING: Shader Unsupported: 'Hidden/Universal Render Pipeline/Terrain/Lit (Base Pass)' - All subshaders removed
WARNING: Shader Did you use #pragma only_renderers and omit this platform?
WARNING: Shader If subshaders removal was intentional, you may have forgotten turning Fallback off?
WARNING: Shader Unsupported: 'Hidden/Universal Render Pipeline/Terrain/Lit (Base Pass)' - All subshaders removed
WARNING: Shader Did you use #pragma only_renderers and omit this platform?
WARNING: Shader If subshaders removal was intentional, you may have forgotten turning Fallback off?
WARNING: Shader Unsupported: 'Universal Render Pipeline/Terrain/Lit' - All subshaders removed
WARNING: Shader Did you use #pragma only_renderers and omit this platform?
WARNING: Shader If subshaders removal was intentional, you may have forgotten turning Fallback off?
WARNING: Shader Unsupported: 'Universal Render Pipeline/Terrain/Lit' - All subshaders removed
WARNING: Shader Did you use #pragma only_renderers and omit this platform?
WARNING: Shader If subshaders removal was intentional, you may have forgotten turning Fallback off?
Launched and connected shader compiler UnityShaderCompiler.exe after 0.01 seconds
Refreshing native plugins compatible for Editor in 1.41 ms, found 3 plugins.
Preloading 0 native plugins for Editor in 0.00 ms.
Unloading 182 Unused Serialized files (Serialized files now loaded: 0)
Unloading 7293 unused Assets / (9.8 MB). Loaded Objects now: 7874.
Memory consumption went from 180.6 MB to 170.8 MB.
Total: 19.367500 ms (FindLiveObjects: 1.039700 ms CreateObjectMapping: 1.406800 ms MarkObjects: 9.977600 ms  DeleteObjects: 6.941700 ms)

========================================================================
Received Prepare
Begin MonoManager ReloadAssembly
- Loaded All Assemblies, in  0.914 seconds
Refreshing native plugins compatible for Editor in 0.62 ms, found 3 plugins.
Native extension for LinuxStandalone target not found
Native extension for Android target not found
Native extension for WindowsStandalone target not found
Mono: successfully reloaded assembly
- Finished resetting the current domain, in  1.244 seconds
Domain Reload Profiling: 2159ms
	BeginReloadAssembly (232ms)
		ExecutionOrderSort (0ms)
		DisableScriptedObjects (7ms)
		BackupInstance (0ms)
		ReleaseScriptingObjects (0ms)
		CreateAndSetChildDomain (64ms)
	RebuildCommonClasses (40ms)
	RebuildNativeTypeToScriptingClass (14ms)
	initialDomainReloadingComplete (31ms)
	LoadAllAssembliesAndSetupDomain (597ms)
		LoadAssemblies (382ms)
		RebuildTransferFunctionScriptingTraits (0ms)
		AnalyzeDomain (310ms)
			TypeCache.Refresh (11ms)
				TypeCache.ScanAssembly (0ms)
			BuildScriptInfoCaches (272ms)
			ResolveRequiredComponents (22ms)
	FinalizeReload (1244ms)
		ReleaseScriptCaches (0ms)
		RebuildScriptCaches (0ms)
		SetupLoadedEditorAssemblies (1073ms)
			LogAssemblyErrors (0ms)
			InitializePlatformSupportModulesInManaged (27ms)
			SetLoadedEditorAssemblies (9ms)
			BeforeProcessingInitializeOnLoad (257ms)
			ProcessInitializeOnLoadAttributes (700ms)
			ProcessInitializeOnLoadMethodAttributes (72ms)
			AfterProcessingInitializeOnLoad (7ms)
			EditorAssembliesLoaded (1ms)
		ExecutionOrderSort2 (0ms)
		AwakeInstancesAfterBackupRestoration (5ms)
WARNING: Shader Unsupported: 'Hidden/Universal Render Pipeline/Terrain/Lit (Base Pass)' - All subshaders removed
WARNING: Shader Did you use #pragma only_renderers and omit this platform?
WARNING: Shader If subshaders removal was intentional, you may have forgotten turning Fallback off?
WARNING: Shader Unsupported: 'Hidden/Universal Render Pipeline/Terrain/Lit (Base Pass)' - All subshaders removed
WARNING: Shader Did you use #pragma only_renderers and omit this platform?
WARNING: Shader If subshaders removal was intentional, you may have forgotten turning Fallback off?
WARNING: Shader Unsupported: 'Universal Render Pipeline/Terrain/Lit' - All subshaders removed
WARNING: Shader Did you use #pragma only_renderers and omit this platform?
WARNING: Shader If subshaders removal was intentional, you may have forgotten turning Fallback off?
WARNING: Shader Unsupported: 'Universal Render Pipeline/Terrain/Lit' - All subshaders removed
WARNING: Shader Did you use #pragma only_renderers and omit this platform?
WARNING: Shader If subshaders removal was intentional, you may have forgotten turning Fallback off?
Refreshing native plugins compatible for Editor in 1.69 ms, found 3 plugins.
Preloading 0 native plugins for Editor in 0.00 ms.
Unloading 46 Unused Serialized files (Serialized files now loaded: 0)
Unloading 7291 unused Assets / (7.8 MB). Loaded Objects now: 7877.
Memory consumption went from 148.8 MB to 141.0 MB.
Total: 18.087700 ms (FindLiveObjects: 1.199000 ms CreateObjectMapping: 1.647600 ms MarkObjects: 9.283800 ms  DeleteObjects: 5.955700 ms)

Prepare: number of updated asset objects reloaded= 0
========================================================================
Received Import Request.
  Time since last request: 283024.226047 seconds.
  path: Assets/Fate/Scenes
  artifactKey: Guid(68fcda64a0c90be4ab50f52583eb1082) Importer(815301076,1909f56bfc062723c751e8b465ee728b)
Start importing Assets/Fate/Scenes using Guid(68fcda64a0c90be4ab50f52583eb1082) Importer(815301076,1909f56bfc062723c751e8b465ee728b) (PreviewImporter) -> (artifact id: '0d41fe2ec24063194bbc11539b615961') in 0.0113111 seconds
Number of updated asset objects reloaded before import = 0Number of asset objects unloaded after import = 0

========================================================================
Received Import Request.
  Time since last request: 14.913188 seconds.
  path: Assets/Fate/Scripts/Networking/FateNetworkDirector.cs
  artifactKey: Guid(809afaf6114921a4599212184753d101) Importer(815301076,1909f56bfc062723c751e8b465ee728b)
Start importing Assets/Fate/Scripts/Networking/FateNetworkDirector.cs using Guid(809afaf6114921a4599212184753d101) Importer(815301076,1909f56bfc062723c751e8b465ee728b) (PreviewImporter) -> (artifact id: '96003977afdf48b98bec965a3f5c5a2f') in 0.000554 seconds
Number of updated asset objects reloaded before import = 0Number of asset objects unloaded after import = 0

========================================================================
Received Import Request.
  Time since last request: 0.832926 seconds.
  path: Assets/Fate/Scripts/Networking/FateNetworkPlayerController.cs
  artifactKey: Guid(2ec318d034df26840b20c8f529302ffc) Importer(815301076,1909f56bfc062723c751e8b465ee728b)
Start importing Assets/Fate/Scripts/Networking/FateNetworkPlayerController.cs using Guid(2ec318d034df26840b20c8f529302ffc) Importer(815301076,1909f56bfc062723c751e8b465ee728b) (PreviewImporter) -> (artifact id: 'da5681e271c54e7c32eae44bfce8b14b') in 0.0005166 seconds
Number of updated asset objects reloaded before import = 0Number of asset objects unloaded after import = 0

========================================================================
Received Import Request.
  Time since last request: 0.759047 seconds.
  path: Assets/Fate/Scripts/Networking/FateNetworkPlayerSpawner.cs
  artifactKey: Guid(7b4eb0ff737ee0248b14ccbfa5172886) Importer(815301076,1909f56bfc062723c751e8b465ee728b)
Start importing Assets/Fate/Scripts/Networking/FateNetworkPlayerSpawner.cs using Guid(7b4eb0ff737ee0248b14ccbfa5172886) Importer(815301076,1909f56bfc062723c751e8b465ee728b) (PreviewImporter) -> (artifact id: 'e43973fa655500558743b25008e845a0') in 0.0005608 seconds
Number of updated asset objects reloaded before import = 0Number of asset objects unloaded after import = 0

========================================================================
Received Import Request.
  Time since last request: 3.203746 seconds.
  path: Assets/Fate/Scripts/Networking
  artifactKey: Guid(c00504230699f4349a0e68bd1feaa52b) Importer(815301076,1909f56bfc062723c751e8b465ee728b)
Start importing Assets/Fate/Scripts/Networking using Guid(c00504230699f4349a0e68bd1feaa52b) Importer(815301076,1909f56bfc062723c751e8b465ee728b) (PreviewImporter) -> (artifact id: '00be3439bc07e9a2b9d139b5bcc4be71') in 0.0004833 seconds
Number of updated asset objects reloaded before import = 0Number of asset objects unloaded after import = 0

========================================================================
Received Import Request.
  Time since last request: 1.344055 seconds.
  path: Assets/Fate/Scripts
  artifactKey: Guid(7fff16594732a6e489bb8adf3f65271f) Importer(815301076,1909f56bfc062723c751e8b465ee728b)
Start importing Assets/Fate/Scripts using Guid(7fff16594732a6e489bb8adf3f65271f) Importer(815301076,1909f56bfc062723c751e8b465ee728b) (PreviewImporter) -> (artifact id: '395c7adfbd3f81eb9c766c70e30f2343') in 0.0005427 seconds
Number of updated asset objects reloaded before import = 0Number of asset objects unloaded after import = 0

========================================================================
Received Prepare
WARNING: Shader Unsupported: 'Hidden/Universal Render Pipeline/Terrain/Lit (Base Pass)' - All subshaders removed
WARNING: Shader Did you use #pragma only_renderers and omit this platform?
WARNING: Shader If subshaders removal was intentional, you may have forgotten turning Fallback off?
WARNING: Shader Unsupported: 'Hidden/Universal Render Pipeline/Terrain/Lit (Base Pass)' - All subshaders removed
WARNING: Shader Did you use #pragma only_renderers and omit this platform?
WARNING: Shader If subshaders removal was intentional, you may have forgotten turning Fallback off?
WARNING: Shader Unsupported: 'Universal Render Pipeline/Terrain/Lit' - All subshaders removed
WARNING: Shader Did you use #pragma only_renderers and omit this platform?
WARNING: Shader If subshaders removal was intentional, you may have forgotten turning Fallback off?
WARNING: Shader Unsupported: 'Universal Render Pipeline/Terrain/Lit' - All subshaders removed
WARNING: Shader Did you use #pragma only_renderers and omit this platform?
WARNING: Shader If subshaders removal was intentional, you may have forgotten turning Fallback off?
Refreshing native plugins compatible for Editor in 1.81 ms, found 3 plugins.
Preloading 0 native plugins for Editor in 0.00 ms.
Unloading 46 Unused Serialized files (Serialized files now loaded: 0)
Unloading 7281 unused Assets / (7.4 MB). Loaded Objects now: 7876.
Memory consumption went from 149.5 MB to 142.1 MB.
Total: 19.541500 ms (FindLiveObjects: 1.225300 ms CreateObjectMapping: 1.211700 ms MarkObjects: 11.787200 ms  DeleteObjects: 5.315400 ms)

Prepare: number of updated asset objects reloaded= 0
========================================================================
Received Prepare
Begin MonoManager ReloadAssembly
- Loaded All Assemblies, in  0.928 seconds
Refreshing native plugins compatible for Editor in 0.67 ms, found 3 plugins.
Native extension for LinuxStandalone target not found
Native extension for Android target not found
Native extension for WindowsStandalone target not found
Mono: successfully reloaded assembly
- Finished resetting the current domain, in  1.244 seconds
Domain Reload Profiling: 2172ms
	BeginReloadAssembly (239ms)
		ExecutionOrderSort (0ms)
		DisableScriptedObjects (7ms)
		BackupInstance (0ms)
		ReleaseScriptingObjects (0ms)
		CreateAndSetChildDomain (64ms)
	RebuildCommonClasses (41ms)
	RebuildNativeTypeToScriptingClass (16ms)
	initialDomainReloadingComplete (37ms)
	LoadAllAssembliesAndSetupDomain (596ms)
		LoadAssemblies (434ms)
		RebuildTransferFunctionScriptingTraits (0ms)
		AnalyzeDomain (266ms)
			TypeCache.Refresh (15ms)
				TypeCache.ScanAssembly (1ms)
			BuildScriptInfoCaches (231ms)
			ResolveRequiredComponents (17ms)
	FinalizeReload (1244ms)
		ReleaseScriptCaches (0ms)
		RebuildScriptCaches (0ms)
		SetupLoadedEditorAssemblies (1086ms)
			LogAssemblyErrors (0ms)
			InitializePlatformSupportModulesInManaged (22ms)
			SetLoadedEditorAssemblies (9ms)
			BeforeProcessingInitializeOnLoad (251ms)
			ProcessInitializeOnLoadAttributes (725ms)
			ProcessInitializeOnLoadMethodAttributes (73ms)
			AfterProcessingInitializeOnLoad (5ms)
			EditorAssembliesLoaded (0ms)
		ExecutionOrderSort2 (0ms)
		AwakeInstancesAfterBackupRestoration (6ms)
WARNING: Shader Unsupported: 'Hidden/Universal Render Pipeline/Terrain/Lit (Base Pass)' - All subshaders removed
WARNING: Shader Did you use #pragma only_renderers and omit this platform?
WARNING: Shader If subshaders removal was intentional, you may have forgotten turning Fallback off?
WARNING: Shader Unsupported: 'Hidden/Universal Render Pipeline/Terrain/Lit (Base Pass)' - All subshaders removed
WARNING: Shader Did you use #pragma only_renderers and omit this platform?
WARNING: Shader If subshaders removal was intentional, you may have forgotten turning Fallback off?
WARNING: Shader Unsupported: 'Universal Render Pipeline/Terrain/Lit' - All subshaders removed
WARNING: Shader Did you use #pragma only_renderers and omit this platform?
WARNING: Shader If subshaders removal was intentional, you may have forgotten turning Fallback off?
WARNING: Shader Unsupported: 'Universal Render Pipeline/Terrain/Lit' - All subshaders removed
WARNING: Shader Did you use #pragma only_renderers and omit this platform?
WARNING: Shader If subshaders removal was intentional, you may have forgotten turning Fallback off?
Refreshing native plugins compatible for Editor in 1.30 ms, found 3 plugins.
Preloading 0 native plugins for Editor in 0.00 ms.
Unloading 46 Unused Serialized files (Serialized files now loaded: 0)
Unloading 7288 unused Assets / (8.1 MB). Loaded Objects now: 7879.
Memory consumption went from 151.2 MB to 143.1 MB.
Total: 20.473600 ms (FindLiveObjects: 1.210300 ms CreateObjectMapping: 1.673700 ms MarkObjects: 10.862800 ms  DeleteObjects: 6.724900 ms)

Prepare: number of updated asset objects reloaded= 0
========================================================================
Received Import Request.
  Time since last request: 19.154577 seconds.
  path: Assets/Fate/Materials
  artifactKey: Guid(fcf786efb6a9cf44eae0b7f7b4280270) Importer(815301076,1909f56bfc062723c751e8b465ee728b)
Start importing Assets/Fate/Materials using Guid(fcf786efb6a9cf44eae0b7f7b4280270) Importer(815301076,1909f56bfc062723c751e8b465ee728b) (PreviewImporter) -> (artifact id: 'be629ad3cc95317c02c5a168e724f856') in 0.0143856 seconds
Number of updated asset objects reloaded before import = 0Number of asset objects unloaded after import = 0

========================================================================
Received Import Request.
  Time since last request: 95.666844 seconds.
  path: Assets/PolygonSciFiSpace/Textures/PolygonSciFiSpace_Texture_01_A.png
  artifactKey: Guid(936bffa65ef866a43969ea77c103adb3) Importer(815301076,1909f56bfc062723c751e8b465ee728b)
Start importing Assets/PolygonSciFiSpace/Textures/PolygonSciFiSpace_Texture_01_A.png using Guid(936bffa65ef866a43969ea77c103adb3) Importer(815301076,1909f56bfc062723c751e8b465ee728b) (PreviewImporter) -> (artifact id: 'e260f24f51b8082a00eb2c5cf8949333') in 0.0623841 seconds
Number of updated asset objects reloaded before import = 0Number of asset objects unloaded after import = 2

========================================================================
Received Import Request.
  Time since last request: 0.002109 seconds.
  path: Assets/Online_FPS_TPS_KIT/Scripts/WeaponScripts/WeaponSight/WeaponSight.cs
  artifactKey: Guid(7e8d1fbcda0a4364599c0437e5d30482) Importer(815301076,1909f56bfc062723c751e8b465ee728b)
Start importing Assets/Online_FPS_TPS_KIT/Scripts/WeaponScripts/WeaponSight/WeaponSight.cs using Guid(7e8d1fbcda0a4364599c0437e5d30482) Importer(815301076,1909f56bfc062723c751e8b465ee728b) (PreviewImporter) -> (artifact id: '347f2af91fccd59fb7cca1d2e7f2f9db') in 0.0005734 seconds
Number of updated asset objects reloaded before import = 0Number of asset objects unloaded after import = 0

========================================================================
Received Import Request.
  Time since last request: 0.001615 seconds.
  path: Assets/PolygonSciFiSpace/Models/Collision/Convex/SM_Wep_Shield_Extended_01_Convex.asset
  artifactKey: Guid(4b42a9327668f424c868c1c2c1a10b7d) Importer(815301076,1909f56bfc062723c751e8b465ee728b)
Start importing Assets/PolygonSciFiSpace/Models/Collision/Convex/SM_Wep_Shield_Extended_01_Convex.asset using Guid(4b42a9327668f424c868c1c2c1a10b7d) Importer(815301076,1909f56bfc062723c751e8b465ee728b) (PreviewImporter) -> (artifact id: 'b090ffa5aa9376a71369d5a4c8ae05f9') in 0.1788427 seconds
Number of updated asset objects reloaded before import = 0Number of asset objects unloaded after import = 2

========================================================================
Received Import Request.
  Time since last request: 0.000015 seconds.
  path: Assets/Online_FPS_TPS_KIT/Scripts/Player/move/StandState.cs
  artifactKey: Guid(2a4f42a70a7e2784ea83274db1bb5423) Importer(815301076,1909f56bfc062723c751e8b465ee728b)
Start importing Assets/Online_FPS_TPS_KIT/Scripts/Player/move/StandState.cs using Guid(2a4f42a70a7e2784ea83274db1bb5423) Importer(815301076,1909f56bfc062723c751e8b465ee728b) (PreviewImporter) -> (artifact id: '3be5121df3a5bd64788eb3f218036f79') in 0.0005676 seconds
Number of updated asset objects reloaded before import = 0Number of asset objects unloaded after import = 0

========================================================================
Received Import Request.
  Time since last request: 0.001362 seconds.
  path: Assets/PolygonSciFiSpace/Materials/Alts/PolygonScifiSpace_Material_Dirt_01 1.mat
  artifactKey: Guid(7a4b10d2392c7444fbc7ce4ba172be70) Importer(815301076,1909f56bfc062723c751e8b465ee728b)
Start importing Assets/PolygonSciFiSpace/Materials/Alts/PolygonScifiSpace_Material_Dirt_01 1.mat using Guid(7a4b10d2392c7444fbc7ce4ba172be70) Importer(815301076,1909f56bfc062723c751e8b465ee728b) (PreviewImporter) -> (artifact id: 'bcc00db9f6e09a3ab49870e54cab749b') in 0.2017442 seconds
Number of updated asset objects reloaded before import = 0Number of asset objects unloaded after import = 4

========================================================================
Received Import Request.
  Time since last request: 0.000020 seconds.
  path: Assets/PolygonSciFiSpace/Models/SM_Wep_Shield_Extended_01.fbx
  artifactKey: Guid(ab26ed77484c43e429b1e615627e6e8a) Importer(815301076,1909f56bfc062723c751e8b465ee728b)
Start importing Assets/PolygonSciFiSpace/Models/SM_Wep_Shield_Extended_01.fbx using Guid(ab26ed77484c43e429b1e615627e6e8a) Importer(815301076,1909f56bfc062723c751e8b465ee728b) (PreviewImporter) -> (artifact id: '64571f5a13f4f36b7f916a307a77b6c9') in 0.0859181 seconds
Number of updated asset objects reloaded before import = 0Number of asset objects unloaded after import = 12

========================================================================
Received Import Request.
  Time since last request: 0.001272 seconds.
  path: Assets/Online_FPS_TPS_KIT/Materials/SmokeParticle.mat
  artifactKey: Guid(b2c96f52a1284b54a92b530f9a416577) Importer(815301076,1909f56bfc062723c751e8b465ee728b)
Start importing Assets/Online_FPS_TPS_KIT/Materials/SmokeParticle.mat using Guid(b2c96f52a1284b54a92b530f9a416577) Importer(815301076,1909f56bfc062723c751e8b465ee728b) (PreviewImporter) -> (artifact id: '7dd736766cdc539630eda6efaf0cd985') in 0.0124814 seconds
Number of updated asset objects reloaded before import = 0Number of asset objects unloaded after import = 2

========================================================================
Received Import Request.
  Time since last request: 0.001280 seconds.
  path: Assets/Online_FPS_TPS_KIT/Scripts/Player/HitBoxColidersList.cs
  artifactKey: Guid(634180468eb997d4599357325ba799fd) Importer(815301076,1909f56bfc062723c751e8b465ee728b)
Start importing Assets/Online_FPS_TPS_KIT/Scripts/Player/HitBoxColidersList.cs using Guid(634180468eb997d4599357325ba799fd) Importer(815301076,1909f56bfc062723c751e8b465ee728b) (PreviewImporter) -> (artifact id: 'c5402acf47f6d47b33a27fd839d7085e') in 0.0002806 seconds
Number of updated asset objects reloaded before import = 0Number of asset objects unloaded after import = 0

========================================================================
Received Import Request.
  Time since last request: 0.001869 seconds.
  path: Assets/Online_FPS_TPS_KIT/Scripts/v3.2/Scripts/CinemachinePOVExtension.cs
  artifactKey: Guid(7c12e64f0cf3e47428ec754761d4d8e7) Importer(815301076,1909f56bfc062723c751e8b465ee728b)
Start importing Assets/Online_FPS_TPS_KIT/Scripts/v3.2/Scripts/CinemachinePOVExtension.cs using Guid(7c12e64f0cf3e47428ec754761d4d8e7) Importer(815301076,1909f56bfc062723c751e8b465ee728b) (PreviewImporter) -> (artifact id: '8bb038fe8956dc8906bf434c945bca14') in 0.0003518 seconds
Number of updated asset objects reloaded before import = 0Number of asset objects unloaded after import = 0

========================================================================
Received Import Request.
  Time since last request: 0.001358 seconds.
  path: Assets/Online_FPS_TPS_KIT/Scripts/v3.2/RIG/LocalRigs/WeaponSlotRig.cs
  artifactKey: Guid(d5b2268187cc0dd47837431ca8cf2c64) Importer(815301076,1909f56bfc062723c751e8b465ee728b)
Start importing Assets/Online_FPS_TPS_KIT/Scripts/v3.2/RIG/LocalRigs/WeaponSlotRig.cs using Guid(d5b2268187cc0dd47837431ca8cf2c64) Importer(815301076,1909f56bfc062723c751e8b465ee728b) (PreviewImporter) -> (artifact id: 'c93f15be55f4fb9e0d2fdefcbf7a8660') in 0.0003841 seconds
Number of updated asset objects reloaded before import = 0Number of asset objects unloaded after import = 0

========================================================================
Received Import Request.
  Time since last request: 0.001468 seconds.
  path: Assets/Online_FPS_TPS_KIT/Scripts/WeaponScripts/BulletScripts/BulletBehaviour.cs
  artifactKey: Guid(9855d2a8a94746947992c59024e4ed32) Importer(815301076,1909f56bfc062723c751e8b465ee728b)
Start importing Assets/Online_FPS_TPS_KIT/Scripts/WeaponScripts/BulletScripts/BulletBehaviour.cs using Guid(9855d2a8a94746947992c59024e4ed32) Importer(815301076,1909f56bfc062723c751e8b465ee728b) (PreviewImporter) -> (artifact id: 'db285519bfbb4785291dbc2ac702bcf1') in 0.0003327 seconds
Number of updated asset objects reloaded before import = 0Number of asset objects unloaded after import = 0

========================================================================
Received Import Request.
  Time since last request: 0.001491 seconds.
  path: Assets/Online_FPS_TPS_KIT/Scripts/v3.2/RIG/RigList.cs
  artifactKey: Guid(fe8f6128849d5c84ba327036ae70bc10) Importer(815301076,1909f56bfc062723c751e8b465ee728b)
Start importing Assets/Online_FPS_TPS_KIT/Scripts/v3.2/RIG/RigList.cs using Guid(fe8f6128849d5c84ba327036ae70bc10) Importer(815301076,1909f56bfc062723c751e8b465ee728b) (PreviewImporter) -> (artifact id: 'afef61e6fc149dc877fe34f67bf695b0') in 0.0003712 seconds
Number of updated asset objects reloaded before import = 0Number of asset objects unloaded after import = 0

========================================================================
Received Import Request.
  Time since last request: 0.001488 seconds.
  path: Assets/Online_FPS_TPS_KIT/Scripts/v3.2/RIG/LocalRigs/PositionConstrained.cs
  artifactKey: Guid(99fe9f8b62dac084aa9444415014bca5) Importer(815301076,1909f56bfc062723c751e8b465ee728b)
Start importing Assets/Online_FPS_TPS_KIT/Scripts/v3.2/RIG/LocalRigs/PositionConstrained.cs using Guid(99fe9f8b62dac084aa9444415014bca5) Importer(815301076,1909f56bfc062723c751e8b465ee728b) (PreviewImporter) -> (artifact id: 'b7ebdff6d7060e51bbebeffdfbe0c5a5') in 0.0003487 seconds
Number of updated asset objects reloaded before import = 0Number of asset objects unloaded after import = 0

========================================================================
Received Import Request.
  Time since last request: 0.001307 seconds.
  path: Assets/Polygon Arsenal/Scripts/PolygonBeamStatic.cs
  artifactKey: Guid(20c23a8bcd5b0134d84a61ddd807fdc5) Importer(815301076,1909f56bfc062723c751e8b465ee728b)
Start importing Assets/Polygon Arsenal/Scripts/PolygonBeamStatic.cs using Guid(20c23a8bcd5b0134d84a61ddd807fdc5) Importer(815301076,1909f56bfc062723c751e8b465ee728b) (PreviewImporter) -> (artifact id: '561510d402b5acb18f39564c33d8f832') in 0.0003239 seconds
Number of updated asset objects reloaded before import = 0Number of asset objects unloaded after import = 0

========================================================================
Received Import Request.
  Time since last request: 0.001688 seconds.
  path: Assets/PolygonSciFiSpace/Models/Collision/Convex/SM_Wep_Sword_Double_01_Convex.asset
  artifactKey: Guid(d08163a6f8c0ec34bb7eb8579c332bea) Importer(815301076,1909f56bfc062723c751e8b465ee728b)
Start importing Assets/PolygonSciFiSpace/Models/Collision/Convex/SM_Wep_Sword_Double_01_Convex.asset using Guid(d08163a6f8c0ec34bb7eb8579c332bea) Importer(815301076,1909f56bfc062723c751e8b465ee728b) (PreviewImporter) -> (artifact id: '762ed17dba41c8bd6de7834c57a6843d') in 0.0055071 seconds
Number of updated asset objects reloaded before import = 0Number of asset objects unloaded after import = 2

========================================================================
Received Import Request.
  Time since last request: 0.001571 seconds.
  path: Assets/Online_FPS_TPS_KIT/CinemachineComponents/CameraSwitcher.cs
  artifactKey: Guid(8fd149b3c67e6bf41b6921e8e031f61d) Importer(815301076,1909f56bfc062723c751e8b465ee728b)
Start importing Assets/Online_FPS_TPS_KIT/CinemachineComponents/CameraSwitcher.cs using Guid(8fd149b3c67e6bf41b6921e8e031f61d) Importer(815301076,1909f56bfc062723c751e8b465ee728b) (PreviewImporter) -> (artifact id: 'dc6b3776ed3f5ed307b2dee949f20581') in 0.0004004 seconds
Number of updated asset objects reloaded before import = 0Number of asset objects unloaded after import = 0

========================================================================
Received Import Request.
  Time since last request: 0.001218 seconds.
  path: Assets/Online_FPS_TPS_KIT/Scripts/WeaponScripts/WeaponPickupNetwork.cs
  artifactKey: Guid(8eaa162d5a934e14ea805d3d76c49170) Importer(815301076,1909f56bfc062723c751e8b465ee728b)
Start importing Assets/Online_FPS_TPS_KIT/Scripts/WeaponScripts/WeaponPickupNetwork.cs using Guid(8eaa162d5a934e14ea805d3d76c49170) Importer(815301076,1909f56bfc062723c751e8b465ee728b) (PreviewImporter) -> (artifact id: '0b811602a16534d26105c5e9e8c495ae') in 0.0003157 seconds
Number of updated asset objects reloaded before import = 0Number of asset objects unloaded after import = 0

========================================================================
Received Import Request.
  Time since last request: 0.001416 seconds.
  path: Assets/PolygonSciFiSpace/Prefabs/Buildings/SM_Bld_HangarPlatform_01.prefab
  artifactKey: Guid(2b953a2ed8ec78e46840471627456106) Importer(815301076,1909f56bfc062723c751e8b465ee728b)
Start importing Assets/PolygonSciFiSpace/Prefabs/Buildings/SM_Bld_HangarPlatform_01.prefab using Guid(2b953a2ed8ec78e46840471627456106) Importer(815301076,1909f56bfc062723c751e8b465ee728b) (PreviewImporter) -> (artifact id: '0b1f0d1ff62423d92de19a007e2c6f5d') in 0.0110557 seconds
Number of updated asset objects reloaded before import = 0Number of asset objects unloaded after import = 11

========================================================================
Received Import Request.
  Time since last request: 0.001618 seconds.
  path: Assets/PolygonSciFiSpace/Textures/Dirt_01.png
  artifactKey: Guid(3e2a8988119194d468d8be062cfbfb72) Importer(815301076,1909f56bfc062723c751e8b465ee728b)
Start importing Assets/PolygonSciFiSpace/Textures/Dirt_01.png using Guid(3e2a8988119194d468d8be062cfbfb72) Importer(815301076,1909f56bfc062723c751e8b465ee728b) (PreviewImporter) -> (artifact id: '23947b99d3bf46c8e7446a07c42321df') in 0.0053373 seconds
Number of updated asset objects reloaded before import = 0Number of asset objects unloaded after import = 2

========================================================================
Received Import Request.
  Time since last request: 0.001446 seconds.
  path: Assets/PolygonSciFiSpace/Models/SM_Wep_Shield_01.fbx
  artifactKey: Guid(437ddb1fc39b9604589e3dde79c1c536) Importer(815301076,1909f56bfc062723c751e8b465ee728b)
Start importing Assets/PolygonSciFiSpace/Models/SM_Wep_Shield_01.fbx using Guid(437ddb1fc39b9604589e3dde79c1c536) Importer(815301076,1909f56bfc062723c751e8b465ee728b) (PreviewImporter) -> (artifact id: '8efd330ec1b001f9461ad2f4b5533be2') in 0.0094164 seconds
Number of updated asset objects reloaded before import = 0Number of asset objects unloaded after import = 7

========================================================================
Received Import Request.
  Time since last request: 0.001361 seconds.
  path: Assets/Online_FPS_TPS_KIT/Materials/WeaponSightMaterials/ScoupeMaterial.mat
  artifactKey: Guid(ef68ae0ac71a5d14fb2bdcc5260cdaea) Importer(815301076,1909f56bfc062723c751e8b465ee728b)
Start importing Assets/Online_FPS_TPS_KIT/Materials/WeaponSightMaterials/ScoupeMaterial.mat using Guid(ef68ae0ac71a5d14fb2bdcc5260cdaea) Importer(815301076,1909f56bfc062723c751e8b465ee728b) (PreviewImporter) -> (artifact id: '257bb078e2dc0925ddfd5179ca18d849') in 0.1497552 seconds
Number of updated asset objects reloaded before import = 0Number of asset objects unloaded after import = 2

========================================================================
Received Import Request.
  Time since last request: 0.001491 seconds.
  path: Assets/Online_FPS_TPS_KIT/Scripts/v3.2/RIG/LocalRigs/TransformToTargetRig.cs
  artifactKey: Guid(44110706234f8804ab41903bd72dbbac) Importer(815301076,1909f56bfc062723c751e8b465ee728b)
Start importing Assets/Online_FPS_TPS_KIT/Scripts/v3.2/RIG/LocalRigs/TransformToTargetRig.cs using Guid(44110706234f8804ab41903bd72dbbac) Importer(815301076,1909f56bfc062723c751e8b465ee728b) (PreviewImporter) -> (artifact id: '081a6e7cd45f37a155fc1eceb484cf3c') in 0.0003164 seconds
Number of updated asset objects reloaded before import = 0Number of asset objects unloaded after import = 0

========================================================================
Received Import Request.
  Time since last request: 0.001197 seconds.
  path: Assets/Online_FPS_TPS_KIT/Materials/WeaponSightMaterials/Textures/CrossHair.png
  artifactKey: Guid(139b10093acb8bb488a11536559bbb37) Importer(815301076,1909f56bfc062723c751e8b465ee728b)
Start importing Assets/Online_FPS_TPS_KIT/Materials/WeaponSightMaterials/Textures/CrossHair.png using Guid(139b10093acb8bb488a11536559bbb37) Importer(815301076,1909f56bfc062723c751e8b465ee728b) (PreviewImporter) -> (artifact id: '28bca839ce044088839465192c782569') in 0.0143581 seconds
Number of updated asset objects reloaded before import = 0Number of asset objects unloaded after import = 3

========================================================================
Received Import Request.
  Time since last request: 0.002428 seconds.
  path: Assets/Online_FPS_TPS_KIT/Sounds/SingleFire.wav
  artifactKey: Guid(f1703fcb2e68b1b41962f7fd71256f52) Importer(815301076,1909f56bfc062723c751e8b465ee728b)
Start importing Assets/Online_FPS_TPS_KIT/Sounds/SingleFire.wav using Guid(f1703fcb2e68b1b41962f7fd71256f52) Importer(815301076,1909f56bfc062723c751e8b465ee728b) (PreviewImporter) -> (artifact id: '0d3b6574df029a8685ba13d78499da4c') in 0.0418018 seconds
Number of updated asset objects reloaded before import = 0Number of asset objects unloaded after import = 2

========================================================================
Received Import Request.
  Time since last request: 0.000016 seconds.
  path: Assets/Online_FPS_TPS_KIT/Scripts/v3.2/RIG/Extensions/RotReturn_Ex.cs
  artifactKey: Guid(9a540fb805575fa4da5e677fa7d2c5e7) Importer(815301076,1909f56bfc062723c751e8b465ee728b)
Start importing Assets/Online_FPS_TPS_KIT/Scripts/v3.2/RIG/Extensions/RotReturn_Ex.cs using Guid(9a540fb805575fa4da5e677fa7d2c5e7) Importer(815301076,1909f56bfc062723c751e8b465ee728b) (PreviewImporter) -> (artifact id: '20204aa812a67ba25a6087a26ca23a28') in 0.0003721 seconds
Number of updated asset objects reloaded before import = 0Number of asset objects unloaded after import = 0

========================================================================
Received Import Request.
  Time since last request: 0.001539 seconds.
  path: Assets/Polygon Arsenal/Scripts/PolygonRotation.cs
  artifactKey: Guid(bf86d4d543b2a3440b8b3ceb1db164c5) Importer(815301076,1909f56bfc062723c751e8b465ee728b)
Start importing Assets/Polygon Arsenal/Scripts/PolygonRotation.cs using Guid(bf86d4d543b2a3440b8b3ceb1db164c5) Importer(815301076,1909f56bfc062723c751e8b465ee728b) (PreviewImporter) -> (artifact id: '3b6bacedfea6a198e92d7be57ff4210a') in 0.0003561 seconds
Number of updated asset objects reloaded before import = 0Number of asset objects unloaded after import = 0

========================================================================
Received Import Request.
  Time since last request: 0.001875 seconds.
  path: Assets/Online_FPS_TPS_KIT/Scripts/Player/move/MoveStateBase.cs
  artifactKey: Guid(60bc30c48fe05eb4f86a5db262f2667e) Importer(815301076,1909f56bfc062723c751e8b465ee728b)
Start importing Assets/Online_FPS_TPS_KIT/Scripts/Player/move/MoveStateBase.cs using Guid(60bc30c48fe05eb4f86a5db262f2667e) Importer(815301076,1909f56bfc062723c751e8b465ee728b) (PreviewImporter) -> (artifact id: 'ff3c028ec2e6eaf200919febef8a3eb8') in 0.0002985 seconds
Number of updated asset objects reloaded before import = 0Number of asset objects unloaded after import = 0

========================================================================
Received Import Request.
  Time since last request: 0.001831 seconds.
  path: Assets/PolygonSciFiSpace/Models/SM_Wep_Shotgun_01.fbx
  artifactKey: Guid(bb49c0152a866d84daa690b122d00ca2) Importer(815301076,1909f56bfc062723c751e8b465ee728b)
Start importing Assets/PolygonSciFiSpace/Models/SM_Wep_Shotgun_01.fbx using Guid(bb49c0152a866d84daa690b122d00ca2) Importer(815301076,1909f56bfc062723c751e8b465ee728b) (PreviewImporter) -> (artifact id: 'ab3c4ff32ae8574709260dd08e1e4a12') in 0.0287632 seconds
Number of updated asset objects reloaded before import = 0Number of asset objects unloaded after import = 22

========================================================================
Received Import Request.
  Time since last request: 0.001454 seconds.
  path: Assets/Online_FPS_TPS_KIT/Materials/Decoil.mat
  artifactKey: Guid(74c4a554e874a2a4cacec45036cc8c99) Importer(815301076,1909f56bfc062723c751e8b465ee728b)
Start importing Assets/Online_FPS_TPS_KIT/Materials/Decoil.mat using Guid(74c4a554e874a2a4cacec45036cc8c99) Importer(815301076,1909f56bfc062723c751e8b465ee728b) (PreviewImporter) -> (artifact id: 'e252f556222156d203ce1dad5b244cde') in 0.0057248 seconds
Number of updated asset objects reloaded before import = 0Number of asset objects unloaded after import = 2

========================================================================
Received Import Request.
  Time since last request: 0.001270 seconds.
  path: Assets/Online_FPS_TPS_KIT/Scripts/ViewingResistance.cs
  artifactKey: Guid(12d06f2cd615c5c469ee338a93e0854f) Importer(815301076,1909f56bfc062723c751e8b465ee728b)
Start importing Assets/Online_FPS_TPS_KIT/Scripts/ViewingResistance.cs using Guid(12d06f2cd615c5c469ee338a93e0854f) Importer(815301076,1909f56bfc062723c751e8b465ee728b) (PreviewImporter) -> (artifact id: 'f6acd727477b457bf3d559efb1f1803d') in 0.0004055 seconds
Number of updated asset objects reloaded before import = 0Number of asset objects unloaded after import = 0

========================================================================
Received Import Request.
  Time since last request: 0.001422 seconds.
  path: Assets/Online_FPS_TPS_KIT/Scripts/WeaponPoint.cs
  artifactKey: Guid(60708f1ffe0eace4b83f91e58fe2ba32) Importer(815301076,1909f56bfc062723c751e8b465ee728b)
Start importing Assets/Online_FPS_TPS_KIT/Scripts/WeaponPoint.cs using Guid(60708f1ffe0eace4b83f91e58fe2ba32) Importer(815301076,1909f56bfc062723c751e8b465ee728b) (PreviewImporter) -> (artifact id: 'a0a07451afa59b98a454532642fe4854') in 0.0003485 seconds
Number of updated asset objects reloaded before import = 0Number of asset objects unloaded after import = 0

========================================================================
Received Import Request.
  Time since last request: 0.001160 seconds.
  path: Assets/PolygonSciFiSpace/Prefabs/Weapons/SM_Wep_Pistol_01.prefab
  artifactKey: Guid(054873fb4d8fb414f9c75a47ff19cfe1) Importer(815301076,1909f56bfc062723c751e8b465ee728b)
Start importing Assets/PolygonSciFiSpace/Prefabs/Weapons/SM_Wep_Pistol_01.prefab using Guid(054873fb4d8fb414f9c75a47ff19cfe1) Importer(815301076,1909f56bfc062723c751e8b465ee728b) (PreviewImporter) -> (artifact id: '335b0def66d8703fc884d25df70cf399') in 0.0105875 seconds
Number of updated asset objects reloaded before import = 0Number of asset objects unloaded after import = 17

========================================================================
Received Import Request.
  Time since last request: 0.001894 seconds.
  path: Assets/Online_FPS_TPS_KIT/Scripts/EventsSystem/AnimatorFloatCurveModel.cs
  artifactKey: Guid(632d4c01425074241b1335daba197850) Importer(815301076,1909f56bfc062723c751e8b465ee728b)
Start importing Assets/Online_FPS_TPS_KIT/Scripts/EventsSystem/AnimatorFloatCurveModel.cs using Guid(632d4c01425074241b1335daba197850) Importer(815301076,1909f56bfc062723c751e8b465ee728b) (PreviewImporter) -> (artifact id: '7e3fcf78900e3bc037cad1ba2b3b6d9a') in 0.0005406 seconds
Number of updated asset objects reloaded before import = 0Number of asset objects unloaded after import = 0

========================================================================
Received Import Request.
  Time since last request: 0.002623 seconds.
  path: Assets/Online_FPS_TPS_KIT/Scripts/RecoilParametersModel.cs
  artifactKey: Guid(36a6406e001d9254683b304f5703979f) Importer(815301076,1909f56bfc062723c751e8b465ee728b)
Start importing Assets/Online_FPS_TPS_KIT/Scripts/RecoilParametersModel.cs using Guid(36a6406e001d9254683b304f5703979f) Importer(815301076,1909f56bfc062723c751e8b465ee728b) (PreviewImporter) -> (artifact id: '3b88bcc36d468c177c9825ba89b39dc1') in 0.0005039 seconds
Number of updated asset objects reloaded before import = 0Number of asset objects unloaded after import = 0

========================================================================
Received Import Request.
  Time since last request: 0.002247 seconds.
  path: Assets/Online_FPS_TPS_KIT/Scripts/WeaponScripts/WeaponPickup.cs
  artifactKey: Guid(cf6a408a896bd7f45ae5e46b8fd907f4) Importer(815301076,1909f56bfc062723c751e8b465ee728b)
Start importing Assets/Online_FPS_TPS_KIT/Scripts/WeaponScripts/WeaponPickup.cs using Guid(cf6a408a896bd7f45ae5e46b8fd907f4) Importer(815301076,1909f56bfc062723c751e8b465ee728b) (PreviewImporter) -> (artifact id: '80935216e8ad5b30beae3a329743131c') in 0.0004333 seconds
Number of updated asset objects reloaded before import = 0Number of asset objects unloaded after import = 0

========================================================================
Received Import Request.
  Time since last request: 0.002880 seconds.
  path: Assets/PolygonSciFiSpace/Models/SM_Bld_Hangar_01.fbx
  artifactKey: Guid(528b6a3776a25f1449d9e1c7c94aa4df) Importer(815301076,1909f56bfc062723c751e8b465ee728b)
Start importing Assets/PolygonSciFiSpace/Models/SM_Bld_Hangar_01.fbx using Guid(528b6a3776a25f1449d9e1c7c94aa4df) Importer(815301076,1909f56bfc062723c751e8b465ee728b) (PreviewImporter) -> (artifact id: '4b6d7f66f30977055946f2fb0cd30c71') in 0.0731574 seconds
Number of updated asset objects reloaded before import = 0Number of asset objects unloaded after import = 52

========================================================================
Received Import Request.
  Time since last request: 0.001787 seconds.
  path: Assets/Online_FPS_TPS_KIT/Scripts/EventsSystem/AnimationState.cs
  artifactKey: Guid(90840d0e8f2ce57478010081923e609b) Importer(815301076,1909f56bfc062723c751e8b465ee728b)
Start importing Assets/Online_FPS_TPS_KIT/Scripts/EventsSystem/AnimationState.cs using Guid(90840d0e8f2ce57478010081923e609b) Importer(815301076,1909f56bfc062723c751e8b465ee728b) (PreviewImporter) -> (artifact id: 'b7230b20b52f39049c5d44233291de6e') in 0.0005435 seconds
Number of updated asset objects reloaded before import = 0Number of asset objects unloaded after import = 0

========================================================================
Received Import Request.
  Time since last request: 0.001248 seconds.
  path: Assets/Online_FPS_TPS_KIT/Scripts/EventsSystem/Editor/CurvesEventsView.cs
  artifactKey: Guid(6503cc0c373f0d34483e34e045cea366) Importer(815301076,1909f56bfc062723c751e8b465ee728b)
Start importing Assets/Online_FPS_TPS_KIT/Scripts/EventsSystem/Editor/CurvesEventsView.cs using Guid(6503cc0c373f0d34483e34e045cea366) Importer(815301076,1909f56bfc062723c751e8b465ee728b) (PreviewImporter) -> (artifact id: '93b531699baf57ce0ab12f3c9dd411e9') in 0.0003509 seconds
Number of updated asset objects reloaded before import = 0Number of asset objects unloaded after import = 0

========================================================================
Received Import Request.
  Time since last request: 0.001124 seconds.
  path: Assets/Online_FPS_TPS_KIT/Scripts/EventsSystem/Editor/EventsTimelineModel.cs
  artifactKey: Guid(f647474b22a86c442a80e95ce4273e88) Importer(815301076,1909f56bfc062723c751e8b465ee728b)
Start importing Assets/Online_FPS_TPS_KIT/Scripts/EventsSystem/Editor/EventsTimelineModel.cs using Guid(f647474b22a86c442a80e95ce4273e88) Importer(815301076,1909f56bfc062723c751e8b465ee728b) (PreviewImporter) -> (artifact id: '57022415acb4f871af01bda98b8859f8') in 0.0002822 seconds
Number of updated asset objects reloaded before import = 0Number of asset objects unloaded after import = 0

========================================================================
Received Import Request.
  Time since last request: 0.001171 seconds.
  path: Assets/Online_FPS_TPS_KIT/Models/Weapons/N4_Rifle.fbx
  artifactKey: Guid(6fc275a2d11b5104fbd33e6776f4cc0c) Importer(815301076,1909f56bfc062723c751e8b465ee728b)
Start importing Assets/Online_FPS_TPS_KIT/Models/Weapons/N4_Rifle.fbx using Guid(6fc275a2d11b5104fbd33e6776f4cc0c) Importer(815301076,1909f56bfc062723c751e8b465ee728b) (PreviewImporter) -> (artifact id: '43ab3721e3ceb13a341895194a96b334') in 0.0594973 seconds
Number of updated asset objects reloaded before import = 0Number of asset objects unloaded after import = 75

========================================================================
Received Import Request.
  Time since last request: 0.002041 seconds.
  path: Assets/Online_FPS_TPS_KIT/Scripts/v3.2/RIG/Extensions/AimReturn_Extension.cs
  artifactKey: Guid(89861a665637fd7458561ffecf180998) Importer(815301076,1909f56bfc062723c751e8b465ee728b)
Start importing Assets/Online_FPS_TPS_KIT/Scripts/v3.2/RIG/Extensions/AimReturn_Extension.cs using Guid(89861a665637fd7458561ffecf180998) Importer(815301076,1909f56bfc062723c751e8b465ee728b) (PreviewImporter) -> (artifact id: 'cd26c00eaea726c04aa8553f8c7cd9dd') in 0.0005843 seconds
Number of updated asset objects reloaded before import = 0Number of asset objects unloaded after import = 0

========================================================================
Received Import Request.
  Time since last request: 0.001255 seconds.
  path: Assets/Online_FPS_TPS_KIT/Materials/WeaponSightMaterials/Callimator2.mat
  artifactKey: Guid(bb428d26555263e44b3746fa789a4544) Importer(815301076,1909f56bfc062723c751e8b465ee728b)
Start importing Assets/Online_FPS_TPS_KIT/Materials/WeaponSightMaterials/Callimator2.mat using Guid(bb428d26555263e44b3746fa789a4544) Importer(815301076,1909f56bfc062723c751e8b465ee728b) (PreviewImporter) -> (artifact id: '463de40e8b90b75a706417de9c396677') in 0.0805486 seconds
Number of updated asset objects reloaded before import = 0Number of asset objects unloaded after import = 2

========================================================================
Received Import Request.
  Time since last request: 0.002099 seconds.
  path: Assets/Polygon Arsenal/Demo/Scripts/PolygonBeamScript.cs
  artifactKey: Guid(e948078d20c9c95428422d457dc24914) Importer(815301076,1909f56bfc062723c751e8b465ee728b)
Start importing Assets/Polygon Arsenal/Demo/Scripts/PolygonBeamScript.cs using Guid(e948078d20c9c95428422d457dc24914) Importer(815301076,1909f56bfc062723c751e8b465ee728b) (PreviewImporter) -> (artifact id: '614cf847b11e3e46aceb3a3069397a7e') in 0.0005569 seconds
Number of updated asset objects reloaded before import = 0Number of asset objects unloaded after import = 0

========================================================================
Received Import Request.
  Time since last request: 0.001403 seconds.
  path: Assets/Online_FPS_TPS_KIT/Scripts/WeaponScripts/BoltAnimation.cs
  artifactKey: Guid(fece96bf699ab4a41ab7d8a6d8705c55) Importer(815301076,1909f56bfc062723c751e8b465ee728b)
Start importing Assets/Online_FPS_TPS_KIT/Scripts/WeaponScripts/BoltAnimation.cs using Guid(fece96bf699ab4a41ab7d8a6d8705c55) Importer(815301076,1909f56bfc062723c751e8b465ee728b) (PreviewImporter) -> (artifact id: '4fe2bb0693ded7c11516f6b76493e04a') in 0.0004004 seconds
Number of updated asset objects reloaded before import = 0Number of asset objects unloaded after import = 0

========================================================================
Received Import Request.
  Time since last request: 0.001657 seconds.
  path: Assets/Online_FPS_TPS_KIT/Scripts/EventsSystem/Editor/EventMarkerModel.cs
  artifactKey: Guid(d4f529f6cdfe5ab468d95d985fd6afbc) Importer(815301076,1909f56bfc062723c751e8b465ee728b)
Start importing Assets/Online_FPS_TPS_KIT/Scripts/EventsSystem/Editor/EventMarkerModel.cs using Guid(d4f529f6cdfe5ab468d95d985fd6afbc) Importer(815301076,1909f56bfc062723c751e8b465ee728b) (PreviewImporter) -> (artifact id: '8f28da0c59e16bba7394d8433df6985e') in 0.0003724 seconds
Number of updated asset objects reloaded before import = 0Number of asset objects unloaded after import = 0

========================================================================
Received Import Request.
  Time since last request: 0.001746 seconds.
  path: Assets/PolygonSciFiSpace/Prefabs/Weapons/SM_Wep_Shotgun_01.prefab
  artifactKey: Guid(d0838917cb453dc4cad3e49b1be3f4b4) Importer(815301076,1909f56bfc062723c751e8b465ee728b)
Start importing Assets/PolygonSciFiSpace/Prefabs/Weapons/SM_Wep_Shotgun_01.prefab using Guid(d0838917cb453dc4cad3e49b1be3f4b4) Importer(815301076,1909f56bfc062723c751e8b465ee728b) (PreviewImporter) -> (artifact id: '242572874fbb360f065a98b4f23a8e1a') in 0.0101406 seconds
Number of updated asset objects reloaded before import = 0Number of asset objects unloaded after import = 27

========================================================================
Received Import Request.
  Time since last request: 0.001306 seconds.
  path: Assets/Online_FPS_TPS_KIT/Models/Character/HandsMask.mask
  artifactKey: Guid(07742e82c2180e34fa279126b9b490ac) Importer(815301076,1909f56bfc062723c751e8b465ee728b)
Start importing Assets/Online_FPS_TPS_KIT/Models/Character/HandsMask.mask using Guid(07742e82c2180e34fa279126b9b490ac) Importer(815301076,1909f56bfc062723c751e8b465ee728b) (PreviewImporter) -> (artifact id: 'be115254415dba0cedceb97e8cf9d324') in 0.0008442 seconds
Number of updated asset objects reloaded before import = 0Number of asset objects unloaded after import = 1

========================================================================
Received Import Request.
  Time since last request: 0.001259 seconds.
  path: Assets/Fate/Prefabs/Weapons/Glok_Pistol.prefab
  artifactKey: Guid(c54e4bbb46096c444bc79732c7f6756f) Importer(815301076,1909f56bfc062723c751e8b465ee728b)
Start importing Assets/Fate/Prefabs/Weapons/Glok_Pistol.prefab using Guid(c54e4bbb46096c444bc79732c7f6756f) Importer(815301076,1909f56bfc062723c751e8b465ee728b) (PreviewImporter) -> (artifact id: 'd21e2736cdc3e46824321daf3c77ad55') in 0.0220375 seconds
Number of updated asset objects reloaded before import = 0Number of asset objects unloaded after import = 123

========================================================================
Received Import Request.
  Time since last request: 0.000995 seconds.
  path: Assets/PolygonSciFiSpace/Models/SM_Bld_HangarPlatform_01.fbx
  artifactKey: Guid(3a7e41d0ca0993244a09e38b3754b1ba) Importer(815301076,1909f56bfc062723c751e8b465ee728b)
Start importing Assets/PolygonSciFiSpace/Models/SM_Bld_HangarPlatform_01.fbx using Guid(3a7e41d0ca0993244a09e38b3754b1ba) Importer(815301076,1909f56bfc062723c751e8b465ee728b) (PreviewImporter) -> (artifact id: 'f4e033765c83691e18415a3732e2bff9') in 0.0106072 seconds
Number of updated asset objects reloaded before import = 0Number of asset objects unloaded after import = 7

========================================================================
Received Import Request.
  Time since last request: 0.001324 seconds.
  path: Assets/Online_FPS_TPS_KIT/Scripts/Player/move/CharacterMove.cs
  artifactKey: Guid(85e61527c040af54aaacd368b9a1bd0f) Importer(815301076,1909f56bfc062723c751e8b465ee728b)
Start importing Assets/Online_FPS_TPS_KIT/Scripts/Player/move/CharacterMove.cs using Guid(85e61527c040af54aaacd368b9a1bd0f) Importer(815301076,1909f56bfc062723c751e8b465ee728b) (PreviewImporter) -> (artifact id: '19064696f8c1f3b6f71c2b52ad9b6f61') in 0.0004645 seconds
Number of updated asset objects reloaded before import = 0Number of asset objects unloaded after import = 0

========================================================================
Received Import Request.
  Time since last request: 0.001117 seconds.
  path: Assets/Online_FPS_TPS_KIT/Materials/WeaponSightMaterials/Textures/CallCross2.png
  artifactKey: Guid(5167982157c3baa439a5cfaca702ce28) Importer(815301076,1909f56bfc062723c751e8b465ee728b)
Start importing Assets/Online_FPS_TPS_KIT/Materials/WeaponSightMaterials/Textures/CallCross2.png using Guid(5167982157c3baa439a5cfaca702ce28) Importer(815301076,1909f56bfc062723c751e8b465ee728b) (PreviewImporter) -> (artifact id: '85f22ab1842712ac98af26c081182c1f') in 0.0082769 seconds
Number of updated asset objects reloaded before import = 0Number of asset objects unloaded after import = 3

========================================================================
Received Import Request.
  Time since last request: 0.001388 seconds.
  path: Assets/Online_FPS_TPS_KIT/Scripts/EventsSystem/Interfaces/IAnimatorCurves.cs
  artifactKey: Guid(d2b951044bf615642b7616de3079bcde) Importer(815301076,1909f56bfc062723c751e8b465ee728b)
Start importing Assets/Online_FPS_TPS_KIT/Scripts/EventsSystem/Interfaces/IAnimatorCurves.cs using Guid(d2b951044bf615642b7616de3079bcde) Importer(815301076,1909f56bfc062723c751e8b465ee728b) (PreviewImporter) -> (artifact id: 'ec7e64c473f0cb94a28cfd14b2c8a51a') in 0.0005056 seconds
Number of updated asset objects reloaded before import = 0Number of asset objects unloaded after import = 0

========================================================================
Received Import Request.
  Time since last request: 0.001417 seconds.
  path: Assets/Online_FPS_TPS_KIT/Scripts/Player/move/CrouchState.cs
  artifactKey: Guid(a712e84f7392ae646873573b93a5090d) Importer(815301076,1909f56bfc062723c751e8b465ee728b)
Start importing Assets/Online_FPS_TPS_KIT/Scripts/Player/move/CrouchState.cs using Guid(a712e84f7392ae646873573b93a5090d) Importer(815301076,1909f56bfc062723c751e8b465ee728b) (PreviewImporter) -> (artifact id: '6e644280f1dcee1362ae6d0b58757519') in 0.000407 seconds
Number of updated asset objects reloaded before import = 0Number of asset objects unloaded after import = 0

========================================================================
Received Import Request.
  Time since last request: 0.002014 seconds.
  path: Assets/Fate/Prefabs/FatePlayer Variant.prefab
  artifactKey: Guid(960b53cb5b2e7b045a8513eca10d9d32) Importer(815301076,1909f56bfc062723c751e8b465ee728b)
Start importing Assets/Fate/Prefabs/FatePlayer Variant.prefab using Guid(960b53cb5b2e7b045a8513eca10d9d32) Importer(815301076,1909f56bfc062723c751e8b465ee728b) (PreviewImporter) -> (artifact id: 'adc2e1242c729185918739944e765c40') in 0.1142074 seconds
Number of updated asset objects reloaded before import = 0Number of asset objects unloaded after import = 1962

========================================================================
Received Import Request.
  Time since last request: 0.000018 seconds.
  path: Assets/PolygonSciFiSpace/Materials/PolygonScifiSpace_Material_01_A.mat
  artifactKey: Guid(4cee7a5983b187943adc589b9cb1f084) Importer(815301076,1909f56bfc062723c751e8b465ee728b)
Start importing Assets/PolygonSciFiSpace/Materials/PolygonScifiSpace_Material_01_A.mat using Guid(4cee7a5983b187943adc589b9cb1f084) Importer(815301076,1909f56bfc062723c751e8b465ee728b) (PreviewImporter) -> (artifact id: 'd63aaf17a44309cc52bea94f04148ace') in 0.0095407 seconds
Number of updated asset objects reloaded before import = 0Number of asset objects unloaded after import = 3

========================================================================
Received Import Request.
  Time since last request: 0.001551 seconds.
  path: Assets/Online_FPS_TPS_KIT/Scripts/v3.2/RIG/RigExecutor.cs
  artifactKey: Guid(cba60dc8ef177f04c81e567575b79d63) Importer(815301076,1909f56bfc062723c751e8b465ee728b)
Start importing Assets/Online_FPS_TPS_KIT/Scripts/v3.2/RIG/RigExecutor.cs using Guid(cba60dc8ef177f04c81e567575b79d63) Importer(815301076,1909f56bfc062723c751e8b465ee728b) (PreviewImporter) -> (artifact id: 'a6d6853ee6a891878118203066d84bfd') in 0.0004588 seconds
Number of updated asset objects reloaded before import = 0Number of asset objects unloaded after import = 0

========================================================================
Received Import Request.
  Time since last request: 0.001398 seconds.
  path: Assets/Polygon Arsenal/Demo/Scripts/PolygonEffectCycler.cs
  artifactKey: Guid(be519f55af4c45343a1f1208559ecd37) Importer(815301076,1909f56bfc062723c751e8b465ee728b)
Start importing Assets/Polygon Arsenal/Demo/Scripts/PolygonEffectCycler.cs using Guid(be519f55af4c45343a1f1208559ecd37) Importer(815301076,1909f56bfc062723c751e8b465ee728b) (PreviewImporter) -> (artifact id: '662f486e6387c97ea0e43678b50b36b8') in 0.0003532 seconds
Number of updated asset objects reloaded before import = 0Number of asset objects unloaded after import = 0

========================================================================
Received Import Request.
  Time since last request: 0.001241 seconds.
  path: Assets/Online_FPS_TPS_KIT/Scripts/v3.2/RIG/LocalRigs/WeaponCollisionRig.cs
  artifactKey: Guid(4f6e072e07f8c994cb7b834eb6faa3fa) Importer(815301076,1909f56bfc062723c751e8b465ee728b)
Start importing Assets/Online_FPS_TPS_KIT/Scripts/v3.2/RIG/LocalRigs/WeaponCollisionRig.cs using Guid(4f6e072e07f8c994cb7b834eb6faa3fa) Importer(815301076,1909f56bfc062723c751e8b465ee728b) (PreviewImporter) -> (artifact id: 'fa545bf8455f8d3e256402ae904b9b97') in 0.0003478 seconds
Number of updated asset objects reloaded before import = 0Number of asset objects unloaded after import = 0

========================================================================
Received Import Request.
  Time since last request: 0.001270 seconds.
  path: Assets/Online_FPS_TPS_KIT/Materials/BulletTrail.mat
  artifactKey: Guid(8580f513bdfded8478a77fb20bfd8b01) Importer(815301076,1909f56bfc062723c751e8b465ee728b)
Start importing Assets/Online_FPS_TPS_KIT/Materials/BulletTrail.mat using Guid(8580f513bdfded8478a77fb20bfd8b01) Importer(815301076,1909f56bfc062723c751e8b465ee728b) (PreviewImporter) -> (artifact id: '07626afa18e3481b504b4ae8af242379') in 0.0226625 seconds
Number of updated asset objects reloaded before import = 0Number of asset objects unloaded after import = 1

========================================================================
Received Import Request.
  Time since last request: 0.001684 seconds.
  path: Assets/Online_FPS_TPS_KIT/Models/WeaponElements/RotCallimator.fbx
  artifactKey: Guid(8066df3fa175e9b4cb4dfbe8a97c9e3a) Importer(815301076,1909f56bfc062723c751e8b465ee728b)
Start importing Assets/Online_FPS_TPS_KIT/Models/WeaponElements/RotCallimator.fbx using Guid(8066df3fa175e9b4cb4dfbe8a97c9e3a) Importer(815301076,1909f56bfc062723c751e8b465ee728b) (PreviewImporter) -> (artifact id: '94b9d46038f8c1fb8662bdb98596d425') in 0.0184318 seconds
Number of updated asset objects reloaded before import = 0Number of asset objects unloaded after import = 14

========================================================================
Received Import Request.
  Time since last request: 0.001852 seconds.
  path: Assets/Fate/Prefabs/Weapons/N4_Rifle.prefab
  artifactKey: Guid(c8e4cb520194b8a4aaddf28e8c3e66e7) Importer(815301076,1909f56bfc062723c751e8b465ee728b)
Start importing Assets/Fate/Prefabs/Weapons/N4_Rifle.prefab using Guid(c8e4cb520194b8a4aaddf28e8c3e66e7) Importer(815301076,1909f56bfc062723c751e8b465ee728b) (PreviewImporter) -> (artifact id: 'ef0c80c580bfb1119cbcc7d9ec94bc18') in 0.0218073 seconds
Number of updated asset objects reloaded before import = 0Number of asset objects unloaded after import = 253

========================================================================
Received Import Request.
  Time since last request: 0.001589 seconds.
  path: Assets/Online_FPS_TPS_KIT/Scripts/WeaponScripts/BulletScripts/BulletOffline.cs
  artifactKey: Guid(b796dec7091110547939895829b6d34b) Importer(815301076,1909f56bfc062723c751e8b465ee728b)
Start importing Assets/Online_FPS_TPS_KIT/Scripts/WeaponScripts/BulletScripts/BulletOffline.cs using Guid(b796dec7091110547939895829b6d34b) Importer(815301076,1909f56bfc062723c751e8b465ee728b) (PreviewImporter) -> (artifact id: '2cd0881f49c4545c3cfe4397a51d2b1d') in 0.0007538 seconds
Number of updated asset objects reloaded before import = 0Number of asset objects unloaded after import = 0

========================================================================
Received Import Request.
  Time since last request: 0.002218 seconds.
  path: Assets/Online_FPS_TPS_KIT/Models/Character/CharacterAnimator.controller
  artifactKey: Guid(3e2afc7e6accb3d419721c6fef35311e) Importer(815301076,1909f56bfc062723c751e8b465ee728b)
Start importing Assets/Online_FPS_TPS_KIT/Models/Character/CharacterAnimator.controller using Guid(3e2afc7e6accb3d419721c6fef35311e) Importer(815301076,1909f56bfc062723c751e8b465ee728b) (PreviewImporter) -> (artifact id: '14cbae05d7c6233266ca2396f4038749') in 0.0141907 seconds
Number of updated asset objects reloaded before import = 0Number of asset objects unloaded after import = 95

========================================================================
Received Import Request.
  Time since last request: 0.000564 seconds.
  path: Assets/PolygonSciFiSpace/Models/Collision/Convex/SM_Wep_Rifle_01_Convex.asset
  artifactKey: Guid(f7f23d0aca5d40143af6f2b685430563) Importer(815301076,1909f56bfc062723c751e8b465ee728b)
Start importing Assets/PolygonSciFiSpace/Models/Collision/Convex/SM_Wep_Rifle_01_Convex.asset using Guid(f7f23d0aca5d40143af6f2b685430563) Importer(815301076,1909f56bfc062723c751e8b465ee728b) (PreviewImporter) -> (artifact id: 'd48395b5e32b3457a95d47d226a9ee4b') in 0.0057632 seconds
Number of updated asset objects reloaded before import = 0Number of asset objects unloaded after import = 2

========================================================================
Received Import Request.
  Time since last request: 0.001570 seconds.
  path: Assets/PolygonSciFiSpace/Models/SM_Wep_Sword_01.fbx
  artifactKey: Guid(41e75d700cdfda04cb90ea04e9861441) Importer(815301076,1909f56bfc062723c751e8b465ee728b)
Start importing Assets/PolygonSciFiSpace/Models/SM_Wep_Sword_01.fbx using Guid(41e75d700cdfda04cb90ea04e9861441) Importer(815301076,1909f56bfc062723c751e8b465ee728b) (PreviewImporter) -> (artifact id: '6ca39bd1e82b377baf425ef79f9353ef') in 0.015683 seconds
Number of updated asset objects reloaded before import = 0Number of asset objects unloaded after import = 12

========================================================================
Received Import Request.
  Time since last request: 0.001755 seconds.
  path: Assets/Online_FPS_TPS_KIT/Scripts/v3.2/RIG/Editor/RigExecutor_EDITOR.cs
  artifactKey: Guid(90ab9d9d8f47b004ebdf0dc86a87b24a) Importer(815301076,1909f56bfc062723c751e8b465ee728b)
Start importing Assets/Online_FPS_TPS_KIT/Scripts/v3.2/RIG/Editor/RigExecutor_EDITOR.cs using Guid(90ab9d9d8f47b004ebdf0dc86a87b24a) Importer(815301076,1909f56bfc062723c751e8b465ee728b) (PreviewImporter) -> (artifact id: 'a24997ab4b7607523b2ceca0ed7c509d') in 0.0004869 seconds
Number of updated asset objects reloaded before import = 0Number of asset objects unloaded after import = 0

========================================================================
Received Import Request.
  Time since last request: 0.001365 seconds.
  path: Assets/Online_FPS_TPS_KIT/Scripts/v3.2/RIG/LocalRigs/HandIK.cs
  artifactKey: Guid(69f01abf1d24b6d4e9687aaca1552b9e) Importer(815301076,1909f56bfc062723c751e8b465ee728b)
Start importing Assets/Online_FPS_TPS_KIT/Scripts/v3.2/RIG/LocalRigs/HandIK.cs using Guid(69f01abf1d24b6d4e9687aaca1552b9e) Importer(815301076,1909f56bfc062723c751e8b465ee728b) (PreviewImporter) -> (artifact id: 'eb39a7dec665531e6b1ea988d7ed7206') in 0.0003537 seconds
Number of updated asset objects reloaded before import = 0Number of asset objects unloaded after import = 0

========================================================================
Received Import Request.
  Time since last request: 0.001547 seconds.
  path: Assets/Online_FPS_TPS_KIT/Prefabs/Casing.prefab
  artifactKey: Guid(661b58a306f4c9e49b2e72425e3705c6) Importer(815301076,1909f56bfc062723c751e8b465ee728b)
Start importing Assets/Online_FPS_TPS_KIT/Prefabs/Casing.prefab using Guid(661b58a306f4c9e49b2e72425e3705c6) Importer(815301076,1909f56bfc062723c751e8b465ee728b) (PreviewImporter) -> (artifact id: '307a736966a969429eabe6e839ac6297') in 0.0067319 seconds
Number of updated asset objects reloaded before import = 0Number of asset objects unloaded after import = 13

========================================================================
Received Import Request.
  Time since last request: 0.001427 seconds.
  path: Assets/Online_FPS_TPS_KIT/Scripts/EventsSystem/CurveEventModel.cs
  artifactKey: Guid(73c15e22f5cab204b8515ecead82d314) Importer(815301076,1909f56bfc062723c751e8b465ee728b)
Start importing Assets/Online_FPS_TPS_KIT/Scripts/EventsSystem/CurveEventModel.cs using Guid(73c15e22f5cab204b8515ecead82d314) Importer(815301076,1909f56bfc062723c751e8b465ee728b) (PreviewImporter) -> (artifact id: '9d3862b6b20a67164a1d0bbf9fb12a98') in 0.0004602 seconds
Number of updated asset objects reloaded before import = 0Number of asset objects unloaded after import = 0

========================================================================
Received Import Request.
  Time since last request: 0.001296 seconds.
  path: Assets/Online_FPS_TPS_KIT/Models/Weapons/Glok_Pistol.fbx
  artifactKey: Guid(9886fa05a945efb4e8e4aba1b9cad8b5) Importer(815301076,1909f56bfc062723c751e8b465ee728b)
Start importing Assets/Online_FPS_TPS_KIT/Models/Weapons/Glok_Pistol.fbx using Guid(9886fa05a945efb4e8e4aba1b9cad8b5) Importer(815301076,1909f56bfc062723c751e8b465ee728b) (PreviewImporter) -> (artifact id: '1cc54622894933f3cbb9d0da82dd69bd') in 0.0448671 seconds
Number of updated asset objects reloaded before import = 0Number of asset objects unloaded after import = 45

========================================================================
Received Import Request.
  Time since last request: 0.001629 seconds.
  path: Assets/Online_FPS_TPS_KIT/Materials/Prototype White.png
  artifactKey: Guid(e5ef5491e7ee1114bae64fecf8e346ae) Importer(815301076,1909f56bfc062723c751e8b465ee728b)
Start importing Assets/Online_FPS_TPS_KIT/Materials/Prototype White.png using Guid(e5ef5491e7ee1114bae64fecf8e346ae) Importer(815301076,1909f56bfc062723c751e8b465ee728b) (PreviewImporter) -> (artifact id: '259a2e3a6d18c0a8bbc4bb068b75ce70') in 0.005977 seconds
Number of updated asset objects reloaded before import = 0Number of asset objects unloaded after import = 2

========================================================================
Received Import Request.
  Time since last request: 0.001490 seconds.
  path: Assets/Online_FPS_TPS_KIT/Scripts/Player/Input_Handler.cs
  artifactKey: Guid(a8354aee36846cd458c4b5fc5fb050e3) Importer(815301076,1909f56bfc062723c751e8b465ee728b)
Start importing Assets/Online_FPS_TPS_KIT/Scripts/Player/Input_Handler.cs using Guid(a8354aee36846cd458c4b5fc5fb050e3) Importer(815301076,1909f56bfc062723c751e8b465ee728b) (PreviewImporter) -> (artifact id: 'da37418ad7f592e80fe2a7f13483146a') in 0.0004519 seconds
Number of updated asset objects reloaded before import = 0Number of asset objects unloaded after import = 0

========================================================================
Received Import Request.
  Time since last request: 0.001432 seconds.
  path: Assets/Online_FPS_TPS_KIT/Scripts/WeaponController.cs
  artifactKey: Guid(9c45fc6059df8984c86083603331511d) Importer(815301076,1909f56bfc062723c751e8b465ee728b)
Start importing Assets/Online_FPS_TPS_KIT/Scripts/WeaponController.cs using Guid(9c45fc6059df8984c86083603331511d) Importer(815301076,1909f56bfc062723c751e8b465ee728b) (PreviewImporter) -> (artifact id: '66ade25e65664a8935bcaebc588322ce') in 0.0003437 seconds
Number of updated asset objects reloaded before import = 0Number of asset objects unloaded after import = 0

========================================================================
Received Import Request.
  Time since last request: 0.001330 seconds.
  path: Assets/Online_FPS_TPS_KIT/Scripts/GunChange_SMB.cs
  artifactKey: Guid(4cfc6e1cadb360d4d81ced8dc01f7504) Importer(815301076,1909f56bfc062723c751e8b465ee728b)
Start importing Assets/Online_FPS_TPS_KIT/Scripts/GunChange_SMB.cs using Guid(4cfc6e1cadb360d4d81ced8dc01f7504) Importer(815301076,1909f56bfc062723c751e8b465ee728b) (PreviewImporter) -> (artifact id: '6d1055f2ec6e75b97507e51b7142c981') in 0.0003295 seconds
Number of updated asset objects reloaded before import = 0Number of asset objects unloaded after import = 0

========================================================================
Received Import Request.
  Time since last request: 0.001440 seconds.
  path: Assets/Polygon Arsenal/Demo/Scripts/PolygonSceneSelect.cs
  artifactKey: Guid(843947ef86e21b04597cfe2d21f2d819) Importer(815301076,1909f56bfc062723c751e8b465ee728b)
Start importing Assets/Polygon Arsenal/Demo/Scripts/PolygonSceneSelect.cs using Guid(843947ef86e21b04597cfe2d21f2d819) Importer(815301076,1909f56bfc062723c751e8b465ee728b) (PreviewImporter) -> (artifact id: '1890350c60916820331edf5afac4bd8e') in 0.0003603 seconds
Number of updated asset objects reloaded before import = 0Number of asset objects unloaded after import = 0

========================================================================
Received Import Request.
  Time since last request: 0.001668 seconds.
  path: Assets/Online_FPS_TPS_KIT/Scripts/Player/BodyScripts/BodyTurnHandler.cs
  artifactKey: Guid(637587628cbc51d4e8d9f280f09c050c) Importer(815301076,1909f56bfc062723c751e8b465ee728b)
Start importing Assets/Online_FPS_TPS_KIT/Scripts/Player/BodyScripts/BodyTurnHandler.cs using Guid(637587628cbc51d4e8d9f280f09c050c) Importer(815301076,1909f56bfc062723c751e8b465ee728b) (PreviewImporter) -> (artifact id: '94d37eb5073fecb77476d255be062238') in 0.0003347 seconds
Number of updated asset objects reloaded before import = 0Number of asset objects unloaded after import = 0

========================================================================
Received Import Request.
  Time since last request: 0.001686 seconds.
  path: Assets/Polygon Arsenal/Scripts/PolygonLightFade.cs
  artifactKey: Guid(52b907da54153884b95b31e930d046d2) Importer(815301076,1909f56bfc062723c751e8b465ee728b)
Start importing Assets/Polygon Arsenal/Scripts/PolygonLightFade.cs using Guid(52b907da54153884b95b31e930d046d2) Importer(815301076,1909f56bfc062723c751e8b465ee728b) (PreviewImporter) -> (artifact id: '8aab1fbfa531b667559dd1fd66ba2a5c') in 0.0003227 seconds
Number of updated asset objects reloaded before import = 0Number of asset objects unloaded after import = 0

========================================================================
Received Import Request.
  Time since last request: 0.002126 seconds.
  path: Assets/PolygonSciFiSpace/Models/Collision/Convex/SM_Wep_Sword_01_Convex.asset
  artifactKey: Guid(262cbeaaaa95e534292fa70756848776) Importer(815301076,1909f56bfc062723c751e8b465ee728b)
Start importing Assets/PolygonSciFiSpace/Models/Collision/Convex/SM_Wep_Sword_01_Convex.asset using Guid(262cbeaaaa95e534292fa70756848776) Importer(815301076,1909f56bfc062723c751e8b465ee728b) (PreviewImporter) -> (artifact id: '4844316f6449ff65a77dc1469e814e77') in 0.0066284 seconds
Number of updated asset objects reloaded before import = 0Number of asset objects unloaded after import = 2

========================================================================
Received Import Request.
  Time since last request: 0.001572 seconds.
  path: Assets/Fate/Prefabs/Weapons/Saga_Rifle.prefab
  artifactKey: Guid(75d050257db54454dbdf217a0633efe9) Importer(815301076,1909f56bfc062723c751e8b465ee728b)
Start importing Assets/Fate/Prefabs/Weapons/Saga_Rifle.prefab using Guid(75d050257db54454dbdf217a0633efe9) Importer(815301076,1909f56bfc062723c751e8b465ee728b) (PreviewImporter) -> (artifact id: 'a73d82af1cfe68859b4c5b8045949121') in 0.0148264 seconds
Number of updated asset objects reloaded before import = 0Number of asset objects unloaded after import = 134

========================================================================
Received Import Request.
  Time since last request: 0.000651 seconds.
  path: Assets/PolygonSciFiSpace/Materials/Misc/Weapons_Energy.mat
  artifactKey: Guid(ec466da1dba1edc45afc5ede3c7da96e) Importer(815301076,1909f56bfc062723c751e8b465ee728b)
Start importing Assets/PolygonSciFiSpace/Materials/Misc/Weapons_Energy.mat using Guid(ec466da1dba1edc45afc5ede3c7da96e) Importer(815301076,1909f56bfc062723c751e8b465ee728b) (PreviewImporter) -> (artifact id: '90b337795b142ee8da0591595ad400cf') in 0.0808224 seconds
Number of updated asset objects reloaded before import = 0Number of asset objects unloaded after import = 3

========================================================================
Received Import Request.
  Time since last request: 0.002362 seconds.
  path: Assets/PolygonSciFiSpace/Models/Collision/Convex/SM_Wep_Shield_01_Convex.asset
  artifactKey: Guid(cb9eac18c1d90474e91078808dcf7d2a) Importer(815301076,1909f56bfc062723c751e8b465ee728b)
Start importing Assets/PolygonSciFiSpace/Models/Collision/Convex/SM_Wep_Shield_01_Convex.asset using Guid(cb9eac18c1d90474e91078808dcf7d2a) Importer(815301076,1909f56bfc062723c751e8b465ee728b) (PreviewImporter) -> (artifact id: '5f4dc03b5c5e115fbd3b2ae8b26d3ce3') in 0.0058378 seconds
Number of updated asset objects reloaded before import = 0Number of asset objects unloaded after import = 2

========================================================================
Received Import Request.
  Time since last request: 0.001937 seconds.
  path: Assets/Online_FPS_TPS_KIT/Scripts/v3.2/RIG/Editor/RigList_EDITOR.cs
  artifactKey: Guid(5754af36b7edca04aa52a299cbd9b4d0) Importer(815301076,1909f56bfc062723c751e8b465ee728b)
Start importing Assets/Online_FPS_TPS_KIT/Scripts/v3.2/RIG/Editor/RigList_EDITOR.cs using Guid(5754af36b7edca04aa52a299cbd9b4d0) Importer(815301076,1909f56bfc062723c751e8b465ee728b) (PreviewImporter) -> (artifact id: 'b72af6ec347bccc3827bb3d0a997106f') in 0.0004338 seconds
Number of updated asset objects reloaded before import = 0Number of asset objects unloaded after import = 0

========================================================================
Received Import Request.
  Time since last request: 0.001197 seconds.
  path: Assets/Online_FPS_TPS_KIT/Scripts/EventsSystem/Interfaces/ICurveEventsList.cs
  artifactKey: Guid(644e80c07e96608459de64a7a4b87659) Importer(815301076,1909f56bfc062723c751e8b465ee728b)
Start importing Assets/Online_FPS_TPS_KIT/Scripts/EventsSystem/Interfaces/ICurveEventsList.cs using Guid(644e80c07e96608459de64a7a4b87659) Importer(815301076,1909f56bfc062723c751e8b465ee728b) (PreviewImporter) -> (artifact id: 'bd5dea455ea2b21bcf8ee2387ef4f644') in 0.0004097 seconds
Number of updated asset objects reloaded before import = 0Number of asset objects unloaded after import = 0

========================================================================
Received Import Request.
  Time since last request: 0.001464 seconds.
  path: Assets/PolygonSciFiSpace/Textures/PolygonSciFiSpace_Emissive_01.png
  artifactKey: Guid(e29a7a5f451453f4f978120a03c0f52b) Importer(815301076,1909f56bfc062723c751e8b465ee728b)
Start importing Assets/PolygonSciFiSpace/Textures/PolygonSciFiSpace_Emissive_01.png using Guid(e29a7a5f451453f4f978120a03c0f52b) Importer(815301076,1909f56bfc062723c751e8b465ee728b) (PreviewImporter) -> (artifact id: '8130469dd4a7f7fef4136fd99c62ba2c') in 0.0076787 seconds
Number of updated asset objects reloaded before import = 0Number of asset objects unloaded after import = 2

========================================================================
Received Import Request.
  Time since last request: 0.002309 seconds.
  path: Assets/Online_FPS_TPS_KIT/Models/Character/Foot.mask
  artifactKey: Guid(19da9abc314fd0844b3b0f258dcfae49) Importer(815301076,1909f56bfc062723c751e8b465ee728b)
Start importing Assets/Online_FPS_TPS_KIT/Models/Character/Foot.mask using Guid(19da9abc314fd0844b3b0f258dcfae49) Importer(815301076,1909f56bfc062723c751e8b465ee728b) (PreviewImporter) -> (artifact id: '87b1a3ee3c337835e1aaf98b8e00f6a0') in 0.00107 seconds
Number of updated asset objects reloaded before import = 0Number of asset objects unloaded after import = 1

========================================================================
Received Import Request.
  Time since last request: 0.002014 seconds.
  path: Assets/Fate/Prefabs/Weapons/P6_SMG.prefab
  artifactKey: Guid(5ec8f1e7476a39b45a879b52ed29093c) Importer(815301076,1909f56bfc062723c751e8b465ee728b)
Start importing Assets/Fate/Prefabs/Weapons/P6_SMG.prefab using Guid(5ec8f1e7476a39b45a879b52ed29093c) Importer(815301076,1909f56bfc062723c751e8b465ee728b) (PreviewImporter) -> (artifact id: '14de924e1323b4f5a9d13b6e44af3300') in 0.0207346 seconds
Number of updated asset objects reloaded before import = 0Number of asset objects unloaded after import = 131

========================================================================
Received Import Request.
  Time since last request: 0.001810 seconds.
  path: Assets/Online_FPS_TPS_KIT/Materials/WeaponSightMaterials/Textures/ScoupeCamTexture.renderTexture
  artifactKey: Guid(279b16a3a290fae44840eb9ff3e05b82) Importer(815301076,1909f56bfc062723c751e8b465ee728b)
Start importing Assets/Online_FPS_TPS_KIT/Materials/WeaponSightMaterials/Textures/ScoupeCamTexture.renderTexture using Guid(279b16a3a290fae44840eb9ff3e05b82) Importer(815301076,1909f56bfc062723c751e8b465ee728b) (PreviewImporter) -> (artifact id: '0a095fa5ba27655f09fbe2b46bb42622') in 0.0088068 seconds
Number of updated asset objects reloaded before import = 0Number of asset objects unloaded after import = 2

========================================================================
Received Import Request.
  Time since last request: 0.001891 seconds.
  path: Assets/PolygonSciFiSpace/Prefabs/Weapons/SM_Wep_Shield_01.prefab
  artifactKey: Guid(be85586d027fa5a46922cd36c29d075d) Importer(815301076,1909f56bfc062723c751e8b465ee728b)
Start importing Assets/PolygonSciFiSpace/Prefabs/Weapons/SM_Wep_Shield_01.prefab using Guid(be85586d027fa5a46922cd36c29d075d) Importer(815301076,1909f56bfc062723c751e8b465ee728b) (PreviewImporter) -> (artifact id: 'e2154a55cab363fc51a5effb6bff7c4e') in 0.0103625 seconds
Number of updated asset objects reloaded before import = 0Number of asset objects unloaded after import = 12

========================================================================
Received Import Request.
  Time since last request: 0.001529 seconds.
  path: Assets/Online_FPS_TPS_KIT/Models/WeaponElements/Scoupe.fbx
  artifactKey: Guid(d864a0d51f3550c469295c3a20d493bf) Importer(815301076,1909f56bfc062723c751e8b465ee728b)
Start importing Assets/Online_FPS_TPS_KIT/Models/WeaponElements/Scoupe.fbx using Guid(d864a0d51f3550c469295c3a20d493bf) Importer(815301076,1909f56bfc062723c751e8b465ee728b) (PreviewImporter) -> (artifact id: '8c8e1c04a19cf99026e3be730e28d588') in 0.0506567 seconds
Number of updated asset objects reloaded before import = 0Number of asset objects unloaded after import = 39

========================================================================
Received Import Request.
  Time since last request: 0.002263 seconds.
  path: Assets/Polygon Arsenal/Demo/Scripts/PolygonOrbit.cs
  artifactKey: Guid(225f1b6c1a43124458cb013772dc26aa) Importer(815301076,1909f56bfc062723c751e8b465ee728b)
Start importing Assets/Polygon Arsenal/Demo/Scripts/PolygonOrbit.cs using Guid(225f1b6c1a43124458cb013772dc26aa) Importer(815301076,1909f56bfc062723c751e8b465ee728b) (PreviewImporter) -> (artifact id: '604154276aef93135bdcbb697a776506') in 0.0004406 seconds
Number of updated asset objects reloaded before import = 0Number of asset objects unloaded after import = 0

========================================================================
Received Import Request.
  Time since last request: 0.001639 seconds.
  path: Assets/Online_FPS_TPS_KIT/Scripts/EventsSystem/Editor/GUISplitWindow.cs
  artifactKey: Guid(6e61347402f482a4083ffbc1bc9d77bf) Importer(815301076,1909f56bfc062723c751e8b465ee728b)
Start importing Assets/Online_FPS_TPS_KIT/Scripts/EventsSystem/Editor/GUISplitWindow.cs using Guid(6e61347402f482a4083ffbc1bc9d77bf) Importer(815301076,1909f56bfc062723c751e8b465ee728b) (PreviewImporter) -> (artifact id: 'e904d1a09d011a67459e0a5f63f808f8') in 0.000442 seconds
Number of updated asset objects reloaded before import = 0Number of asset objects unloaded after import = 0

========================================================================
Received Import Request.
  Time since last request: 0.001717 seconds.
  path: Assets/Online_FPS_TPS_KIT/Scripts/EventsSystem/EventParameterConverter.cs
  artifactKey: Guid(1989132b20bce8c438cb2a8dc4b221b9) Importer(815301076,1909f56bfc062723c751e8b465ee728b)
Start importing Assets/Online_FPS_TPS_KIT/Scripts/EventsSystem/EventParameterConverter.cs using Guid(1989132b20bce8c438cb2a8dc4b221b9) Importer(815301076,1909f56bfc062723c751e8b465ee728b) (PreviewImporter) -> (artifact id: '357838d7b3b8ae77f10b707a05bb28a8') in 0.0004777 seconds
Number of updated asset objects reloaded before import = 0Number of asset objects unloaded after import = 0

========================================================================
Received Import Request.
  Time since last request: 0.001243 seconds.
  path: Assets/Online_FPS_TPS_KIT/Scripts/Player/move/RollState.cs
  artifactKey: Guid(0e25e289b2c857c41ac80323061a1e40) Importer(815301076,1909f56bfc062723c751e8b465ee728b)
Start importing Assets/Online_FPS_TPS_KIT/Scripts/Player/move/RollState.cs using Guid(0e25e289b2c857c41ac80323061a1e40) Importer(815301076,1909f56bfc062723c751e8b465ee728b) (PreviewImporter) -> (artifact id: '0d10b1159d35444f673f480778fc432f') in 0.000396 seconds
Number of updated asset objects reloaded before import = 0Number of asset objects unloaded after import = 0

========================================================================
Received Import Request.
  Time since last request: 0.001701 seconds.
  path: Assets/Online_FPS_TPS_KIT/Scripts/EventsSystem/Interfaces/IEventCenterComponent.cs
  artifactKey: Guid(a30baa3fcf3e1bf49807ff7ab3b671bf) Importer(815301076,1909f56bfc062723c751e8b465ee728b)
Start importing Assets/Online_FPS_TPS_KIT/Scripts/EventsSystem/Interfaces/IEventCenterComponent.cs using Guid(a30baa3fcf3e1bf49807ff7ab3b671bf) Importer(815301076,1909f56bfc062723c751e8b465ee728b) (PreviewImporter) -> (artifact id: '60941e0ce308672c3e1629961d042046') in 0.0003796 seconds
Number of updated asset objects reloaded before import = 0Number of asset objects unloaded after import = 0

========================================================================
Received Import Request.
  Time since last request: 0.001499 seconds.
  path: Assets/Online_FPS_TPS_KIT/Scripts/v3.2/Scripts/BodyAimHandler.cs
  artifactKey: Guid(b195e49a4def428499c35a7f0c2ad541) Importer(815301076,1909f56bfc062723c751e8b465ee728b)
Start importing Assets/Online_FPS_TPS_KIT/Scripts/v3.2/Scripts/BodyAimHandler.cs using Guid(b195e49a4def428499c35a7f0c2ad541) Importer(815301076,1909f56bfc062723c751e8b465ee728b) (PreviewImporter) -> (artifact id: 'aaf842a35422e987d56da17c9af6a017') in 0.0003048 seconds
Number of updated asset objects reloaded before import = 0Number of asset objects unloaded after import = 0

========================================================================
Received Import Request.
  Time since last request: 0.001609 seconds.
  path: Assets/Online_FPS_TPS_KIT/Scripts/WeaponScripts/WeaponSight/WeaponSight_hangler.cs
  artifactKey: Guid(c6e40bdf894cd0849b99519acf3d829b) Importer(815301076,1909f56bfc062723c751e8b465ee728b)
Start importing Assets/Online_FPS_TPS_KIT/Scripts/WeaponScripts/WeaponSight/WeaponSight_hangler.cs using Guid(c6e40bdf894cd0849b99519acf3d829b) Importer(815301076,1909f56bfc062723c751e8b465ee728b) (PreviewImporter) -> (artifact id: 'a84adf3dbe34ee99c139be12bbc5b1f6') in 0.0003118 seconds
Number of updated asset objects reloaded before import = 0Number of asset objects unloaded after import = 0

========================================================================
Received Import Request.
  Time since last request: 0.001730 seconds.
  path: Assets/Online_FPS_TPS_KIT/CinemachineComponents/PlayerCameraBlends.asset
  artifactKey: Guid(3b7c03075fc150545b48e8e7063bc5cf) Importer(815301076,1909f56bfc062723c751e8b465ee728b)
Start importing Assets/Online_FPS_TPS_KIT/CinemachineComponents/PlayerCameraBlends.asset using Guid(3b7c03075fc150545b48e8e7063bc5cf) Importer(815301076,1909f56bfc062723c751e8b465ee728b) (PreviewImporter) -> (artifact id: '98224261bf0757fdddca623fd6ecaf28') in 0.0007106 seconds
Number of updated asset objects reloaded before import = 0Number of asset objects unloaded after import = 1

========================================================================
Received Import Request.
  Time since last request: 0.001434 seconds.
  path: Assets/Online_FPS_TPS_KIT/Materials/WeaponSightMaterials/Callimator1.mat
  artifactKey: Guid(590e2a2e1d06b574896c65eee2799bb7) Importer(815301076,1909f56bfc062723c751e8b465ee728b)
Start importing Assets/Online_FPS_TPS_KIT/Materials/WeaponSightMaterials/Callimator1.mat using Guid(590e2a2e1d06b574896c65eee2799bb7) Importer(815301076,1909f56bfc062723c751e8b465ee728b) (PreviewImporter) -> (artifact id: '765c91c046e8fd74541e5bdd0a064557') in 0.0059346 seconds
Number of updated asset objects reloaded before import = 0Number of asset objects unloaded after import = 2

========================================================================
Received Import Request.
  Time since last request: 0.001919 seconds.
  path: Assets/Online_FPS_TPS_KIT/Scripts/v3.2/RIG/Extensions/PositionReturn_Extension.cs
  artifactKey: Guid(875da0c6b3bebbe4b87fb406f4dc570d) Importer(815301076,1909f56bfc062723c751e8b465ee728b)
Start importing Assets/Online_FPS_TPS_KIT/Scripts/v3.2/RIG/Extensions/PositionReturn_Extension.cs using Guid(875da0c6b3bebbe4b87fb406f4dc570d) Importer(815301076,1909f56bfc062723c751e8b465ee728b) (PreviewImporter) -> (artifact id: 'a4584ec9f507a5810a5aa94e1ac11402') in 0.0003673 seconds
Number of updated asset objects reloaded before import = 0Number of asset objects unloaded after import = 0

========================================================================
Received Import Request.
  Time since last request: 0.001219 seconds.
  path: Assets/PolygonSciFiSpace/Models/SM_Wep_Rifle_01.fbx
  artifactKey: Guid(387df2d7750e6ab4698e1e62a012af82) Importer(815301076,1909f56bfc062723c751e8b465ee728b)
Start importing Assets/PolygonSciFiSpace/Models/SM_Wep_Rifle_01.fbx using Guid(387df2d7750e6ab4698e1e62a012af82) Importer(815301076,1909f56bfc062723c751e8b465ee728b) (PreviewImporter) -> (artifact id: '35c3f08aabbd4ceaa676788afe799e19') in 0.0194729 seconds
Number of updated asset objects reloaded before import = 0Number of asset objects unloaded after import = 17

========================================================================
Received Import Request.
  Time since last request: 0.001605 seconds.
  path: Assets/Online_FPS_TPS_KIT/Materials/FireParticle.mat
  artifactKey: Guid(ac4ec91864979174b8b597a8b01b8e1b) Importer(815301076,1909f56bfc062723c751e8b465ee728b)
Start importing Assets/Online_FPS_TPS_KIT/Materials/FireParticle.mat using Guid(ac4ec91864979174b8b597a8b01b8e1b) Importer(815301076,1909f56bfc062723c751e8b465ee728b) (PreviewImporter) -> (artifact id: '27780b7b77326524c0da47a7447f8ff2') in 0.0073275 seconds
Number of updated asset objects reloaded before import = 0Number of asset objects unloaded after import = 2

========================================================================
Received Import Request.
  Time since last request: 0.001481 seconds.
  path: Assets/Online_FPS_TPS_KIT/Scripts/v3.2/RIG/LocalRigs/RotationConstrained.cs
  artifactKey: Guid(d59eb8232a6914c4099d91db9697bb96) Importer(815301076,1909f56bfc062723c751e8b465ee728b)
Start importing Assets/Online_FPS_TPS_KIT/Scripts/v3.2/RIG/LocalRigs/RotationConstrained.cs using Guid(d59eb8232a6914c4099d91db9697bb96) Importer(815301076,1909f56bfc062723c751e8b465ee728b) (PreviewImporter) -> (artifact id: 'f8cfa84181cc85e342b5c614d593ed27') in 0.0003921 seconds
Number of updated asset objects reloaded before import = 0Number of asset objects unloaded after import = 0

========================================================================
Received Import Request.
  Time since last request: 0.001388 seconds.
  path: Assets/Online_FPS_TPS_KIT/Scripts/EventsSystem/EventsCenter.cs
  artifactKey: Guid(88e3adb20d7e2674bb84cf056ce5fe73) Importer(815301076,1909f56bfc062723c751e8b465ee728b)
Start importing Assets/Online_FPS_TPS_KIT/Scripts/EventsSystem/EventsCenter.cs using Guid(88e3adb20d7e2674bb84cf056ce5fe73) Importer(815301076,1909f56bfc062723c751e8b465ee728b) (PreviewImporter) -> (artifact id: '1e0c06d29977a817b0c597b8e961c250') in 0.000402 seconds
Number of updated asset objects reloaded before import = 0Number of asset objects unloaded after import = 0

========================================================================
Received Import Request.
  Time since last request: 0.001244 seconds.
  path: Assets/Online_FPS_TPS_KIT/Scripts/EventsSystem/Editor/PlayeblePanel.cs
  artifactKey: Guid(deadda336711ce64398f222e32003134) Importer(815301076,1909f56bfc062723c751e8b465ee728b)
Start importing Assets/Online_FPS_TPS_KIT/Scripts/EventsSystem/Editor/PlayeblePanel.cs using Guid(deadda336711ce64398f222e32003134) Importer(815301076,1909f56bfc062723c751e8b465ee728b) (PreviewImporter) -> (artifact id: '809a1baf0c16d26dc71b59a603862b80') in 0.00029 seconds
Number of updated asset objects reloaded before import = 0Number of asset objects unloaded after import = 0

========================================================================
Received Import Request.
  Time since last request: 0.001291 seconds.
  path: Assets/PolygonSciFiSpace/Models/SM_Wep_Sword_Double_01.fbx
  artifactKey: Guid(5a60f355d04366240bd7b0c1cb8e22f3) Importer(815301076,1909f56bfc062723c751e8b465ee728b)
Start importing Assets/PolygonSciFiSpace/Models/SM_Wep_Sword_Double_01.fbx using Guid(5a60f355d04366240bd7b0c1cb8e22f3) Importer(815301076,1909f56bfc062723c751e8b465ee728b) (PreviewImporter) -> (artifact id: '7340adb07cb32dd4a5dd6a5756e9f302') in 0.0150291 seconds
Number of updated asset objects reloaded before import = 0Number of asset objects unloaded after import = 12

========================================================================
Received Import Request.
  Time since last request: 0.001568 seconds.
  path: Assets/PolygonSciFiSpace/Prefabs/Weapons/SM_Wep_Rifle_01.prefab
  artifactKey: Guid(070737ca19fedf044b465dbbcd97d924) Importer(815301076,1909f56bfc062723c751e8b465ee728b)
Start importing Assets/PolygonSciFiSpace/Prefabs/Weapons/SM_Wep_Rifle_01.prefab using Guid(070737ca19fedf044b465dbbcd97d924) Importer(815301076,1909f56bfc062723c751e8b465ee728b) (PreviewImporter) -> (artifact id: '12ff6071baa0c302933931f39e8d9874') in 0.0097255 seconds
Number of updated asset objects reloaded before import = 0Number of asset objects unloaded after import = 22

========================================================================
Received Import Request.
  Time since last request: 0.001611 seconds.
  path: Assets/PolygonSciFiSpace/Prefabs/Buildings/SM_Bld_Hangar_01.prefab
  artifactKey: Guid(b1dadbfe6d45731439832c83067b5996) Importer(815301076,1909f56bfc062723c751e8b465ee728b)
Start importing Assets/PolygonSciFiSpace/Prefabs/Buildings/SM_Bld_Hangar_01.prefab using Guid(b1dadbfe6d45731439832c83067b5996) Importer(815301076,1909f56bfc062723c751e8b465ee728b) (PreviewImporter) -> (artifact id: 'ebd430b7581cb6d29ebc50df39cf107e') in 0.0826686 seconds
Number of updated asset objects reloaded before import = 0Number of asset objects unloaded after import = 66

========================================================================
Received Import Request.
  Time since last request: 0.002059 seconds.
  path: Assets/PolygonSciFiSpace/Models/Collision/Convex/SM_Wep_Pistol_01_Convex.asset
  artifactKey: Guid(228bf81ca49ad934aab88b0e66ec0461) Importer(815301076,1909f56bfc062723c751e8b465ee728b)
Start importing Assets/PolygonSciFiSpace/Models/Collision/Convex/SM_Wep_Pistol_01_Convex.asset using Guid(228bf81ca49ad934aab88b0e66ec0461) Importer(815301076,1909f56bfc062723c751e8b465ee728b) (PreviewImporter) -> (artifact id: '631281faccefb3e172b5c4df946fbf5e') in 0.005255 seconds
Number of updated asset objects reloaded before import = 0Number of asset objects unloaded after import = 2

========================================================================
Received Import Request.
  Time since last request: 0.001561 seconds.
  path: Assets/Online_FPS_TPS_KIT/Scripts/EventsSystem/Editor/AnimatorFloatCurvesView.cs
  artifactKey: Guid(aaa105566b43b4946907270c3e7940a4) Importer(815301076,1909f56bfc062723c751e8b465ee728b)
Start importing Assets/Online_FPS_TPS_KIT/Scripts/EventsSystem/Editor/AnimatorFloatCurvesView.cs using Guid(aaa105566b43b4946907270c3e7940a4) Importer(815301076,1909f56bfc062723c751e8b465ee728b) (PreviewImporter) -> (artifact id: '6bdf217b600c8d590d8e6a732050a152') in 0.0004444 seconds
Number of updated asset objects reloaded before import = 0Number of asset objects unloaded after import = 0

========================================================================
Received Import Request.
  Time since last request: 0.001882 seconds.
  path: Assets/Online_FPS_TPS_KIT/Scripts/v3.2/RIG/LocalRig.cs
  artifactKey: Guid(28734c70feeb0ba488200bbddaa62afa) Importer(815301076,1909f56bfc062723c751e8b465ee728b)
Start importing Assets/Online_FPS_TPS_KIT/Scripts/v3.2/RIG/LocalRig.cs using Guid(28734c70feeb0ba488200bbddaa62afa) Importer(815301076,1909f56bfc062723c751e8b465ee728b) (PreviewImporter) -> (artifact id: 'eaea54f0ffe934450d2eeb0d2554a6d7') in 0.0003429 seconds
Number of updated asset objects reloaded before import = 0Number of asset objects unloaded after import = 0

========================================================================
Received Import Request.
  Time since last request: 0.002311 seconds.
  path: Assets/Online_FPS_TPS_KIT/Scripts/EventsSystem/Editor/EventsView.cs
  artifactKey: Guid(674207fac8f788944afdb1b40badc64d) Importer(815301076,1909f56bfc062723c751e8b465ee728b)
Start importing Assets/Online_FPS_TPS_KIT/Scripts/EventsSystem/Editor/EventsView.cs using Guid(674207fac8f788944afdb1b40badc64d) Importer(815301076,1909f56bfc062723c751e8b465ee728b) (PreviewImporter) -> (artifact id: 'a940f1a1b16337fef675088d731efe4b') in 0.0003686 seconds
Number of updated asset objects reloaded before import = 0Number of asset objects unloaded after import = 0

========================================================================
Received Import Request.
  Time since last request: 0.001762 seconds.
  path: Assets/Online_FPS_TPS_KIT/Scripts/v3.2/RIG/LocalRigs/Aim.cs
  artifactKey: Guid(7a27b179c40bb8d4d85421f82cd684ef) Importer(815301076,1909f56bfc062723c751e8b465ee728b)
Start importing Assets/Online_FPS_TPS_KIT/Scripts/v3.2/RIG/LocalRigs/Aim.cs using Guid(7a27b179c40bb8d4d85421f82cd684ef) Importer(815301076,1909f56bfc062723c751e8b465ee728b) (PreviewImporter) -> (artifact id: '6cab0ef289c1960e3e2304ce2af76318') in 0.0003615 seconds
Number of updated asset objects reloaded before import = 0Number of asset objects unloaded after import = 0

========================================================================
Received Import Request.
  Time since last request: 0.001779 seconds.
  path: Assets/Online_FPS_TPS_KIT/Scripts/EventsSystem/Editor/EventsController.cs
  artifactKey: Guid(2f55bda10358a9c40a260df7bedb4693) Importer(815301076,1909f56bfc062723c751e8b465ee728b)
Start importing Assets/Online_FPS_TPS_KIT/Scripts/EventsSystem/Editor/EventsController.cs using Guid(2f55bda10358a9c40a260df7bedb4693) Importer(815301076,1909f56bfc062723c751e8b465ee728b) (PreviewImporter) -> (artifact id: '4aa75e0970a3bf1ba6fb97f455a1a9d0') in 0.0003514 seconds
Number of updated asset objects reloaded before import = 0Number of asset objects unloaded after import = 0

========================================================================
Received Import Request.
  Time since last request: 0.001305 seconds.
  path: Assets/Online_FPS_TPS_KIT/Scripts/Player/move/InAirState.cs
  artifactKey: Guid(ca8204076c364ac448537ce0768f2b3c) Importer(815301076,1909f56bfc062723c751e8b465ee728b)
Start importing Assets/Online_FPS_TPS_KIT/Scripts/Player/move/InAirState.cs using Guid(ca8204076c364ac448537ce0768f2b3c) Importer(815301076,1909f56bfc062723c751e8b465ee728b) (PreviewImporter) -> (artifact id: '378e7339969f54ec74b3af7cf88e71dd') in 0.0003313 seconds
Number of updated asset objects reloaded before import = 0Number of asset objects unloaded after import = 0

========================================================================
Received Import Request.
  Time since last request: 0.001219 seconds.
  path: Assets/Online_FPS_TPS_KIT/Scripts/WeaponScripts/WeaponPickupOffline.cs
  artifactKey: Guid(b6b4859be15ca1f4e9983f677295381a) Importer(815301076,1909f56bfc062723c751e8b465ee728b)
Start importing Assets/Online_FPS_TPS_KIT/Scripts/WeaponScripts/WeaponPickupOffline.cs using Guid(b6b4859be15ca1f4e9983f677295381a) Importer(815301076,1909f56bfc062723c751e8b465ee728b) (PreviewImporter) -> (artifact id: '714e2d885db4352fa33fd8a0fc41b451') in 0.0003139 seconds
Number of updated asset objects reloaded before import = 0Number of asset objects unloaded after import = 0

========================================================================
Received Import Request.
  Time since last request: 0.001329 seconds.
  path: Assets/PolygonSciFiSpace/Models/Collision/Convex/SM_Wep_Shotgun_01_Convex.asset
  artifactKey: Guid(86a9670708d20324e8b946b3db38bad8) Importer(815301076,1909f56bfc062723c751e8b465ee728b)
Start importing Assets/PolygonSciFiSpace/Models/Collision/Convex/SM_Wep_Shotgun_01_Convex.asset using Guid(86a9670708d20324e8b946b3db38bad8) Importer(815301076,1909f56bfc062723c751e8b465ee728b) (PreviewImporter) -> (artifact id: '8d3fdbb2af58382637527c4442ada6e2') in 0.0062424 seconds
Number of updated asset objects reloaded before import = 0Number of asset objects unloaded after import = 2

========================================================================
Received Import Request.
  Time since last request: 0.001646 seconds.
  path: Assets/PolygonSciFiSpace/Models/SM_Wep_Pistol_01.fbx
  artifactKey: Guid(b4ab5a0c8e9afaf4cac0baaee1cd20a4) Importer(815301076,1909f56bfc062723c751e8b465ee728b)
Start importing Assets/PolygonSciFiSpace/Models/SM_Wep_Pistol_01.fbx using Guid(b4ab5a0c8e9afaf4cac0baaee1cd20a4) Importer(815301076,1909f56bfc062723c751e8b465ee728b) (PreviewImporter) -> (artifact id: 'e017f447e99984370e3453c083cb0343') in 0.0167018 seconds
Number of updated asset objects reloaded before import = 0Number of asset objects unloaded after import = 12

========================================================================
Received Import Request.
  Time since last request: 0.001461 seconds.
  path: Assets/Online_FPS_TPS_KIT/Scripts/v3.2/RIG/IRigExtension.cs
  artifactKey: Guid(cdb1f30eab8ff404bb9de5e0c2ffe019) Importer(815301076,1909f56bfc062723c751e8b465ee728b)
Start importing Assets/Online_FPS_TPS_KIT/Scripts/v3.2/RIG/IRigExtension.cs using Guid(cdb1f30eab8ff404bb9de5e0c2ffe019) Importer(815301076,1909f56bfc062723c751e8b465ee728b) (PreviewImporter) -> (artifact id: 'cd33a080eeec5837d1a45417931143d7') in 0.0004151 seconds
Number of updated asset objects reloaded before import = 0Number of asset objects unloaded after import = 0

========================================================================
Received Import Request.
  Time since last request: 0.001368 seconds.
  path: Assets/PolygonSciFiSpace/Prefabs/Weapons/SM_Wep_Shield_Extended_01.prefab
  artifactKey: Guid(2c474af60eb7a5b46919fe4d4d1797ee) Importer(815301076,1909f56bfc062723c751e8b465ee728b)
Start importing Assets/PolygonSciFiSpace/Prefabs/Weapons/SM_Wep_Shield_Extended_01.prefab using Guid(2c474af60eb7a5b46919fe4d4d1797ee) Importer(815301076,1909f56bfc062723c751e8b465ee728b) (PreviewImporter) -> (artifact id: '5072bad53e3ed1074fc5d1f1f5e9ec1f') in 0.011077 seconds
Number of updated asset objects reloaded before import = 0Number of asset objects unloaded after import = 18

========================================================================
Received Import Request.
  Time since last request: 0.001689 seconds.
  path: Assets/Polygon Arsenal/Demo/Scripts/PolygonFireProjectile.cs
  artifactKey: Guid(82096b18a42c3a2468c199a9bf5ee1c2) Importer(815301076,1909f56bfc062723c751e8b465ee728b)
Start importing Assets/Polygon Arsenal/Demo/Scripts/PolygonFireProjectile.cs using Guid(82096b18a42c3a2468c199a9bf5ee1c2) Importer(815301076,1909f56bfc062723c751e8b465ee728b) (PreviewImporter) -> (artifact id: '395f8516962d5783731bc23e4d8e6cc9') in 0.0007089 seconds
Number of updated asset objects reloaded before import = 0Number of asset objects unloaded after import = 0

========================================================================
Received Import Request.
  Time since last request: 0.001940 seconds.
  path: Assets/Online_FPS_TPS_KIT/Models/Weapons/P6_SMG.fbx
  artifactKey: Guid(9760a6103e79cda4aa6ef3c40161b173) Importer(815301076,1909f56bfc062723c751e8b465ee728b)
Start importing Assets/Online_FPS_TPS_KIT/Models/Weapons/P6_SMG.fbx using Guid(9760a6103e79cda4aa6ef3c40161b173) Importer(815301076,1909f56bfc062723c751e8b465ee728b) (PreviewImporter) -> (artifact id: 'b8d421679bdd3945e231b131c68b66f6') in 0.0467573 seconds
Number of updated asset objects reloaded before import = 0Number of asset objects unloaded after import = 50

========================================================================
Received Import Request.
  Time since last request: 0.001761 seconds.
  path: Assets/Online_FPS_TPS_KIT/Scripts/v3.2/RIG/LocalRigs/BodySlopeRig.cs
  artifactKey: Guid(2be65b3cf479bc9419608f6f49faa951) Importer(815301076,1909f56bfc062723c751e8b465ee728b)
Start importing Assets/Online_FPS_TPS_KIT/Scripts/v3.2/RIG/LocalRigs/BodySlopeRig.cs using Guid(2be65b3cf479bc9419608f6f49faa951) Importer(815301076,1909f56bfc062723c751e8b465ee728b) (PreviewImporter) -> (artifact id: '44bc644e399f3754b3c9737da7c29623') in 0.0005157 seconds
Number of updated asset objects reloaded before import = 0Number of asset objects unloaded after import = 0

========================================================================
Received Import Request.
  Time since last request: 0.001521 seconds.
  path: Assets/Online_FPS_TPS_KIT/Models/Weapons/Saga_Rifle.fbx
  artifactKey: Guid(cb65871af9a2df242b544caea8866fe3) Importer(815301076,1909f56bfc062723c751e8b465ee728b)
Start importing Assets/Online_FPS_TPS_KIT/Models/Weapons/Saga_Rifle.fbx using Guid(cb65871af9a2df242b544caea8866fe3) Importer(815301076,1909f56bfc062723c751e8b465ee728b) (PreviewImporter) -> (artifact id: '648b3b7a49d7adcc58a1dbda138aa8a4') in 0.0406363 seconds
Number of updated asset objects reloaded before import = 0Number of asset objects unloaded after import = 45

========================================================================
Received Import Request.
  Time since last request: 0.001627 seconds.
  path: Assets/Online_FPS_TPS_KIT/Models/Weapons/Materials/weponBody.mat
  artifactKey: Guid(d18c29957eddc32489fc4bc7c10cdacc) Importer(815301076,1909f56bfc062723c751e8b465ee728b)
Start importing Assets/Online_FPS_TPS_KIT/Models/Weapons/Materials/weponBody.mat using Guid(d18c29957eddc32489fc4bc7c10cdacc) Importer(815301076,1909f56bfc062723c751e8b465ee728b) (PreviewImporter) -> (artifact id: '1e8848a3a13a3d1d1a155efd41d920a8') in 0.0058326 seconds
Number of updated asset objects reloaded before import = 0Number of asset objects unloaded after import = 1

========================================================================
Received Import Request.
  Time since last request: 0.001436 seconds.
  path: Assets/Online_FPS_TPS_KIT/Scripts/Player/CameraController.cs
  artifactKey: Guid(555cf2cf097da584d81dc84734d22796) Importer(815301076,1909f56bfc062723c751e8b465ee728b)
Start importing Assets/Online_FPS_TPS_KIT/Scripts/Player/CameraController.cs using Guid(555cf2cf097da584d81dc84734d22796) Importer(815301076,1909f56bfc062723c751e8b465ee728b) (PreviewImporter) -> (artifact id: '21929161f677af689da9c9013e2b03b5') in 0.0003675 seconds
Number of updated asset objects reloaded before import = 0Number of asset objects unloaded after import = 0

========================================================================
Received Import Request.
  Time since last request: 0.001350 seconds.
  path: Assets/Online_FPS_TPS_KIT/Models/Weapons/Materials/WeaponElement.mat
  artifactKey: Guid(6a589511861294f4a89ce11af6707e95) Importer(815301076,1909f56bfc062723c751e8b465ee728b)
Start importing Assets/Online_FPS_TPS_KIT/Models/Weapons/Materials/WeaponElement.mat using Guid(6a589511861294f4a89ce11af6707e95) Importer(815301076,1909f56bfc062723c751e8b465ee728b) (PreviewImporter) -> (artifact id: 'e27880ebb48541bf40e700ec6275b58c') in 0.0051443 seconds
Number of updated asset objects reloaded before import = 0Number of asset objects unloaded after import = 2

========================================================================
Received Import Request.
  Time since last request: 0.001808 seconds.
  path: Assets/PolygonSciFiSpace/Materials/Alts/PolygonScifiSpace_Material_Dirt_01.mat
  artifactKey: Guid(138e0aae3526bd54687107ed3fc9877c) Importer(815301076,1909f56bfc062723c751e8b465ee728b)
Start importing Assets/PolygonSciFiSpace/Materials/Alts/PolygonScifiSpace_Material_Dirt_01.mat using Guid(138e0aae3526bd54687107ed3fc9877c) Importer(815301076,1909f56bfc062723c751e8b465ee728b) (PreviewImporter) -> (artifact id: 'f6ccbfdc067a54a50c234f331c6329a6') in 0.009002 seconds
Number of updated asset objects reloaded before import = 0Number of asset objects unloaded after import = 4

========================================================================
Received Import Request.
  Time since last request: 0.001673 seconds.
  path: Assets/Online_FPS_TPS_KIT/Scripts/v3.2/RIG/RigExtensionUpdateMethod.cs
  artifactKey: Guid(f5195a8f299f1454ba1f20c073404768) Importer(815301076,1909f56bfc062723c751e8b465ee728b)
Start importing Assets/Online_FPS_TPS_KIT/Scripts/v3.2/RIG/RigExtensionUpdateMethod.cs using Guid(f5195a8f299f1454ba1f20c073404768) Importer(815301076,1909f56bfc062723c751e8b465ee728b) (PreviewImporter) -> (artifact id: '5fb22d914dd930a161f34e4d1e0a0f5e') in 0.0004596 seconds
Number of updated asset objects reloaded before import = 0Number of asset objects unloaded after import = 0

========================================================================
Received Import Request.
  Time since last request: 0.001260 seconds.
  path: Assets/PolygonSciFiSpace/Materials/Misc/PolygonScifiSpace_Cockpit_Glass.mat
  artifactKey: Guid(4ebffc301dc299a428c1363ddfed99cf) Importer(815301076,1909f56bfc062723c751e8b465ee728b)
Start importing Assets/PolygonSciFiSpace/Materials/Misc/PolygonScifiSpace_Cockpit_Glass.mat using Guid(4ebffc301dc299a428c1363ddfed99cf) Importer(815301076,1909f56bfc062723c751e8b465ee728b) (PreviewImporter) -> (artifact id: '74b3f9287e3cdb22bba9a7f9f4c58c8e') in 0.0064445 seconds
Number of updated asset objects reloaded before import = 0Number of asset objects unloaded after import = 1

========================================================================
Received Import Request.
  Time since last request: 0.001582 seconds.
  path: Assets/Polygon Arsenal/Demo/Scripts/PolygonLoopScript.cs
  artifactKey: Guid(12eda49810402c344b42c34203ffdccc) Importer(815301076,1909f56bfc062723c751e8b465ee728b)
Start importing Assets/Polygon Arsenal/Demo/Scripts/PolygonLoopScript.cs using Guid(12eda49810402c344b42c34203ffdccc) Importer(815301076,1909f56bfc062723c751e8b465ee728b) (PreviewImporter) -> (artifact id: '2efaba2a73ccb661cb0e62de340d0608') in 0.0004118 seconds
Number of updated asset objects reloaded before import = 0Number of asset objects unloaded after import = 0

========================================================================
Received Import Request.
  Time since last request: 0.001303 seconds.
  path: Assets/PolygonSciFiSpace/Prefabs/Weapons/SM_Wep_Sword_01.prefab
  artifactKey: Guid(27fb268301cd57f489c87aa68edee57b) Importer(815301076,1909f56bfc062723c751e8b465ee728b)
Start importing Assets/PolygonSciFiSpace/Prefabs/Weapons/SM_Wep_Sword_01.prefab using Guid(27fb268301cd57f489c87aa68edee57b) Importer(815301076,1909f56bfc062723c751e8b465ee728b) (PreviewImporter) -> (artifact id: '8f108e71a32aa09d45acf8a69ae205c8') in 0.0092808 seconds
Number of updated asset objects reloaded before import = 0Number of asset objects unloaded after import = 18

========================================================================
Received Import Request.
  Time since last request: 0.001267 seconds.
  path: Assets/Online_FPS_TPS_KIT/Scripts/WeaponScripts/WeaponSight/WeaponSightEnabler.cs
  artifactKey: Guid(7a5c0421b7f3c5e4c8363e348346834f) Importer(815301076,1909f56bfc062723c751e8b465ee728b)
Start importing Assets/Online_FPS_TPS_KIT/Scripts/WeaponScripts/WeaponSight/WeaponSightEnabler.cs using Guid(7a5c0421b7f3c5e4c8363e348346834f) Importer(815301076,1909f56bfc062723c751e8b465ee728b) (PreviewImporter) -> (artifact id: 'b63502800f59fb9b77a4642808c22c18') in 0.0005595 seconds
Number of updated asset objects reloaded before import = 0Number of asset objects unloaded after import = 0

========================================================================
Received Import Request.
  Time since last request: 0.001481 seconds.
  path: Assets/Online_FPS_TPS_KIT/Materials/ProtA1.mat
  artifactKey: Guid(d40856c0c445a464c870ed6e9297b6d9) Importer(815301076,1909f56bfc062723c751e8b465ee728b)
Start importing Assets/Online_FPS_TPS_KIT/Materials/ProtA1.mat using Guid(d40856c0c445a464c870ed6e9297b6d9) Importer(815301076,1909f56bfc062723c751e8b465ee728b) (PreviewImporter) -> (artifact id: '74fd069a2ef35f44de24f028d55490ee') in 0.0054607 seconds
Number of updated asset objects reloaded before import = 0Number of asset objects unloaded after import = 3

========================================================================
Received Import Request.
  Time since last request: 0.001442 seconds.
  path: Assets/Online_FPS_TPS_KIT/Materials/Body.mat
  artifactKey: Guid(8f02e1f0fa9ec1b47aa01333567c804e) Importer(815301076,1909f56bfc062723c751e8b465ee728b)
Start importing Assets/Online_FPS_TPS_KIT/Materials/Body.mat using Guid(8f02e1f0fa9ec1b47aa01333567c804e) Importer(815301076,1909f56bfc062723c751e8b465ee728b) (PreviewImporter) -> (artifact id: 'f3ec6cd845b1fe2fe7715f2d91227436') in 0.0054576 seconds
Number of updated asset objects reloaded before import = 0Number of asset objects unloaded after import = 1

========================================================================
Received Import Request.
  Time since last request: 0.001592 seconds.
  path: Assets/Online_FPS_TPS_KIT/Scripts/EventsSystem/Editor/ModelPreview.cs
  artifactKey: Guid(9ea63514b14a9564aa3235205c875284) Importer(815301076,1909f56bfc062723c751e8b465ee728b)
Start importing Assets/Online_FPS_TPS_KIT/Scripts/EventsSystem/Editor/ModelPreview.cs using Guid(9ea63514b14a9564aa3235205c875284) Importer(815301076,1909f56bfc062723c751e8b465ee728b) (PreviewImporter) -> (artifact id: '8073e38477e0404763487b52a281fd58') in 0.0003045 seconds
Number of updated asset objects reloaded before import = 0Number of asset objects unloaded after import = 0

========================================================================
Received Import Request.
  Time since last request: 0.001297 seconds.
  path: Assets/Online_FPS_TPS_KIT/Scripts/EventsSystem/EventModel.cs
  artifactKey: Guid(47d0b8453ba33464d9811daea954d3f9) Importer(815301076,1909f56bfc062723c751e8b465ee728b)
Start importing Assets/Online_FPS_TPS_KIT/Scripts/EventsSystem/EventModel.cs using Guid(47d0b8453ba33464d9811daea954d3f9) Importer(815301076,1909f56bfc062723c751e8b465ee728b) (PreviewImporter) -> (artifact id: '43a3a1626f2add8f7f0b69870f2cc33b') in 0.0002601 seconds
Number of updated asset objects reloaded before import = 0Number of asset objects unloaded after import = 0

========================================================================
Received Import Request.
  Time since last request: 0.001280 seconds.
  path: Assets/Polygon Arsenal/Scripts/PolygonLightFlicker.cs
  artifactKey: Guid(e700f8e20de2fdf4ab1bf79546b95202) Importer(815301076,1909f56bfc062723c751e8b465ee728b)
Start importing Assets/Polygon Arsenal/Scripts/PolygonLightFlicker.cs using Guid(e700f8e20de2fdf4ab1bf79546b95202) Importer(815301076,1909f56bfc062723c751e8b465ee728b) (PreviewImporter) -> (artifact id: '3dc3026170f9e817e7e66161ee346b3d') in 0.0003574 seconds
Number of updated asset objects reloaded before import = 0Number of asset objects unloaded after import = 0

========================================================================
Received Import Request.
  Time since last request: 0.001402 seconds.
  path: Assets/Online_FPS_TPS_KIT/Scripts/WeaponScripts/RecoilController.cs
  artifactKey: Guid(4f21da3433ffa6e458bebc0b0130070b) Importer(815301076,1909f56bfc062723c751e8b465ee728b)
Start importing Assets/Online_FPS_TPS_KIT/Scripts/WeaponScripts/RecoilController.cs using Guid(4f21da3433ffa6e458bebc0b0130070b) Importer(815301076,1909f56bfc062723c751e8b465ee728b) (PreviewImporter) -> (artifact id: 'a5939a0ab0468a0dda6436d461764e91') in 0.0002549 seconds
Number of updated asset objects reloaded before import = 0Number of asset objects unloaded after import = 0

========================================================================
Received Import Request.
  Time since last request: 0.001327 seconds.
  path: Assets/Online_FPS_TPS_KIT/Scripts/v3.2/RIG/Extensions/WeaponSightPositionGetter.cs
  artifactKey: Guid(703c3c3becc93914dbe64022f12d5217) Importer(815301076,1909f56bfc062723c751e8b465ee728b)
Start importing Assets/Online_FPS_TPS_KIT/Scripts/v3.2/RIG/Extensions/WeaponSightPositionGetter.cs using Guid(703c3c3becc93914dbe64022f12d5217) Importer(815301076,1909f56bfc062723c751e8b465ee728b) (PreviewImporter) -> (artifact id: '042300b14cbec9535e346ddd94b79c72') in 0.0003056 seconds
Number of updated asset objects reloaded before import = 0Number of asset objects unloaded after import = 0

========================================================================
Received Import Request.
  Time since last request: 0.001397 seconds.
  path: Assets/Online_FPS_TPS_KIT/Scripts/WeaponScripts/BulletScripts/BulletNetwork.cs
  artifactKey: Guid(65c48a76733f2d24086208582fd7c337) Importer(815301076,1909f56bfc062723c751e8b465ee728b)
Start importing Assets/Online_FPS_TPS_KIT/Scripts/WeaponScripts/BulletScripts/BulletNetwork.cs using Guid(65c48a76733f2d24086208582fd7c337) Importer(815301076,1909f56bfc062723c751e8b465ee728b) (PreviewImporter) -> (artifact id: '7d667cdfd894d3ef7f7feda36820119e') in 0.0003439 seconds
Number of updated asset objects reloaded before import = 0Number of asset objects unloaded after import = 0

========================================================================
Received Import Request.
  Time since last request: 0.001589 seconds.
  path: Assets/Online_FPS_TPS_KIT/Prefabs/Player.prefab
  artifactKey: Guid(1711848c311a7e84a8d4e466405d6c0c) Importer(815301076,1909f56bfc062723c751e8b465ee728b)
Start importing Assets/Online_FPS_TPS_KIT/Prefabs/Player.prefab using Guid(1711848c311a7e84a8d4e466405d6c0c) Importer(815301076,1909f56bfc062723c751e8b465ee728b) (PreviewImporter) -> (artifact id: '9ff4671684eca89e344b4f9885923414') in 0.0640829 seconds
Number of updated asset objects reloaded before import = 0Number of asset objects unloaded after import = 1328

========================================================================
Received Import Request.
  Time since last request: 0.000018 seconds.
  path: Assets/Online_FPS_TPS_KIT/Scripts/v3.2/RIG/LocalRigs/BodyAim.cs
  artifactKey: Guid(1c918424c7aa5c64eb626b38c606119b) Importer(815301076,1909f56bfc062723c751e8b465ee728b)
Start importing Assets/Online_FPS_TPS_KIT/Scripts/v3.2/RIG/LocalRigs/BodyAim.cs using Guid(1c918424c7aa5c64eb626b38c606119b) Importer(815301076,1909f56bfc062723c751e8b465ee728b) (PreviewImporter) -> (artifact id: '1a47811fc572e07fe0fb7a64c21b9603') in 0.0008199 seconds
Number of updated asset objects reloaded before import = 0Number of asset objects unloaded after import = 0

========================================================================
Received Import Request.
  Time since last request: 0.001989 seconds.
  path: Assets/Online_FPS_TPS_KIT/Scripts/WeaponScripts/WeaponSight/ScopeSightEnabler.cs
  artifactKey: Guid(313fdeddf72a47d4d85036481e9fcff7) Importer(815301076,1909f56bfc062723c751e8b465ee728b)
Start importing Assets/Online_FPS_TPS_KIT/Scripts/WeaponScripts/WeaponSight/ScopeSightEnabler.cs using Guid(313fdeddf72a47d4d85036481e9fcff7) Importer(815301076,1909f56bfc062723c751e8b465ee728b) (PreviewImporter) -> (artifact id: 'd5ca31e421ddf152d5721cfa84da1aec') in 0.0004803 seconds
Number of updated asset objects reloaded before import = 0Number of asset objects unloaded after import = 0

========================================================================
Received Import Request.
  Time since last request: 0.009224 seconds.
  path: Assets/Online_FPS_TPS_KIT/Models/Character/MonKent.fbx
  artifactKey: Guid(0ab042ede6df83a4cae288f199b749f2) Importer(815301076,1909f56bfc062723c751e8b465ee728b)
Start importing Assets/Online_FPS_TPS_KIT/Models/Character/MonKent.fbx using Guid(0ab042ede6df83a4cae288f199b749f2) Importer(815301076,1909f56bfc062723c751e8b465ee728b) (PreviewImporter) -> (artifact id: '89b263d864a7704fe80a6ca3fededc42') in 0.0506165 seconds
Number of updated asset objects reloaded before import = 0Number of asset objects unloaded after import = 186

========================================================================
Received Import Request.
  Time since last request: 0.000549 seconds.
  path: Assets/Online_FPS_TPS_KIT/Materials/Blood.mat
  artifactKey: Guid(889173f12615a944cbe318cc208f5f22) Importer(815301076,1909f56bfc062723c751e8b465ee728b)
Start importing Assets/Online_FPS_TPS_KIT/Materials/Blood.mat using Guid(889173f12615a944cbe318cc208f5f22) Importer(815301076,1909f56bfc062723c751e8b465ee728b) (PreviewImporter) -> (artifact id: '9ec5bd540fa37bfac88a9636b22c7dd0') in 0.0072817 seconds
Number of updated asset objects reloaded before import = 0Number of asset objects unloaded after import = 2

========================================================================
Received Import Request.
  Time since last request: 0.001917 seconds.
  path: Assets/Online_FPS_TPS_KIT/Materials/Foot.mat
  artifactKey: Guid(577dffc3ef44a6a4395c98dcea8886d5) Importer(815301076,1909f56bfc062723c751e8b465ee728b)
Start importing Assets/Online_FPS_TPS_KIT/Materials/Foot.mat using Guid(577dffc3ef44a6a4395c98dcea8886d5) Importer(815301076,1909f56bfc062723c751e8b465ee728b) (PreviewImporter) -> (artifact id: 'd82c15b59afa75c355117ea6a6dc9774') in 0.0058292 seconds
Number of updated asset objects reloaded before import = 0Number of asset objects unloaded after import = 1

========================================================================
Received Import Request.
  Time since last request: 0.001339 seconds.
  path: Assets/Online_FPS_TPS_KIT/Prefabs/Bullet.prefab
  artifactKey: Guid(eb7180f8d9076054990a57a8ebed35b0) Importer(815301076,1909f56bfc062723c751e8b465ee728b)
Start importing Assets/Online_FPS_TPS_KIT/Prefabs/Bullet.prefab using Guid(eb7180f8d9076054990a57a8ebed35b0) Importer(815301076,1909f56bfc062723c751e8b465ee728b) (PreviewImporter) -> (artifact id: '9301c1f6b4b60199fd091c6c8340de13') in 0.0057046 seconds
Number of updated asset objects reloaded before import = 0Number of asset objects unloaded after import = 25

========================================================================
Received Import Request.
  Time since last request: 0.001547 seconds.
  path: Assets/Online_FPS_TPS_KIT/Prefabs/RifleParticle.prefab
  artifactKey: Guid(559eebf2a1aa9ca4d85180a6ad79ac6f) Importer(815301076,1909f56bfc062723c751e8b465ee728b)
Start importing Assets/Online_FPS_TPS_KIT/Prefabs/RifleParticle.prefab using Guid(559eebf2a1aa9ca4d85180a6ad79ac6f) Importer(815301076,1909f56bfc062723c751e8b465ee728b) (PreviewImporter) -> (artifact id: '74828673ba44e0ae46ee9c835d553ce9') in 0.0067337 seconds
Number of updated asset objects reloaded before import = 0Number of asset objects unloaded after import = 22

========================================================================
Received Import Request.
  Time since last request: 0.001018 seconds.
  path: Assets/Online_FPS_TPS_KIT/Scripts/Player/BodyScripts/BodySlope_Handler.cs
  artifactKey: Guid(662a0f5a54161e54aa671d39758a3746) Importer(815301076,1909f56bfc062723c751e8b465ee728b)
Start importing Assets/Online_FPS_TPS_KIT/Scripts/Player/BodyScripts/BodySlope_Handler.cs using Guid(662a0f5a54161e54aa671d39758a3746) Importer(815301076,1909f56bfc062723c751e8b465ee728b) (PreviewImporter) -> (artifact id: 'c848850fdc61f4f6ab4cbc4e65ebe876') in 0.0003296 seconds
Number of updated asset objects reloaded before import = 0Number of asset objects unloaded after import = 0

========================================================================
Received Import Request.
  Time since last request: 0.001453 seconds.
  path: Assets/Online_FPS_TPS_KIT/Scripts/Player/BodyScripts/BodyTiltInSprint.cs
  artifactKey: Guid(6d8b9a372136d8a419bc5adef59bd4d7) Importer(815301076,1909f56bfc062723c751e8b465ee728b)
Start importing Assets/Online_FPS_TPS_KIT/Scripts/Player/BodyScripts/BodyTiltInSprint.cs using Guid(6d8b9a372136d8a419bc5adef59bd4d7) Importer(815301076,1909f56bfc062723c751e8b465ee728b) (PreviewImporter) -> (artifact id: '5952f070a2764c89781035be95f93c83') in 0.000263 seconds
Number of updated asset objects reloaded before import = 0Number of asset objects unloaded after import = 0

========================================================================
Received Import Request.
  Time since last request: 0.001328 seconds.
  path: Assets/Online_FPS_TPS_KIT/Scripts/Weapon.cs
  artifactKey: Guid(28e4a20f9e81adc4aa13350a7d8f9417) Importer(815301076,1909f56bfc062723c751e8b465ee728b)
Start importing Assets/Online_FPS_TPS_KIT/Scripts/Weapon.cs using Guid(28e4a20f9e81adc4aa13350a7d8f9417) Importer(815301076,1909f56bfc062723c751e8b465ee728b) (PreviewImporter) -> (artifact id: 'f8f0a0c2879fbd2c2bd3dfdca5e5e43b') in 0.0003311 seconds
Number of updated asset objects reloaded before import = 0Number of asset objects unloaded after import = 0

========================================================================
Received Import Request.
  Time since last request: 0.001102 seconds.
  path: Assets/Online_FPS_TPS_KIT/Scripts/EventsSystem/Interfaces/IEventsLists.cs
  artifactKey: Guid(50a72d0099d5b60408e13c1be2dfceec) Importer(815301076,1909f56bfc062723c751e8b465ee728b)
Start importing Assets/Online_FPS_TPS_KIT/Scripts/EventsSystem/Interfaces/IEventsLists.cs using Guid(50a72d0099d5b60408e13c1be2dfceec) Importer(815301076,1909f56bfc062723c751e8b465ee728b) (PreviewImporter) -> (artifact id: '2d462977c30c0f625d4c80075615a1fc') in 0.0002865 seconds
Number of updated asset objects reloaded before import = 0Number of asset objects unloaded after import = 0

========================================================================
Received Import Request.
  Time since last request: 0.001032 seconds.
  path: Assets/Polygon Arsenal/Demo/Scripts/PolygonProjectileScript.cs
  artifactKey: Guid(c736e84d8f869d245b3d1dba36061db9) Importer(815301076,1909f56bfc062723c751e8b465ee728b)
Start importing Assets/Polygon Arsenal/Demo/Scripts/PolygonProjectileScript.cs using Guid(c736e84d8f869d245b3d1dba36061db9) Importer(815301076,1909f56bfc062723c751e8b465ee728b) (PreviewImporter) -> (artifact id: 'b4dc36c755f03f86359646a4c736ffac') in 0.0003683 seconds
Number of updated asset objects reloaded before import = 0Number of asset objects unloaded after import = 0

========================================================================
Received Import Request.
  Time since last request: 0.001247 seconds.
  path: Assets/Online_FPS_TPS_KIT/Scripts/EventsSystem/Editor/AnimatorParametersWindow.cs
  artifactKey: Guid(fd1fe1026b66d2e4991883d8641bd259) Importer(815301076,1909f56bfc062723c751e8b465ee728b)
Start importing Assets/Online_FPS_TPS_KIT/Scripts/EventsSystem/Editor/AnimatorParametersWindow.cs using Guid(fd1fe1026b66d2e4991883d8641bd259) Importer(815301076,1909f56bfc062723c751e8b465ee728b) (PreviewImporter) -> (artifact id: '1122a847a53753aff703042f06b5317a') in 0.0004762 seconds
Number of updated asset objects reloaded before import = 0Number of asset objects unloaded after import = 0

========================================================================
Received Import Request.
  Time since last request: 0.001835 seconds.
  path: Assets/Online_FPS_TPS_KIT/Scripts/v3.2/RIG/RigExtension.cs
  artifactKey: Guid(d6dd7d8e841b5734fb2efd4ab6beba7b) Importer(815301076,1909f56bfc062723c751e8b465ee728b)
Start importing Assets/Online_FPS_TPS_KIT/Scripts/v3.2/RIG/RigExtension.cs using Guid(d6dd7d8e841b5734fb2efd4ab6beba7b) Importer(815301076,1909f56bfc062723c751e8b465ee728b) (PreviewImporter) -> (artifact id: '6d0bbca1d5794a1e1193a16cefdf90c1') in 0.0004573 seconds
Number of updated asset objects reloaded before import = 0Number of asset objects unloaded after import = 0

========================================================================
Received Import Request.
  Time since last request: 0.001224 seconds.
  path: Assets/Online_FPS_TPS_KIT/Scripts/Player/move/JumpState.cs
  artifactKey: Guid(e83497bc0ff208b4b8420478f337fd1c) Importer(815301076,1909f56bfc062723c751e8b465ee728b)
Start importing Assets/Online_FPS_TPS_KIT/Scripts/Player/move/JumpState.cs using Guid(e83497bc0ff208b4b8420478f337fd1c) Importer(815301076,1909f56bfc062723c751e8b465ee728b) (PreviewImporter) -> (artifact id: '070ac11de06f39e5cd0ea944ce9c2c53') in 0.0002931 seconds
Number of updated asset objects reloaded before import = 0Number of asset objects unloaded after import = 0

========================================================================
Received Import Request.
  Time since last request: 0.001642 seconds.
  path: Assets/Online_FPS_TPS_KIT/Prefabs/BloodDecal.prefab
  artifactKey: Guid(e19973222580d0c47bdad138d68fb9f3) Importer(815301076,1909f56bfc062723c751e8b465ee728b)
Start importing Assets/Online_FPS_TPS_KIT/Prefabs/BloodDecal.prefab using Guid(e19973222580d0c47bdad138d68fb9f3) Importer(815301076,1909f56bfc062723c751e8b465ee728b) (PreviewImporter) -> (artifact id: 'eb121e4dae076712b75becb570477ab0') in 0.0061524 seconds
Number of updated asset objects reloaded before import = 0Number of asset objects unloaded after import = 10

========================================================================
Received Import Request.
  Time since last request: 0.001396 seconds.
  path: Assets/Polygon Arsenal/Scripts/PolygonSoundSpawn.cs
  artifactKey: Guid(5aa5c1e37409a9344a344c0468db383d) Importer(815301076,1909f56bfc062723c751e8b465ee728b)
Start importing Assets/Polygon Arsenal/Scripts/PolygonSoundSpawn.cs using Guid(5aa5c1e37409a9344a344c0468db383d) Importer(815301076,1909f56bfc062723c751e8b465ee728b) (PreviewImporter) -> (artifact id: 'f7d5fe176509e69392e55488b898b539') in 0.0003033 seconds
Number of updated asset objects reloaded before import = 0Number of asset objects unloaded after import = 0

========================================================================
Received Import Request.
  Time since last request: 0.001383 seconds.
  path: Assets/Online_FPS_TPS_KIT/Prefabs/Decal.prefab
  artifactKey: Guid(a94620682b51bbd4fa6a433a26ade464) Importer(815301076,1909f56bfc062723c751e8b465ee728b)
Start importing Assets/Online_FPS_TPS_KIT/Prefabs/Decal.prefab using Guid(a94620682b51bbd4fa6a433a26ade464) Importer(815301076,1909f56bfc062723c751e8b465ee728b) (PreviewImporter) -> (artifact id: 'd1b9c50275d3fd67da2abd959a6f9653') in 0.005574 seconds
Number of updated asset objects reloaded before import = 0Number of asset objects unloaded after import = 10

========================================================================
Received Import Request.
  Time since last request: 0.001569 seconds.
  path: Assets/PolygonSciFiSpace/Prefabs/Weapons/SM_Wep_Sword_Double_01.prefab
  artifactKey: Guid(60adc85244987874e8b2ffe29ea185ae) Importer(815301076,1909f56bfc062723c751e8b465ee728b)
Start importing Assets/PolygonSciFiSpace/Prefabs/Weapons/SM_Wep_Sword_Double_01.prefab using Guid(60adc85244987874e8b2ffe29ea185ae) Importer(815301076,1909f56bfc062723c751e8b465ee728b) (PreviewImporter) -> (artifact id: '9d491b408aa357b6b4f02a7d2856705c') in 0.0094022 seconds
Number of updated asset objects reloaded before import = 0Number of asset objects unloaded after import = 18

========================================================================
Received Import Request.
  Time since last request: 20.720982 seconds.
  path: Assets/Fate/Scenes/AssetDemo
  artifactKey: Guid(9e91c5c6066db71428f06c0ff2297daf) Importer(815301076,1909f56bfc062723c751e8b465ee728b)
Start importing Assets/Fate/Scenes/AssetDemo using Guid(9e91c5c6066db71428f06c0ff2297daf) Importer(815301076,1909f56bfc062723c751e8b465ee728b) (PreviewImporter) -> (artifact id: '26f6e3a7d13fe4814f36b1ce02f1f3f7') in 0.0007964 seconds
Number of updated asset objects reloaded before import = 0Number of asset objects unloaded after import = 0

========================================================================
Received Prepare
Begin MonoManager ReloadAssembly
- Loaded All Assemblies, in  0.940 seconds
Refreshing native plugins compatible for Editor in 0.68 ms, found 3 plugins.
Native extension for LinuxStandalone target not found
Native extension for Android target not found
Native extension for WindowsStandalone target not found
Mono: successfully reloaded assembly
- Finished resetting the current domain, in  1.125 seconds
Domain Reload Profiling: 2067ms
	BeginReloadAssembly (247ms)
		ExecutionOrderSort (0ms)
		DisableScriptedObjects (6ms)
		BackupInstance (0ms)
		ReleaseScriptingObjects (0ms)
		CreateAndSetChildDomain (78ms)
	RebuildCommonClasses (39ms)
	RebuildNativeTypeToScriptingClass (16ms)
	initialDomainReloadingComplete (37ms)
	LoadAllAssembliesAndSetupDomain (603ms)
		LoadAssemblies (411ms)
		RebuildTransferFunctionScriptingTraits (0ms)
		AnalyzeDomain (301ms)
			TypeCache.Refresh (15ms)
				TypeCache.ScanAssembly (2ms)
			BuildScriptInfoCaches (267ms)
			ResolveRequiredComponents (16ms)
	FinalizeReload (1125ms)
		ReleaseScriptCaches (0ms)
		RebuildScriptCaches (0ms)
		SetupLoadedEditorAssemblies (963ms)
			LogAssemblyErrors (0ms)
			InitializePlatformSupportModulesInManaged (30ms)
			SetLoadedEditorAssemblies (9ms)
			BeforeProcessingInitializeOnLoad (231ms)
			ProcessInitializeOnLoadAttributes (631ms)
			ProcessInitializeOnLoadMethodAttributes (58ms)
			AfterProcessingInitializeOnLoad (4ms)
			EditorAssembliesLoaded (0ms)
		ExecutionOrderSort2 (0ms)
		AwakeInstancesAfterBackupRestoration (6ms)
WARNING: Shader Unsupported: 'Hidden/Universal Render Pipeline/Terrain/Lit (Base Pass)' - All subshaders removed
WARNING: Shader Did you use #pragma only_renderers and omit this platform?
WARNING: Shader If subshaders removal was intentional, you may have forgotten turning Fallback off?
WARNING: Shader Unsupported: 'Hidden/Universal Render Pipeline/Terrain/Lit (Base Pass)' - All subshaders removed
WARNING: Shader Did you use #pragma only_renderers and omit this platform?
WARNING: Shader If subshaders removal was intentional, you may have forgotten turning Fallback off?
WARNING: Shader Unsupported: 'Universal Render Pipeline/Terrain/Lit' - All subshaders removed
WARNING: Shader Did you use #pragma only_renderers and omit this platform?
WARNING: Shader If subshaders removal was intentional, you may have forgotten turning Fallback off?
WARNING: Shader Unsupported: 'Universal Render Pipeline/Terrain/Lit' - All subshaders removed
WARNING: Shader Did you use #pragma only_renderers and omit this platform?
WARNING: Shader If subshaders removal was intentional, you may have forgotten turning Fallback off?
Refreshing native plugins compatible for Editor in 1.17 ms, found 3 plugins.
Preloading 0 native plugins for Editor in 0.00 ms.
Unloading 46 Unused Serialized files (Serialized files now loaded: 0)
Unloading 7304 unused Assets / (7.9 MB). Loaded Objects now: 7947.
Memory consumption went from 161.1 MB to 153.2 MB.
Total: 15.127300 ms (FindLiveObjects: 0.891000 ms CreateObjectMapping: 1.057300 ms MarkObjects: 7.249400 ms  DeleteObjects: 5.928500 ms)

Prepare: number of updated asset objects reloaded= 0
========================================================================
Received Import Request.
  Time since last request: 195.598969 seconds.
  path: Assets/Fate/Assets/Scenes/core/boot.unity
  artifactKey: Guid(1aadce30780a95049bed4a649860f604) Importer(815301076,1909f56bfc062723c751e8b465ee728b)
Start importing Assets/Fate/Assets/Scenes/core/boot.unity using Guid(1aadce30780a95049bed4a649860f604) Importer(815301076,1909f56bfc062723c751e8b465ee728b) (PreviewImporter) -> (artifact id: '45219360f2139dfa908427042bded4a1') in 0.0092996 seconds
Number of updated asset objects reloaded before import = 0Number of asset objects unloaded after import = 0

========================================================================
Received Import Request.
  Time since last request: 11.481635 seconds.
  path: Assets/Fate/Assets/Scenes/AssetDemo/Demo_Exterior.unity
  artifactKey: Guid(8d4043a043984ed449c9275449e8a0a4) Importer(815301076,1909f56bfc062723c751e8b465ee728b)
Start importing Assets/Fate/Assets/Scenes/AssetDemo/Demo_Exterior.unity using Guid(8d4043a043984ed449c9275449e8a0a4) Importer(815301076,1909f56bfc062723c751e8b465ee728b) (PreviewImporter) -> (artifact id: '0700439cb59502a6b1b4cc59d0ab68d7') in 0.0005156 seconds
Number of updated asset objects reloaded before import = 0Number of asset objects unloaded after import = 0

========================================================================
Received Import Request.
  Time since last request: 1.447057 seconds.
  path: Assets/Fate/Assets/Scenes/core
  artifactKey: Guid(c2153476cdc40364ba534cc1dbddb1e3) Importer(815301076,1909f56bfc062723c751e8b465ee728b)
Start importing Assets/Fate/Assets/Scenes/core using Guid(c2153476cdc40364ba534cc1dbddb1e3) Importer(815301076,1909f56bfc062723c751e8b465ee728b) (PreviewImporter) -> (artifact id: 'f74453bb7f1b06f91571105e79da1422') in 0.0004971 seconds
Number of updated asset objects reloaded before import = 0Number of asset objects unloaded after import = 0

========================================================================
Received Import Request.
  Time since last request: 4.135844 seconds.
  path: Assets/Fate/Assets/Scenes/Core
  artifactKey: Guid(c2153476cdc40364ba534cc1dbddb1e3) Importer(815301076,1909f56bfc062723c751e8b465ee728b)
Start importing Assets/Fate/Assets/Scenes/Core using Guid(c2153476cdc40364ba534cc1dbddb1e3) Importer(815301076,1909f56bfc062723c751e8b465ee728b) (PreviewImporter) -> (artifact id: '23d5f9c368634c8728e6470e023ea696') in 0.0005276 seconds
Number of updated asset objects reloaded before import = 0Number of asset objects unloaded after import = 0

========================================================================
Received Import Request.
  Time since last request: 4.302502 seconds.
  path: Assets/Fate/Assets/Scenes/game
  artifactKey: Guid(d1e81d3a6140fbd46bc71462d14e1d85) Importer(815301076,1909f56bfc062723c751e8b465ee728b)
Start importing Assets/Fate/Assets/Scenes/game using Guid(d1e81d3a6140fbd46bc71462d14e1d85) Importer(815301076,1909f56bfc062723c751e8b465ee728b) (PreviewImporter) -> (artifact id: 'be1bdeef542a8db3d99be40ce39e933e') in 0.0005186 seconds
Number of updated asset objects reloaded before import = 0Number of asset objects unloaded after import = 0

========================================================================
Received Import Request.
  Time since last request: 2.973169 seconds.
  path: Assets/Fate/Assets/Scenes/Game
  artifactKey: Guid(d1e81d3a6140fbd46bc71462d14e1d85) Importer(815301076,1909f56bfc062723c751e8b465ee728b)
Start importing Assets/Fate/Assets/Scenes/Game using Guid(d1e81d3a6140fbd46bc71462d14e1d85) Importer(815301076,1909f56bfc062723c751e8b465ee728b) (PreviewImporter) -> (artifact id: '762af63dd10f8375a1b317ba9d1f598d') in 0.0005938 seconds
Number of updated asset objects reloaded before import = 0Number of asset objects unloaded after import = 0

========================================================================
Received Import Request.
  Time since last request: 1.412710 seconds.
  path: Assets/Fate/Scenes/Game
  artifactKey: Guid(29d632211143b644caa885011430ad11) Importer(815301076,1909f56bfc062723c751e8b465ee728b)
Start importing Assets/Fate/Scenes/Game using Guid(29d632211143b644caa885011430ad11) Importer(815301076,1909f56bfc062723c751e8b465ee728b) (PreviewImporter) -> (artifact id: 'c42b4d8c98d24ff423c1626b30ee07af') in 0.0004704 seconds
Number of updated asset objects reloaded before import = 0Number of asset objects unloaded after import = 0

========================================================================
Received Import Request.
  Time since last request: 72.858614 seconds.
  path: Assets/Fate/Assets/Prefabs
  artifactKey: Guid(d12b8095d003c1a409eecce2e77b4802) Importer(815301076,1909f56bfc062723c751e8b465ee728b)
Start importing Assets/Fate/Assets/Prefabs using Guid(d12b8095d003c1a409eecce2e77b4802) Importer(815301076,1909f56bfc062723c751e8b465ee728b) (PreviewImporter) -> (artifact id: '3e87cbe397e8f9acbd546c48b4fffac3') in 0.0005837 seconds
Number of updated asset objects reloaded before import = 0Number of asset objects unloaded after import = 0

========================================================================
Received Import Request.
  Time since last request: 2.834582 seconds.
  path: Assets/Fate/Assets/Prefabs/FateNetworkManager.prefab
  artifactKey: Guid(fdcd88f1adcb0fc48824f39faab8cab3) Importer(815301076,1909f56bfc062723c751e8b465ee728b)
Start importing Assets/Fate/Assets/Prefabs/FateNetworkManager.prefab using Guid(fdcd88f1adcb0fc48824f39faab8cab3) Importer(815301076,1909f56bfc062723c751e8b465ee728b) (PreviewImporter) -> (artifact id: 'ddb3c88e72bffb67b76ef7aafa4b46ec') in 0.0783842 seconds
Number of updated asset objects reloaded before import = 0Number of asset objects unloaded after import = 919

========================================================================
Received Import Request.
  Time since last request: 36.877002 seconds.
  path: Assets/Fate/Assets/Prefabs/FatePlayerNetworked Variant.prefab
  artifactKey: Guid(25941c8ebcf4a7348808296fa0c3aa23) Importer(815301076,1909f56bfc062723c751e8b465ee728b)
Start importing Assets/Fate/Assets/Prefabs/FatePlayerNetworked Variant.prefab using Guid(25941c8ebcf4a7348808296fa0c3aa23) Importer(815301076,1909f56bfc062723c751e8b465ee728b) (PreviewImporter) -> (artifact id: '9f2e5739752d40dde8a5bb87b4932dcf') in 0.1323769 seconds
Number of updated asset objects reloaded before import = 0Number of asset objects unloaded after import = 2597

========================================================================
Received Import Request.
  Time since last request: 0.939329 seconds.
  path: Assets/Fate/Assets/Resources
  artifactKey: Guid(39977bd710c0ac34ba5c13ce515178eb) Importer(815301076,1909f56bfc062723c751e8b465ee728b)
Start importing Assets/Fate/Assets/Resources using Guid(39977bd710c0ac34ba5c13ce515178eb) Importer(815301076,1909f56bfc062723c751e8b465ee728b) (PreviewImporter) -> (artifact id: 'c29fa2701ff17ba5032518c35e48f7ec') in 0.0008497 seconds
Number of updated asset objects reloaded before import = 0Number of asset objects unloaded after import = 0

========================================================================
Received Import Request.
  Time since last request: 17.868052 seconds.
  path: Assets/Fate/Assets/Scenes
  artifactKey: Guid(3fd06464367d2184ea76cacaac3fe7b3) Importer(815301076,1909f56bfc062723c751e8b465ee728b)
Start importing Assets/Fate/Assets/Scenes using Guid(3fd06464367d2184ea76cacaac3fe7b3) Importer(815301076,1909f56bfc062723c751e8b465ee728b) (PreviewImporter) -> (artifact id: '4835cd197afde103dcf9c6f34f2906e9') in 0.0006166 seconds
Number of updated asset objects reloaded before import = 0Number of asset objects unloaded after import = 0

========================================================================
Received Import Request.
  Time since last request: 3.486627 seconds.
  path: Assets/Fate/Assets/Scenes/Dev
  artifactKey: Guid(fdbfe0e9e58c85944bc4d7936ad1e903) Importer(815301076,1909f56bfc062723c751e8b465ee728b)
Start importing Assets/Fate/Assets/Scenes/Dev using Guid(fdbfe0e9e58c85944bc4d7936ad1e903) Importer(815301076,1909f56bfc062723c751e8b465ee728b) (PreviewImporter) -> (artifact id: 'c7f41c0963a13fe54fef0b27a82b5ddf') in 0.0007276 seconds
Number of updated asset objects reloaded before import = 0Number of asset objects unloaded after import = 0

========================================================================
Received Import Request.
  Time since last request: 12.009771 seconds.
  path: Assets/Fate/Assets/Scenes/Dev/Player.unity
  artifactKey: Guid(2ee27b3d4c67728448cadcb87e2f9355) Importer(815301076,1909f56bfc062723c751e8b465ee728b)
Start importing Assets/Fate/Assets/Scenes/Dev/Player.unity using Guid(2ee27b3d4c67728448cadcb87e2f9355) Importer(815301076,1909f56bfc062723c751e8b465ee728b) (PreviewImporter) -> (artifact id: 'ac44df9d04879f16fb18f2a7eb733700') in 0.0005624 seconds
Number of updated asset objects reloaded before import = 0Number of asset objects unloaded after import = 0

========================================================================
Received Import Request.
  Time since last request: 1.226461 seconds.
  path: Assets/Fate/Assets/Scenes/Game/game_sandbox.unity
  artifactKey: Guid(3baf3141c73e15d4cafbddeeb25fc10b) Importer(815301076,1909f56bfc062723c751e8b465ee728b)
Start importing Assets/Fate/Assets/Scenes/Game/game_sandbox.unity using Guid(3baf3141c73e15d4cafbddeeb25fc10b) Importer(815301076,1909f56bfc062723c751e8b465ee728b) (PreviewImporter) -> (artifact id: '0481bff13e0fd10e218cfdd09079f582') in 0.0005197 seconds
Number of updated asset objects reloaded before import = 0Number of asset objects unloaded after import = 0

========================================================================
Received Import Request.
  Time since last request: 858.304165 seconds.
  path: Assets/Fate/Assets/Resources/BootSequence/BootSequence_Dev.asset
  artifactKey: Guid(effc1c2b7afbd09498698be3e07e9a59) Importer(815301076,1909f56bfc062723c751e8b465ee728b)
Start importing Assets/Fate/Assets/Resources/BootSequence/BootSequence_Dev.asset using Guid(effc1c2b7afbd09498698be3e07e9a59) Importer(815301076,1909f56bfc062723c751e8b465ee728b) (PreviewImporter) -> (artifact id: '8d16389de8a9b90224d09c14f5048490') in 0.0027288 seconds
Number of updated asset objects reloaded before import = 0Number of asset objects unloaded after import = 3

========================================================================
Received Import Request.
  Time since last request: 9377.392851 seconds.
  path: Assets/Fate/Assets/Scenes/Maps
  artifactKey: Guid(7722a6e1043f45144a4d1747de785f88) Importer(815301076,1909f56bfc062723c751e8b465ee728b)
Start importing Assets/Fate/Assets/Scenes/Maps using Guid(7722a6e1043f45144a4d1747de785f88) Importer(815301076,1909f56bfc062723c751e8b465ee728b) (PreviewImporter) -> (artifact id: 'cb4a2130fa3ccdfd7df7002051e033b0') in 0.0010455 seconds
Number of updated asset objects reloaded before import = 0Number of asset objects unloaded after import = 0

========================================================================
Received Import Request.
  Time since last request: 8.398907 seconds.
  path: Assets/Fate/Assets/Scenes/Maps/Arenas
  artifactKey: Guid(72076359591c35742a773613ef63d5bd) Importer(815301076,1909f56bfc062723c751e8b465ee728b)
Start importing Assets/Fate/Assets/Scenes/Maps/Arenas using Guid(72076359591c35742a773613ef63d5bd) Importer(815301076,1909f56bfc062723c751e8b465ee728b) (PreviewImporter) -> (artifact id: 'c56e2b27e5e61200c713f72b9c8403d2') in 0.0006847 seconds
Number of updated asset objects reloaded before import = 0Number of asset objects unloaded after import = 0

========================================================================
Received Import Request.
  Time since last request: 2.012498 seconds.
  path: Assets/Fate/Assets/Scenes/Maps/Arenas/Arenas
  artifactKey: Guid(2f1b16ab93898514ca4b74338adef849) Importer(815301076,1909f56bfc062723c751e8b465ee728b)
Start importing Assets/Fate/Assets/Scenes/Maps/Arenas/Arenas using Guid(2f1b16ab93898514ca4b74338adef849) Importer(815301076,1909f56bfc062723c751e8b465ee728b) (PreviewImporter) -> (artifact id: 'c3c19cc1f4ec105de1777df8039c74f3') in 0.0005161 seconds
Number of updated asset objects reloaded before import = 0Number of asset objects unloaded after import = 0

========================================================================
Received Import Request.
  Time since last request: 16.739493 seconds.
  path: Assets/Fate/Assets/Scenes/Maps/OpenWorlds
  artifactKey: Guid(2aada973ae7c6cd4eacabd46f789ac5e) Importer(815301076,1909f56bfc062723c751e8b465ee728b)
Start importing Assets/Fate/Assets/Scenes/Maps/OpenWorlds using Guid(2aada973ae7c6cd4eacabd46f789ac5e) Importer(815301076,1909f56bfc062723c751e8b465ee728b) (PreviewImporter) -> (artifact id: 'd248803d47171136309e3b53e2457b35') in 0.0006008 seconds
Number of updated asset objects reloaded before import = 0Number of asset objects unloaded after import = 0

========================================================================
Received Import Request.
  Time since last request: 6.176424 seconds.
  path: Assets/Fate/Assets/Scenes/Maps/Dungeons
  artifactKey: Guid(e7855259a3db0234c85f858e1480f183) Importer(815301076,1909f56bfc062723c751e8b465ee728b)
Start importing Assets/Fate/Assets/Scenes/Maps/Dungeons using Guid(e7855259a3db0234c85f858e1480f183) Importer(815301076,1909f56bfc062723c751e8b465ee728b) (PreviewImporter) -> (artifact id: '8342d5297fa84362c1e9639d25f41812') in 0.0004793 seconds
Number of updated asset objects reloaded before import = 0Number of asset objects unloaded after import = 0

========================================================================
Received Import Request.
  Time since last request: 1.120032 seconds.
  path: Assets/Fate/Scripts
  artifactKey: Guid(5edd33d66465e8044884568b415e9bff) Importer(815301076,1909f56bfc062723c751e8b465ee728b)
Start importing Assets/Fate/Scripts using Guid(5edd33d66465e8044884568b415e9bff) Importer(815301076,1909f56bfc062723c751e8b465ee728b) (PreviewImporter) -> (artifact id: 'd6d4817633fbbd453490b36ffe825514') in 0.0005215 seconds
Number of updated asset objects reloaded before import = 0Number of asset objects unloaded after import = 0

========================================================================
Received Import Request.
  Time since last request: 59.406534 seconds.
  path: Assets/Fate/Assets/Scenes/Maps/Arenas/Are.unity
  artifactKey: Guid(00c938d1fa3820e4586a71bc67b2f7cc) Importer(815301076,1909f56bfc062723c751e8b465ee728b)
Start importing Assets/Fate/Assets/Scenes/Maps/Arenas/Are.unity using Guid(00c938d1fa3820e4586a71bc67b2f7cc) Importer(815301076,1909f56bfc062723c751e8b465ee728b) (PreviewImporter) -> (artifact id: '93e8d747cfb027d713dfc86279108cf6') in 0.0005746 seconds
Number of updated asset objects reloaded before import = 0Number of asset objects unloaded after import = 0

========================================================================
Received Import Request.
  Time since last request: 0.170865 seconds.
  path: Assets/FishNet/THIRD PARTY NOTICE.md
  artifactKey: Guid(6ee8e3f1530d3594488bfe438dced5ea) Importer(815301076,1909f56bfc062723c751e8b465ee728b)
Start importing Assets/FishNet/THIRD PARTY NOTICE.md using Guid(6ee8e3f1530d3594488bfe438dced5ea) Importer(815301076,1909f56bfc062723c751e8b465ee728b) (PreviewImporter) -> (artifact id: '995c2a2a9e5f907a02de7f4009e9e547') in 0.0011695 seconds
Number of updated asset objects reloaded before import = 0Number of asset objects unloaded after import = 1

========================================================================
Received Import Request.
  Time since last request: 6.235623 seconds.
  path: Assets/Fate/Assets/Scenes/Maps/Arenas/Arena_01.unity
  artifactKey: Guid(00c938d1fa3820e4586a71bc67b2f7cc) Importer(815301076,1909f56bfc062723c751e8b465ee728b)
Start importing Assets/Fate/Assets/Scenes/Maps/Arenas/Arena_01.unity using Guid(00c938d1fa3820e4586a71bc67b2f7cc) Importer(815301076,1909f56bfc062723c751e8b465ee728b) (PreviewImporter) -> (artifact id: '7c19cc30b54b10e0b64550ea41f453eb') in 0.0004928 seconds
Number of updated asset objects reloaded before import = 0Number of asset objects unloaded after import = 0

========================================================================
Received Import Request.
  Time since last request: 2.706361 seconds.
  path: Assets/Fate/Assets/Scenes/Maps/Arenas/Arena_01 1.unity
  artifactKey: Guid(1fc1600920b0c14469bb5304862cbbc2) Importer(815301076,1909f56bfc062723c751e8b465ee728b)
Start importing Assets/Fate/Assets/Scenes/Maps/Arenas/Arena_01 1.unity using Guid(1fc1600920b0c14469bb5304862cbbc2) Importer(815301076,1909f56bfc062723c751e8b465ee728b) (PreviewImporter) -> (artifact id: 'c9bd15a43f36f9d7fc18e805b0ae242b') in 0.0005332 seconds
Number of updated asset objects reloaded before import = 0Number of asset objects unloaded after import = 0

========================================================================
Received Import Request.
  Time since last request: 11.549834 seconds.
  path: Assets/Fate/Assets/Scenes/Maps/Dungeons/Duneon_01.unity
  artifactKey: Guid(1fc1600920b0c14469bb5304862cbbc2) Importer(815301076,1909f56bfc062723c751e8b465ee728b)
Start importing Assets/Fate/Assets/Scenes/Maps/Dungeons/Duneon_01.unity using Guid(1fc1600920b0c14469bb5304862cbbc2) Importer(815301076,1909f56bfc062723c751e8b465ee728b) (PreviewImporter) -> (artifact id: 'd481d16ec92a370e2bf97424de0a4f66') in 0.0004987 seconds
Number of updated asset objects reloaded before import = 0Number of asset objects unloaded after import = 0

========================================================================
Received Import Request.
  Time since last request: 4.110519 seconds.
  path: Assets/Fate/Assets/Scenes/Maps/Dungeons/Dungeon_01.unity
  artifactKey: Guid(1fc1600920b0c14469bb5304862cbbc2) Importer(815301076,1909f56bfc062723c751e8b465ee728b)
Start importing Assets/Fate/Assets/Scenes/Maps/Dungeons/Dungeon_01.unity using Guid(1fc1600920b0c14469bb5304862cbbc2) Importer(815301076,1909f56bfc062723c751e8b465ee728b) (PreviewImporter) -> (artifact id: '3a8b29764b6f217e35d9378cbb01befd') in 0.0005683 seconds
Number of updated asset objects reloaded before import = 0Number of asset objects unloaded after import = 0

========================================================================
Received Import Request.
  Time since last request: 15.729223 seconds.
  path: Assets/Fate/Assets/Scenes/Maps/OpenWorlds/OpenWorld_01.unity
  artifactKey: Guid(985b7a3ca9750ce4a8a5c5e1ed001b87) Importer(815301076,1909f56bfc062723c751e8b465ee728b)
Start importing Assets/Fate/Assets/Scenes/Maps/OpenWorlds/OpenWorld_01.unity using Guid(985b7a3ca9750ce4a8a5c5e1ed001b87) Importer(815301076,1909f56bfc062723c751e8b465ee728b) (PreviewImporter) -> (artifact id: '7f0ea59bce2048c6f6333ee6505ba2f6') in 0.0004778 seconds
Number of updated asset objects reloaded before import = 0Number of asset objects unloaded after import = 0

========================================================================
Received Import Request.
  Time since last request: 1.128463 seconds.
  path: Assets/FishNet/Upgrading
  artifactKey: Guid(45e9a7bff88078f49ae15609740702eb) Importer(815301076,1909f56bfc062723c751e8b465ee728b)
Start importing Assets/FishNet/Upgrading using Guid(45e9a7bff88078f49ae15609740702eb) Importer(815301076,1909f56bfc062723c751e8b465ee728b) (PreviewImporter) -> (artifact id: '39942e80e761b4a0af5a73468ab14bd9') in 0.0004918 seconds
Number of updated asset objects reloaded before import = 0Number of asset objects unloaded after import = 0

========================================================================
Received Import Request.
  Time since last request: 3.391011 seconds.
  path: Assets/FishNet
  artifactKey: Guid(f1525dbf8ebd59e438b504fa19c4fd6c) Importer(815301076,1909f56bfc062723c751e8b465ee728b)
Start importing Assets/FishNet using Guid(f1525dbf8ebd59e438b504fa19c4fd6c) Importer(815301076,1909f56bfc062723c751e8b465ee728b) (PreviewImporter) -> (artifact id: '4e8da671e6d7e662f3436ce29a695c6b') in 0.0006159 seconds
Number of updated asset objects reloaded before import = 0Number of asset objects unloaded after import = 0

========================================================================
Received Import Request.
  Time since last request: 18.096865 seconds.
  path: Assets/Fate/Assets/Scenes/Maps/Sandbox
  artifactKey: Guid(f22191055acadb341af20355b6c7d223) Importer(815301076,1909f56bfc062723c751e8b465ee728b)
Start importing Assets/Fate/Assets/Scenes/Maps/Sandbox using Guid(f22191055acadb341af20355b6c7d223) Importer(815301076,1909f56bfc062723c751e8b465ee728b) (PreviewImporter) -> (artifact id: '7814789f3be2738841a579552ef5df3c') in 0.0006784 seconds
Number of updated asset objects reloaded before import = 0Number of asset objects unloaded after import = 0

========================================================================
Received Import Request.
  Time since last request: 25333.175997 seconds.
  path: Assets/Polygon Arsenal/Demo/Scenes/- Misc/xPolyLibrary.unity
  artifactKey: Guid(ff81faf19af0d3b45b70ca3fed210bf7) Importer(815301076,1909f56bfc062723c751e8b465ee728b)
Start importing Assets/Polygon Arsenal/Demo/Scenes/- Misc/xPolyLibrary.unity using Guid(ff81faf19af0d3b45b70ca3fed210bf7) Importer(815301076,1909f56bfc062723c751e8b465ee728b) (PreviewImporter) -> (artifact id: '2e50d3a1645d65d6f249ad9c25cea080') in 0.0007417 seconds
Number of updated asset objects reloaded before import = 0Number of asset objects unloaded after import = 0

========================================================================
Received Import Request.
  Time since last request: 9.713537 seconds.
  path: Assets/Fate
  artifactKey: Guid(f10b7107eee7faf4d8e6f2a2d5eb3b1f) Importer(815301076,1909f56bfc062723c751e8b465ee728b)
Start importing Assets/Fate using Guid(f10b7107eee7faf4d8e6f2a2d5eb3b1f) Importer(815301076,1909f56bfc062723c751e8b465ee728b) (PreviewImporter) -> (artifact id: '7141ba8e63ecf17d2ee7c8b8e3393911') in 0.0005922 seconds
Number of updated asset objects reloaded before import = 0Number of asset objects unloaded after import = 0

========================================================================
Received Import Request.
  Time since last request: 3.506729 seconds.
  path: Assets/Polygon Arsenal/Materials/Main/PolySolidGlow.mat
  artifactKey: Guid(46c46885d5e9e194ba96e80d167e7a05) Importer(815301076,1909f56bfc062723c751e8b465ee728b)
Start importing Assets/Polygon Arsenal/Materials/Main/PolySolidGlow.mat using Guid(46c46885d5e9e194ba96e80d167e7a05) Importer(815301076,1909f56bfc062723c751e8b465ee728b) (PreviewImporter) -> (artifact id: 'f53098aa29971eaf01e02a1a2cde1fee') in 0.079793 seconds
Number of updated asset objects reloaded before import = 0Number of asset objects unloaded after import = 1

========================================================================
Received Import Request.
  Time since last request: 60.072571 seconds.
  path: Assets/PolygonPrototype
  artifactKey: Guid(9b1c665171e98aa418d6f5f95fa0bd6d) Importer(815301076,1909f56bfc062723c751e8b465ee728b)
Start importing Assets/PolygonPrototype using Guid(9b1c665171e98aa418d6f5f95fa0bd6d) Importer(815301076,1909f56bfc062723c751e8b465ee728b) (PreviewImporter) -> (artifact id: '0fcf37fde11e41d01e27d0386f311774') in 0.0006148 seconds
Number of updated asset objects reloaded before import = 0Number of asset objects unloaded after import = 0

========================================================================
Received Import Request.
  Time since last request: 2.460958 seconds.
  path: Assets/PolygonPrototype/URP_ExtractMe.unitypackage
  artifactKey: Guid(35e2ac7db1165da40aad559f01021327) Importer(815301076,1909f56bfc062723c751e8b465ee728b)
Start importing Assets/PolygonPrototype/URP_ExtractMe.unitypackage using Guid(35e2ac7db1165da40aad559f01021327) Importer(815301076,1909f56bfc062723c751e8b465ee728b) (PreviewImporter) -> (artifact id: '8ba55c8c958b1d46228c444cb65fcb95') in 0.0011908 seconds
Number of updated asset objects reloaded before import = 0Number of asset objects unloaded after import = 1

========================================================================
Received Import Request.
  Time since last request: 11.468995 seconds.
  path: Assets/PolygonPrototype/Scenes/Demo.unity
  artifactKey: Guid(e308ad70bb070dd41a0c97e5d8548173) Importer(815301076,1909f56bfc062723c751e8b465ee728b)
Start importing Assets/PolygonPrototype/Scenes/Demo.unity using Guid(e308ad70bb070dd41a0c97e5d8548173) Importer(815301076,1909f56bfc062723c751e8b465ee728b) (PreviewImporter) -> (artifact id: '17ac222b373ce684a62e7876bd6620d8') in 0.000614 seconds
Number of updated asset objects reloaded before import = 0Number of asset objects unloaded after import = 0

========================================================================
Received Import Request.
  Time since last request: 17.000587 seconds.
  path: Assets/PolygonPrototype/Scenes/DemoSettings.lighting
  artifactKey: Guid(8cb9d78d2b5caec41b7d8f44745b8e79) Importer(815301076,1909f56bfc062723c751e8b465ee728b)
Start importing Assets/PolygonPrototype/Scenes/DemoSettings.lighting using Guid(8cb9d78d2b5caec41b7d8f44745b8e79) Importer(815301076,1909f56bfc062723c751e8b465ee728b) (PreviewImporter) -> (artifact id: '9826f71d123c6e087e781691d6c52207') in 0.0011802 seconds
Number of updated asset objects reloaded before import = 0Number of asset objects unloaded after import = 1

========================================================================
Received Import Request.
  Time since last request: 64.955932 seconds.
  path: Assets/Resources
  artifactKey: Guid(8595127bd4233504f9370d1638d8b166) Importer(815301076,1909f56bfc062723c751e8b465ee728b)
Start importing Assets/Resources using Guid(8595127bd4233504f9370d1638d8b166) Importer(815301076,1909f56bfc062723c751e8b465ee728b) (PreviewImporter) -> (artifact id: '95b38e4e231e8e7fbf7ea57e6a211c2c') in 0.0006857 seconds
Number of updated asset objects reloaded before import = 0Number of asset objects unloaded after import = 0

========================================================================
Received Import Request.
  Time since last request: 0.615626 seconds.
  path: Assets/PolygonSciFiSpace
  artifactKey: Guid(db450cfbc6ff00d419682f35db11b57e) Importer(815301076,1909f56bfc062723c751e8b465ee728b)
Start importing Assets/PolygonSciFiSpace using Guid(db450cfbc6ff00d419682f35db11b57e) Importer(815301076,1909f56bfc062723c751e8b465ee728b) (PreviewImporter) -> (artifact id: '7d97c5a175fb20cd1222fb2f2b07905b') in 0.001009 seconds
Number of updated asset objects reloaded before import = 0Number of asset objects unloaded after import = 0

========================================================================
Received Import Request.
  Time since last request: 0.706050 seconds.
  path: Assets/Polygon Arsenal
  artifactKey: Guid(2bc74b4579a547f40b8c05948e10ea78) Importer(815301076,1909f56bfc062723c751e8b465ee728b)
Start importing Assets/Polygon Arsenal using Guid(2bc74b4579a547f40b8c05948e10ea78) Importer(815301076,1909f56bfc062723c751e8b465ee728b) (PreviewImporter) -> (artifact id: 'e74b009223c3c1419ef018dd65f8e246') in 0.000663 seconds
Number of updated asset objects reloaded before import = 0Number of asset objects unloaded after import = 0

========================================================================
Received Prepare
Begin MonoManager ReloadAssembly
- Loaded All Assemblies, in  1.010 seconds
Refreshing native plugins compatible for Editor in 0.98 ms, found 3 plugins.
Native extension for LinuxStandalone target not found
Native extension for Android target not found
Native extension for WindowsStandalone target not found
Mono: successfully reloaded assembly
- Finished resetting the current domain, in  1.205 seconds
Domain Reload Profiling: 2217ms
	BeginReloadAssembly (243ms)
		ExecutionOrderSort (0ms)
		DisableScriptedObjects (6ms)
		BackupInstance (0ms)
		ReleaseScriptingObjects (0ms)
		CreateAndSetChildDomain (71ms)
	RebuildCommonClasses (58ms)
	RebuildNativeTypeToScriptingClass (20ms)
	initialDomainReloadingComplete (38ms)
	LoadAllAssembliesAndSetupDomain (654ms)
		LoadAssemblies (459ms)
		RebuildTransferFunctionScriptingTraits (0ms)
		AnalyzeDomain (301ms)
			TypeCache.Refresh (15ms)
				TypeCache.ScanAssembly (2ms)
			BuildScriptInfoCaches (261ms)
			ResolveRequiredComponents (20ms)
	FinalizeReload (1205ms)
		ReleaseScriptCaches (0ms)
		RebuildScriptCaches (0ms)
		SetupLoadedEditorAssemblies (1023ms)
			LogAssemblyErrors (0ms)
			InitializePlatformSupportModulesInManaged (25ms)
			SetLoadedEditorAssemblies (9ms)
			BeforeProcessingInitializeOnLoad (246ms)
			ProcessInitializeOnLoadAttributes (674ms)
			ProcessInitializeOnLoadMethodAttributes (63ms)
			AfterProcessingInitializeOnLoad (5ms)
			EditorAssembliesLoaded (1ms)
		ExecutionOrderSort2 (0ms)
		AwakeInstancesAfterBackupRestoration (7ms)
WARNING: Shader Unsupported: 'Hidden/Universal Render Pipeline/Terrain/Lit (Base Pass)' - All subshaders removed
WARNING: Shader Did you use #pragma only_renderers and omit this platform?
WARNING: Shader If subshaders removal was intentional, you may have forgotten turning Fallback off?
WARNING: Shader Unsupported: 'Hidden/Universal Render Pipeline/Terrain/Lit (Base Pass)' - All subshaders removed
WARNING: Shader Did you use #pragma only_renderers and omit this platform?
WARNING: Shader If subshaders removal was intentional, you may have forgotten turning Fallback off?
WARNING: Shader Unsupported: 'Universal Render Pipeline/Terrain/Lit' - All subshaders removed
WARNING: Shader Did you use #pragma only_renderers and omit this platform?
WARNING: Shader If subshaders removal was intentional, you may have forgotten turning Fallback off?
WARNING: Shader Unsupported: 'Universal Render Pipeline/Terrain/Lit' - All subshaders removed
WARNING: Shader Did you use #pragma only_renderers and omit this platform?
WARNING: Shader If subshaders removal was intentional, you may have forgotten turning Fallback off?
Refreshing native plugins compatible for Editor in 1.51 ms, found 3 plugins.
Preloading 0 native plugins for Editor in 0.00 ms.
Unloading 50 Unused Serialized files (Serialized files now loaded: 0)
Unloading 7312 unused Assets / (10.3 MB). Loaded Objects now: 7955.
Memory consumption went from 163.9 MB to 153.6 MB.
Total: 18.740000 ms (FindLiveObjects: 1.056800 ms CreateObjectMapping: 0.860200 ms MarkObjects: 8.628000 ms  DeleteObjects: 8.188400 ms)

Prepare: number of updated asset objects reloaded= 0
========================================================================
Received Import Request.
  Time since last request: 221.851676 seconds.
  path: Assets
  artifactKey: Guid(00000000000000001000000000000000) Importer(815301076,1909f56bfc062723c751e8b465ee728b)
Start importing Assets using Guid(00000000000000001000000000000000) Importer(815301076,1909f56bfc062723c751e8b465ee728b) (PreviewImporter) -> (artifact id: 'c391582d739b6e62a5220f35cbb167ac') in 0.0092952 seconds
Number of updated asset objects reloaded before import = 0Number of asset objects unloaded after import = 0

