Using pre-set license
Built from '6000.0/staging' branch; Version is '6000.0.49f1 (840e0a9776d9) revision 8654346'; Using compiler version '193933523'; Build Type 'Release'
OS: 'Windows 11  (10.0.22631) 64bit Professional' Language: 'en' Physical Memory: 32469 MB
BatchMode: 1, IsHumanControllingUs: 0, StartBugReporterOnCrash: 0, Is64bit: 1, IsPro: 1

COMMAND LINE ARGUMENTS:
C:\Program Files\Unity\Hub\Editor\6000.0.49f1\Editor\Unity.exe
-adb2
-batchMode
-noUpm
-name
AssetImportWorker3
-projectPath
D:/Projects/personal/Fate
-logFile
Logs/AssetImportWorker3.log
-srvPort
64836
-job-worker-count
7
-background-job-worker-count
8
-gc-helper-count
1
Successfully changed project path to: D:/Projects/personal/Fate
D:/Projects/personal/Fate
[UnityMemory] Configuration Parameters - Can be set up in boot.config
    "memorysetup-bucket-allocator-granularity=16"
    "memorysetup-bucket-allocator-bucket-count=8"
    "memorysetup-bucket-allocator-block-size=33554432"
    "memorysetup-bucket-allocator-block-count=8"
    "memorysetup-main-allocator-block-size=16777216"
    "memorysetup-thread-allocator-block-size=16777216"
    "memorysetup-gfx-main-allocator-block-size=16777216"
    "memorysetup-gfx-thread-allocator-block-size=16777216"
    "memorysetup-cache-allocator-block-size=4194304"
    "memorysetup-typetree-allocator-block-size=2097152"
    "memorysetup-profiler-bucket-allocator-granularity=16"
    "memorysetup-profiler-bucket-allocator-bucket-count=8"
    "memorysetup-profiler-bucket-allocator-block-size=33554432"
    "memorysetup-profiler-bucket-allocator-block-count=8"
    "memorysetup-profiler-allocator-block-size=16777216"
    "memorysetup-profiler-editor-allocator-block-size=1048576"
    "memorysetup-temp-allocator-size-main=16777216"
    "memorysetup-job-temp-allocator-block-size=2097152"
    "memorysetup-job-temp-allocator-block-size-background=1048576"
    "memorysetup-job-temp-allocator-reduction-small-platforms=262144"
    "memorysetup-allocator-temp-initial-block-size-main=262144"
    "memorysetup-allocator-temp-initial-block-size-worker=262144"
    "memorysetup-temp-allocator-size-background-worker=32768"
    "memorysetup-temp-allocator-size-job-worker=262144"
    "memorysetup-temp-allocator-size-preload-manager=33554432"
    "memorysetup-temp-allocator-size-nav-mesh-worker=65536"
    "memorysetup-temp-allocator-size-audio-worker=65536"
    "memorysetup-temp-allocator-size-cloud-worker=32768"
    "memorysetup-temp-allocator-size-gi-baking-worker=262144"
    "memorysetup-temp-allocator-size-gi-baking-worker=262144"
    "memorysetup-temp-allocator-size-gi-baking-worker=262144"
    "memorysetup-temp-allocator-size-gi-baking-worker=262144"
    "memorysetup-temp-allocator-size-gi-baking-worker=262144"
    "memorysetup-temp-allocator-size-gfx=262144"
Player connection [57624]  Target information:

Player connection [57624]  * "[IP] 192.168.1.215 [Port] 0 [Flags] 2 [Guid] 902219045 [EditorId] 902219045 [Version] 1048832 [Id] WindowsEditor(7,LTTechno06) [Debug] 1 [PackageName] WindowsEditor [ProjectName] Editor" 

Player connection [57624] Host joined multi-casting on [225.0.0.222:54997]...
Player connection [57624] Host joined alternative multi-casting on [225.0.0.222:34997]...
JobSystem: Creating JobQueue using job-worker-count value 7
Input System module state changed to: Initialized.
[Physics::Module] Initialized fallback backend.
[Physics::Module] Id: 0xdecafbad
Library Redirect Path: Library/
[Physics::Module] Selected backend.
[Physics::Module] Name: PhysX
[Physics::Module] Id: 0xf2b8ea05
[Physics::Module] SDK Version: 4.1.2
[Physics::Module] Integration Version: 1.0.0
[Physics::Module] Threading Mode: Multi-Threaded
Refreshing native plugins compatible for Editor in 9.27 ms, found 3 plugins.
Preloading 0 native plugins for Editor in 0.00 ms.
Initialize engine version: 6000.0.49f1 (840e0a9776d9)
[Subsystems] Discovering subsystems at path C:/Program Files/Unity/Hub/Editor/6000.0.49f1/Editor/Data/Resources/UnitySubsystems
[Subsystems] Discovering subsystems at path D:/Projects/personal/Fate/Assets
GfxDevice: creating device client; kGfxThreadingModeNonThreaded
Direct3D:
    Version:  Direct3D 11.0 [level 11.1]
    Renderer: NVIDIA GeForce RTX 3070 Laptop GPU (ID=0x249d)
    Vendor:   NVIDIA
    VRAM:     8020 MB
    Driver:   32.0.15.5585
Initialize mono
Mono path[0] = 'C:/Program Files/Unity/Hub/Editor/6000.0.49f1/Editor/Data/Managed'
Mono path[1] = 'C:/Program Files/Unity/Hub/Editor/6000.0.49f1/Editor/Data/MonoBleedingEdge/lib/mono/unityjit-win32'
Mono config path = 'C:/Program Files/Unity/Hub/Editor/6000.0.49f1/Editor/Data/MonoBleedingEdge/etc'
Using monoOptions --debugger-agent=transport=dt_socket,embedding=1,server=y,suspend=n,address=127.0.0.1:56120
Begin MonoManager ReloadAssembly
Registering precompiled unity dll's ...
Register platform support module: C:/Program Files/Unity/Hub/Editor/6000.0.49f1/Editor/Data/PlaybackEngines/WindowsStandaloneSupport/UnityEditor.WindowsStandalone.Extensions.dll
Register platform support module: C:/Program Files/Unity/Hub/Editor/6000.0.49f1/Editor/Data/PlaybackEngines/AndroidPlayer/UnityEditor.Android.Extensions.dll
Register platform support module: C:/Program Files/Unity/Hub/Editor/6000.0.49f1/Editor/Data/PlaybackEngines/LinuxStandaloneSupport/UnityEditor.LinuxStandalone.Extensions.dll
Registered in 0.016890 seconds.
- Loaded All Assemblies, in  0.950 seconds
Native extension for LinuxStandalone target not found
Native extension for Android target not found
Android Extension - Scanning For ADB Devices 1148 ms
Native extension for WindowsStandalone target not found
Mono: successfully reloaded assembly
- Finished resetting the current domain, in  1.990 seconds
Domain Reload Profiling: 2935ms
	BeginReloadAssembly (344ms)
		ExecutionOrderSort (0ms)
		DisableScriptedObjects (0ms)
		BackupInstance (0ms)
		ReleaseScriptingObjects (0ms)
		CreateAndSetChildDomain (2ms)
	RebuildCommonClasses (87ms)
	RebuildNativeTypeToScriptingClass (30ms)
	initialDomainReloadingComplete (119ms)
	LoadAllAssembliesAndSetupDomain (363ms)
		LoadAssemblies (342ms)
		RebuildTransferFunctionScriptingTraits (0ms)
		AnalyzeDomain (353ms)
			TypeCache.Refresh (351ms)
				TypeCache.ScanAssembly (323ms)
			BuildScriptInfoCaches (0ms)
			ResolveRequiredComponents (1ms)
	FinalizeReload (1991ms)
		ReleaseScriptCaches (0ms)
		RebuildScriptCaches (0ms)
		SetupLoadedEditorAssemblies (1881ms)
			LogAssemblyErrors (0ms)
			InitializePlatformSupportModulesInManaged (1410ms)
			SetLoadedEditorAssemblies (7ms)
			BeforeProcessingInitializeOnLoad (112ms)
			ProcessInitializeOnLoadAttributes (221ms)
			ProcessInitializeOnLoadMethodAttributes (129ms)
			AfterProcessingInitializeOnLoad (0ms)
			EditorAssembliesLoaded (0ms)
		ExecutionOrderSort2 (0ms)
		AwakeInstancesAfterBackupRestoration (0ms)
========================================================================
Worker process is ready to serve import requests
Import Worker Mode flag is 0x00
Begin MonoManager ReloadAssembly
- Loaded All Assemblies, in  1.830 seconds
Refreshing native plugins compatible for Editor in 4.58 ms, found 3 plugins.
Native extension for LinuxStandalone target not found
Native extension for Android target not found
Native extension for WindowsStandalone target not found
Mono: successfully reloaded assembly
- Finished resetting the current domain, in  1.924 seconds
Domain Reload Profiling: 3746ms
	BeginReloadAssembly (329ms)
		ExecutionOrderSort (0ms)
		DisableScriptedObjects (16ms)
		BackupInstance (0ms)
		ReleaseScriptingObjects (0ms)
		CreateAndSetChildDomain (56ms)
	RebuildCommonClasses (56ms)
	RebuildNativeTypeToScriptingClass (24ms)
	initialDomainReloadingComplete (73ms)
	LoadAllAssembliesAndSetupDomain (1340ms)
		LoadAssemblies (926ms)
		RebuildTransferFunctionScriptingTraits (0ms)
		AnalyzeDomain (604ms)
			TypeCache.Refresh (442ms)
				TypeCache.ScanAssembly (413ms)
			BuildScriptInfoCaches (121ms)
			ResolveRequiredComponents (33ms)
	FinalizeReload (1924ms)
		ReleaseScriptCaches (0ms)
		RebuildScriptCaches (0ms)
		SetupLoadedEditorAssemblies (1493ms)
			LogAssemblyErrors (0ms)
			InitializePlatformSupportModulesInManaged (38ms)
			SetLoadedEditorAssemblies (11ms)
			BeforeProcessingInitializeOnLoad (373ms)
			ProcessInitializeOnLoadAttributes (971ms)
			ProcessInitializeOnLoadMethodAttributes (90ms)
			AfterProcessingInitializeOnLoad (7ms)
			EditorAssembliesLoaded (0ms)
		ExecutionOrderSort2 (0ms)
		AwakeInstancesAfterBackupRestoration (9ms)
Launched and connected shader compiler UnityShaderCompiler.exe after 0.05 seconds
Refreshing native plugins compatible for Editor in 1.96 ms, found 3 plugins.
Preloading 0 native plugins for Editor in 0.00 ms.
Unloading 253 Unused Serialized files (Serialized files now loaded: 0)
Unloading 7292 unused Assets / (9.5 MB). Loaded Objects now: 7993.
Memory consumption went from 266.8 MB to 257.2 MB.
Total: 29.510000 ms (FindLiveObjects: 1.929600 ms CreateObjectMapping: 1.963400 ms MarkObjects: 14.369700 ms  DeleteObjects: 11.245600 ms)

========================================================================
Received Import Request.
  Time since last request: 70770.596683 seconds.
  path: Assets/PolygonSciFiSpace/Models/SM_Bld_Bridge_Floor_01.fbx
  artifactKey: Guid(005694ab811a4724ebce2d78509351da) Importer(2089858483,192608db42251d675da83286b1cce702)
Start importing Assets/PolygonSciFiSpace/Models/SM_Bld_Bridge_Floor_01.fbx using Guid(005694ab811a4724ebce2d78509351da) Importer(2089858483,192608db42251d675da83286b1cce702) (ScriptedImporter) -> (artifact id: '7a645cf05877ad82b35246f958193b0b') in 1.0865745 seconds
Number of updated asset objects reloaded before import = 0Number of asset objects unloaded after import = 7

========================================================================
Received Import Request.
  Time since last request: 0.000063 seconds.
  path: Assets/PolygonSciFiSpace/Models/SM_Bld_Crew_Desk_01.fbx
  artifactKey: Guid(7aa5e4510d443fd409d8a3fc8fae7e27) Importer(2089858483,192608db42251d675da83286b1cce702)
Start importing Assets/PolygonSciFiSpace/Models/SM_Bld_Crew_Desk_01.fbx using Guid(7aa5e4510d443fd409d8a3fc8fae7e27) Importer(2089858483,192608db42251d675da83286b1cce702) (ScriptedImporter) -> (artifact id: '6cc8a0bf8182424f02aa41fd31e2419e') in 0.0750215 seconds
Number of updated asset objects reloaded before import = 0Number of asset objects unloaded after import = 7

========================================================================
Received Import Request.
  Time since last request: 0.000030 seconds.
  path: Assets/PolygonSciFiSpace/Models/SM_Bld_Bridge_Console_Corner_02.fbx
  artifactKey: Guid(df759625ac4bc85489f7c0110d29e944) Importer(2089858483,192608db42251d675da83286b1cce702)
Start importing Assets/PolygonSciFiSpace/Models/SM_Bld_Bridge_Console_Corner_02.fbx using Guid(df759625ac4bc85489f7c0110d29e944) Importer(2089858483,192608db42251d675da83286b1cce702) (ScriptedImporter) -> (artifact id: 'e31a049adff1d3fa966f00a861df2bab') in 0.0726169 seconds
Number of updated asset objects reloaded before import = 0Number of asset objects unloaded after import = 7

========================================================================
Received Import Request.
  Time since last request: 0.000048 seconds.
  path: Assets/PolygonSciFiSpace/Models/SM_Bld_Corridor_Double_Arch_01.fbx
  artifactKey: Guid(fe9dbb47c65ada045bb1ce5786bd534e) Importer(2089858483,192608db42251d675da83286b1cce702)
Start importing Assets/PolygonSciFiSpace/Models/SM_Bld_Corridor_Double_Arch_01.fbx using Guid(fe9dbb47c65ada045bb1ce5786bd534e) Importer(2089858483,192608db42251d675da83286b1cce702) (ScriptedImporter) -> (artifact id: 'c729cb4f1bb1f903fdee5996b0d132be') in 0.0571522 seconds
Number of updated asset objects reloaded before import = 0Number of asset objects unloaded after import = 7

========================================================================
Received Import Request.
  Time since last request: 0.000039 seconds.
  path: Assets/PolygonSciFiSpace/Materials/PolygonScifiSpace_Ship_02_A.mat
  artifactKey: Guid(9cc05dbbc727f27499fdb727a4d10523) Importer(2089858483,192608db42251d675da83286b1cce702)
Start importing Assets/PolygonSciFiSpace/Materials/PolygonScifiSpace_Ship_02_A.mat using Guid(9cc05dbbc727f27499fdb727a4d10523) Importer(2089858483,192608db42251d675da83286b1cce702) (ScriptedImporter) -> (artifact id: '0d98246024435aad2462204c6b22f1bc') in 0.048875 seconds
Number of updated asset objects reloaded before import = 0Number of asset objects unloaded after import = 4

========================================================================
Received Import Request.
  Time since last request: 0.000023 seconds.
  path: Assets/PolygonSciFiSpace/Models/SM_Bld_Corridor_Single_Arch_01.fbx
  artifactKey: Guid(846e64a08715cc547aa1173efa3f72cc) Importer(2089858483,192608db42251d675da83286b1cce702)
Start importing Assets/PolygonSciFiSpace/Models/SM_Bld_Corridor_Single_Arch_01.fbx using Guid(846e64a08715cc547aa1173efa3f72cc) Importer(2089858483,192608db42251d675da83286b1cce702) (ScriptedImporter) -> (artifact id: '104c14ab7f0e181d44a87089643a5aa4') in 0.0340096 seconds
Number of updated asset objects reloaded before import = 0Number of asset objects unloaded after import = 7

========================================================================
Received Import Request.
  Time since last request: 0.000024 seconds.
  path: Assets/PolygonSciFiSpace/Models/SM_Bld_Ceiling_Pipe_Junction_01.fbx
  artifactKey: Guid(90e19e05716f86540ac8f061ae2fa9b3) Importer(2089858483,192608db42251d675da83286b1cce702)
Start importing Assets/PolygonSciFiSpace/Models/SM_Bld_Ceiling_Pipe_Junction_01.fbx using Guid(90e19e05716f86540ac8f061ae2fa9b3) Importer(2089858483,192608db42251d675da83286b1cce702) (ScriptedImporter) -> (artifact id: 'aae1ff078a358236b5c8f5cd8dbc11fe') in 0.0263153 seconds
Number of updated asset objects reloaded before import = 0Number of asset objects unloaded after import = 7

========================================================================
Received Import Request.
  Time since last request: 0.000031 seconds.
  path: Assets/Polygon Arsenal/Textures/polygore_atlas_red.png
  artifactKey: Guid(7c876da6f91813546a4028b71d1d34a9) Importer(2089858483,192608db42251d675da83286b1cce702)
Start importing Assets/Polygon Arsenal/Textures/polygore_atlas_red.png using Guid(7c876da6f91813546a4028b71d1d34a9) Importer(2089858483,192608db42251d675da83286b1cce702) (ScriptedImporter) -> (artifact id: '1a472c8fd4c4062f165e26f81766f85e') in 0.0896523 seconds
Number of updated asset objects reloaded before import = 0Number of asset objects unloaded after import = 1

========================================================================
Received Import Request.
  Time since last request: 0.000044 seconds.
  path: Assets/PolygonSciFiSpace/Models/SM_Bld_Floor_Small_08.fbx
  artifactKey: Guid(c159b9f830e738c469f01f3c4edc6ca6) Importer(2089858483,192608db42251d675da83286b1cce702)
Start importing Assets/PolygonSciFiSpace/Models/SM_Bld_Floor_Small_08.fbx using Guid(c159b9f830e738c469f01f3c4edc6ca6) Importer(2089858483,192608db42251d675da83286b1cce702) (ScriptedImporter) -> (artifact id: '2fde12fed7311ebbbbe543a6e1b99965') in 0.0423051 seconds
Number of updated asset objects reloaded before import = 0Number of asset objects unloaded after import = 7

========================================================================
Received Import Request.
  Time since last request: 0.000034 seconds.
  path: Assets/PolygonSciFiSpace/Models/SM_Bld_Ceiling_Pipes_Straight_01.fbx
  artifactKey: Guid(25582dac3e98c6b4192b725b8f9a6acf) Importer(2089858483,192608db42251d675da83286b1cce702)
Start importing Assets/PolygonSciFiSpace/Models/SM_Bld_Ceiling_Pipes_Straight_01.fbx using Guid(25582dac3e98c6b4192b725b8f9a6acf) Importer(2089858483,192608db42251d675da83286b1cce702) (ScriptedImporter) -> (artifact id: 'f3a3a707d659d58bb8a3b4ee7570ff0d') in 0.0364687 seconds
Number of updated asset objects reloaded before import = 0Number of asset objects unloaded after import = 7

========================================================================
Received Import Request.
  Time since last request: 0.000034 seconds.
  path: Assets/PolygonSciFiSpace/Models/SM_Bld_Bridge_Console_Corner_01.fbx
  artifactKey: Guid(1e1168670d00c4545b507189cae692ee) Importer(2089858483,192608db42251d675da83286b1cce702)
Start importing Assets/PolygonSciFiSpace/Models/SM_Bld_Bridge_Console_Corner_01.fbx using Guid(1e1168670d00c4545b507189cae692ee) Importer(2089858483,192608db42251d675da83286b1cce702) (ScriptedImporter) -> (artifact id: '0e36d9b795022b355073ec025cce04ef') in 0.0471012 seconds
Number of updated asset objects reloaded before import = 0Number of asset objects unloaded after import = 7

========================================================================
Received Import Request.
  Time since last request: 0.000050 seconds.
  path: Assets/PolygonSciFiSpace/Materials/PolygonScifiSpace_Sign_01_A.mat
  artifactKey: Guid(0420222675490954fbfab5242b2a1b49) Importer(2089858483,192608db42251d675da83286b1cce702)
Start importing Assets/PolygonSciFiSpace/Materials/PolygonScifiSpace_Sign_01_A.mat using Guid(0420222675490954fbfab5242b2a1b49) Importer(2089858483,192608db42251d675da83286b1cce702) (ScriptedImporter) -> (artifact id: 'ab98dd1954b3e193878e7da93ce85faf') in 0.0332378 seconds
Number of updated asset objects reloaded before import = 0Number of asset objects unloaded after import = 3

========================================================================
Received Import Request.
  Time since last request: 0.000030 seconds.
  path: Assets/Polygon Arsenal/Scripts/PolygonBeamStatic.cs
  artifactKey: Guid(20c23a8bcd5b0134d84a61ddd807fdc5) Importer(2089858483,192608db42251d675da83286b1cce702)
Start importing Assets/Polygon Arsenal/Scripts/PolygonBeamStatic.cs using Guid(20c23a8bcd5b0134d84a61ddd807fdc5) Importer(2089858483,192608db42251d675da83286b1cce702) (ScriptedImporter) -> (artifact id: 'b57d1be57c46d3954e5d37e3fe7498c9') in 0.0135937 seconds
Number of updated asset objects reloaded before import = 0Number of asset objects unloaded after import = 0

========================================================================
Received Import Request.
  Time since last request: 0.000032 seconds.
  path: Assets/PolygonSciFiSpace/Models/SM_Bld_Floor_03.fbx
  artifactKey: Guid(10f7b13cb51b69a4aa120821a37a87a1) Importer(2089858483,192608db42251d675da83286b1cce702)
Start importing Assets/PolygonSciFiSpace/Models/SM_Bld_Floor_03.fbx using Guid(10f7b13cb51b69a4aa120821a37a87a1) Importer(2089858483,192608db42251d675da83286b1cce702) (ScriptedImporter) -> (artifact id: 'b741713ad9060c9694aa7e4a3ccb6154') in 0.0591272 seconds
Number of updated asset objects reloaded before import = 0Number of asset objects unloaded after import = 7

========================================================================
Received Import Request.
  Time since last request: 0.000041 seconds.
  path: Assets/PolygonSciFiSpace/Materials/PolygonScifiSpace_Ship_04_A.mat
  artifactKey: Guid(daaabb76cd1ab0f43a9b8bb4f9daed35) Importer(2089858483,192608db42251d675da83286b1cce702)
Start importing Assets/PolygonSciFiSpace/Materials/PolygonScifiSpace_Ship_04_A.mat using Guid(daaabb76cd1ab0f43a9b8bb4f9daed35) Importer(2089858483,192608db42251d675da83286b1cce702) (ScriptedImporter) -> (artifact id: '4210e74e6a2fb68c8b5a2e87e3e028bb') in 0.0219348 seconds
Number of updated asset objects reloaded before import = 0Number of asset objects unloaded after import = 4

========================================================================
Received Import Request.
  Time since last request: 0.000051 seconds.
  path: Assets/PolygonSciFiSpace/Models/SM_Bld_Floor_Small_07.fbx
  artifactKey: Guid(0a6e0005dce54a94380e0917eeb3f497) Importer(2089858483,192608db42251d675da83286b1cce702)
Start importing Assets/PolygonSciFiSpace/Models/SM_Bld_Floor_Small_07.fbx using Guid(0a6e0005dce54a94380e0917eeb3f497) Importer(2089858483,192608db42251d675da83286b1cce702) (ScriptedImporter) -> (artifact id: 'd4782220c0ac64f2f883333df95f8991') in 0.0249912 seconds
Number of updated asset objects reloaded before import = 0Number of asset objects unloaded after import = 7

========================================================================
Received Import Request.
  Time since last request: 0.000023 seconds.
  path: Assets/PolygonSciFiSpace/Materials/PolygonScifiSpace_Material_Glass.mat
  artifactKey: Guid(a61f84ebe1463174f9b8550cbfd80fbe) Importer(2089858483,192608db42251d675da83286b1cce702)
Start importing Assets/PolygonSciFiSpace/Materials/PolygonScifiSpace_Material_Glass.mat using Guid(a61f84ebe1463174f9b8550cbfd80fbe) Importer(2089858483,192608db42251d675da83286b1cce702) (ScriptedImporter) -> (artifact id: 'f8eab5a801f63ea320586a30b7b1499d') in 0.013939 seconds
Number of updated asset objects reloaded before import = 0Number of asset objects unloaded after import = 2

========================================================================
Received Import Request.
  Time since last request: 0.000027 seconds.
  path: Assets/PolygonSciFiSpace/Models/SM_Bld_Crew_Beds_01.fbx
  artifactKey: Guid(620e1ec98a81ba64b8f483a5dfeb4e74) Importer(2089858483,192608db42251d675da83286b1cce702)
Start importing Assets/PolygonSciFiSpace/Models/SM_Bld_Crew_Beds_01.fbx using Guid(620e1ec98a81ba64b8f483a5dfeb4e74) Importer(2089858483,192608db42251d675da83286b1cce702) (ScriptedImporter) -> (artifact id: 'bd4ad353abd097ce9a3792efe9855689') in 0.0306078 seconds
Number of updated asset objects reloaded before import = 0Number of asset objects unloaded after import = 7

========================================================================
Received Import Request.
  Time since last request: 0.000030 seconds.
  path: Assets/Polygon Arsenal/Textures/zzz.png
  artifactKey: Guid(abd67ee9ab507ae4fb12586015406afb) Importer(2089858483,192608db42251d675da83286b1cce702)
Start importing Assets/Polygon Arsenal/Textures/zzz.png using Guid(abd67ee9ab507ae4fb12586015406afb) Importer(2089858483,192608db42251d675da83286b1cce702) (ScriptedImporter) -> (artifact id: '00c34c58de29e2150c150a4be9c432e7') in 0.0322195 seconds
Number of updated asset objects reloaded before import = 0Number of asset objects unloaded after import = 1

========================================================================
Received Import Request.
  Time since last request: 0.000046 seconds.
  path: Assets/Polygon Arsenal/Models/PolyBone.FBX
  artifactKey: Guid(b0128f01da29dec48b7933b24ee8ab84) Importer(2089858483,192608db42251d675da83286b1cce702)
Start importing Assets/Polygon Arsenal/Models/PolyBone.FBX using Guid(b0128f01da29dec48b7933b24ee8ab84) Importer(2089858483,192608db42251d675da83286b1cce702) (ScriptedImporter) -> (artifact id: '86eb7ba9724294a12ba0e11a4231f217') in 0.0495456 seconds
Number of updated asset objects reloaded before import = 0Number of asset objects unloaded after import = 9

========================================================================
Received Import Request.
  Time since last request: 0.008533 seconds.
  path: Assets/PolygonSciFiSpace/Models/SM_Bld_Floor_Small_Walkway_02.fbx
  artifactKey: Guid(caa970be7870cb44388f156b5325b0ed) Importer(2089858483,192608db42251d675da83286b1cce702)
Start importing Assets/PolygonSciFiSpace/Models/SM_Bld_Floor_Small_Walkway_02.fbx using Guid(caa970be7870cb44388f156b5325b0ed) Importer(2089858483,192608db42251d675da83286b1cce702) (ScriptedImporter) -> (artifact id: '1c032140dd99c4a933518425e8deb866') in 0.0318582 seconds
Number of updated asset objects reloaded before import = 0Number of asset objects unloaded after import = 7

========================================================================
Received Import Request.
  Time since last request: 0.000025 seconds.
  path: Assets/PolygonSciFiSpace/Models/SM_Bld_HangarExteriorShip_02.fbx
  artifactKey: Guid(96e71af81f270ff4c9f279e9a88bdb4a) Importer(2089858483,192608db42251d675da83286b1cce702)
Start importing Assets/PolygonSciFiSpace/Models/SM_Bld_HangarExteriorShip_02.fbx using Guid(96e71af81f270ff4c9f279e9a88bdb4a) Importer(2089858483,192608db42251d675da83286b1cce702) (ScriptedImporter) -> (artifact id: '670931298fbeece16af30d91cdb926e0') in 0.0470149 seconds
Number of updated asset objects reloaded before import = 0Number of asset objects unloaded after import = 22

========================================================================
Received Import Request.
  Time since last request: 0.000037 seconds.
  path: Assets/PolygonSciFiSpace/Models/SM_Bld_Roof_Exterior_03.fbx
  artifactKey: Guid(e9f7a0c1761c1304585ec2c06de4a7b7) Importer(2089858483,192608db42251d675da83286b1cce702)
Start importing Assets/PolygonSciFiSpace/Models/SM_Bld_Roof_Exterior_03.fbx using Guid(e9f7a0c1761c1304585ec2c06de4a7b7) Importer(2089858483,192608db42251d675da83286b1cce702) (ScriptedImporter) -> (artifact id: '8877008a61e33a983010912f13140680') in 0.0374592 seconds
Number of updated asset objects reloaded before import = 0Number of asset objects unloaded after import = 7

========================================================================
Received Import Request.
  Time since last request: 0.000062 seconds.
  path: Assets/PolygonSciFiSpace/Models/SM_Bld_Wall_Corner_Pillar_03.fbx
  artifactKey: Guid(183aa914647084142a252afd9c3f533a) Importer(2089858483,192608db42251d675da83286b1cce702)
Start importing Assets/PolygonSciFiSpace/Models/SM_Bld_Wall_Corner_Pillar_03.fbx using Guid(183aa914647084142a252afd9c3f533a) Importer(2089858483,192608db42251d675da83286b1cce702) (ScriptedImporter) -> (artifact id: 'a29e4187783daa443f1001d6bcd6606f') in 0.0263494 seconds
Number of updated asset objects reloaded before import = 0Number of asset objects unloaded after import = 7

========================================================================
Received Import Request.
  Time since last request: 0.000022 seconds.
  path: Assets/PolygonSciFiSpace/Models/SM_Bld_Wall_05.fbx
  artifactKey: Guid(e088c53cf72034d4b8f5847781645fdb) Importer(2089858483,192608db42251d675da83286b1cce702)
Start importing Assets/PolygonSciFiSpace/Models/SM_Bld_Wall_05.fbx using Guid(e088c53cf72034d4b8f5847781645fdb) Importer(2089858483,192608db42251d675da83286b1cce702) (ScriptedImporter) -> (artifact id: '4f49fd753f4302f39ae309b61bb51e6c') in 0.0286146 seconds
Number of updated asset objects reloaded before import = 0Number of asset objects unloaded after import = 7

========================================================================
Received Import Request.
  Time since last request: 0.000062 seconds.
  path: Assets/PolygonSciFiSpace/Models/SM_Bld_Wall_Exterior_Pillar_01.fbx
  artifactKey: Guid(ad3df2d4b491d454c96764f575db0130) Importer(2089858483,192608db42251d675da83286b1cce702)
Start importing Assets/PolygonSciFiSpace/Models/SM_Bld_Wall_Exterior_Pillar_01.fbx using Guid(ad3df2d4b491d454c96764f575db0130) Importer(2089858483,192608db42251d675da83286b1cce702) (ScriptedImporter) -> (artifact id: '1ca7e25f32fdee679ece2072d7a53d2c') in 0.0330131 seconds
Number of updated asset objects reloaded before import = 0Number of asset objects unloaded after import = 7

========================================================================
Received Import Request.
  Time since last request: 0.000029 seconds.
  path: Assets/PolygonSciFiSpace/Models/SM_Bld_Wall_Corner_Pillar_01.fbx
  artifactKey: Guid(96151f7172eaf0a4d9ba98a2af05d4da) Importer(2089858483,192608db42251d675da83286b1cce702)
Start importing Assets/PolygonSciFiSpace/Models/SM_Bld_Wall_Corner_Pillar_01.fbx using Guid(96151f7172eaf0a4d9ba98a2af05d4da) Importer(2089858483,192608db42251d675da83286b1cce702) (ScriptedImporter) -> (artifact id: '962a06a834d1c1df43114da80b0913b4') in 0.030624 seconds
Number of updated asset objects reloaded before import = 0Number of asset objects unloaded after import = 7

========================================================================
Received Import Request.
  Time since last request: 0.000059 seconds.
  path: Assets/PolygonSciFiSpace/Models/SM_Bld_Lift_01.fbx
  artifactKey: Guid(2f227ebf3e325db4cadd6cbfefb95dfe) Importer(2089858483,192608db42251d675da83286b1cce702)
Start importing Assets/PolygonSciFiSpace/Models/SM_Bld_Lift_01.fbx using Guid(2f227ebf3e325db4cadd6cbfefb95dfe) Importer(2089858483,192608db42251d675da83286b1cce702) (ScriptedImporter) -> (artifact id: 'fea3fdb706b5baabf20bf7d663f6ef86') in 0.0300383 seconds
Number of updated asset objects reloaded before import = 0Number of asset objects unloaded after import = 17

========================================================================
Received Import Request.
  Time since last request: 0.000019 seconds.
  path: Assets/PolygonSciFiSpace/Models/SM_Bld_Wall_Exterior_01.fbx
  artifactKey: Guid(3bdbd97455c79064c8b39a7764c17bd6) Importer(2089858483,192608db42251d675da83286b1cce702)
Start importing Assets/PolygonSciFiSpace/Models/SM_Bld_Wall_Exterior_01.fbx using Guid(3bdbd97455c79064c8b39a7764c17bd6) Importer(2089858483,192608db42251d675da83286b1cce702) (ScriptedImporter) -> (artifact id: '3e7e62603f50f09760195798bc0b95ed') in 0.0246728 seconds
Number of updated asset objects reloaded before import = 0Number of asset objects unloaded after import = 7

========================================================================
Received Import Request.
  Time since last request: 0.000019 seconds.
  path: Assets/PolygonSciFiSpace/Models/SM_Bld_Wall_Tube_01.fbx
  artifactKey: Guid(54fb15f499c911543a501e8edde314b0) Importer(2089858483,192608db42251d675da83286b1cce702)
Start importing Assets/PolygonSciFiSpace/Models/SM_Bld_Wall_Tube_01.fbx using Guid(54fb15f499c911543a501e8edde314b0) Importer(2089858483,192608db42251d675da83286b1cce702) (ScriptedImporter) -> (artifact id: '6485fc9d309b11f021d10e4341bc1df0') in 0.0280122 seconds
Number of updated asset objects reloaded before import = 0Number of asset objects unloaded after import = 7

========================================================================
Received Import Request.
  Time since last request: 0.000030 seconds.
  path: Assets/PolygonSciFiSpace/Models/SM_Bld_Wall_Pods_01.fbx
  artifactKey: Guid(7a49c74242d07a94b9c6531392a16e3c) Importer(2089858483,192608db42251d675da83286b1cce702)
Start importing Assets/PolygonSciFiSpace/Models/SM_Bld_Wall_Pods_01.fbx using Guid(7a49c74242d07a94b9c6531392a16e3c) Importer(2089858483,192608db42251d675da83286b1cce702) (ScriptedImporter) -> (artifact id: 'b69215137320fc60b5f2d582564e4126') in 0.0303927 seconds
Number of updated asset objects reloaded before import = 0Number of asset objects unloaded after import = 12

========================================================================
Received Import Request.
  Time since last request: 0.000043 seconds.
  path: Assets/PolygonSciFiSpace/Models/SM_Bld_Wall_Doorframe_Outer_01.fbx
  artifactKey: Guid(caa0cf711f7d8b94cb0b28b4c10dbe69) Importer(2089858483,192608db42251d675da83286b1cce702)
Start importing Assets/PolygonSciFiSpace/Models/SM_Bld_Wall_Doorframe_Outer_01.fbx using Guid(caa0cf711f7d8b94cb0b28b4c10dbe69) Importer(2089858483,192608db42251d675da83286b1cce702) (ScriptedImporter) -> (artifact id: '0104eb0e558d27325066108d1cd8e68c') in 0.0347101 seconds
Number of updated asset objects reloaded before import = 0Number of asset objects unloaded after import = 7

========================================================================
Received Import Request.
  Time since last request: 0.000025 seconds.
  path: Assets/PolygonSciFiSpace/Models/SM_Bld_Wall_01.fbx
  artifactKey: Guid(8d217d0e1fada5e4591985711fc87b86) Importer(2089858483,192608db42251d675da83286b1cce702)
Start importing Assets/PolygonSciFiSpace/Models/SM_Bld_Wall_01.fbx using Guid(8d217d0e1fada5e4591985711fc87b86) Importer(2089858483,192608db42251d675da83286b1cce702) (ScriptedImporter) -> (artifact id: '0cb2c6b8d92c9d2b2057108f31dc06f1') in 0.0263794 seconds
Number of updated asset objects reloaded before import = 0Number of asset objects unloaded after import = 7

========================================================================
Received Import Request.
  Time since last request: 0.000027 seconds.
  path: Assets/PolygonSciFiSpace/Models/SM_Chr_Attach_Male_Hair_02.fbx
  artifactKey: Guid(1ce81b1d4e3a0004d80a29f7b0fccc0f) Importer(2089858483,192608db42251d675da83286b1cce702)
Start importing Assets/PolygonSciFiSpace/Models/SM_Chr_Attach_Male_Hair_02.fbx using Guid(1ce81b1d4e3a0004d80a29f7b0fccc0f) Importer(2089858483,192608db42251d675da83286b1cce702) (ScriptedImporter) -> (artifact id: 'cf5d1a598c50ed554936de4aa8132809') in 0.0352688 seconds
Number of updated asset objects reloaded before import = 0Number of asset objects unloaded after import = 7

========================================================================
Received Import Request.
  Time since last request: 0.000028 seconds.
  path: Assets/PolygonSciFiSpace/Models/SM_Bld_Hydroponics_UpperFloor_01.fbx
  artifactKey: Guid(7bb5af54bb887ce4586af3090fbf1494) Importer(2089858483,192608db42251d675da83286b1cce702)
Start importing Assets/PolygonSciFiSpace/Models/SM_Bld_Hydroponics_UpperFloor_01.fbx using Guid(7bb5af54bb887ce4586af3090fbf1494) Importer(2089858483,192608db42251d675da83286b1cce702) (ScriptedImporter) -> (artifact id: '620a9a286abdaf21d68e35e96bffb8e1') in 0.0493409 seconds
Number of updated asset objects reloaded before import = 0Number of asset objects unloaded after import = 27

========================================================================
Received Import Request.
  Time since last request: 0.000049 seconds.
  path: Assets/PolygonSciFiSpace/Models/SM_Bld_Wall_Doorframe_05.fbx
  artifactKey: Guid(10964ff089748344db1179dc274ce4d6) Importer(2089858483,192608db42251d675da83286b1cce702)
Start importing Assets/PolygonSciFiSpace/Models/SM_Bld_Wall_Doorframe_05.fbx using Guid(10964ff089748344db1179dc274ce4d6) Importer(2089858483,192608db42251d675da83286b1cce702) (ScriptedImporter) -> (artifact id: 'b1036f256d0f942a3e7498e76d70eb77') in 0.0429459 seconds
Number of updated asset objects reloaded before import = 0Number of asset objects unloaded after import = 17

========================================================================
Received Import Request.
  Time since last request: 0.000027 seconds.
  path: Assets/PolygonSciFiSpace/Models/SM_Bld_Wall_Pillar_06.fbx
  artifactKey: Guid(4f228bcb99fedd8439d93aad75059380) Importer(2089858483,192608db42251d675da83286b1cce702)
Start importing Assets/PolygonSciFiSpace/Models/SM_Bld_Wall_Pillar_06.fbx using Guid(4f228bcb99fedd8439d93aad75059380) Importer(2089858483,192608db42251d675da83286b1cce702) (ScriptedImporter) -> (artifact id: 'e584cae5cace370a8e0eec45af0f6149') in 0.0313829 seconds
Number of updated asset objects reloaded before import = 0Number of asset objects unloaded after import = 7

========================================================================
Received Import Request.
  Time since last request: 0.000026 seconds.
  path: Assets/PolygonSciFiSpace/Models/SM_Chr_Attach_Male_Hair_06.fbx
  artifactKey: Guid(52b2cdd439ad4ca4ba395e5ede0e436d) Importer(2089858483,192608db42251d675da83286b1cce702)
Start importing Assets/PolygonSciFiSpace/Models/SM_Chr_Attach_Male_Hair_06.fbx using Guid(52b2cdd439ad4ca4ba395e5ede0e436d) Importer(2089858483,192608db42251d675da83286b1cce702) (ScriptedImporter) -> (artifact id: '3662a07e0c03a2780a8db0c83f8e8c8b') in 0.0284782 seconds
Number of updated asset objects reloaded before import = 0Number of asset objects unloaded after import = 7

========================================================================
Received Import Request.
  Time since last request: 0.000028 seconds.
  path: Assets/PolygonSciFiSpace/Models/SM_Bld_Landing_Platform_01.fbx
  artifactKey: Guid(aba5a44a82f3d3347b8a329cf7b207ac) Importer(2089858483,192608db42251d675da83286b1cce702)
Start importing Assets/PolygonSciFiSpace/Models/SM_Bld_Landing_Platform_01.fbx using Guid(aba5a44a82f3d3347b8a329cf7b207ac) Importer(2089858483,192608db42251d675da83286b1cce702) (ScriptedImporter) -> (artifact id: '5813edd85d876cf61307ba16d3ee2711') in 0.0294225 seconds
Number of updated asset objects reloaded before import = 0Number of asset objects unloaded after import = 7

========================================================================
Received Import Request.
  Time since last request: 0.000040 seconds.
  path: Assets/PolygonSciFiSpace/Models/SM_Bld_Wall_Doorframe_06.fbx
  artifactKey: Guid(8488ba437ed37f940947f8d2f2e2fafa) Importer(2089858483,192608db42251d675da83286b1cce702)
Start importing Assets/PolygonSciFiSpace/Models/SM_Bld_Wall_Doorframe_06.fbx using Guid(8488ba437ed37f940947f8d2f2e2fafa) Importer(2089858483,192608db42251d675da83286b1cce702) (ScriptedImporter) -> (artifact id: '33f0198de4b896545dd721650c365b03') in 0.0288326 seconds
Number of updated asset objects reloaded before import = 0Number of asset objects unloaded after import = 12

========================================================================
Received Import Request.
  Time since last request: 0.000024 seconds.
  path: Assets/PolygonSciFiSpace/Models/SM_Bld_Floor_Small_Walkway_Endcap_01.fbx
  artifactKey: Guid(211016e2226342049bd9c15537797214) Importer(2089858483,192608db42251d675da83286b1cce702)
Start importing Assets/PolygonSciFiSpace/Models/SM_Bld_Floor_Small_Walkway_Endcap_01.fbx using Guid(211016e2226342049bd9c15537797214) Importer(2089858483,192608db42251d675da83286b1cce702) (ScriptedImporter) -> (artifact id: '8d6f9e2faab79ccb40ac749455c7a544') in 0.0285524 seconds
Number of updated asset objects reloaded before import = 0Number of asset objects unloaded after import = 7

========================================================================
Received Import Request.
  Time since last request: 0.000023 seconds.
  path: Assets/PolygonSciFiSpace/Models/SM_Bld_Wall_Doorframe_01.fbx
  artifactKey: Guid(31d557d4571f9d84c939fd1ce47b5cd8) Importer(2089858483,192608db42251d675da83286b1cce702)
Start importing Assets/PolygonSciFiSpace/Models/SM_Bld_Wall_Doorframe_01.fbx using Guid(31d557d4571f9d84c939fd1ce47b5cd8) Importer(2089858483,192608db42251d675da83286b1cce702) (ScriptedImporter) -> (artifact id: '9c324310ec74662e73d610902cd53c72') in 0.0310318 seconds
Number of updated asset objects reloaded before import = 0Number of asset objects unloaded after import = 12

========================================================================
Received Import Request.
  Time since last request: 0.000027 seconds.
  path: Assets/PolygonSciFiSpace/Models/SM_Chr_Attach_EVA_Female_Head_Blank_01.fbx
  artifactKey: Guid(60660438cf01df34fabc1c9474796def) Importer(2089858483,192608db42251d675da83286b1cce702)
Start importing Assets/PolygonSciFiSpace/Models/SM_Chr_Attach_EVA_Female_Head_Blank_01.fbx using Guid(60660438cf01df34fabc1c9474796def) Importer(2089858483,192608db42251d675da83286b1cce702) (ScriptedImporter) -> (artifact id: '38b7e9dea01760d188956eef3817660a') in 0.026919 seconds
Number of updated asset objects reloaded before import = 0Number of asset objects unloaded after import = 7

========================================================================
Received Import Request.
  Time since last request: 0.000042 seconds.
  path: Assets/PolygonSciFiSpace/Models/SM_Bld_Lift_Wall_01.fbx
  artifactKey: Guid(0c71ba21b3ffebb4188d15c7b1d33f7e) Importer(2089858483,192608db42251d675da83286b1cce702)
Start importing Assets/PolygonSciFiSpace/Models/SM_Bld_Lift_Wall_01.fbx using Guid(0c71ba21b3ffebb4188d15c7b1d33f7e) Importer(2089858483,192608db42251d675da83286b1cce702) (ScriptedImporter) -> (artifact id: 'f7cf529b1c852ed610217ebcbcf30091') in 0.0408118 seconds
Number of updated asset objects reloaded before import = 0Number of asset objects unloaded after import = 17

========================================================================
Received Import Request.
  Time since last request: 0.000022 seconds.
  path: Assets/PolygonSciFiSpace/Models/SM_Env_Asteroid_06.fbx
  artifactKey: Guid(8c75832eccc5fb24b836a1fb4d4d98fe) Importer(2089858483,192608db42251d675da83286b1cce702)
Start importing Assets/PolygonSciFiSpace/Models/SM_Env_Asteroid_06.fbx using Guid(8c75832eccc5fb24b836a1fb4d4d98fe) Importer(2089858483,192608db42251d675da83286b1cce702) (ScriptedImporter) -> (artifact id: 'a7fed5a4a0da6f8072d07975be8b95af') in 0.0347163 seconds
Number of updated asset objects reloaded before import = 0Number of asset objects unloaded after import = 7

========================================================================
Received Import Request.
  Time since last request: 0.936566 seconds.
  path: Assets/PolygonSciFiSpace/Models/SM_Env_Astroid_Field_LowDetail_02.fbx
  artifactKey: Guid(e8cd0093bf4bc754dadeefa9fcf44177) Importer(2089858483,192608db42251d675da83286b1cce702)
Start importing Assets/PolygonSciFiSpace/Models/SM_Env_Astroid_Field_LowDetail_02.fbx using Guid(e8cd0093bf4bc754dadeefa9fcf44177) Importer(2089858483,192608db42251d675da83286b1cce702) (ScriptedImporter) -> (artifact id: 'd416c2ecfb5fda21913343ddb064f07d') in 0.0264178 seconds
Number of updated asset objects reloaded before import = 0Number of asset objects unloaded after import = 7

========================================================================
Received Import Request.
  Time since last request: 0.000024 seconds.
  path: Assets/PolygonSciFiSpace/Models/SM_Prop_Crate_01.fbx
  artifactKey: Guid(f1a7dec1c5be3a64ebdf69f83e8a62ed) Importer(2089858483,192608db42251d675da83286b1cce702)
Start importing Assets/PolygonSciFiSpace/Models/SM_Prop_Crate_01.fbx using Guid(f1a7dec1c5be3a64ebdf69f83e8a62ed) Importer(2089858483,192608db42251d675da83286b1cce702) (ScriptedImporter) -> (artifact id: '843e584330fd8d7b434288eb2761d018') in 0.0285517 seconds
Number of updated asset objects reloaded before import = 0Number of asset objects unloaded after import = 12

========================================================================
Received Import Request.
  Time since last request: 0.000028 seconds.
  path: Assets/PolygonSciFiSpace/Models/SM_Prop_Chr_Male_Cryo_01.fbx
  artifactKey: Guid(e5f55a3fa27e3174697a3262c26efb38) Importer(2089858483,192608db42251d675da83286b1cce702)
Start importing Assets/PolygonSciFiSpace/Models/SM_Prop_Chr_Male_Cryo_01.fbx using Guid(e5f55a3fa27e3174697a3262c26efb38) Importer(2089858483,192608db42251d675da83286b1cce702) (ScriptedImporter) -> (artifact id: '69ba81b36d97b025a79714348d2a8e3a') in 0.0327922 seconds
Number of updated asset objects reloaded before import = 0Number of asset objects unloaded after import = 7

========================================================================
Received Import Request.
  Time since last request: 0.000037 seconds.
  path: Assets/PolygonSciFiSpace/Models/SM_Env_Astroid_Large_01.fbx
  artifactKey: Guid(8aa886c61fad20542881340721332255) Importer(2089858483,192608db42251d675da83286b1cce702)
Start importing Assets/PolygonSciFiSpace/Models/SM_Env_Astroid_Large_01.fbx using Guid(8aa886c61fad20542881340721332255) Importer(2089858483,192608db42251d675da83286b1cce702) (ScriptedImporter) -> (artifact id: '7687ed1005e7f48ad6e49be2b39c06ea') in 0.0271969 seconds
Number of updated asset objects reloaded before import = 0Number of asset objects unloaded after import = 7

========================================================================
Received Import Request.
  Time since last request: 0.000021 seconds.
  path: Assets/PolygonSciFiSpace/Models/SM_Prop_Buttons_03.fbx
  artifactKey: Guid(c430e160d26bf9e46ad067d9c618c263) Importer(2089858483,192608db42251d675da83286b1cce702)
Start importing Assets/PolygonSciFiSpace/Models/SM_Prop_Buttons_03.fbx using Guid(c430e160d26bf9e46ad067d9c618c263) Importer(2089858483,192608db42251d675da83286b1cce702) (ScriptedImporter) -> (artifact id: 'd8a3ffa8972ae31e5f116140eb3b5c5b') in 0.0294789 seconds
Number of updated asset objects reloaded before import = 0Number of asset objects unloaded after import = 7

========================================================================
Received Import Request.
  Time since last request: 0.000032 seconds.
  path: Assets/PolygonSciFiSpace/Models/SM_Prop_Detail_Box_02.fbx
  artifactKey: Guid(63c890a2a08200c4babf06c66a2d816e) Importer(2089858483,192608db42251d675da83286b1cce702)
Start importing Assets/PolygonSciFiSpace/Models/SM_Prop_Detail_Box_02.fbx using Guid(63c890a2a08200c4babf06c66a2d816e) Importer(2089858483,192608db42251d675da83286b1cce702) (ScriptedImporter) -> (artifact id: '7d5f6a4afb7a71d69310554f3c8209b5') in 0.0268159 seconds
Number of updated asset objects reloaded before import = 0Number of asset objects unloaded after import = 7

========================================================================
Received Import Request.
  Time since last request: 0.000023 seconds.
  path: Assets/PolygonSciFiSpace/Models/SM_Env_Planet_12.fbx
  artifactKey: Guid(e194f1bdc93269748a9d69d03af1e306) Importer(2089858483,192608db42251d675da83286b1cce702)
Start importing Assets/PolygonSciFiSpace/Models/SM_Env_Planet_12.fbx using Guid(e194f1bdc93269748a9d69d03af1e306) Importer(2089858483,192608db42251d675da83286b1cce702) (ScriptedImporter) -> (artifact id: '0ee431cb755879c00c4d3131cc5426d0') in 0.0264635 seconds
Number of updated asset objects reloaded before import = 0Number of asset objects unloaded after import = 7

========================================================================
Received Import Request.
  Time since last request: 0.000034 seconds.
  path: Assets/PolygonSciFiSpace/Models/SM_Env_Astroid_Holes_01.fbx
  artifactKey: Guid(387b964012dd6d94bb07789cf0731dfb) Importer(2089858483,192608db42251d675da83286b1cce702)
Start importing Assets/PolygonSciFiSpace/Models/SM_Env_Astroid_Holes_01.fbx using Guid(387b964012dd6d94bb07789cf0731dfb) Importer(2089858483,192608db42251d675da83286b1cce702) (ScriptedImporter) -> (artifact id: '6b3e28d7afd63222400f6e6bb9ad0367') in 0.0311891 seconds
Number of updated asset objects reloaded before import = 0Number of asset objects unloaded after import = 7

========================================================================
Received Import Request.
  Time since last request: 0.000020 seconds.
  path: Assets/PolygonSciFiSpace/Models/SM_Prop_Detail_Box_04.fbx
  artifactKey: Guid(0906b566bfc0de34f81533a97b4efa8d) Importer(2089858483,192608db42251d675da83286b1cce702)
Start importing Assets/PolygonSciFiSpace/Models/SM_Prop_Detail_Box_04.fbx using Guid(0906b566bfc0de34f81533a97b4efa8d) Importer(2089858483,192608db42251d675da83286b1cce702) (ScriptedImporter) -> (artifact id: '8434b84c8122c355f9b57ca854fe709e') in 0.0242942 seconds
Number of updated asset objects reloaded before import = 0Number of asset objects unloaded after import = 7

========================================================================
Received Import Request.
  Time since last request: 0.000024 seconds.
  path: Assets/PolygonSciFiSpace/Models/SM_Hud_Rings_02.fbx
  artifactKey: Guid(7e6724e00130d1d46bdd46ced3d0aa40) Importer(2089858483,192608db42251d675da83286b1cce702)
Start importing Assets/PolygonSciFiSpace/Models/SM_Hud_Rings_02.fbx using Guid(7e6724e00130d1d46bdd46ced3d0aa40) Importer(2089858483,192608db42251d675da83286b1cce702) (ScriptedImporter) -> (artifact id: '8d3588871763b165c11a79d493f1ac49') in 0.0321044 seconds
Number of updated asset objects reloaded before import = 0Number of asset objects unloaded after import = 7

========================================================================
Received Import Request.
  Time since last request: 0.000025 seconds.
  path: Assets/PolygonSciFiSpace/Models/SM_Env_Debris_Shell_01.fbx
  artifactKey: Guid(f570772f348332d41aa064844678107b) Importer(2089858483,192608db42251d675da83286b1cce702)
Start importing Assets/PolygonSciFiSpace/Models/SM_Env_Debris_Shell_01.fbx using Guid(f570772f348332d41aa064844678107b) Importer(2089858483,192608db42251d675da83286b1cce702) (ScriptedImporter) -> (artifact id: 'b9393889267371a515ef926b86fadd7d') in 0.0273798 seconds
Number of updated asset objects reloaded before import = 0Number of asset objects unloaded after import = 7

========================================================================
Received Import Request.
  Time since last request: 0.000041 seconds.
  path: Assets/PolygonSciFiSpace/Models/SM_Prop_CryoBed_01.fbx
  artifactKey: Guid(866092752c876c94cb8e57fbdd1e1df7) Importer(2089858483,192608db42251d675da83286b1cce702)
Start importing Assets/PolygonSciFiSpace/Models/SM_Prop_CryoBed_01.fbx using Guid(866092752c876c94cb8e57fbdd1e1df7) Importer(2089858483,192608db42251d675da83286b1cce702) (ScriptedImporter) -> (artifact id: 'db4657d677c82d2e461ce3af2672e7ec') in 0.0386904 seconds
Number of updated asset objects reloaded before import = 0Number of asset objects unloaded after import = 17

========================================================================
Received Import Request.
  Time since last request: 0.000022 seconds.
  path: Assets/PolygonSciFiSpace/Models/SM_Env_Planet_09.fbx
  artifactKey: Guid(109d440d93b1db3458b503ceef3909c9) Importer(2089858483,192608db42251d675da83286b1cce702)
Start importing Assets/PolygonSciFiSpace/Models/SM_Env_Planet_09.fbx using Guid(109d440d93b1db3458b503ceef3909c9) Importer(2089858483,192608db42251d675da83286b1cce702) (ScriptedImporter) -> (artifact id: '5386734bd8866537938d60ccc0947867') in 0.0299319 seconds
Number of updated asset objects reloaded before import = 0Number of asset objects unloaded after import = 7

========================================================================
Received Import Request.
  Time since last request: 0.000022 seconds.
  path: Assets/PolygonSciFiSpace/Models/SM_Env_Planet_14.fbx
  artifactKey: Guid(58934e294f30f1c4e8e6b1e74d9d8ad2) Importer(2089858483,192608db42251d675da83286b1cce702)
Start importing Assets/PolygonSciFiSpace/Models/SM_Env_Planet_14.fbx using Guid(58934e294f30f1c4e8e6b1e74d9d8ad2) Importer(2089858483,192608db42251d675da83286b1cce702) (ScriptedImporter) -> (artifact id: 'f29e54f19deb37eabbfc8f6360bc5a6d') in 0.0284057 seconds
Number of updated asset objects reloaded before import = 0Number of asset objects unloaded after import = 7

========================================================================
Received Import Request.
  Time since last request: 0.000024 seconds.
  path: Assets/PolygonSciFiSpace/Models/SM_Prop_AirVent_Small_01.fbx
  artifactKey: Guid(60426d0b59c78b6418a3ffbff8f20490) Importer(2089858483,192608db42251d675da83286b1cce702)
Start importing Assets/PolygonSciFiSpace/Models/SM_Prop_AirVent_Small_01.fbx using Guid(60426d0b59c78b6418a3ffbff8f20490) Importer(2089858483,192608db42251d675da83286b1cce702) (ScriptedImporter) -> (artifact id: '617c8815e1c84f914db7df2b2ecf04c8') in 0.0272434 seconds
Number of updated asset objects reloaded before import = 0Number of asset objects unloaded after import = 7

========================================================================
Received Import Request.
  Time since last request: 0.000042 seconds.
  path: Assets/PolygonSciFiSpace/Models/SM_FX_LightBlocker_Cube_02.fbx
  artifactKey: Guid(19e00297732e2ad41aa1b398ca591e19) Importer(2089858483,192608db42251d675da83286b1cce702)
Start importing Assets/PolygonSciFiSpace/Models/SM_FX_LightBlocker_Cube_02.fbx using Guid(19e00297732e2ad41aa1b398ca591e19) Importer(2089858483,192608db42251d675da83286b1cce702) (ScriptedImporter) -> (artifact id: '098756023e2a8557a5a8bec9c84ec0c7') in 0.0384555 seconds
Number of updated asset objects reloaded before import = 0Number of asset objects unloaded after import = 7

========================================================================
Received Import Request.
  Time since last request: 0.000026 seconds.
  path: Assets/PolygonSciFiSpace/Models/SM_Prop_ControlPanel_02.fbx
  artifactKey: Guid(66c6510f66034144a99c5f673c8612bf) Importer(2089858483,192608db42251d675da83286b1cce702)
Start importing Assets/PolygonSciFiSpace/Models/SM_Prop_ControlPanel_02.fbx using Guid(66c6510f66034144a99c5f673c8612bf) Importer(2089858483,192608db42251d675da83286b1cce702) (ScriptedImporter) -> (artifact id: '3dad609ae44950aa2e853e3a9cf77f21') in 0.0307337 seconds
Number of updated asset objects reloaded before import = 0Number of asset objects unloaded after import = 7

========================================================================
Received Import Request.
  Time since last request: 0.000020 seconds.
  path: Assets/PolygonSciFiSpace/Models/SM_Prop_Detail_Lights_02.fbx
  artifactKey: Guid(93ca86b466efc2644878825d66db4c5d) Importer(2089858483,192608db42251d675da83286b1cce702)
Start importing Assets/PolygonSciFiSpace/Models/SM_Prop_Detail_Lights_02.fbx using Guid(93ca86b466efc2644878825d66db4c5d) Importer(2089858483,192608db42251d675da83286b1cce702) (ScriptedImporter) -> (artifact id: 'f86168c998291b5f4d651b9aeed749d8') in 0.0277445 seconds
Number of updated asset objects reloaded before import = 0Number of asset objects unloaded after import = 7

========================================================================
Received Import Request.
  Time since last request: 0.000026 seconds.
  path: Assets/PolygonSciFiSpace/Models/SM_Env_Rubble_Pile_01.fbx
  artifactKey: Guid(8aca009d9de3ae64aaf1deac9b81b9da) Importer(2089858483,192608db42251d675da83286b1cce702)
Start importing Assets/PolygonSciFiSpace/Models/SM_Env_Rubble_Pile_01.fbx using Guid(8aca009d9de3ae64aaf1deac9b81b9da) Importer(2089858483,192608db42251d675da83286b1cce702) (ScriptedImporter) -> (artifact id: '2f873de5ddf71457154a22698eafc711') in 0.0241458 seconds
Number of updated asset objects reloaded before import = 0Number of asset objects unloaded after import = 7

========================================================================
Received Import Request.
  Time since last request: 0.000036 seconds.
  path: Assets/PolygonSciFiSpace/Models/SM_Hud_Reticle_01.fbx
  artifactKey: Guid(8b4bb267bcfbc3444a79d66ea58a5309) Importer(2089858483,192608db42251d675da83286b1cce702)
Start importing Assets/PolygonSciFiSpace/Models/SM_Hud_Reticle_01.fbx using Guid(8b4bb267bcfbc3444a79d66ea58a5309) Importer(2089858483,192608db42251d675da83286b1cce702) (ScriptedImporter) -> (artifact id: '5e1bc2bb305024157b4a730c400bfc50') in 0.0573639 seconds
Number of updated asset objects reloaded before import = 0Number of asset objects unloaded after import = 7

========================================================================
Received Import Request.
  Time since last request: 0.000028 seconds.
  path: Assets/PolygonSciFiSpace/Models/SM_Env_Planet_10.fbx
  artifactKey: Guid(14c298836becb8c47a8f3e02c47e3801) Importer(2089858483,192608db42251d675da83286b1cce702)
Start importing Assets/PolygonSciFiSpace/Models/SM_Env_Planet_10.fbx using Guid(14c298836becb8c47a8f3e02c47e3801) Importer(2089858483,192608db42251d675da83286b1cce702) (ScriptedImporter) -> (artifact id: '48e3961e0b1dc14675776d44c7c88eb7') in 0.0325206 seconds
Number of updated asset objects reloaded before import = 0Number of asset objects unloaded after import = 7

========================================================================
Received Import Request.
  Time since last request: 0.000026 seconds.
  path: Assets/PolygonSciFiSpace/Models/SM_Env_Debris_Shell_08.fbx
  artifactKey: Guid(eaa2ff273dc05bb4a8a1d8352039d29a) Importer(2089858483,192608db42251d675da83286b1cce702)
Start importing Assets/PolygonSciFiSpace/Models/SM_Env_Debris_Shell_08.fbx using Guid(eaa2ff273dc05bb4a8a1d8352039d29a) Importer(2089858483,192608db42251d675da83286b1cce702) (ScriptedImporter) -> (artifact id: '73bdb4cb5c7a749fc076ca5c9b15cf1b') in 0.0238117 seconds
Number of updated asset objects reloaded before import = 0Number of asset objects unloaded after import = 7

========================================================================
Received Import Request.
  Time since last request: 0.000028 seconds.
  path: Assets/PolygonSciFiSpace/Models/SM_Prop_Detail_Box_05.fbx
  artifactKey: Guid(f7841d97384056d4ba0faad3ef349801) Importer(2089858483,192608db42251d675da83286b1cce702)
Start importing Assets/PolygonSciFiSpace/Models/SM_Prop_Detail_Box_05.fbx using Guid(f7841d97384056d4ba0faad3ef349801) Importer(2089858483,192608db42251d675da83286b1cce702) (ScriptedImporter) -> (artifact id: '93d2f305d21a8f53c8ce449124ebb88b') in 0.0267632 seconds
Number of updated asset objects reloaded before import = 0Number of asset objects unloaded after import = 7

========================================================================
Received Import Request.
  Time since last request: 0.000041 seconds.
  path: Assets/PolygonSciFiSpace/Models/SM_Env_Astroid_Holes_05.fbx
  artifactKey: Guid(8e977e30e3801b94192c9847f17a7224) Importer(2089858483,192608db42251d675da83286b1cce702)
Start importing Assets/PolygonSciFiSpace/Models/SM_Env_Astroid_Holes_05.fbx using Guid(8e977e30e3801b94192c9847f17a7224) Importer(2089858483,192608db42251d675da83286b1cce702) (ScriptedImporter) -> (artifact id: '553d3a46ee8069a28ffb06b6eae0dd0a') in 0.0294346 seconds
Number of updated asset objects reloaded before import = 0Number of asset objects unloaded after import = 7

========================================================================
Received Import Request.
  Time since last request: 0.000020 seconds.
  path: Assets/PolygonSciFiSpace/Models/SM_Hud_Reticle_04.fbx
  artifactKey: Guid(c803f4836d034814db23208866e1d4a7) Importer(2089858483,192608db42251d675da83286b1cce702)
Start importing Assets/PolygonSciFiSpace/Models/SM_Hud_Reticle_04.fbx using Guid(c803f4836d034814db23208866e1d4a7) Importer(2089858483,192608db42251d675da83286b1cce702) (ScriptedImporter) -> (artifact id: 'f15d1838b7c01dcbdbb6b87d7e71057a') in 0.0286049 seconds
Number of updated asset objects reloaded before import = 0Number of asset objects unloaded after import = 7

========================================================================
Received Import Request.
  Time since last request: 0.000023 seconds.
  path: Assets/PolygonSciFiSpace/Models/SM_Prop_Detail_Box_01.fbx
  artifactKey: Guid(b4b1e4c484c54bf4e86ad6ec64b8defe) Importer(2089858483,192608db42251d675da83286b1cce702)
Start importing Assets/PolygonSciFiSpace/Models/SM_Prop_Detail_Box_01.fbx using Guid(b4b1e4c484c54bf4e86ad6ec64b8defe) Importer(2089858483,192608db42251d675da83286b1cce702) (ScriptedImporter) -> (artifact id: 'f6ea92d3a8023fa69ac2aeb44a7faf14') in 0.0301178 seconds
Number of updated asset objects reloaded before import = 0Number of asset objects unloaded after import = 7

========================================================================
Received Import Request.
  Time since last request: 0.000026 seconds.
  path: Assets/PolygonSciFiSpace/Models/SM_FX_LightBlocker_Cube_01.fbx
  artifactKey: Guid(e21b73b21ab05ff4282940eb7932fedb) Importer(2089858483,192608db42251d675da83286b1cce702)
Start importing Assets/PolygonSciFiSpace/Models/SM_FX_LightBlocker_Cube_01.fbx using Guid(e21b73b21ab05ff4282940eb7932fedb) Importer(2089858483,192608db42251d675da83286b1cce702) (ScriptedImporter) -> (artifact id: '44edecf97537d9b578ce49a299ab5031') in 0.0292252 seconds
Number of updated asset objects reloaded before import = 0Number of asset objects unloaded after import = 7

========================================================================
Received Import Request.
  Time since last request: 0.000047 seconds.
  path: Assets/PolygonSciFiSpace/Models/SM_Env_Planet_07.fbx
  artifactKey: Guid(7cacdd407de00cf478f5457116d82db8) Importer(2089858483,192608db42251d675da83286b1cce702)
Start importing Assets/PolygonSciFiSpace/Models/SM_Env_Planet_07.fbx using Guid(7cacdd407de00cf478f5457116d82db8) Importer(2089858483,192608db42251d675da83286b1cce702) (ScriptedImporter) -> (artifact id: '113956d1063abcfabf74f98bfb19e95f') in 0.0253699 seconds
Number of updated asset objects reloaded before import = 0Number of asset objects unloaded after import = 7

========================================================================
Received Import Request.
  Time since last request: 0.000033 seconds.
  path: Assets/PolygonSciFiSpace/Models/SM_Prop_Bed_Medical_01.fbx
  artifactKey: Guid(b5c8771387f78f344a1ab231a248cecb) Importer(2089858483,192608db42251d675da83286b1cce702)
Start importing Assets/PolygonSciFiSpace/Models/SM_Prop_Bed_Medical_01.fbx using Guid(b5c8771387f78f344a1ab231a248cecb) Importer(2089858483,192608db42251d675da83286b1cce702) (ScriptedImporter) -> (artifact id: 'c04532329de22cd77024638955ca0ef1') in 0.0324187 seconds
Number of updated asset objects reloaded before import = 0Number of asset objects unloaded after import = 12

========================================================================
Received Import Request.
  Time since last request: 0.000018 seconds.
  path: Assets/PolygonSciFiSpace/Models/SM_Env_Rubble_Pebbles_02.fbx
  artifactKey: Guid(9e15c6624c6ecf24aa2e64e8697c9e53) Importer(2089858483,192608db42251d675da83286b1cce702)
Start importing Assets/PolygonSciFiSpace/Models/SM_Env_Rubble_Pebbles_02.fbx using Guid(9e15c6624c6ecf24aa2e64e8697c9e53) Importer(2089858483,192608db42251d675da83286b1cce702) (ScriptedImporter) -> (artifact id: 'ce494d7cb74b6502c81e5e8ac16eb354') in 0.0238094 seconds
Number of updated asset objects reloaded before import = 0Number of asset objects unloaded after import = 7

========================================================================
Received Import Request.
  Time since last request: 0.000022 seconds.
  path: Assets/PolygonSciFiSpace/Models/SM_Hud_Reticle_02.fbx
  artifactKey: Guid(711c7519252193a45892c37f67637855) Importer(2089858483,192608db42251d675da83286b1cce702)
Start importing Assets/PolygonSciFiSpace/Models/SM_Hud_Reticle_02.fbx using Guid(711c7519252193a45892c37f67637855) Importer(2089858483,192608db42251d675da83286b1cce702) (ScriptedImporter) -> (artifact id: '537a9cb72844da37514d5f3f352a129e') in 0.0234239 seconds
Number of updated asset objects reloaded before import = 0Number of asset objects unloaded after import = 7

========================================================================
Received Import Request.
  Time since last request: 0.000058 seconds.
  path: Assets/PolygonSciFiSpace/Models/SM_Env_Debris_Structure_03.fbx
  artifactKey: Guid(16daffb5a0750974b86e0fc6cf38da07) Importer(2089858483,192608db42251d675da83286b1cce702)
Start importing Assets/PolygonSciFiSpace/Models/SM_Env_Debris_Structure_03.fbx using Guid(16daffb5a0750974b86e0fc6cf38da07) Importer(2089858483,192608db42251d675da83286b1cce702) (ScriptedImporter) -> (artifact id: '35b535b14d18e6a67a784440018f131d') in 0.0245161 seconds
Number of updated asset objects reloaded before import = 0Number of asset objects unloaded after import = 7

========================================================================
Received Import Request.
  Time since last request: 0.000019 seconds.
  path: Assets/PolygonSciFiSpace/Models/SM_Env_Astroid_Holes_03.fbx
  artifactKey: Guid(b1fc5ae39a01d5b4ca8e92cfcd492f03) Importer(2089858483,192608db42251d675da83286b1cce702)
Start importing Assets/PolygonSciFiSpace/Models/SM_Env_Astroid_Holes_03.fbx using Guid(b1fc5ae39a01d5b4ca8e92cfcd492f03) Importer(2089858483,192608db42251d675da83286b1cce702) (ScriptedImporter) -> (artifact id: '5a92174c3b01db89c9d46b50049b1516') in 0.027874 seconds
Number of updated asset objects reloaded before import = 0Number of asset objects unloaded after import = 7

========================================================================
Received Import Request.
  Time since last request: 0.000023 seconds.
  path: Assets/PolygonSciFiSpace/Models/SM_Prop_Bed_03.fbx
  artifactKey: Guid(e99f0a698c4541241bbabe982196487f) Importer(2089858483,192608db42251d675da83286b1cce702)
Start importing Assets/PolygonSciFiSpace/Models/SM_Prop_Bed_03.fbx using Guid(e99f0a698c4541241bbabe982196487f) Importer(2089858483,192608db42251d675da83286b1cce702) (ScriptedImporter) -> (artifact id: 'b9b4530c9e7e7cb69ccd496be3c5cc75') in 0.0403033 seconds
Number of updated asset objects reloaded before import = 0Number of asset objects unloaded after import = 7

========================================================================
Received Import Request.
  Time since last request: 0.000029 seconds.
  path: Assets/PolygonSciFiSpace/Models/SM_FX_LightBlocker_Cube_03.fbx
  artifactKey: Guid(c59580bd90ac940408f44890675063c9) Importer(2089858483,192608db42251d675da83286b1cce702)
Start importing Assets/PolygonSciFiSpace/Models/SM_FX_LightBlocker_Cube_03.fbx using Guid(c59580bd90ac940408f44890675063c9) Importer(2089858483,192608db42251d675da83286b1cce702) (ScriptedImporter) -> (artifact id: '715bf201bd10bc342f25bd4be4734df5') in 0.0293912 seconds
Number of updated asset objects reloaded before import = 0Number of asset objects unloaded after import = 7

========================================================================
Received Import Request.
  Time since last request: 0.000038 seconds.
  path: Assets/PolygonSciFiSpace/Models/SM_Prop_Detail_Panel_01.fbx
  artifactKey: Guid(50255f740773c814eb6bcd2662603502) Importer(2089858483,192608db42251d675da83286b1cce702)
Start importing Assets/PolygonSciFiSpace/Models/SM_Prop_Detail_Panel_01.fbx using Guid(50255f740773c814eb6bcd2662603502) Importer(2089858483,192608db42251d675da83286b1cce702) (ScriptedImporter) -> (artifact id: '2dda63ef1e6e4b203dd1daa9cd0c8f4f') in 0.0207802 seconds
Number of updated asset objects reloaded before import = 0Number of asset objects unloaded after import = 7

========================================================================
Received Import Request.
  Time since last request: 0.000020 seconds.
  path: Assets/PolygonSciFiSpace/Models/SM_Prop_Detail_Machine_01.fbx
  artifactKey: Guid(d2f96ef46e530074486694619b8ad34a) Importer(2089858483,192608db42251d675da83286b1cce702)
Start importing Assets/PolygonSciFiSpace/Models/SM_Prop_Detail_Machine_01.fbx using Guid(d2f96ef46e530074486694619b8ad34a) Importer(2089858483,192608db42251d675da83286b1cce702) (ScriptedImporter) -> (artifact id: 'bcc54a7b56e1ba9fdedb3a5aec20c26e') in 0.028707 seconds
Number of updated asset objects reloaded before import = 0Number of asset objects unloaded after import = 7

========================================================================
Received Import Request.
  Time since last request: 0.701122 seconds.
  path: Assets/PolygonSciFiSpace/Models/SM_Prop_Detail_Pipe_Corner_01.fbx
  artifactKey: Guid(b82be18ce178eff44af47b9c6634885c) Importer(2089858483,192608db42251d675da83286b1cce702)
Start importing Assets/PolygonSciFiSpace/Models/SM_Prop_Detail_Pipe_Corner_01.fbx using Guid(b82be18ce178eff44af47b9c6634885c) Importer(2089858483,192608db42251d675da83286b1cce702) (ScriptedImporter) -> (artifact id: 'a6755bd56186acba761e92a87de7bcb1') in 0.0312207 seconds
Number of updated asset objects reloaded before import = 0Number of asset objects unloaded after import = 7

========================================================================
Received Import Request.
  Time since last request: 0.000021 seconds.
  path: Assets/PolygonSciFiSpace/Models/SM_Prop_Toilet_01.fbx
  artifactKey: Guid(cee3efbaed29fe140b543b6f623f35e2) Importer(2089858483,192608db42251d675da83286b1cce702)
Start importing Assets/PolygonSciFiSpace/Models/SM_Prop_Toilet_01.fbx using Guid(cee3efbaed29fe140b543b6f623f35e2) Importer(2089858483,192608db42251d675da83286b1cce702) (ScriptedImporter) -> (artifact id: 'e9e452c8661a160723aea01c390387cf') in 0.0274203 seconds
Number of updated asset objects reloaded before import = 0Number of asset objects unloaded after import = 7

========================================================================
Received Import Request.
  Time since last request: 0.000023 seconds.
  path: Assets/PolygonSciFiSpace/Models/SM_Prop_Turret_Large_02.fbx
  artifactKey: Guid(120950bb537cf48439472859df7e61ba) Importer(2089858483,192608db42251d675da83286b1cce702)
Start importing Assets/PolygonSciFiSpace/Models/SM_Prop_Turret_Large_02.fbx using Guid(120950bb537cf48439472859df7e61ba) Importer(2089858483,192608db42251d675da83286b1cce702) (ScriptedImporter) -> (artifact id: 'd850127f696363df2cad4aeda65a3b79') in 0.0376362 seconds
Number of updated asset objects reloaded before import = 0Number of asset objects unloaded after import = 17

========================================================================
Received Import Request.
  Time since last request: 0.000028 seconds.
  path: Assets/PolygonSciFiSpace/Models/SM_Prop_MapTable_Top_01.fbx
  artifactKey: Guid(bc18e631688c54a4ab2cbdd89f921fff) Importer(2089858483,192608db42251d675da83286b1cce702)
Start importing Assets/PolygonSciFiSpace/Models/SM_Prop_MapTable_Top_01.fbx using Guid(bc18e631688c54a4ab2cbdd89f921fff) Importer(2089858483,192608db42251d675da83286b1cce702) (ScriptedImporter) -> (artifact id: '9edd24207df9baa019328ab65b0726f5') in 0.0328958 seconds
Number of updated asset objects reloaded before import = 0Number of asset objects unloaded after import = 7

========================================================================
Received Import Request.
  Time since last request: 0.000050 seconds.
  path: Assets/PolygonSciFiSpace/Models/SM_Prop_Missile_06.fbx
  artifactKey: Guid(b6309c325c80b68418a342fd5cb71ac0) Importer(2089858483,192608db42251d675da83286b1cce702)
Start importing Assets/PolygonSciFiSpace/Models/SM_Prop_Missile_06.fbx using Guid(b6309c325c80b68418a342fd5cb71ac0) Importer(2089858483,192608db42251d675da83286b1cce702) (ScriptedImporter) -> (artifact id: 'b93085ed45e527d1318d96f3c48fd406') in 0.0316109 seconds
Number of updated asset objects reloaded before import = 0Number of asset objects unloaded after import = 7

========================================================================
Received Import Request.
  Time since last request: 0.000021 seconds.
  path: Assets/PolygonSciFiSpace/Models/SM_Prop_Medical_Isolator_01.fbx
  artifactKey: Guid(f765cbb95e4157b4785fb74257ecdd5f) Importer(2089858483,192608db42251d675da83286b1cce702)
Start importing Assets/PolygonSciFiSpace/Models/SM_Prop_Medical_Isolator_01.fbx using Guid(f765cbb95e4157b4785fb74257ecdd5f) Importer(2089858483,192608db42251d675da83286b1cce702) (ScriptedImporter) -> (artifact id: '02dc84a5c2812397b4b55adbe0aa6ece') in 0.0327311 seconds
Number of updated asset objects reloaded before import = 0Number of asset objects unloaded after import = 12

========================================================================
Received Import Request.
  Time since last request: 0.000022 seconds.
  path: Assets/PolygonSciFiSpace/Models/SM_Prop_Greeble_Panel_02.fbx
  artifactKey: Guid(60caff3f22076b54fae5af6695e0cd34) Importer(2089858483,192608db42251d675da83286b1cce702)
Start importing Assets/PolygonSciFiSpace/Models/SM_Prop_Greeble_Panel_02.fbx using Guid(60caff3f22076b54fae5af6695e0cd34) Importer(2089858483,192608db42251d675da83286b1cce702) (ScriptedImporter) -> (artifact id: 'faa806044324d681b8ac42c83515a325') in 0.0268855 seconds
Number of updated asset objects reloaded before import = 0Number of asset objects unloaded after import = 7

========================================================================
Received Import Request.
  Time since last request: 0.000029 seconds.
  path: Assets/PolygonSciFiSpace/Models/SM_Prop_Missile_03.fbx
  artifactKey: Guid(dbbbc358ebbdca64ebf43f8d61cbf01b) Importer(2089858483,192608db42251d675da83286b1cce702)
Start importing Assets/PolygonSciFiSpace/Models/SM_Prop_Missile_03.fbx using Guid(dbbbc358ebbdca64ebf43f8d61cbf01b) Importer(2089858483,192608db42251d675da83286b1cce702) (ScriptedImporter) -> (artifact id: 'b2e8caf8beda5bdb1359e154bb4bbc39') in 0.0273223 seconds
Number of updated asset objects reloaded before import = 0Number of asset objects unloaded after import = 7

========================================================================
Received Import Request.
  Time since last request: 0.000035 seconds.
  path: Assets/PolygonSciFiSpace/Models/SM_Prop_Light_Panel_05.fbx
  artifactKey: Guid(7d93ba4b92940184984fbc940b67fb4a) Importer(2089858483,192608db42251d675da83286b1cce702)
Start importing Assets/PolygonSciFiSpace/Models/SM_Prop_Light_Panel_05.fbx using Guid(7d93ba4b92940184984fbc940b67fb4a) Importer(2089858483,192608db42251d675da83286b1cce702) (ScriptedImporter) -> (artifact id: '8daebf8aa054747b9f835e2b6b53c781') in 0.03004 seconds
Number of updated asset objects reloaded before import = 0Number of asset objects unloaded after import = 7

========================================================================
Received Import Request.
  Time since last request: 0.000023 seconds.
  path: Assets/PolygonSciFiSpace/Models/SM_Prop_SquareTable_01.fbx
  artifactKey: Guid(47102766d9f87eb459bfdfd807bcd689) Importer(2089858483,192608db42251d675da83286b1cce702)
Start importing Assets/PolygonSciFiSpace/Models/SM_Prop_SquareTable_01.fbx using Guid(47102766d9f87eb459bfdfd807bcd689) Importer(2089858483,192608db42251d675da83286b1cce702) (ScriptedImporter) -> (artifact id: 'd5769da89a45154776cde35d26443b40') in 0.0384932 seconds
Number of updated asset objects reloaded before import = 0Number of asset objects unloaded after import = 7

========================================================================
Received Import Request.
  Time since last request: 0.000018 seconds.
  path: Assets/PolygonSciFiSpace/Models/SM_Prop_Turret_Base_Double_05.fbx
  artifactKey: Guid(8f5aacf323100fc429a7c5a7c53d8598) Importer(2089858483,192608db42251d675da83286b1cce702)
Start importing Assets/PolygonSciFiSpace/Models/SM_Prop_Turret_Base_Double_05.fbx using Guid(8f5aacf323100fc429a7c5a7c53d8598) Importer(2089858483,192608db42251d675da83286b1cce702) (ScriptedImporter) -> (artifact id: '3acea50404c9728e966fd664953922d7') in 0.032405 seconds
Number of updated asset objects reloaded before import = 0Number of asset objects unloaded after import = 17

========================================================================
Received Import Request.
  Time since last request: 0.000031 seconds.
  path: Assets/PolygonSciFiSpace/Models/SM_Prop_Turret_Base_Double_02.fbx
  artifactKey: Guid(406a1be4a69588444a727ccb58cf44ba) Importer(2089858483,192608db42251d675da83286b1cce702)
Start importing Assets/PolygonSciFiSpace/Models/SM_Prop_Turret_Base_Double_02.fbx using Guid(406a1be4a69588444a727ccb58cf44ba) Importer(2089858483,192608db42251d675da83286b1cce702) (ScriptedImporter) -> (artifact id: '4eca171774f1c4d8be5b42eda1962da1') in 0.032234 seconds
Number of updated asset objects reloaded before import = 0Number of asset objects unloaded after import = 22

========================================================================
Received Import Request.
  Time since last request: 0.000042 seconds.
  path: Assets/PolygonSciFiSpace/Models/SM_Prop_Turret_Base_Single_04.fbx
  artifactKey: Guid(74b7cc82764bc4a429c0437f991b46df) Importer(2089858483,192608db42251d675da83286b1cce702)
Start importing Assets/PolygonSciFiSpace/Models/SM_Prop_Turret_Base_Single_04.fbx using Guid(74b7cc82764bc4a429c0437f991b46df) Importer(2089858483,192608db42251d675da83286b1cce702) (ScriptedImporter) -> (artifact id: '61727e6c1012755b9a28b0eacb8eb9d7') in 0.0356333 seconds
Number of updated asset objects reloaded before import = 0Number of asset objects unloaded after import = 17

========================================================================
Received Import Request.
  Time since last request: 0.000020 seconds.
  path: Assets/PolygonSciFiSpace/Models/SM_Prop_Turret_Base_Single_09.fbx
  artifactKey: Guid(7c9b666a7e76e0d4a81b438a13a57b6b) Importer(2089858483,192608db42251d675da83286b1cce702)
Start importing Assets/PolygonSciFiSpace/Models/SM_Prop_Turret_Base_Single_09.fbx using Guid(7c9b666a7e76e0d4a81b438a13a57b6b) Importer(2089858483,192608db42251d675da83286b1cce702) (ScriptedImporter) -> (artifact id: '74a530fa13a397e671ae92a6f45e2d04') in 0.0323156 seconds
Number of updated asset objects reloaded before import = 0Number of asset objects unloaded after import = 17

========================================================================
Received Import Request.
  Time since last request: 0.000021 seconds.
  path: Assets/PolygonSciFiSpace/Models/SM_Prop_Ladder_01.fbx
  artifactKey: Guid(a6a36dbbba473ef4bbe272156d9b1591) Importer(2089858483,192608db42251d675da83286b1cce702)
Start importing Assets/PolygonSciFiSpace/Models/SM_Prop_Ladder_01.fbx using Guid(a6a36dbbba473ef4bbe272156d9b1591) Importer(2089858483,192608db42251d675da83286b1cce702) (ScriptedImporter) -> (artifact id: 'fa30654c922d73920543279da029a72e') in 0.0241679 seconds
Number of updated asset objects reloaded before import = 0Number of asset objects unloaded after import = 7

========================================================================
Received Import Request.
  Time since last request: 0.000024 seconds.
  path: Assets/PolygonSciFiSpace/Models/SM_Prop_Greeble_Panel_01.fbx
  artifactKey: Guid(4b5b1629a8cd0b24da51bfde9207d6aa) Importer(2089858483,192608db42251d675da83286b1cce702)
Start importing Assets/PolygonSciFiSpace/Models/SM_Prop_Greeble_Panel_01.fbx using Guid(4b5b1629a8cd0b24da51bfde9207d6aa) Importer(2089858483,192608db42251d675da83286b1cce702) (ScriptedImporter) -> (artifact id: '81aaf4731191b1c134cc88a4d891f146') in 0.030303 seconds
Number of updated asset objects reloaded before import = 0Number of asset objects unloaded after import = 7

========================================================================
Received Import Request.
  Time since last request: 0.000036 seconds.
  path: Assets/PolygonSciFiSpace/Models/SM_Prop_TestTubes_01.fbx
  artifactKey: Guid(342aa38698e69bb418e235d220563bac) Importer(2089858483,192608db42251d675da83286b1cce702)
Start importing Assets/PolygonSciFiSpace/Models/SM_Prop_TestTubes_01.fbx using Guid(342aa38698e69bb418e235d220563bac) Importer(2089858483,192608db42251d675da83286b1cce702) (ScriptedImporter) -> (artifact id: '609b89c086e7b06b85411ece6c5abfd3') in 0.0308368 seconds
Number of updated asset objects reloaded before import = 0Number of asset objects unloaded after import = 7

========================================================================
Received Import Request.
  Time since last request: 0.000022 seconds.
  path: Assets/PolygonSciFiSpace/Models/SM_Prop_Radar_Panel_01.fbx
  artifactKey: Guid(7fa6460274ed3d041b4e51d279e187c8) Importer(2089858483,192608db42251d675da83286b1cce702)
Start importing Assets/PolygonSciFiSpace/Models/SM_Prop_Radar_Panel_01.fbx using Guid(7fa6460274ed3d041b4e51d279e187c8) Importer(2089858483,192608db42251d675da83286b1cce702) (ScriptedImporter) -> (artifact id: 'ae570a007f9a35a73e338b96b76dfd8d') in 0.0419902 seconds
Number of updated asset objects reloaded before import = 0Number of asset objects unloaded after import = 7

========================================================================
Received Import Request.
  Time since last request: 0.000024 seconds.
  path: Assets/PolygonSciFiSpace/Models/SM_Prop_HandScanner_01.fbx
  artifactKey: Guid(c597a9b8367a25c4d91fe36790cd8c62) Importer(2089858483,192608db42251d675da83286b1cce702)
Start importing Assets/PolygonSciFiSpace/Models/SM_Prop_HandScanner_01.fbx using Guid(c597a9b8367a25c4d91fe36790cd8c62) Importer(2089858483,192608db42251d675da83286b1cce702) (ScriptedImporter) -> (artifact id: '83d29c52c30d89ac03dc412cbdbe76e9') in 0.0296628 seconds
Number of updated asset objects reloaded before import = 0Number of asset objects unloaded after import = 7

========================================================================
Received Import Request.
  Time since last request: 0.000030 seconds.
  path: Assets/PolygonSciFiSpace/Models/SM_Prop_Missile_01.fbx
  artifactKey: Guid(5225e9efc03e20c4d884f04477d7d59b) Importer(2089858483,192608db42251d675da83286b1cce702)
Start importing Assets/PolygonSciFiSpace/Models/SM_Prop_Missile_01.fbx using Guid(5225e9efc03e20c4d884f04477d7d59b) Importer(2089858483,192608db42251d675da83286b1cce702) (ScriptedImporter) -> (artifact id: '80355e35dd4898f3cf03a4a3f61faeed') in 0.0290007 seconds
Number of updated asset objects reloaded before import = 0Number of asset objects unloaded after import = 7

========================================================================
Received Import Request.
  Time since last request: 0.000033 seconds.
  path: Assets/PolygonSciFiSpace/Models/SM_Prop_SpaceWalk_Tube_01.fbx
  artifactKey: Guid(efb4f3d218c769d49b069a46cfeb6a3b) Importer(2089858483,192608db42251d675da83286b1cce702)
Start importing Assets/PolygonSciFiSpace/Models/SM_Prop_SpaceWalk_Tube_01.fbx using Guid(efb4f3d218c769d49b069a46cfeb6a3b) Importer(2089858483,192608db42251d675da83286b1cce702) (ScriptedImporter) -> (artifact id: '215bc170ec51228aaa1236b0649e303e') in 0.0344861 seconds
Number of updated asset objects reloaded before import = 0Number of asset objects unloaded after import = 7

========================================================================
Received Import Request.
  Time since last request: 0.000030 seconds.
  path: Assets/PolygonSciFiSpace/Models/SM_Prop_Oxygen_Tank.fbx
  artifactKey: Guid(17859827c91fe034dbe662b3303d772a) Importer(2089858483,192608db42251d675da83286b1cce702)
Start importing Assets/PolygonSciFiSpace/Models/SM_Prop_Oxygen_Tank.fbx using Guid(17859827c91fe034dbe662b3303d772a) Importer(2089858483,192608db42251d675da83286b1cce702) (ScriptedImporter) -> (artifact id: 'c4ca24176d8c9872bb5f68274e034c3b') in 0.0326361 seconds
Number of updated asset objects reloaded before import = 0Number of asset objects unloaded after import = 7

========================================================================
Received Import Request.
  Time since last request: 0.000025 seconds.
  path: Assets/PolygonSciFiSpace/Models/SM_Prop_EscapePod_Hatch_Large_01.fbx
  artifactKey: Guid(30e13cd53050c764985796b04f357e39) Importer(2089858483,192608db42251d675da83286b1cce702)
Start importing Assets/PolygonSciFiSpace/Models/SM_Prop_EscapePod_Hatch_Large_01.fbx using Guid(30e13cd53050c764985796b04f357e39) Importer(2089858483,192608db42251d675da83286b1cce702) (ScriptedImporter) -> (artifact id: '419a3c7a483d777cc78c1c518b6c4c49') in 0.0326329 seconds
Number of updated asset objects reloaded before import = 0Number of asset objects unloaded after import = 17

========================================================================
Received Import Request.
  Time since last request: 0.000034 seconds.
  path: Assets/PolygonSciFiSpace/Models/SM_Prop_Detail_Tank_01.fbx
  artifactKey: Guid(5e9366115682a0347ac8a445dc72619b) Importer(2089858483,192608db42251d675da83286b1cce702)
Start importing Assets/PolygonSciFiSpace/Models/SM_Prop_Detail_Tank_01.fbx using Guid(5e9366115682a0347ac8a445dc72619b) Importer(2089858483,192608db42251d675da83286b1cce702) (ScriptedImporter) -> (artifact id: 'e5a5752e0ef1a2ed08039306e018d1fc') in 0.0306843 seconds
Number of updated asset objects reloaded before import = 0Number of asset objects unloaded after import = 7

========================================================================
Received Import Request.
  Time since last request: 0.000051 seconds.
  path: Assets/PolygonSciFiSpace/Models/SM_Prop_Screen_05.fbx
  artifactKey: Guid(5901a069620ed804c8a6ce2ba14f9280) Importer(2089858483,192608db42251d675da83286b1cce702)
Start importing Assets/PolygonSciFiSpace/Models/SM_Prop_Screen_05.fbx using Guid(5901a069620ed804c8a6ce2ba14f9280) Importer(2089858483,192608db42251d675da83286b1cce702) (ScriptedImporter) -> (artifact id: '8b6e9c3414b8cf07660a88029d061d9c') in 0.0317702 seconds
Number of updated asset objects reloaded before import = 0Number of asset objects unloaded after import = 7

========================================================================
Received Import Request.
  Time since last request: 0.000025 seconds.
  path: Assets/PolygonSciFiSpace/Models/SM_Prop_FoodTray_03.fbx
  artifactKey: Guid(35a2328c2cccab44ea366540038f82a7) Importer(2089858483,192608db42251d675da83286b1cce702)
Start importing Assets/PolygonSciFiSpace/Models/SM_Prop_FoodTray_03.fbx using Guid(35a2328c2cccab44ea366540038f82a7) Importer(2089858483,192608db42251d675da83286b1cce702) (ScriptedImporter) -> (artifact id: '55c2354737ebba9eadd1ba5aee0c6b69') in 0.0273051 seconds
Number of updated asset objects reloaded before import = 0Number of asset objects unloaded after import = 7

========================================================================
Received Import Request.
  Time since last request: 0.000021 seconds.
  path: Assets/PolygonSciFiSpace/Models/SM_Prop_Greeble_Cube_02.fbx
  artifactKey: Guid(78d9261781d0f3041a5d880a87f96ad2) Importer(2089858483,192608db42251d675da83286b1cce702)
Start importing Assets/PolygonSciFiSpace/Models/SM_Prop_Greeble_Cube_02.fbx using Guid(78d9261781d0f3041a5d880a87f96ad2) Importer(2089858483,192608db42251d675da83286b1cce702) (ScriptedImporter) -> (artifact id: '8f22edf70ce17712b5cdc7b7574b66cf') in 0.0296515 seconds
Number of updated asset objects reloaded before import = 0Number of asset objects unloaded after import = 7

========================================================================
Received Import Request.
  Time since last request: 0.000031 seconds.
  path: Assets/PolygonSciFiSpace/Models/SM_Prop_FoodTray_01.fbx
  artifactKey: Guid(8ed90555e64c3614696c64421211334b) Importer(2089858483,192608db42251d675da83286b1cce702)
Start importing Assets/PolygonSciFiSpace/Models/SM_Prop_FoodTray_01.fbx using Guid(8ed90555e64c3614696c64421211334b) Importer(2089858483,192608db42251d675da83286b1cce702) (ScriptedImporter) -> (artifact id: 'f09d000343f1d3a979135b64d9f68367') in 0.0249095 seconds
Number of updated asset objects reloaded before import = 0Number of asset objects unloaded after import = 7

========================================================================
Received Import Request.
  Time since last request: 0.000042 seconds.
  path: Assets/PolygonSciFiSpace/Models/SM_Prop_Turret_Base_Double_03.fbx
  artifactKey: Guid(d20c3de746495e445b7f1b33c6114de5) Importer(2089858483,192608db42251d675da83286b1cce702)
Start importing Assets/PolygonSciFiSpace/Models/SM_Prop_Turret_Base_Double_03.fbx using Guid(d20c3de746495e445b7f1b33c6114de5) Importer(2089858483,192608db42251d675da83286b1cce702) (ScriptedImporter) -> (artifact id: '7e83daac483d20501a2941506edc299e') in 0.0393536 seconds
Number of updated asset objects reloaded before import = 0Number of asset objects unloaded after import = 22

========================================================================
Received Import Request.
  Time since last request: 0.000026 seconds.
  path: Assets/PolygonSciFiSpace/Models/SM_Prop_Hose_03.fbx
  artifactKey: Guid(3acb99c5c23346644982a0f9bfb6ca7b) Importer(2089858483,192608db42251d675da83286b1cce702)
Start importing Assets/PolygonSciFiSpace/Models/SM_Prop_Hose_03.fbx using Guid(3acb99c5c23346644982a0f9bfb6ca7b) Importer(2089858483,192608db42251d675da83286b1cce702) (ScriptedImporter) -> (artifact id: '6106c3dd646851bcdf5ee1164c9374f0') in 0.0320912 seconds
Number of updated asset objects reloaded before import = 0Number of asset objects unloaded after import = 7

========================================================================
Received Import Request.
  Time since last request: 0.000029 seconds.
  path: Assets/PolygonSciFiSpace/Models/SM_Prop_Keycard_02.fbx
  artifactKey: Guid(2b14f5e6069411c40b711cb480cd0207) Importer(2089858483,192608db42251d675da83286b1cce702)
Start importing Assets/PolygonSciFiSpace/Models/SM_Prop_Keycard_02.fbx using Guid(2b14f5e6069411c40b711cb480cd0207) Importer(2089858483,192608db42251d675da83286b1cce702) (ScriptedImporter) -> (artifact id: '3b09b353e8a37d465c4b218387e99ef1') in 0.0284778 seconds
Number of updated asset objects reloaded before import = 0Number of asset objects unloaded after import = 7

========================================================================
Received Import Request.
  Time since last request: 0.000040 seconds.
  path: Assets/PolygonSciFiSpace/Models/SM_Prop_Mine_01.fbx
  artifactKey: Guid(0b63603cec6237644aeea5d6f3cbcbf2) Importer(2089858483,192608db42251d675da83286b1cce702)
Start importing Assets/PolygonSciFiSpace/Models/SM_Prop_Mine_01.fbx using Guid(0b63603cec6237644aeea5d6f3cbcbf2) Importer(2089858483,192608db42251d675da83286b1cce702) (ScriptedImporter) -> (artifact id: '6cf9313cb7d60a2d3caeb8cad5cabde9') in 0.0327527 seconds
Number of updated asset objects reloaded before import = 0Number of asset objects unloaded after import = 7

========================================================================
Received Import Request.
  Time since last request: 0.000052 seconds.
  path: Assets/PolygonSciFiSpace/Models/SM_Prop_Turret_Base_Double_09.fbx
  artifactKey: Guid(c0476b80c5f53a045b0c1309b3704357) Importer(2089858483,192608db42251d675da83286b1cce702)
Start importing Assets/PolygonSciFiSpace/Models/SM_Prop_Turret_Base_Double_09.fbx using Guid(c0476b80c5f53a045b0c1309b3704357) Importer(2089858483,192608db42251d675da83286b1cce702) (ScriptedImporter) -> (artifact id: 'fbdd32e2d08b1512df4679a165948c8d') in 0.0413436 seconds
Number of updated asset objects reloaded before import = 0Number of asset objects unloaded after import = 17

========================================================================
Received Import Request.
  Time since last request: 0.000027 seconds.
  path: Assets/PolygonSciFiSpace/Models/SM_Prop_Light_Small_07.fbx
  artifactKey: Guid(1c4c37bdccf927e4f8eb597ee78cb354) Importer(2089858483,192608db42251d675da83286b1cce702)
Start importing Assets/PolygonSciFiSpace/Models/SM_Prop_Light_Small_07.fbx using Guid(1c4c37bdccf927e4f8eb597ee78cb354) Importer(2089858483,192608db42251d675da83286b1cce702) (ScriptedImporter) -> (artifact id: '536d3e78cc7fc36d24ff6354f9b8f8f6') in 0.0275893 seconds
Number of updated asset objects reloaded before import = 0Number of asset objects unloaded after import = 7

========================================================================
Received Import Request.
  Time since last request: 0.000022 seconds.
  path: Assets/PolygonSciFiSpace/Models/SM_Prop_Light_Small_04.fbx
  artifactKey: Guid(11b779209a0307c40a1b702fecfd38f5) Importer(2089858483,192608db42251d675da83286b1cce702)
Start importing Assets/PolygonSciFiSpace/Models/SM_Prop_Light_Small_04.fbx using Guid(11b779209a0307c40a1b702fecfd38f5) Importer(2089858483,192608db42251d675da83286b1cce702) (ScriptedImporter) -> (artifact id: 'd14a6829e00ae3c1daf106f1728c782c') in 0.0291693 seconds
Number of updated asset objects reloaded before import = 0Number of asset objects unloaded after import = 7

========================================================================
Received Import Request.
  Time since last request: 0.000030 seconds.
  path: Assets/PolygonSciFiSpace/Models/SM_Prop_Greeble_Panel_05.fbx
  artifactKey: Guid(3f42b7180ab5b7647bd907375e4a8c1e) Importer(2089858483,192608db42251d675da83286b1cce702)
Start importing Assets/PolygonSciFiSpace/Models/SM_Prop_Greeble_Panel_05.fbx using Guid(3f42b7180ab5b7647bd907375e4a8c1e) Importer(2089858483,192608db42251d675da83286b1cce702) (ScriptedImporter) -> (artifact id: '19439d2ff0ecdc25e33dd46f0c9a0b99') in 0.0266065 seconds
Number of updated asset objects reloaded before import = 0Number of asset objects unloaded after import = 7

========================================================================
Received Import Request.
  Time since last request: 0.000041 seconds.
  path: Assets/PolygonSciFiSpace/Models/SM_Prop_Stairs_04.fbx
  artifactKey: Guid(e29da7114789a61419dad6eba6121f2c) Importer(2089858483,192608db42251d675da83286b1cce702)
Start importing Assets/PolygonSciFiSpace/Models/SM_Prop_Stairs_04.fbx using Guid(e29da7114789a61419dad6eba6121f2c) Importer(2089858483,192608db42251d675da83286b1cce702) (ScriptedImporter) -> (artifact id: '96f3b6e73ca9b179db2594b9e377fcd1') in 0.0324677 seconds
Number of updated asset objects reloaded before import = 0Number of asset objects unloaded after import = 7

========================================================================
Received Import Request.
  Time since last request: 0.000032 seconds.
  path: Assets/PolygonSciFiSpace/Models/SM_SignBorder_Number_04.fbx
  artifactKey: Guid(8192ca770bc36d34f9c102c564f73e6a) Importer(2089858483,192608db42251d675da83286b1cce702)
Start importing Assets/PolygonSciFiSpace/Models/SM_SignBorder_Number_04.fbx using Guid(8192ca770bc36d34f9c102c564f73e6a) Importer(2089858483,192608db42251d675da83286b1cce702) (ScriptedImporter) -> (artifact id: '427bac338b724d7c42062238254545c2') in 0.0308601 seconds
Number of updated asset objects reloaded before import = 0Number of asset objects unloaded after import = 7

========================================================================
Received Import Request.
  Time since last request: 0.000084 seconds.
  path: Assets/PolygonSciFiSpace/Models/SM_Veh_Part_Misc_019.fbx
  artifactKey: Guid(cf6c0d9f22a5ef04c83dbf1512b94087) Importer(2089858483,192608db42251d675da83286b1cce702)
Start importing Assets/PolygonSciFiSpace/Models/SM_Veh_Part_Misc_019.fbx using Guid(cf6c0d9f22a5ef04c83dbf1512b94087) Importer(2089858483,192608db42251d675da83286b1cce702) (ScriptedImporter) -> (artifact id: 'd48a791a5dc11194862f5606c53ebdba') in 0.0361806 seconds
Number of updated asset objects reloaded before import = 0Number of asset objects unloaded after import = 7

========================================================================
Received Import Request.
  Time since last request: 0.000032 seconds.
  path: Assets/PolygonSciFiSpace/Models/SM_SignBorder_Leaf_01.fbx
  artifactKey: Guid(fab84b3776a9e104d9ca4ec9ee8a5ded) Importer(2089858483,192608db42251d675da83286b1cce702)
Start importing Assets/PolygonSciFiSpace/Models/SM_SignBorder_Leaf_01.fbx using Guid(fab84b3776a9e104d9ca4ec9ee8a5ded) Importer(2089858483,192608db42251d675da83286b1cce702) (ScriptedImporter) -> (artifact id: '6409965c5ad8f4320df26a0ed0258b28') in 0.0386097 seconds
Number of updated asset objects reloaded before import = 0Number of asset objects unloaded after import = 7

========================================================================
Received Import Request.
  Time since last request: 0.000052 seconds.
  path: Assets/PolygonSciFiSpace/Models/SM_Ship_Bomber_01.fbx
  artifactKey: Guid(b8606594e43458a479cf2557a07db8ce) Importer(2089858483,192608db42251d675da83286b1cce702)
Start importing Assets/PolygonSciFiSpace/Models/SM_Ship_Bomber_01.fbx using Guid(b8606594e43458a479cf2557a07db8ce) Importer(2089858483,192608db42251d675da83286b1cce702) (ScriptedImporter) -> (artifact id: 'b4acab934f536656911054c0c36cb632') in 0.0368349 seconds
Number of updated asset objects reloaded before import = 0Number of asset objects unloaded after import = 7

========================================================================
Received Import Request.
  Time since last request: 0.000033 seconds.
  path: Assets/PolygonSciFiSpace/Models/SM_Veh_Part_Misc_016.fbx
  artifactKey: Guid(1c393e8397abb8c45b089434b78f9690) Importer(2089858483,192608db42251d675da83286b1cce702)
Start importing Assets/PolygonSciFiSpace/Models/SM_Veh_Part_Misc_016.fbx using Guid(1c393e8397abb8c45b089434b78f9690) Importer(2089858483,192608db42251d675da83286b1cce702) (ScriptedImporter) -> (artifact id: '8e8d41b47f29c7d982aab4f76605d9e9') in 0.0364955 seconds
Number of updated asset objects reloaded before import = 0Number of asset objects unloaded after import = 7

========================================================================
Received Import Request.
  Time since last request: 0.000031 seconds.
  path: Assets/PolygonSciFiSpace/Models/SM_Ship_Fighter_Heavy_01.fbx
  artifactKey: Guid(562087eafc41f8b4b8b6e28118fec3a1) Importer(2089858483,192608db42251d675da83286b1cce702)
Start importing Assets/PolygonSciFiSpace/Models/SM_Ship_Fighter_Heavy_01.fbx using Guid(562087eafc41f8b4b8b6e28118fec3a1) Importer(2089858483,192608db42251d675da83286b1cce702) (ScriptedImporter) -> (artifact id: 'c99c3f8ecbaf9dad5bc0bcb0ed0b3234') in 0.0318175 seconds
Number of updated asset objects reloaded before import = 0Number of asset objects unloaded after import = 7

========================================================================
Received Import Request.
  Time since last request: 0.000036 seconds.
  path: Assets/PolygonSciFiSpace/Models/SM_Ship_Station_03.fbx
  artifactKey: Guid(3271522eaede81845ac07c4a84687064) Importer(2089858483,192608db42251d675da83286b1cce702)
Start importing Assets/PolygonSciFiSpace/Models/SM_Ship_Station_03.fbx using Guid(3271522eaede81845ac07c4a84687064) Importer(2089858483,192608db42251d675da83286b1cce702) (ScriptedImporter) -> (artifact id: '54bba0e27ff14fdc5e965a260aa9d995') in 0.0304471 seconds
Number of updated asset objects reloaded before import = 0Number of asset objects unloaded after import = 7

========================================================================
Received Import Request.
  Time since last request: 0.000039 seconds.
  path: Assets/PolygonSciFiSpace/Models/SM_Veh_Part_Engine_09.fbx
  artifactKey: Guid(d7768fa2dcda95a43a0cfe9c8555145e) Importer(2089858483,192608db42251d675da83286b1cce702)
Start importing Assets/PolygonSciFiSpace/Models/SM_Veh_Part_Engine_09.fbx using Guid(d7768fa2dcda95a43a0cfe9c8555145e) Importer(2089858483,192608db42251d675da83286b1cce702) (ScriptedImporter) -> (artifact id: 'a1ff42251397d463e3c305aca810c4a4') in 0.033931 seconds
Number of updated asset objects reloaded before import = 0Number of asset objects unloaded after import = 7

========================================================================
Received Import Request.
  Time since last request: 0.000031 seconds.
  path: Assets/PolygonSciFiSpace/Models/SM_Veh_Part_Misc_013.fbx
  artifactKey: Guid(49d172b61fc66734fa899f3a109783ea) Importer(2089858483,192608db42251d675da83286b1cce702)
Start importing Assets/PolygonSciFiSpace/Models/SM_Veh_Part_Misc_013.fbx using Guid(49d172b61fc66734fa899f3a109783ea) Importer(2089858483,192608db42251d675da83286b1cce702) (ScriptedImporter) -> (artifact id: 'af42f215d9b4ad9ddbd604efa0da1a7f') in 0.0263051 seconds
Number of updated asset objects reloaded before import = 0Number of asset objects unloaded after import = 7

========================================================================
Received Import Request.
  Time since last request: 0.000021 seconds.
  path: Assets/PolygonSciFiSpace/Models/SM_Veh_Part_Engine_08.fbx
  artifactKey: Guid(02e5da2f275ad7a4094ec0ea6d59bc62) Importer(2089858483,192608db42251d675da83286b1cce702)
Start importing Assets/PolygonSciFiSpace/Models/SM_Veh_Part_Engine_08.fbx using Guid(02e5da2f275ad7a4094ec0ea6d59bc62) Importer(2089858483,192608db42251d675da83286b1cce702) (ScriptedImporter) -> (artifact id: '691f55cc9e85f6bfff5cdba7a4649e8a') in 0.033058 seconds
Number of updated asset objects reloaded before import = 0Number of asset objects unloaded after import = 7

========================================================================
Received Import Request.
  Time since last request: 0.000037 seconds.
  path: Assets/PolygonSciFiSpace/Models/SM_Veh_Part_Wing_013.fbx
  artifactKey: Guid(589203433f4154a4ea6cc11f9ed9be52) Importer(2089858483,192608db42251d675da83286b1cce702)
Start importing Assets/PolygonSciFiSpace/Models/SM_Veh_Part_Wing_013.fbx using Guid(589203433f4154a4ea6cc11f9ed9be52) Importer(2089858483,192608db42251d675da83286b1cce702) (ScriptedImporter) -> (artifact id: '4d146526e9c520e0d981a44d601a6c46') in 0.0298285 seconds
Number of updated asset objects reloaded before import = 0Number of asset objects unloaded after import = 7

========================================================================
Received Import Request.
  Time since last request: 0.000043 seconds.
  path: Assets/PolygonSciFiSpace/Models/SM_Ship_Stealth_01.fbx
  artifactKey: Guid(744ec7c908b03f54ebfea8f0879a88b9) Importer(2089858483,192608db42251d675da83286b1cce702)
Start importing Assets/PolygonSciFiSpace/Models/SM_Ship_Stealth_01.fbx using Guid(744ec7c908b03f54ebfea8f0879a88b9) Importer(2089858483,192608db42251d675da83286b1cce702) (ScriptedImporter) -> (artifact id: '1c346aae48051d04c96f198e23210556') in 0.0380162 seconds
Number of updated asset objects reloaded before import = 0Number of asset objects unloaded after import = 7

========================================================================
Received Import Request.
  Time since last request: 0.000025 seconds.
  path: Assets/PolygonSciFiSpace/Models/SM_Veh_WarpGate_Inner_01.fbx
  artifactKey: Guid(508db200b6337654985a0a5a8e2ab568) Importer(2089858483,192608db42251d675da83286b1cce702)
Start importing Assets/PolygonSciFiSpace/Models/SM_Veh_WarpGate_Inner_01.fbx using Guid(508db200b6337654985a0a5a8e2ab568) Importer(2089858483,192608db42251d675da83286b1cce702) (ScriptedImporter) -> (artifact id: '7540bb66bbcc152d60213e036834849f') in 0.0337237 seconds
Number of updated asset objects reloaded before import = 0Number of asset objects unloaded after import = 7

========================================================================
Received Import Request.
  Time since last request: 0.000030 seconds.
  path: Assets/FishNet/CodeGenerating/cecil-0.11.4/cecil.snk
  artifactKey: Guid(71693fd731252cb4a9bd4d8abf7846c0) Importer(2089858483,192608db42251d675da83286b1cce702)
Start importing Assets/FishNet/CodeGenerating/cecil-0.11.4/cecil.snk using Guid(71693fd731252cb4a9bd4d8abf7846c0) Importer(2089858483,192608db42251d675da83286b1cce702) (ScriptedImporter) -> (artifact id: '7ccbf00d15045c2b95b05060d2294286') in 0.0062488 seconds
Number of updated asset objects reloaded before import = 0Number of asset objects unloaded after import = 1

========================================================================
Received Import Request.
  Time since last request: 0.000034 seconds.
  path: Assets/PolygonSciFiSpace/Models/SM_Prop_Wall_Panel_Small_02.fbx
  artifactKey: Guid(af240a5f17409034dbbd3ccb0dcb95b7) Importer(2089858483,192608db42251d675da83286b1cce702)
Start importing Assets/PolygonSciFiSpace/Models/SM_Prop_Wall_Panel_Small_02.fbx using Guid(af240a5f17409034dbbd3ccb0dcb95b7) Importer(2089858483,192608db42251d675da83286b1cce702) (ScriptedImporter) -> (artifact id: 'b1a2aefcdd7443571caf03deb2519b9a') in 0.0345538 seconds
Number of updated asset objects reloaded before import = 0Number of asset objects unloaded after import = 7

========================================================================
Received Import Request.
  Time since last request: 0.000039 seconds.
  path: Assets/PolygonSciFiSpace/Models/SM_Prop_Turret_Small_Floor_01.fbx
  artifactKey: Guid(3393ba5e41d68584ab0802aa906f2736) Importer(2089858483,192608db42251d675da83286b1cce702)
Start importing Assets/PolygonSciFiSpace/Models/SM_Prop_Turret_Small_Floor_01.fbx using Guid(3393ba5e41d68584ab0802aa906f2736) Importer(2089858483,192608db42251d675da83286b1cce702) (ScriptedImporter) -> (artifact id: '67c918e61d0e71500098d3ed7cde7662') in 0.0403816 seconds
Number of updated asset objects reloaded before import = 0Number of asset objects unloaded after import = 17

========================================================================
Received Import Request.
  Time since last request: 0.000027 seconds.
  path: Assets/PolygonSciFiSpace/Models/SM_Ship_Station_05.fbx
  artifactKey: Guid(0c74f1648dd0d17429734ce94bb9a954) Importer(2089858483,192608db42251d675da83286b1cce702)
Start importing Assets/PolygonSciFiSpace/Models/SM_Ship_Station_05.fbx using Guid(0c74f1648dd0d17429734ce94bb9a954) Importer(2089858483,192608db42251d675da83286b1cce702) (ScriptedImporter) -> (artifact id: 'be06b6610ca2698104bf4c56ad8b97fa') in 0.0358677 seconds
Number of updated asset objects reloaded before import = 0Number of asset objects unloaded after import = 7

========================================================================
Received Import Request.
  Time since last request: 0.000054 seconds.
  path: Assets/PolygonSciFiSpace/Models/SM_Veh_Part_Engine_01.fbx
  artifactKey: Guid(2af54348afb304a4885441cd36d1beae) Importer(2089858483,192608db42251d675da83286b1cce702)
Start importing Assets/PolygonSciFiSpace/Models/SM_Veh_Part_Engine_01.fbx using Guid(2af54348afb304a4885441cd36d1beae) Importer(2089858483,192608db42251d675da83286b1cce702) (ScriptedImporter) -> (artifact id: '0db6ac71ab51473902bb20d4f2b07b88') in 0.0452712 seconds
Number of updated asset objects reloaded before import = 0Number of asset objects unloaded after import = 7

========================================================================
Received Import Request.
  Time since last request: 0.000030 seconds.
  path: Assets/PolygonSciFiSpace/Models/SM_SignBorder_Ship_01.fbx
  artifactKey: Guid(07a776f3391dc4c4eb1d686c02e01581) Importer(2089858483,192608db42251d675da83286b1cce702)
Start importing Assets/PolygonSciFiSpace/Models/SM_SignBorder_Ship_01.fbx using Guid(07a776f3391dc4c4eb1d686c02e01581) Importer(2089858483,192608db42251d675da83286b1cce702) (ScriptedImporter) -> (artifact id: '5e09c06e43019acf2bf1d05cbde77329') in 0.042014 seconds
Number of updated asset objects reloaded before import = 0Number of asset objects unloaded after import = 7

========================================================================
Received Import Request.
  Time since last request: 0.000035 seconds.
  path: Assets/PolygonSciFiSpace/Models/SM_Ship_Fighter_05.fbx
  artifactKey: Guid(94e352ca883451f41b9ae790c282fc37) Importer(2089858483,192608db42251d675da83286b1cce702)
Start importing Assets/PolygonSciFiSpace/Models/SM_Ship_Fighter_05.fbx using Guid(94e352ca883451f41b9ae790c282fc37) Importer(2089858483,192608db42251d675da83286b1cce702) (ScriptedImporter) -> (artifact id: '0ccfa21b730de4c976566529a9f47821') in 0.0432767 seconds
Number of updated asset objects reloaded before import = 0Number of asset objects unloaded after import = 7

========================================================================
Received Import Request.
  Time since last request: 0.000036 seconds.
  path: Assets/PolygonSciFiSpace/Models/SM_Veh_Part_Engine_04.fbx
  artifactKey: Guid(5c73254c8cbe55d4da8ed9e09862b764) Importer(2089858483,192608db42251d675da83286b1cce702)
Start importing Assets/PolygonSciFiSpace/Models/SM_Veh_Part_Engine_04.fbx using Guid(5c73254c8cbe55d4da8ed9e09862b764) Importer(2089858483,192608db42251d675da83286b1cce702) (ScriptedImporter) -> (artifact id: '7c3d6c5d87728afe2ced85a28d3c7c9d') in 0.0436289 seconds
Number of updated asset objects reloaded before import = 0Number of asset objects unloaded after import = 7

========================================================================
Received Import Request.
  Time since last request: 0.000028 seconds.
  path: Assets/PolygonSciFiSpace/Models/SM_Veh_Part_Wing_014.fbx
  artifactKey: Guid(51099d27f4608d34196d4c566f1bff08) Importer(2089858483,192608db42251d675da83286b1cce702)
Start importing Assets/PolygonSciFiSpace/Models/SM_Veh_Part_Wing_014.fbx using Guid(51099d27f4608d34196d4c566f1bff08) Importer(2089858483,192608db42251d675da83286b1cce702) (ScriptedImporter) -> (artifact id: '670bf26cceb50f5eb4a22ec59c82bc3f') in 0.0276276 seconds
Number of updated asset objects reloaded before import = 0Number of asset objects unloaded after import = 7

========================================================================
Received Import Request.
  Time since last request: 0.000031 seconds.
  path: Assets/PolygonSciFiSpace/Shaders/SyntyStudios_Triplanar_ObjectSpace.shader
  artifactKey: Guid(461640c605bbae241a38e2763bcaf258) Importer(2089858483,192608db42251d675da83286b1cce702)
Start importing Assets/PolygonSciFiSpace/Shaders/SyntyStudios_Triplanar_ObjectSpace.shader using Guid(461640c605bbae241a38e2763bcaf258) Importer(2089858483,192608db42251d675da83286b1cce702) (ScriptedImporter) -> (artifact id: 'd29090891187da979ffa45aecbf30172') in 0.0163949 seconds
Number of updated asset objects reloaded before import = 0Number of asset objects unloaded after import = 1

========================================================================
Received Import Request.
  Time since last request: 0.000042 seconds.
  path: Assets/PolygonSciFiSpace/Models/SM_Veh_Beacon_01.fbx
  artifactKey: Guid(551ab40cc39f6134e90d9ce7509bab50) Importer(2089858483,192608db42251d675da83286b1cce702)
Start importing Assets/PolygonSciFiSpace/Models/SM_Veh_Beacon_01.fbx using Guid(551ab40cc39f6134e90d9ce7509bab50) Importer(2089858483,192608db42251d675da83286b1cce702) (ScriptedImporter) -> (artifact id: '719eb552d473108e32c5d6357a6bcf17') in 0.027645 seconds
Number of updated asset objects reloaded before import = 0Number of asset objects unloaded after import = 7

========================================================================
Received Import Request.
  Time since last request: 0.000029 seconds.
  path: Assets/PolygonSciFiSpace/Models/SM_Veh_Part_Cockpit_02.fbx
  artifactKey: Guid(5608196a7bfe7eb45832c214ec1ca0dd) Importer(2089858483,192608db42251d675da83286b1cce702)
Start importing Assets/PolygonSciFiSpace/Models/SM_Veh_Part_Cockpit_02.fbx using Guid(5608196a7bfe7eb45832c214ec1ca0dd) Importer(2089858483,192608db42251d675da83286b1cce702) (ScriptedImporter) -> (artifact id: '96a0c979882129b6335f8d97fc159d0d') in 0.0356959 seconds
Number of updated asset objects reloaded before import = 0Number of asset objects unloaded after import = 7

========================================================================
Received Import Request.
  Time since last request: 0.000021 seconds.
  path: Assets/PolygonSciFiSpace/Models/SM_SignBorder_Ammo_01.fbx
  artifactKey: Guid(77724f92036adbe41b0ba469fa649d79) Importer(2089858483,192608db42251d675da83286b1cce702)
Start importing Assets/PolygonSciFiSpace/Models/SM_SignBorder_Ammo_01.fbx using Guid(77724f92036adbe41b0ba469fa649d79) Importer(2089858483,192608db42251d675da83286b1cce702) (ScriptedImporter) -> (artifact id: '1596fb0843d544ec1e21e3286bf3da7d') in 0.0448317 seconds
Number of updated asset objects reloaded before import = 0Number of asset objects unloaded after import = 7

========================================================================
Received Import Request.
  Time since last request: 0.000046 seconds.
  path: Assets/Fate/Scenes/AssetDemo/Demo_Exterior.unity
  artifactKey: Guid(8d4043a043984ed449c9275449e8a0a4) Importer(2089858483,192608db42251d675da83286b1cce702)
Start importing Assets/Fate/Scenes/AssetDemo/Demo_Exterior.unity using Guid(8d4043a043984ed449c9275449e8a0a4) Importer(2089858483,192608db42251d675da83286b1cce702) (ScriptedImporter) -> (artifact id: '9d5664d3fce4213f447192afb7011976') in 0.0774647 seconds
Number of updated asset objects reloaded before import = 0Number of asset objects unloaded after import = 1

========================================================================
Received Import Request.
  Time since last request: 0.000044 seconds.
  path: Assets/PolygonSciFiSpace/Textures/PolygonSciFiSpace_Signs_Texture_01_F.png
  artifactKey: Guid(c175b3223c68a814fb20cba9989cafbd) Importer(2089858483,192608db42251d675da83286b1cce702)
Start importing Assets/PolygonSciFiSpace/Textures/PolygonSciFiSpace_Signs_Texture_01_F.png using Guid(c175b3223c68a814fb20cba9989cafbd) Importer(2089858483,192608db42251d675da83286b1cce702) (ScriptedImporter) -> (artifact id: '3e18f3df44b4d03ef27c0a4fdb5126e5') in 0.0296319 seconds
Number of updated asset objects reloaded before import = 0Number of asset objects unloaded after import = 1

========================================================================
Received Import Request.
  Time since last request: 0.000032 seconds.
  path: Assets/PolygonSciFiSpace/Models/SM_Veh_WarpGate_Outer_01.fbx
  artifactKey: Guid(12ab38a43d28b974ca4f578f147b63b5) Importer(2089858483,192608db42251d675da83286b1cce702)
Start importing Assets/PolygonSciFiSpace/Models/SM_Veh_WarpGate_Outer_01.fbx using Guid(12ab38a43d28b974ca4f578f147b63b5) Importer(2089858483,192608db42251d675da83286b1cce702) (ScriptedImporter) -> (artifact id: '957ef4dcdc03e16f5bfe5644b58c43f7') in 0.0425039 seconds
Number of updated asset objects reloaded before import = 0Number of asset objects unloaded after import = 7

========================================================================
Received Import Request.
  Time since last request: 0.000022 seconds.
  path: Assets/PolygonSciFiSpace/Models/SM_Wep_Sword_Double_01.fbx
  artifactKey: Guid(5a60f355d04366240bd7b0c1cb8e22f3) Importer(2089858483,192608db42251d675da83286b1cce702)
Start importing Assets/PolygonSciFiSpace/Models/SM_Wep_Sword_Double_01.fbx using Guid(5a60f355d04366240bd7b0c1cb8e22f3) Importer(2089858483,192608db42251d675da83286b1cce702) (ScriptedImporter) -> (artifact id: 'a77c578bd6bce24c974edabbb59868f3') in 0.0372755 seconds
Number of updated asset objects reloaded before import = 0Number of asset objects unloaded after import = 12

========================================================================
Received Import Request.
  Time since last request: 0.000027 seconds.
  path: Assets/PolygonSciFiSpace/Models/SM_SignBorder_Number_08.fbx
  artifactKey: Guid(60522f1bcd9f95540aacc6342d821e9c) Importer(2089858483,192608db42251d675da83286b1cce702)
Start importing Assets/PolygonSciFiSpace/Models/SM_SignBorder_Number_08.fbx using Guid(60522f1bcd9f95540aacc6342d821e9c) Importer(2089858483,192608db42251d675da83286b1cce702) (ScriptedImporter) -> (artifact id: 'e4acc297c36727e5ac2e1130df907ccd') in 0.0358074 seconds
Number of updated asset objects reloaded before import = 0Number of asset objects unloaded after import = 7

========================================================================
Received Import Request.
  Time since last request: 0.000066 seconds.
  path: Assets/PolygonSciFiSpace/Textures/PolygonSciFiSpace_Ship_Mask_04.png
  artifactKey: Guid(d340de18a860459479dc501ad8a6bec7) Importer(2089858483,192608db42251d675da83286b1cce702)
Start importing Assets/PolygonSciFiSpace/Textures/PolygonSciFiSpace_Ship_Mask_04.png using Guid(d340de18a860459479dc501ad8a6bec7) Importer(2089858483,192608db42251d675da83286b1cce702) (ScriptedImporter) -> (artifact id: '33d353992edbcdf020efd7e4e592364e') in 0.0285439 seconds
Number of updated asset objects reloaded before import = 0Number of asset objects unloaded after import = 1

========================================================================
Received Import Request.
  Time since last request: 0.000029 seconds.
  path: Assets/PolygonSciFiSpace/Models/SM_Ship_Station_06.fbx
  artifactKey: Guid(f3959e554359efa45a7d08e67b5539dd) Importer(2089858483,192608db42251d675da83286b1cce702)
Start importing Assets/PolygonSciFiSpace/Models/SM_Ship_Station_06.fbx using Guid(f3959e554359efa45a7d08e67b5539dd) Importer(2089858483,192608db42251d675da83286b1cce702) (ScriptedImporter) -> (artifact id: '2e80b825c19817eb85639309b7abad0d') in 0.0283608 seconds
Number of updated asset objects reloaded before import = 0Number of asset objects unloaded after import = 7

========================================================================
Received Import Request.
  Time since last request: 0.000022 seconds.
  path: Assets/FishNet/Runtime/Serializing/GenericReader.cs
  artifactKey: Guid(2a02167b94bcdd84da90bbcf5d6ad649) Importer(2089858483,192608db42251d675da83286b1cce702)
Start importing Assets/FishNet/Runtime/Serializing/GenericReader.cs using Guid(2a02167b94bcdd84da90bbcf5d6ad649) Importer(2089858483,192608db42251d675da83286b1cce702) (ScriptedImporter) -> (artifact id: 'd892c40d00695c32d1acbc71973af0b5') in 0.0079132 seconds
Number of updated asset objects reloaded before import = 0Number of asset objects unloaded after import = 0

========================================================================
Received Import Request.
  Time since last request: 0.000032 seconds.
  path: Assets/FishNet/CodeGenerating/ILCore/FishNetILPP.cs
  artifactKey: Guid(f03d76b376c1d5b4591039af6fd4c9e0) Importer(2089858483,192608db42251d675da83286b1cce702)
Start importing Assets/FishNet/CodeGenerating/ILCore/FishNetILPP.cs using Guid(f03d76b376c1d5b4591039af6fd4c9e0) Importer(2089858483,192608db42251d675da83286b1cce702) (ScriptedImporter) -> (artifact id: 'e6bb97c5ec161dcd5a1047d4445c7c51') in 0.0120488 seconds
Number of updated asset objects reloaded before import = 0Number of asset objects unloaded after import = 0

========================================================================
Received Import Request.
  Time since last request: 0.000053 seconds.
  path: Assets/FishNet/Runtime/Serializing/WriterStatics.cs
  artifactKey: Guid(264951af6d87de34e8809b550a7956b1) Importer(2089858483,192608db42251d675da83286b1cce702)
Start importing Assets/FishNet/Runtime/Serializing/WriterStatics.cs using Guid(264951af6d87de34e8809b550a7956b1) Importer(2089858483,192608db42251d675da83286b1cce702) (ScriptedImporter) -> (artifact id: 'e56d392977ef52c72a4490a02a3994da') in 0.0088746 seconds
Number of updated asset objects reloaded before import = 0Number of asset objects unloaded after import = 0

========================================================================
Received Import Request.
  Time since last request: 0.000031 seconds.
  path: Assets/FishNet/Runtime/Editor/ScriptingDefines.cs
  artifactKey: Guid(893e5074d486a0e4aaf7803436fef791) Importer(2089858483,192608db42251d675da83286b1cce702)
Start importing Assets/FishNet/Runtime/Editor/ScriptingDefines.cs using Guid(893e5074d486a0e4aaf7803436fef791) Importer(2089858483,192608db42251d675da83286b1cce702) (ScriptedImporter) -> (artifact id: '87260ff6e128ad6e995fff0aebdc3a7f') in 0.0105639 seconds
Number of updated asset objects reloaded before import = 0Number of asset objects unloaded after import = 0

========================================================================
Received Import Request.
  Time since last request: 0.000026 seconds.
  path: Assets/FishNet/Runtime/Object/TransformPropertiesFlag.cs
  artifactKey: Guid(67f9d37271d2b6747a71993367895814) Importer(2089858483,192608db42251d675da83286b1cce702)
Start importing Assets/FishNet/Runtime/Object/TransformPropertiesFlag.cs using Guid(67f9d37271d2b6747a71993367895814) Importer(2089858483,192608db42251d675da83286b1cce702) (ScriptedImporter) -> (artifact id: '53f6ede98422cb4ab752e8a692ba4127') in 0.0101946 seconds
Number of updated asset objects reloaded before import = 0Number of asset objects unloaded after import = 0

========================================================================
Received Import Request.
  Time since last request: 0.000036 seconds.
  path: Assets/Online_FPS_TPS_KIT/Models/Weapons/N4_Rifle.fbx
  artifactKey: Guid(6fc275a2d11b5104fbd33e6776f4cc0c) Importer(2089858483,192608db42251d675da83286b1cce702)
Start importing Assets/Online_FPS_TPS_KIT/Models/Weapons/N4_Rifle.fbx using Guid(6fc275a2d11b5104fbd33e6776f4cc0c) Importer(2089858483,192608db42251d675da83286b1cce702) (ScriptedImporter) -> (artifact id: '80cc01d29f1aa9dc941b510152e269a3') in 0.0759005 seconds
Number of updated asset objects reloaded before import = 0Number of asset objects unloaded after import = 75

========================================================================
Received Import Request.
  Time since last request: 0.000036 seconds.
  path: Assets/FishNet/CodeGenerating/Processing/WriterProcessor.cs
  artifactKey: Guid(2a4021bd44dc40f47abb494e0a4326f9) Importer(2089858483,192608db42251d675da83286b1cce702)
Start importing Assets/FishNet/CodeGenerating/Processing/WriterProcessor.cs using Guid(2a4021bd44dc40f47abb494e0a4326f9) Importer(2089858483,192608db42251d675da83286b1cce702) (ScriptedImporter) -> (artifact id: 'e07b61120f37bb8959136a5a39c3735f') in 0.0077859 seconds
Number of updated asset objects reloaded before import = 0Number of asset objects unloaded after import = 0

========================================================================
Received Import Request.
  Time since last request: 0.000025 seconds.
  path: Assets/FishNet/Runtime/Observing/NetworkObserver.Rework.cs
  artifactKey: Guid(c8dfd3072b1d3414d8833438b8c2b258) Importer(2089858483,192608db42251d675da83286b1cce702)
Start importing Assets/FishNet/Runtime/Observing/NetworkObserver.Rework.cs using Guid(c8dfd3072b1d3414d8833438b8c2b258) Importer(2089858483,192608db42251d675da83286b1cce702) (ScriptedImporter) -> (artifact id: '426acb4f923d22ad820ced76afd84594') in 0.0106769 seconds
Number of updated asset objects reloaded before import = 0Number of asset objects unloaded after import = 1

========================================================================
Received Import Request.
  Time since last request: 0.000031 seconds.
  path: Assets/FishNet/Runtime/Broadcast/IBroadcast.cs
  artifactKey: Guid(88ec864df25feed49bdcdab7f880531d) Importer(2089858483,192608db42251d675da83286b1cce702)
Start importing Assets/FishNet/Runtime/Broadcast/IBroadcast.cs using Guid(88ec864df25feed49bdcdab7f880531d) Importer(2089858483,192608db42251d675da83286b1cce702) (ScriptedImporter) -> (artifact id: '90a8163a1f9ca3258f2e0808a2bf675a') in 0.0089943 seconds
Number of updated asset objects reloaded before import = 0Number of asset objects unloaded after import = 0

========================================================================
Received Import Request.
  Time since last request: 0.000027 seconds.
  path: Assets/Online_FPS_TPS_KIT/Models/Character/HandsMask.mask
  artifactKey: Guid(07742e82c2180e34fa279126b9b490ac) Importer(2089858483,192608db42251d675da83286b1cce702)
Start importing Assets/Online_FPS_TPS_KIT/Models/Character/HandsMask.mask using Guid(07742e82c2180e34fa279126b9b490ac) Importer(2089858483,192608db42251d675da83286b1cce702) (ScriptedImporter) -> (artifact id: '61b4bed8ddc1d3a6520735fe1f809b47') in 0.0084384 seconds
Number of updated asset objects reloaded before import = 0Number of asset objects unloaded after import = 1

========================================================================
Received Import Request.
  Time since last request: 0.000029 seconds.
  path: Assets/FishNet/Runtime/Connection/OldTickOption.cs
  artifactKey: Guid(139cb2731a4787e47919ef19010d7953) Importer(2089858483,192608db42251d675da83286b1cce702)
Start importing Assets/FishNet/Runtime/Connection/OldTickOption.cs using Guid(139cb2731a4787e47919ef19010d7953) Importer(2089858483,192608db42251d675da83286b1cce702) (ScriptedImporter) -> (artifact id: '16b67a33efdb1c89bb2c3271d40c713f') in 0.0064516 seconds
Number of updated asset objects reloaded before import = 0Number of asset objects unloaded after import = 0

========================================================================
Received Import Request.
  Time since last request: 0.000052 seconds.
  path: Assets/FishNet/Runtime/Managing/NetworkManager.QOL.cs
  artifactKey: Guid(5761633dda73e7447a3a41b87354d06e) Importer(2089858483,192608db42251d675da83286b1cce702)
Start importing Assets/FishNet/Runtime/Managing/NetworkManager.QOL.cs using Guid(5761633dda73e7447a3a41b87354d06e) Importer(2089858483,192608db42251d675da83286b1cce702) (ScriptedImporter) -> (artifact id: 'd627570811fb4506d68538660c89bfac') in 0.0065759 seconds
Number of updated asset objects reloaded before import = 0Number of asset objects unloaded after import = 0

========================================================================
Received Import Request.
  Time since last request: 0.000031 seconds.
  path: Assets/FishNet/CodeGenerating/Helpers/CodegenSession.cs
  artifactKey: Guid(3e8416eee3308f54fa942003de975420) Importer(2089858483,192608db42251d675da83286b1cce702)
Start importing Assets/FishNet/CodeGenerating/Helpers/CodegenSession.cs using Guid(3e8416eee3308f54fa942003de975420) Importer(2089858483,192608db42251d675da83286b1cce702) (ScriptedImporter) -> (artifact id: 'b54b4472c7f1fb9a63730742fadee226') in 0.0115866 seconds
Number of updated asset objects reloaded before import = 0Number of asset objects unloaded after import = 0

========================================================================
Received Import Request.
  Time since last request: 0.000027 seconds.
  path: Assets/FishNet/CodeGenerating/Extension/TypeDefinitionExtensions.cs
  artifactKey: Guid(c9f00cf3dc8b90b469c3c9cb8b87fc88) Importer(2089858483,192608db42251d675da83286b1cce702)
Start importing Assets/FishNet/CodeGenerating/Extension/TypeDefinitionExtensions.cs using Guid(c9f00cf3dc8b90b469c3c9cb8b87fc88) Importer(2089858483,192608db42251d675da83286b1cce702) (ScriptedImporter) -> (artifact id: 'df09a5010d24d2b21c33cfc528dc340e') in 0.0068228 seconds
Number of updated asset objects reloaded before import = 0Number of asset objects unloaded after import = 0

========================================================================
Received Import Request.
  Time since last request: 0.000024 seconds.
  path: Assets/FishNet/Runtime/Managing/NetworkManager.Pro.cs
  artifactKey: Guid(cb7fdb186794b674788273f3b211ec5b) Importer(2089858483,192608db42251d675da83286b1cce702)
Start importing Assets/FishNet/Runtime/Managing/NetworkManager.Pro.cs using Guid(cb7fdb186794b674788273f3b211ec5b) Importer(2089858483,192608db42251d675da83286b1cce702) (ScriptedImporter) -> (artifact id: 'b11727b87fb5c3404da3aed71c998397') in 0.0082753 seconds
Number of updated asset objects reloaded before import = 0Number of asset objects unloaded after import = 0

========================================================================
Received Import Request.
  Time since last request: 0.000029 seconds.
  path: Assets/FishNet/Runtime/Authenticating/Authenticator.cs
  artifactKey: Guid(a9adfb82407774645a1f455ceb9298f9) Importer(2089858483,192608db42251d675da83286b1cce702)
Start importing Assets/FishNet/Runtime/Authenticating/Authenticator.cs using Guid(a9adfb82407774645a1f455ceb9298f9) Importer(2089858483,192608db42251d675da83286b1cce702) (ScriptedImporter) -> (artifact id: '52545539c0957f1ba389cf41958fc03e') in 0.007758 seconds
Number of updated asset objects reloaded before import = 0Number of asset objects unloaded after import = 0

========================================================================
Received Import Request.
  Time since last request: 0.000051 seconds.
  path: Assets/Online_FPS_TPS_KIT/Models/Weapons/P6_SMG.fbx
  artifactKey: Guid(9760a6103e79cda4aa6ef3c40161b173) Importer(2089858483,192608db42251d675da83286b1cce702)
Start importing Assets/Online_FPS_TPS_KIT/Models/Weapons/P6_SMG.fbx using Guid(9760a6103e79cda4aa6ef3c40161b173) Importer(2089858483,192608db42251d675da83286b1cce702) (ScriptedImporter) -> (artifact id: '0277e0e925a93b371ffc14e2dde6cfc5') in 0.0992163 seconds
Number of updated asset objects reloaded before import = 0Number of asset objects unloaded after import = 50

========================================================================
Received Import Request.
  Time since last request: 0.000059 seconds.
  path: Assets/FishNet/Runtime/Managing/NetworkManager.ObjectPooling.cs
  artifactKey: Guid(a5f425d13e7c7d648971c4d6c85af23b) Importer(2089858483,192608db42251d675da83286b1cce702)
Start importing Assets/FishNet/Runtime/Managing/NetworkManager.ObjectPooling.cs using Guid(a5f425d13e7c7d648971c4d6c85af23b) Importer(2089858483,192608db42251d675da83286b1cce702) (ScriptedImporter) -> (artifact id: 'f68698e14fb2699cf352b0ec0242e276') in 0.0191464 seconds
Number of updated asset objects reloaded before import = 0Number of asset objects unloaded after import = 1

========================================================================
Received Import Request.
  Time since last request: 0.000051 seconds.
  path: Assets/Online_FPS_TPS_KIT/Materials/DmArenaMaterials/FloorDMArena.mat
  artifactKey: Guid(02aeecbaff1df4f438090ff159c7f0b2) Importer(2089858483,192608db42251d675da83286b1cce702)
Start importing Assets/Online_FPS_TPS_KIT/Materials/DmArenaMaterials/FloorDMArena.mat using Guid(02aeecbaff1df4f438090ff159c7f0b2) Importer(2089858483,192608db42251d675da83286b1cce702) (ScriptedImporter) -> (artifact id: '8e023113d2348e6d7b451f2891c562f1') in 0.0345103 seconds
Number of updated asset objects reloaded before import = 0Number of asset objects unloaded after import = 2

========================================================================
Received Import Request.
  Time since last request: 0.000029 seconds.
  path: Assets/PolygonSciFiSpace/Models/SM_Ship_Cruiser_01.fbx
  artifactKey: Guid(3fa985975343a5a41a6756e9a237ca39) Importer(2089858483,192608db42251d675da83286b1cce702)
Start importing Assets/PolygonSciFiSpace/Models/SM_Ship_Cruiser_01.fbx using Guid(3fa985975343a5a41a6756e9a237ca39) Importer(2089858483,192608db42251d675da83286b1cce702) (ScriptedImporter) -> (artifact id: '23dcc8779ca83d216dbdf3dff00da5ff') in 0.0476784 seconds
Number of updated asset objects reloaded before import = 0Number of asset objects unloaded after import = 7

========================================================================
Received Import Request.
  Time since last request: 0.000036 seconds.
  path: Assets/PolygonSciFiSpace/Models/SM_Ship_Bomber_02.fbx
  artifactKey: Guid(dba382466f606a74087ed6ac1c02271d) Importer(2089858483,192608db42251d675da83286b1cce702)
Start importing Assets/PolygonSciFiSpace/Models/SM_Ship_Bomber_02.fbx using Guid(dba382466f606a74087ed6ac1c02271d) Importer(2089858483,192608db42251d675da83286b1cce702) (ScriptedImporter) -> (artifact id: '9262a3a6bab4f2a65ca67bb3af5c8656') in 0.0531303 seconds
Number of updated asset objects reloaded before import = 0Number of asset objects unloaded after import = 7

========================================================================
Received Import Request.
  Time since last request: 0.000051 seconds.
  path: Assets/FishNet/Runtime/Serializing/Writer.cs
  artifactKey: Guid(e2633f927065d9d43b8a4da09240266c) Importer(2089858483,192608db42251d675da83286b1cce702)
Start importing Assets/FishNet/Runtime/Serializing/Writer.cs using Guid(e2633f927065d9d43b8a4da09240266c) Importer(2089858483,192608db42251d675da83286b1cce702) (ScriptedImporter) -> (artifact id: '1ba1e36f79b42ff2ac562804acbcf502') in 0.0153548 seconds
Number of updated asset objects reloaded before import = 0Number of asset objects unloaded after import = 0

========================================================================
Received Import Request.
  Time since last request: 0.000034 seconds.
  path: Assets/Online_FPS_TPS_KIT/Materials/DmArenaMaterials/ObjectsDmArena.mat
  artifactKey: Guid(bc8dd365ee1549042ad70cc91cecdbd5) Importer(2089858483,192608db42251d675da83286b1cce702)
Start importing Assets/Online_FPS_TPS_KIT/Materials/DmArenaMaterials/ObjectsDmArena.mat using Guid(bc8dd365ee1549042ad70cc91cecdbd5) Importer(2089858483,192608db42251d675da83286b1cce702) (ScriptedImporter) -> (artifact id: '4b3d0c56ac71e13e1d5026d9a4570ecb') in 0.0183532 seconds
Number of updated asset objects reloaded before import = 0Number of asset objects unloaded after import = 2

========================================================================
Received Import Request.
  Time since last request: 0.000033 seconds.
  path: Assets/PolygonSciFiSpace/Textures/PolygonSciFiSpace_Signs_Texture_01_D.png
  artifactKey: Guid(95017ad3addde9743bf42af0ab900f68) Importer(2089858483,192608db42251d675da83286b1cce702)
Start importing Assets/PolygonSciFiSpace/Textures/PolygonSciFiSpace_Signs_Texture_01_D.png using Guid(95017ad3addde9743bf42af0ab900f68) Importer(2089858483,192608db42251d675da83286b1cce702) (ScriptedImporter) -> (artifact id: 'dc3311b9160b822d54b876efe34d3f4c') in 0.0345347 seconds
Number of updated asset objects reloaded before import = 0Number of asset objects unloaded after import = 1

========================================================================
Received Import Request.
  Time since last request: 0.000040 seconds.
  path: Assets/FishNet/Demos/ColliderRollback/ReadMe.txt
  artifactKey: Guid(683b83b178f491a479b732df31da7ade) Importer(2089858483,192608db42251d675da83286b1cce702)
Start importing Assets/FishNet/Demos/ColliderRollback/ReadMe.txt using Guid(683b83b178f491a479b732df31da7ade) Importer(2089858483,192608db42251d675da83286b1cce702) (ScriptedImporter) -> (artifact id: '61a3dd64704d078fe46227e4d5d757bd') in 0.0098953 seconds
Number of updated asset objects reloaded before import = 0Number of asset objects unloaded after import = 1

========================================================================
Received Import Request.
  Time since last request: 0.000053 seconds.
  path: Assets/PolygonSciFiSpace/Models/SM_Veh_Part_Misc_07.fbx
  artifactKey: Guid(296081b3549a5044d9a650bb8ac211d0) Importer(2089858483,192608db42251d675da83286b1cce702)
Start importing Assets/PolygonSciFiSpace/Models/SM_Veh_Part_Misc_07.fbx using Guid(296081b3549a5044d9a650bb8ac211d0) Importer(2089858483,192608db42251d675da83286b1cce702) (ScriptedImporter) -> (artifact id: '821965e7e657a29b7ff80b6768ee2a31') in 0.0533808 seconds
Number of updated asset objects reloaded before import = 0Number of asset objects unloaded after import = 7

========================================================================
Received Import Request.
  Time since last request: 0.000038 seconds.
  path: Assets/FishNet/Runtime/Serializing/GenericDeltaReader.cs
  artifactKey: Guid(4024d774dc58c64409f498ad4f406ce9) Importer(2089858483,192608db42251d675da83286b1cce702)
Start importing Assets/FishNet/Runtime/Serializing/GenericDeltaReader.cs using Guid(4024d774dc58c64409f498ad4f406ce9) Importer(2089858483,192608db42251d675da83286b1cce702) (ScriptedImporter) -> (artifact id: '9975dd0721053f32f73a5f22824ac9c7') in 0.1403503 seconds
Number of updated asset objects reloaded before import = 0Number of asset objects unloaded after import = 0

========================================================================
Received Import Request.
  Time since last request: 0.000108 seconds.
  path: Assets/PolygonSciFiSpace/Models/SM_SignBorder_Science_01.fbx
  artifactKey: Guid(a8ac322f9eb131b4f8538c81607426ab) Importer(2089858483,192608db42251d675da83286b1cce702)
Start importing Assets/PolygonSciFiSpace/Models/SM_SignBorder_Science_01.fbx using Guid(a8ac322f9eb131b4f8538c81607426ab) Importer(2089858483,192608db42251d675da83286b1cce702) (ScriptedImporter) -> (artifact id: '9fe6d0add4e08e0e0f84b1d8e9d0e8d9') in 0.0477128 seconds
Number of updated asset objects reloaded before import = 0Number of asset objects unloaded after import = 7

========================================================================
Received Import Request.
  Time since last request: 0.000046 seconds.
  path: Assets/Polygon Arsenal/Demo/Scripts/PolygonBeamScript.cs
  artifactKey: Guid(e948078d20c9c95428422d457dc24914) Importer(2089858483,192608db42251d675da83286b1cce702)
Start importing Assets/Polygon Arsenal/Demo/Scripts/PolygonBeamScript.cs using Guid(e948078d20c9c95428422d457dc24914) Importer(2089858483,192608db42251d675da83286b1cce702) (ScriptedImporter) -> (artifact id: '07730c73049c32583f1d8604d1e32e11') in 0.0137334 seconds
Number of updated asset objects reloaded before import = 0Number of asset objects unloaded after import = 0

========================================================================
Received Import Request.
  Time since last request: 0.000029 seconds.
  path: Assets/Online_FPS_TPS_KIT/Scripts/WeaponScripts/BoltAnimation.cs
  artifactKey: Guid(fece96bf699ab4a41ab7d8a6d8705c55) Importer(2089858483,192608db42251d675da83286b1cce702)
Start importing Assets/Online_FPS_TPS_KIT/Scripts/WeaponScripts/BoltAnimation.cs using Guid(fece96bf699ab4a41ab7d8a6d8705c55) Importer(2089858483,192608db42251d675da83286b1cce702) (ScriptedImporter) -> (artifact id: '93bba7f656e171eccfad1fe6eb5670bd') in 0.0126994 seconds
Number of updated asset objects reloaded before import = 0Number of asset objects unloaded after import = 0

========================================================================
Received Import Request.
  Time since last request: 0.000041 seconds.
  path: Assets/Online_FPS_TPS_KIT/Scripts/EventsSystem/AnimationState.cs
  artifactKey: Guid(90840d0e8f2ce57478010081923e609b) Importer(2089858483,192608db42251d675da83286b1cce702)
Start importing Assets/Online_FPS_TPS_KIT/Scripts/EventsSystem/AnimationState.cs using Guid(90840d0e8f2ce57478010081923e609b) Importer(2089858483,192608db42251d675da83286b1cce702) (ScriptedImporter) -> (artifact id: '775bbe8f2048c099dd84b8d330c2f535') in 0.0115196 seconds
Number of updated asset objects reloaded before import = 0Number of asset objects unloaded after import = 0

========================================================================
Received Import Request.
  Time since last request: 0.000104 seconds.
  path: Assets/Online_FPS_TPS_KIT/Shaders/WeaponSights/RedDotShader.shadergraph
  artifactKey: Guid(46c96878d56dd2e449eb1143ac5b01a1) Importer(2089858483,192608db42251d675da83286b1cce702)
Start importing Assets/Online_FPS_TPS_KIT/Shaders/WeaponSights/RedDotShader.shadergraph using Guid(46c96878d56dd2e449eb1143ac5b01a1) Importer(2089858483,192608db42251d675da83286b1cce702) (ScriptedImporter) -> (artifact id: '53c3bc171279ece1ed6ac6d5b129c177') in 0.0364422 seconds
Number of updated asset objects reloaded before import = 0Number of asset objects unloaded after import = 4

========================================================================
Received Import Request.
  Time since last request: 0.000059 seconds.
  path: Assets/Online_FPS_TPS_KIT/Scripts/WeaponScripts/WeaponPickupNetwork.cs
  artifactKey: Guid(8eaa162d5a934e14ea805d3d76c49170) Importer(2089858483,192608db42251d675da83286b1cce702)
Start importing Assets/Online_FPS_TPS_KIT/Scripts/WeaponScripts/WeaponPickupNetwork.cs using Guid(8eaa162d5a934e14ea805d3d76c49170) Importer(2089858483,192608db42251d675da83286b1cce702) (ScriptedImporter) -> (artifact id: 'c6151c39ed9b952fdd6acfee6fd84668') in 0.0280087 seconds
Number of updated asset objects reloaded before import = 0Number of asset objects unloaded after import = 0

========================================================================
Received Import Request.
  Time since last request: 0.000037 seconds.
  path: Assets/Polygon Arsenal/Materials/Sprites/PolySlash02.mat
  artifactKey: Guid(f75a693c3feb85a46b4e913178adcd4e) Importer(2089858483,192608db42251d675da83286b1cce702)
Start importing Assets/Polygon Arsenal/Materials/Sprites/PolySlash02.mat using Guid(f75a693c3feb85a46b4e913178adcd4e) Importer(2089858483,192608db42251d675da83286b1cce702) (ScriptedImporter) -> (artifact id: 'da9623de362a1996324a8fb247c40269') in 0.032854 seconds
Number of updated asset objects reloaded before import = 0Number of asset objects unloaded after import = 2

========================================================================
Received Import Request.
  Time since last request: 0.000103 seconds.
  path: Assets/Polygon Arsenal/Prefabs/Misc/LightningFan.prefab
  artifactKey: Guid(38fcfd153d66bb24e8f22db0897badf6) Importer(2089858483,192608db42251d675da83286b1cce702)
Start importing Assets/Polygon Arsenal/Prefabs/Misc/LightningFan.prefab using Guid(38fcfd153d66bb24e8f22db0897badf6) Importer(2089858483,192608db42251d675da83286b1cce702) (ScriptedImporter) -> (artifact id: '3b41d7c5b92eda9ba123356c0680d85a') in 0.3130596 seconds
Number of updated asset objects reloaded before import = 0Number of asset objects unloaded after import = 29

========================================================================
Received Import Request.
  Time since last request: 0.000052 seconds.
  path: Assets/Polygon Arsenal/Materials/Solids/PolySolidVolcanic.mat
  artifactKey: Guid(368c98277473f5a4ca5a7a195f45d620) Importer(2089858483,192608db42251d675da83286b1cce702)
Start importing Assets/Polygon Arsenal/Materials/Solids/PolySolidVolcanic.mat using Guid(368c98277473f5a4ca5a7a195f45d620) Importer(2089858483,192608db42251d675da83286b1cce702) (ScriptedImporter) -> (artifact id: '2185d1de4cb255139f8e234477a6de9c') in 0.0144203 seconds
Number of updated asset objects reloaded before import = 0Number of asset objects unloaded after import = 1

========================================================================
Received Import Request.
  Time since last request: 0.000036 seconds.
  path: Assets/Polygon Arsenal/Prefabs/Misc/HeavyArtsyExplosion.prefab
  artifactKey: Guid(402f358838e179041b967637929ffd82) Importer(2089858483,192608db42251d675da83286b1cce702)
Start importing Assets/Polygon Arsenal/Prefabs/Misc/HeavyArtsyExplosion.prefab using Guid(402f358838e179041b967637929ffd82) Importer(2089858483,192608db42251d675da83286b1cce702) (ScriptedImporter) -> (artifact id: '91041f1094bf780906a616384c750500') in 0.248051 seconds
Number of updated asset objects reloaded before import = 0Number of asset objects unloaded after import = 16

========================================================================
Received Import Request.
  Time since last request: 0.000043 seconds.
  path: Assets/Polygon Arsenal/Materials/Sprites/PolySpriteRingGlowSharp_ADD.mat
  artifactKey: Guid(9c4a68216d311c148902811d23c483a1) Importer(2089858483,192608db42251d675da83286b1cce702)
Start importing Assets/Polygon Arsenal/Materials/Sprites/PolySpriteRingGlowSharp_ADD.mat using Guid(9c4a68216d311c148902811d23c483a1) Importer(2089858483,192608db42251d675da83286b1cce702) (ScriptedImporter) -> (artifact id: 'b6c59f86d052761048c2f9bbea0c96b2') in 0.0192941 seconds
Number of updated asset objects reloaded before import = 0Number of asset objects unloaded after import = 2

========================================================================
Received Import Request.
  Time since last request: 0.000056 seconds.
  path: Assets/Online_FPS_TPS_KIT/Scripts/Player/CameraController.cs
  artifactKey: Guid(555cf2cf097da584d81dc84734d22796) Importer(2089858483,192608db42251d675da83286b1cce702)
Start importing Assets/Online_FPS_TPS_KIT/Scripts/Player/CameraController.cs using Guid(555cf2cf097da584d81dc84734d22796) Importer(2089858483,192608db42251d675da83286b1cce702) (ScriptedImporter) -> (artifact id: '77e677d8e54d5e8b3ae605ea78493686') in 0.0148148 seconds
Number of updated asset objects reloaded before import = 0Number of asset objects unloaded after import = 0

========================================================================
Received Import Request.
  Time since last request: 0.000030 seconds.
  path: Assets/Polygon Arsenal/Prefabs/Misc/Nova.prefab
  artifactKey: Guid(789737b1f45760f4fb28abb14225d939) Importer(2089858483,192608db42251d675da83286b1cce702)
Start importing Assets/Polygon Arsenal/Prefabs/Misc/Nova.prefab using Guid(789737b1f45760f4fb28abb14225d939) Importer(2089858483,192608db42251d675da83286b1cce702) (ScriptedImporter) -> (artifact id: '01f991342c59a34eec6a15cc4ac8ba79') in 0.1288804 seconds
Number of updated asset objects reloaded before import = 0Number of asset objects unloaded after import = 7

========================================================================
Received Import Request.
  Time since last request: 0.000040 seconds.
  path: Assets/Online_FPS_TPS_KIT/Scripts/WeaponScripts/RecoilController.cs
  artifactKey: Guid(4f21da3433ffa6e458bebc0b0130070b) Importer(2089858483,192608db42251d675da83286b1cce702)
Start importing Assets/Online_FPS_TPS_KIT/Scripts/WeaponScripts/RecoilController.cs using Guid(4f21da3433ffa6e458bebc0b0130070b) Importer(2089858483,192608db42251d675da83286b1cce702) (ScriptedImporter) -> (artifact id: '0cc5a3a83a9b78ebf6b1ab07e0531f8b') in 0.0108453 seconds
Number of updated asset objects reloaded before import = 0Number of asset objects unloaded after import = 0

========================================================================
Received Import Request.
  Time since last request: 0.000063 seconds.
  path: Assets/Polygon Arsenal/Materials/Gradients/PolySpriteGlow_NS_ADD.mat
  artifactKey: Guid(f0bfab04a245b004ca5849d8e44e6be7) Importer(2089858483,192608db42251d675da83286b1cce702)
Start importing Assets/Polygon Arsenal/Materials/Gradients/PolySpriteGlow_NS_ADD.mat using Guid(f0bfab04a245b004ca5849d8e44e6be7) Importer(2089858483,192608db42251d675da83286b1cce702) (ScriptedImporter) -> (artifact id: '9b469a293cf4fa386c876c55c724e8fe') in 0.0212431 seconds
Number of updated asset objects reloaded before import = 0Number of asset objects unloaded after import = 2

========================================================================
Received Import Request.
  Time since last request: 0.000045 seconds.
  path: Assets/Polygon Arsenal/Demo/Textures/crete01.png
  artifactKey: Guid(c862c6b29790a53419e2940de44b1939) Importer(2089858483,192608db42251d675da83286b1cce702)
Start importing Assets/Polygon Arsenal/Demo/Textures/crete01.png using Guid(c862c6b29790a53419e2940de44b1939) Importer(2089858483,192608db42251d675da83286b1cce702) (ScriptedImporter) -> (artifact id: '8f4c7f4f31aa0209ef0e9af9fb5be098') in 0.0917249 seconds
Number of updated asset objects reloaded before import = 0Number of asset objects unloaded after import = 1

========================================================================
Received Import Request.
  Time since last request: 0.000036 seconds.
  path: Assets/FishNet/Runtime/Transporting/ConnectionStates.cs
  artifactKey: Guid(45640e2b3919981499b359ecc2154d3f) Importer(2089858483,192608db42251d675da83286b1cce702)
Start importing Assets/FishNet/Runtime/Transporting/ConnectionStates.cs using Guid(45640e2b3919981499b359ecc2154d3f) Importer(2089858483,192608db42251d675da83286b1cce702) (ScriptedImporter) -> (artifact id: 'e7d8fc4a704998bcd93741616db77dad') in 0.012829 seconds
Number of updated asset objects reloaded before import = 0Number of asset objects unloaded after import = 0

========================================================================
Received Import Request.
  Time since last request: 0.000066 seconds.
  path: Assets/FishNet/Runtime/Transporting/Transport.cs
  artifactKey: Guid(78aba14618b37ea4bb067fa95ede84e0) Importer(2089858483,192608db42251d675da83286b1cce702)
Start importing Assets/FishNet/Runtime/Transporting/Transport.cs using Guid(78aba14618b37ea4bb067fa95ede84e0) Importer(2089858483,192608db42251d675da83286b1cce702) (ScriptedImporter) -> (artifact id: 'accba76a9876ae63c8eee1ab381ef0da') in 0.0150139 seconds
Number of updated asset objects reloaded before import = 0Number of asset objects unloaded after import = 0

========================================================================
Received Import Request.
  Time since last request: 0.000037 seconds.
  path: Assets/Polygon Arsenal/Materials/Gradients/PolySpriteGlowDark_M.mat
  artifactKey: Guid(d89f2a05eba30f94eb2ddf7506b6146c) Importer(2089858483,192608db42251d675da83286b1cce702)
Start importing Assets/Polygon Arsenal/Materials/Gradients/PolySpriteGlowDark_M.mat using Guid(d89f2a05eba30f94eb2ddf7506b6146c) Importer(2089858483,192608db42251d675da83286b1cce702) (ScriptedImporter) -> (artifact id: '7fad6ee00bf31da93231b9d90dfb7e31') in 0.0187889 seconds
Number of updated asset objects reloaded before import = 0Number of asset objects unloaded after import = 2

========================================================================
Received Import Request.
  Time since last request: 0.000036 seconds.
  path: Assets/Polygon Arsenal/Materials/Sprites/PolyZzZ.mat
  artifactKey: Guid(d766b27a1c94eba4090523060aea1af4) Importer(2089858483,192608db42251d675da83286b1cce702)
Start importing Assets/Polygon Arsenal/Materials/Sprites/PolyZzZ.mat using Guid(d766b27a1c94eba4090523060aea1af4) Importer(2089858483,192608db42251d675da83286b1cce702) (ScriptedImporter) -> (artifact id: '5b96cff15e8825972d55947efbf42275') in 0.0166672 seconds
Number of updated asset objects reloaded before import = 0Number of asset objects unloaded after import = 2

========================================================================
Received Import Request.
  Time since last request: 0.000055 seconds.
  path: Assets/FishNet/CodeGenerating/Extension/MethodDefinitionExtensions.cs
  artifactKey: Guid(866ed457fe28c3e4b9698d87b9abd709) Importer(2089858483,192608db42251d675da83286b1cce702)
Start importing Assets/FishNet/CodeGenerating/Extension/MethodDefinitionExtensions.cs using Guid(866ed457fe28c3e4b9698d87b9abd709) Importer(2089858483,192608db42251d675da83286b1cce702) (ScriptedImporter) -> (artifact id: 'c67486f71eccc347707ca1c093cdddc4') in 0.0115562 seconds
Number of updated asset objects reloaded before import = 0Number of asset objects unloaded after import = 0

========================================================================
Received Import Request.
  Time since last request: 0.000034 seconds.
  path: Assets/PolygonSciFiSpace/Textures/PolygonSciFiSpace_Signs_Texture_Emissive_01.png
  artifactKey: Guid(38b13b69d6730974b8da063518a5ed46) Importer(2089858483,192608db42251d675da83286b1cce702)
Start importing Assets/PolygonSciFiSpace/Textures/PolygonSciFiSpace_Signs_Texture_Emissive_01.png using Guid(38b13b69d6730974b8da063518a5ed46) Importer(2089858483,192608db42251d675da83286b1cce702) (ScriptedImporter) -> (artifact id: '979e91289f057779daa17c10eabe149c') in 0.0376098 seconds
Number of updated asset objects reloaded before import = 0Number of asset objects unloaded after import = 1

========================================================================
Received Import Request.
  Time since last request: 0.000033 seconds.
  path: Assets/PolygonSciFiSpace/Models/SM_Veh_POV_Cockpit_Frame_01.fbx
  artifactKey: Guid(c7077a9713045e3469a234965d5373c1) Importer(2089858483,192608db42251d675da83286b1cce702)
Start importing Assets/PolygonSciFiSpace/Models/SM_Veh_POV_Cockpit_Frame_01.fbx using Guid(c7077a9713045e3469a234965d5373c1) Importer(2089858483,192608db42251d675da83286b1cce702) (ScriptedImporter) -> (artifact id: '92e595c242f8352500fd6edca7cdfa08') in 0.0676885 seconds
Number of updated asset objects reloaded before import = 0Number of asset objects unloaded after import = 12

========================================================================
Received Import Request.
  Time since last request: 0.000042 seconds.
  path: Assets/Polygon Arsenal/Sound/Wav/poly_explosion_liquid.wav
  artifactKey: Guid(098b3b6099c4c2d4bbc19efeb2afc433) Importer(2089858483,192608db42251d675da83286b1cce702)
Start importing Assets/Polygon Arsenal/Sound/Wav/poly_explosion_liquid.wav using Guid(098b3b6099c4c2d4bbc19efeb2afc433) Importer(2089858483,192608db42251d675da83286b1cce702) (ScriptedImporter) -> (artifact id: '078fc5b858110e907912ca4e42405009') in 0.1778513 seconds
Number of updated asset objects reloaded before import = 0Number of asset objects unloaded after import = 1

========================================================================
Received Import Request.
  Time since last request: 0.000124 seconds.
  path: Assets/Polygon Arsenal/Sound/Wav/poly_shoot_lightning2.wav
  artifactKey: Guid(f3a6d50cd7b67244993b5fd21e8ed940) Importer(2089858483,192608db42251d675da83286b1cce702)
Start importing Assets/Polygon Arsenal/Sound/Wav/poly_shoot_lightning2.wav using Guid(f3a6d50cd7b67244993b5fd21e8ed940) Importer(2089858483,192608db42251d675da83286b1cce702) (ScriptedImporter) -> (artifact id: 'a3e83701954273d313085f2f63bfb921') in 0.1504036 seconds
Number of updated asset objects reloaded before import = 0Number of asset objects unloaded after import = 1

========================================================================
Received Import Request.
  Time since last request: 0.000046 seconds.
  path: Assets/Polygon Arsenal/Sound/Wav/poly_explosion_fireball2.wav
  artifactKey: Guid(59ebcdadc589f33428c119232d3421b9) Importer(2089858483,192608db42251d675da83286b1cce702)
Start importing Assets/Polygon Arsenal/Sound/Wav/poly_explosion_fireball2.wav using Guid(59ebcdadc589f33428c119232d3421b9) Importer(2089858483,192608db42251d675da83286b1cce702) (ScriptedImporter) -> (artifact id: 'b44598889f7db4ce62e1c762662d2d0c') in 0.130993 seconds
Number of updated asset objects reloaded before import = 0Number of asset objects unloaded after import = 1

========================================================================
Received Import Request.
  Time since last request: 0.000048 seconds.
  path: Assets/Polygon Arsenal/Sound/Wav/poly_shoot_holy.wav
  artifactKey: Guid(ac1182b25b3fc8147aaf88f19e4241ba) Importer(2089858483,192608db42251d675da83286b1cce702)
Start importing Assets/Polygon Arsenal/Sound/Wav/poly_shoot_holy.wav using Guid(ac1182b25b3fc8147aaf88f19e4241ba) Importer(2089858483,192608db42251d675da83286b1cce702) (ScriptedImporter) -> (artifact id: 'd7ee1bc505dd224ab322501da4b5cb5a') in 0.1494207 seconds
Number of updated asset objects reloaded before import = 0Number of asset objects unloaded after import = 1

========================================================================
Received Import Request.
  Time since last request: 0.000090 seconds.
  path: Assets/Polygon Arsenal/Sound/Wav/poly_explosion_small3.wav
  artifactKey: Guid(179cd85d3a4c37346a7d02280411e669) Importer(2089858483,192608db42251d675da83286b1cce702)
Start importing Assets/Polygon Arsenal/Sound/Wav/poly_explosion_small3.wav using Guid(179cd85d3a4c37346a7d02280411e669) Importer(2089858483,192608db42251d675da83286b1cce702) (ScriptedImporter) -> (artifact id: 'dff2e72c591f31a2e3a147b13466b11c') in 0.1509745 seconds
Number of updated asset objects reloaded before import = 0Number of asset objects unloaded after import = 1

========================================================================
Received Import Request.
  Time since last request: 0.000055 seconds.
  path: Assets/Polygon Arsenal/Sound/Wav/poly_shoot_missile02.wav
  artifactKey: Guid(b9e02d00e3be50743839f33320c2e197) Importer(2089858483,192608db42251d675da83286b1cce702)
Start importing Assets/Polygon Arsenal/Sound/Wav/poly_shoot_missile02.wav using Guid(b9e02d00e3be50743839f33320c2e197) Importer(2089858483,192608db42251d675da83286b1cce702) (ScriptedImporter) -> (artifact id: '5e0f14ee069393c9cc29669123dec42d') in 0.1447306 seconds
Number of updated asset objects reloaded before import = 0Number of asset objects unloaded after import = 1

========================================================================
Received Import Request.
  Time since last request: 0.000038 seconds.
  path: Assets/Polygon Arsenal/Shaders/Standard/PolyIntense.Shader
  artifactKey: Guid(94a9aa8a94e5b1b4d8c777819f86eb44) Importer(2089858483,192608db42251d675da83286b1cce702)
Start importing Assets/Polygon Arsenal/Shaders/Standard/PolyIntense.Shader using Guid(94a9aa8a94e5b1b4d8c777819f86eb44) Importer(2089858483,192608db42251d675da83286b1cce702) (ScriptedImporter) -> (artifact id: '4a4788fce96d7d49a6d0431b4071fb74') in 0.0102045 seconds
Number of updated asset objects reloaded before import = 0Number of asset objects unloaded after import = 1

========================================================================
Received Import Request.
  Time since last request: 0.000045 seconds.
  path: Assets/Polygon Arsenal/Sound/Wav/poly_explosion_small2.wav
  artifactKey: Guid(7438ba2da6b74d845950fa5a7e42a74c) Importer(2089858483,192608db42251d675da83286b1cce702)
Start importing Assets/Polygon Arsenal/Sound/Wav/poly_explosion_small2.wav using Guid(7438ba2da6b74d845950fa5a7e42a74c) Importer(2089858483,192608db42251d675da83286b1cce702) (ScriptedImporter) -> (artifact id: '92b114817d4f256581cb5d6aee14915a') in 0.1007639 seconds
Number of updated asset objects reloaded before import = 0Number of asset objects unloaded after import = 1

========================================================================
Received Import Request.
  Time since last request: 0.000027 seconds.
  path: Assets/Polygon Arsenal/Sound/Wav/poly_gore02.wav
  artifactKey: Guid(c5abd63fb6389994e95fe5d61d595f49) Importer(2089858483,192608db42251d675da83286b1cce702)
Start importing Assets/Polygon Arsenal/Sound/Wav/poly_gore02.wav using Guid(c5abd63fb6389994e95fe5d61d595f49) Importer(2089858483,192608db42251d675da83286b1cce702) (ScriptedImporter) -> (artifact id: '54b89b64aec7639ac48888fae9b2396c') in 0.1220668 seconds
Number of updated asset objects reloaded before import = 0Number of asset objects unloaded after import = 1

========================================================================
Received Import Request.
  Time since last request: 0.000034 seconds.
  path: Assets/Polygon Arsenal/Sound/Wav/poly_beam_laser_loop.wav
  artifactKey: Guid(998117bc8faebcc4ab21a50cdde20291) Importer(2089858483,192608db42251d675da83286b1cce702)
Start importing Assets/Polygon Arsenal/Sound/Wav/poly_beam_laser_loop.wav using Guid(998117bc8faebcc4ab21a50cdde20291) Importer(2089858483,192608db42251d675da83286b1cce702) (ScriptedImporter) -> (artifact id: '21d6d26aabf43fb1887d7fb00f21b7e5') in 0.1255776 seconds
Number of updated asset objects reloaded before import = 0Number of asset objects unloaded after import = 1

========================================================================
Received Import Request.
  Time since last request: 0.000058 seconds.
  path: Assets/Polygon Arsenal/Sound/Wav/poly_shoot_energynuke.wav
  artifactKey: Guid(f5f75d90675ea7e4b88418585595a842) Importer(2089858483,192608db42251d675da83286b1cce702)
Start importing Assets/Polygon Arsenal/Sound/Wav/poly_shoot_energynuke.wav using Guid(f5f75d90675ea7e4b88418585595a842) Importer(2089858483,192608db42251d675da83286b1cce702) (ScriptedImporter) -> (artifact id: '17abc2705b2ab6c433dc68fd9fed6846') in 0.1215843 seconds
Number of updated asset objects reloaded before import = 0Number of asset objects unloaded after import = 1

========================================================================
Received Import Request.
  Time since last request: 0.000029 seconds.
  path: Assets/Polygon Arsenal/Sound/Wav/poly_shoot_arrow.wav
  artifactKey: Guid(327abfd8802775d418b743912fa6fa57) Importer(2089858483,192608db42251d675da83286b1cce702)
Start importing Assets/Polygon Arsenal/Sound/Wav/poly_shoot_arrow.wav using Guid(327abfd8802775d418b743912fa6fa57) Importer(2089858483,192608db42251d675da83286b1cce702) (ScriptedImporter) -> (artifact id: '889f6dc6be5d96ee11c91974d29fe8fb') in 0.1032607 seconds
Number of updated asset objects reloaded before import = 0Number of asset objects unloaded after import = 1

========================================================================
Received Import Request.
  Time since last request: 0.000046 seconds.
  path: Assets/Polygon Arsenal/Sound/Wav/poly_explosion_nuke.wav
  artifactKey: Guid(66374726d9b160c4ba0979c89ee2bb0d) Importer(2089858483,192608db42251d675da83286b1cce702)
Start importing Assets/Polygon Arsenal/Sound/Wav/poly_explosion_nuke.wav using Guid(66374726d9b160c4ba0979c89ee2bb0d) Importer(2089858483,192608db42251d675da83286b1cce702) (ScriptedImporter) -> (artifact id: 'a498c4c22e3c32783b26f1581aa4bf36') in 0.1030545 seconds
Number of updated asset objects reloaded before import = 0Number of asset objects unloaded after import = 1

========================================================================
Received Import Request.
  Time since last request: 0.000044 seconds.
  path: Assets/Polygon Arsenal/Sound/Wav/poly_shoot_laser04.wav
  artifactKey: Guid(57d168e98a87c594596ea5c39d7c3c7f) Importer(2089858483,192608db42251d675da83286b1cce702)
Start importing Assets/Polygon Arsenal/Sound/Wav/poly_shoot_laser04.wav using Guid(57d168e98a87c594596ea5c39d7c3c7f) Importer(2089858483,192608db42251d675da83286b1cce702) (ScriptedImporter) -> (artifact id: 'c2abf501c59ac93b047a87a365bee360') in 0.0891455 seconds
Number of updated asset objects reloaded before import = 0Number of asset objects unloaded after import = 1

========================================================================
Received Import Request.
  Time since last request: 0.000029 seconds.
  path: Assets/Polygon Arsenal/Sound/Wav/poly_shoot_bone.wav
  artifactKey: Guid(b48e632c5a6c6174e8bccaa9f04d399f) Importer(2089858483,192608db42251d675da83286b1cce702)
Start importing Assets/Polygon Arsenal/Sound/Wav/poly_shoot_bone.wav using Guid(b48e632c5a6c6174e8bccaa9f04d399f) Importer(2089858483,192608db42251d675da83286b1cce702) (ScriptedImporter) -> (artifact id: '6a4f91a81dd1385cf02c35bbb69d1143') in 0.0769412 seconds
Number of updated asset objects reloaded before import = 0Number of asset objects unloaded after import = 1

========================================================================
Received Import Request.
  Time since last request: 0.000033 seconds.
  path: Assets/PolygonSciFiSpace/Materials/Alts/PolygonScifiSpace_Material_02_C.mat
  artifactKey: Guid(0c673a34921a40e41a11b1f96f70b371) Importer(2089858483,192608db42251d675da83286b1cce702)
Start importing Assets/PolygonSciFiSpace/Materials/Alts/PolygonScifiSpace_Material_02_C.mat using Guid(0c673a34921a40e41a11b1f96f70b371) Importer(2089858483,192608db42251d675da83286b1cce702) (ScriptedImporter) -> (artifact id: 'cbf6f6391c02555e9bd1ccc833dd4050') in 0.0186902 seconds
Number of updated asset objects reloaded before import = 0Number of asset objects unloaded after import = 3

========================================================================
Received Import Request.
  Time since last request: 0.000042 seconds.
  path: Assets/PolygonSciFiSpace/Materials/Alts/PolygonScifiSpace_Material_03_B.mat
  artifactKey: Guid(0c12261101fafa741904eae00d611c84) Importer(2089858483,192608db42251d675da83286b1cce702)
Start importing Assets/PolygonSciFiSpace/Materials/Alts/PolygonScifiSpace_Material_03_B.mat using Guid(0c12261101fafa741904eae00d611c84) Importer(2089858483,192608db42251d675da83286b1cce702) (ScriptedImporter) -> (artifact id: '2fcad5a859dc5964e52ae8c171053bcb') in 0.0230247 seconds
Number of updated asset objects reloaded before import = 0Number of asset objects unloaded after import = 3

========================================================================
Received Import Request.
  Time since last request: 0.000024 seconds.
  path: Assets/PolygonSciFiSpace/Materials/Alts/PolygonScifiSpace_Material_03_E.mat
  artifactKey: Guid(b905751414f60f04491e10e1cdd4bd34) Importer(2089858483,192608db42251d675da83286b1cce702)
Start importing Assets/PolygonSciFiSpace/Materials/Alts/PolygonScifiSpace_Material_03_E.mat using Guid(b905751414f60f04491e10e1cdd4bd34) Importer(2089858483,192608db42251d675da83286b1cce702) (ScriptedImporter) -> (artifact id: 'dc08b426665a677d2434bc26bed2ae27') in 0.0267627 seconds
Number of updated asset objects reloaded before import = 0Number of asset objects unloaded after import = 3

========================================================================
Received Import Request.
  Time since last request: 0.000026 seconds.
  path: Assets/PolygonSciFiSpace/Materials/FX/FX_LightBlocker.mat
  artifactKey: Guid(54a326676e1fc804da6ceff7c86fdc29) Importer(2089858483,192608db42251d675da83286b1cce702)
Start importing Assets/PolygonSciFiSpace/Materials/FX/FX_LightBlocker.mat using Guid(54a326676e1fc804da6ceff7c86fdc29) Importer(2089858483,192608db42251d675da83286b1cce702) (ScriptedImporter) -> (artifact id: 'f6abc97c2e0d905ea3d11a3bc26580ab') in 0.0120938 seconds
Number of updated asset objects reloaded before import = 0Number of asset objects unloaded after import = 1

========================================================================
Received Import Request.
  Time since last request: 0.000030 seconds.
  path: Assets/PolygonSciFiSpace/Materials/FX/FX_HUD.mat
  artifactKey: Guid(16979365a2f31f543847bd8b1d3dee73) Importer(2089858483,192608db42251d675da83286b1cce702)
Start importing Assets/PolygonSciFiSpace/Materials/FX/FX_HUD.mat using Guid(16979365a2f31f543847bd8b1d3dee73) Importer(2089858483,192608db42251d675da83286b1cce702) (ScriptedImporter) -> (artifact id: '5d6aaaa2121cf83968af5d2ab6643380') in 0.0097974 seconds
Number of updated asset objects reloaded before import = 0Number of asset objects unloaded after import = 1

========================================================================
Received Import Request.
  Time since last request: 0.000045 seconds.
  path: Assets/PolygonSciFiSpace/Materials/Alts/PolygonScifiSpace_Material_04_E.mat
  artifactKey: Guid(471818ee249267849bd3a01cfefe564a) Importer(2089858483,192608db42251d675da83286b1cce702)
Start importing Assets/PolygonSciFiSpace/Materials/Alts/PolygonScifiSpace_Material_04_E.mat using Guid(471818ee249267849bd3a01cfefe564a) Importer(2089858483,192608db42251d675da83286b1cce702) (ScriptedImporter) -> (artifact id: '978f018ff5ecdc114c3581a2f09a8c6e') in 0.0210792 seconds
Number of updated asset objects reloaded before import = 0Number of asset objects unloaded after import = 3

========================================================================
Received Import Request.
  Time since last request: 0.000025 seconds.
  path: Assets/PolygonSciFiSpace/Materials/FX/FX_Blank.mat
  artifactKey: Guid(d167ef288d96bb84ca9743bf908f53cf) Importer(2089858483,192608db42251d675da83286b1cce702)
Start importing Assets/PolygonSciFiSpace/Materials/FX/FX_Blank.mat using Guid(d167ef288d96bb84ca9743bf908f53cf) Importer(2089858483,192608db42251d675da83286b1cce702) (ScriptedImporter) -> (artifact id: '41f2eeb863cb12e7d9878e946537a810') in 0.0078651 seconds
Number of updated asset objects reloaded before import = 0Number of asset objects unloaded after import = 1

========================================================================
Received Import Request.
  Time since last request: 0.000025 seconds.
  path: Assets/PolygonSciFiSpace/Materials/Alts/PolygonScifiSpace_Sign_01_B.mat
  artifactKey: Guid(59c39e62de56ee84db041e0e7ea26ae2) Importer(2089858483,192608db42251d675da83286b1cce702)
Start importing Assets/PolygonSciFiSpace/Materials/Alts/PolygonScifiSpace_Sign_01_B.mat using Guid(59c39e62de56ee84db041e0e7ea26ae2) Importer(2089858483,192608db42251d675da83286b1cce702) (ScriptedImporter) -> (artifact id: 'c00eeedbffce8a5123129544f598ae73') in 0.0137692 seconds
Number of updated asset objects reloaded before import = 0Number of asset objects unloaded after import = 2

========================================================================
Received Import Request.
  Time since last request: 0.000034 seconds.
  path: Assets/PolygonSciFiSpace/Materials/Alts/PolygonScifiSpace_Material_02_B.mat
  artifactKey: Guid(8a6d64850f424d3419b8d9df49078ff4) Importer(2089858483,192608db42251d675da83286b1cce702)
Start importing Assets/PolygonSciFiSpace/Materials/Alts/PolygonScifiSpace_Material_02_B.mat using Guid(8a6d64850f424d3419b8d9df49078ff4) Importer(2089858483,192608db42251d675da83286b1cce702) (ScriptedImporter) -> (artifact id: '2e11f99dc368b7c0a7ccd13f3b4029b6') in 0.0235443 seconds
Number of updated asset objects reloaded before import = 0Number of asset objects unloaded after import = 3

========================================================================
Received Import Request.
  Time since last request: 0.000055 seconds.
  path: Assets/PolygonSciFiSpace/Materials/Alts/PolygonScifiSpace_Material_04_D.mat
  artifactKey: Guid(0dd46c726e72adc45a13a91d6fc48aa3) Importer(2089858483,192608db42251d675da83286b1cce702)
Start importing Assets/PolygonSciFiSpace/Materials/Alts/PolygonScifiSpace_Material_04_D.mat using Guid(0dd46c726e72adc45a13a91d6fc48aa3) Importer(2089858483,192608db42251d675da83286b1cce702) (ScriptedImporter) -> (artifact id: 'c329964c9ee8059d368dc3ac4fa33da4') in 0.0196177 seconds
Number of updated asset objects reloaded before import = 0Number of asset objects unloaded after import = 3

========================================================================
Received Import Request.
  Time since last request: 0.000024 seconds.
  path: Assets/PolygonSciFiSpace/Materials/Alts/PolygonScifiSpace_Material_01_F.mat
  artifactKey: Guid(d6bbd080a39b4854096c1041d680d666) Importer(2089858483,192608db42251d675da83286b1cce702)
Start importing Assets/PolygonSciFiSpace/Materials/Alts/PolygonScifiSpace_Material_01_F.mat using Guid(d6bbd080a39b4854096c1041d680d666) Importer(2089858483,192608db42251d675da83286b1cce702) (ScriptedImporter) -> (artifact id: '8e339daee8e29a1dad822e21ec08c19e') in 0.016988 seconds
Number of updated asset objects reloaded before import = 0Number of asset objects unloaded after import = 3

========================================================================
Received Import Request.
  Time since last request: 0.000025 seconds.
  path: Assets/PolygonSciFiSpace/Materials/Alts/PolygonScifiSpace_Material_02_D.mat
  artifactKey: Guid(bcaa4f37939a5bf42b5fb1a833c5714e) Importer(2089858483,192608db42251d675da83286b1cce702)
Start importing Assets/PolygonSciFiSpace/Materials/Alts/PolygonScifiSpace_Material_02_D.mat using Guid(bcaa4f37939a5bf42b5fb1a833c5714e) Importer(2089858483,192608db42251d675da83286b1cce702) (ScriptedImporter) -> (artifact id: '0a73b410b8c94458e02129f44b7ee2f7') in 0.0187114 seconds
Number of updated asset objects reloaded before import = 0Number of asset objects unloaded after import = 3

========================================================================
Received Import Request.
  Time since last request: 0.000032 seconds.
  path: Assets/PolygonSciFiSpace/Materials/FX/FX_Polygon_Scifi.mat
  artifactKey: Guid(fa9e67520e3a0c04996a1f31dd165bb9) Importer(2089858483,192608db42251d675da83286b1cce702)
Start importing Assets/PolygonSciFiSpace/Materials/FX/FX_Polygon_Scifi.mat using Guid(fa9e67520e3a0c04996a1f31dd165bb9) Importer(2089858483,192608db42251d675da83286b1cce702) (ScriptedImporter) -> (artifact id: '323828b47c73494a857b8723b674aa27') in 0.009964 seconds
Number of updated asset objects reloaded before import = 0Number of asset objects unloaded after import = 1

========================================================================
Received Import Request.
  Time since last request: 0.000046 seconds.
  path: Assets/Polygon Arsenal/Sound/Wav/poly_explosion_dark01.wav
  artifactKey: Guid(23a49aa9152038347950a61882be798a) Importer(2089858483,192608db42251d675da83286b1cce702)
Start importing Assets/Polygon Arsenal/Sound/Wav/poly_explosion_dark01.wav using Guid(23a49aa9152038347950a61882be798a) Importer(2089858483,192608db42251d675da83286b1cce702) (ScriptedImporter) -> (artifact id: '0e31f9bf3f59083c1a237c085eabecfa') in 0.0890043 seconds
Number of updated asset objects reloaded before import = 0Number of asset objects unloaded after import = 1

========================================================================
Received Import Request.
  Time since last request: 0.000042 seconds.
  path: Assets/Polygon Arsenal/Shaders/Standard/PolyRimLightTransparent.shader
  artifactKey: Guid(db03092ff43bc9c43b267efcbfd3b0e7) Importer(2089858483,192608db42251d675da83286b1cce702)
Start importing Assets/Polygon Arsenal/Shaders/Standard/PolyRimLightTransparent.shader using Guid(db03092ff43bc9c43b267efcbfd3b0e7) Importer(2089858483,192608db42251d675da83286b1cce702) (ScriptedImporter) -> (artifact id: '48528f1b8a270017ded13742375a4b0c') in 0.0097668 seconds
Number of updated asset objects reloaded before import = 0Number of asset objects unloaded after import = 1

========================================================================
Received Import Request.
  Time since last request: 0.000035 seconds.
  path: Assets/Polygon Arsenal/Sound/Wav/poly_shoot_grenade.wav
  artifactKey: Guid(21cc5ebb35b190d4487e6d9b9d039520) Importer(2089858483,192608db42251d675da83286b1cce702)
Start importing Assets/Polygon Arsenal/Sound/Wav/poly_shoot_grenade.wav using Guid(21cc5ebb35b190d4487e6d9b9d039520) Importer(2089858483,192608db42251d675da83286b1cce702) (ScriptedImporter) -> (artifact id: '0d60dc68e0135b6ef4f081b185d1c5f4') in 0.0959362 seconds
Number of updated asset objects reloaded before import = 0Number of asset objects unloaded after import = 1

========================================================================
Received Import Request.
  Time since last request: 0.000065 seconds.
  path: Assets/Polygon Arsenal/Sound/Wav/poly_explosion_small4.wav
  artifactKey: Guid(17ea2e207a774eb4697888d0c7f0ac75) Importer(2089858483,192608db42251d675da83286b1cce702)
Start importing Assets/Polygon Arsenal/Sound/Wav/poly_explosion_small4.wav using Guid(17ea2e207a774eb4697888d0c7f0ac75) Importer(2089858483,192608db42251d675da83286b1cce702) (ScriptedImporter) -> (artifact id: '9d5ff703daa7d326bcc61f92dfb261ca') in 0.1081236 seconds
Number of updated asset objects reloaded before import = 0Number of asset objects unloaded after import = 1

========================================================================
Received Import Request.
  Time since last request: 0.000031 seconds.
  path: Assets/PolygonSciFiSpace/Models/SM_Ship_Fighter_Heavy_04.fbx
  artifactKey: Guid(1290ad08151088a4ba9e63b023e74e9b) Importer(2089858483,192608db42251d675da83286b1cce702)
Start importing Assets/PolygonSciFiSpace/Models/SM_Ship_Fighter_Heavy_04.fbx using Guid(1290ad08151088a4ba9e63b023e74e9b) Importer(2089858483,192608db42251d675da83286b1cce702) (ScriptedImporter) -> (artifact id: '2946cc7b4d943d50f49019e8f864caec') in 0.0314892 seconds
Number of updated asset objects reloaded before import = 0Number of asset objects unloaded after import = 7

========================================================================
Received Import Request.
  Time since last request: 0.000025 seconds.
  path: Assets/PolygonSciFiSpace/Models/SM_Veh_Part_Engine_02.fbx
  artifactKey: Guid(96138a4e3c2d58648b233040570ac6e2) Importer(2089858483,192608db42251d675da83286b1cce702)
Start importing Assets/PolygonSciFiSpace/Models/SM_Veh_Part_Engine_02.fbx using Guid(96138a4e3c2d58648b233040570ac6e2) Importer(2089858483,192608db42251d675da83286b1cce702) (ScriptedImporter) -> (artifact id: '02ae4d9422e02d8e68a1258917d1489a') in 0.0303391 seconds
Number of updated asset objects reloaded before import = 0Number of asset objects unloaded after import = 7

========================================================================
Received Import Request.
  Time since last request: 0.000040 seconds.
  path: Assets/Polygon Arsenal/Materials/Gradients/PolySpriteGlow_ADD.mat
  artifactKey: Guid(2f3f789aad8546a488298feff43c3082) Importer(2089858483,192608db42251d675da83286b1cce702)
Start importing Assets/Polygon Arsenal/Materials/Gradients/PolySpriteGlow_ADD.mat using Guid(2f3f789aad8546a488298feff43c3082) Importer(2089858483,192608db42251d675da83286b1cce702) (ScriptedImporter) -> (artifact id: 'ce07142a6a8320b6c4154f1944a7e3ab') in 0.010467 seconds
Number of updated asset objects reloaded before import = 0Number of asset objects unloaded after import = 2

========================================================================
Received Import Request.
  Time since last request: 0.000030 seconds.
  path: Assets/Polygon Arsenal/Materials/Solids/PolySolidShiny.mat
  artifactKey: Guid(6da7e584c6c676c42baf97788cd19ad8) Importer(2089858483,192608db42251d675da83286b1cce702)
Start importing Assets/Polygon Arsenal/Materials/Solids/PolySolidShiny.mat using Guid(6da7e584c6c676c42baf97788cd19ad8) Importer(2089858483,192608db42251d675da83286b1cce702) (ScriptedImporter) -> (artifact id: '30e366464a615fbce819a5bd01608dac') in 0.0113407 seconds
Number of updated asset objects reloaded before import = 0Number of asset objects unloaded after import = 2

========================================================================
Received Import Request.
  Time since last request: 0.000021 seconds.
  path: Assets/Polygon Arsenal/Demo/Textures/wall4.png
  artifactKey: Guid(05ab6327072a7ab4598bc334043c9956) Importer(2089858483,192608db42251d675da83286b1cce702)
Start importing Assets/Polygon Arsenal/Demo/Textures/wall4.png using Guid(05ab6327072a7ab4598bc334043c9956) Importer(2089858483,192608db42251d675da83286b1cce702) (ScriptedImporter) -> (artifact id: '259fddb0e38a8814febb496af646244f') in 0.0285003 seconds
Number of updated asset objects reloaded before import = 0Number of asset objects unloaded after import = 1

========================================================================
Received Import Request.
  Time since last request: 0.000034 seconds.
  path: Assets/PolygonSciFiSpace/Models/SM_Veh_Part_Engine_05.fbx
  artifactKey: Guid(6441e525436b8ee4ea012960b80fa290) Importer(2089858483,192608db42251d675da83286b1cce702)
Start importing Assets/PolygonSciFiSpace/Models/SM_Veh_Part_Engine_05.fbx using Guid(6441e525436b8ee4ea012960b80fa290) Importer(2089858483,192608db42251d675da83286b1cce702) (ScriptedImporter) -> (artifact id: '5f834eb6e5849b6726d958ebde0aa022') in 0.0305494 seconds
Number of updated asset objects reloaded before import = 0Number of asset objects unloaded after import = 7

========================================================================
Received Import Request.
  Time since last request: 0.000039 seconds.
  path: Assets/Polygon Arsenal/Shaders/Standard/PolyRimLightSolid.shader
  artifactKey: Guid(86889086497f4f4459550c816ab55e34) Importer(2089858483,192608db42251d675da83286b1cce702)
Start importing Assets/Polygon Arsenal/Shaders/Standard/PolyRimLightSolid.shader using Guid(86889086497f4f4459550c816ab55e34) Importer(2089858483,192608db42251d675da83286b1cce702) (ScriptedImporter) -> (artifact id: '3f67d08f4e6043fa882a580ab49eea88') in 0.0092011 seconds
Number of updated asset objects reloaded before import = 0Number of asset objects unloaded after import = 1

========================================================================
Received Import Request.
  Time since last request: 0.000026 seconds.
  path: Assets/FishNet/Runtime/Observing/ObserverConditionType.cs
  artifactKey: Guid(a0a36dd46b1f5bd4993d5f5b615bb2dd) Importer(2089858483,192608db42251d675da83286b1cce702)
Start importing Assets/FishNet/Runtime/Observing/ObserverConditionType.cs using Guid(a0a36dd46b1f5bd4993d5f5b615bb2dd) Importer(2089858483,192608db42251d675da83286b1cce702) (ScriptedImporter) -> (artifact id: 'f8e0ebe4f84610a7d9d6ebf06dbe4ba0') in 0.0075662 seconds
Number of updated asset objects reloaded before import = 0Number of asset objects unloaded after import = 0

========================================================================
Received Import Request.
  Time since last request: 0.000032 seconds.
  path: Assets/Online_FPS_TPS_KIT/Materials/UI/HeadShotImage.png
  artifactKey: Guid(0f97a2f3052901d46a78970df0082c67) Importer(2089858483,192608db42251d675da83286b1cce702)
Start importing Assets/Online_FPS_TPS_KIT/Materials/UI/HeadShotImage.png using Guid(0f97a2f3052901d46a78970df0082c67) Importer(2089858483,192608db42251d675da83286b1cce702) (ScriptedImporter) -> (artifact id: '566a7fd627cd663883d7b3dd0b130a4b') in 0.0456227 seconds
Number of updated asset objects reloaded before import = 0Number of asset objects unloaded after import = 3

========================================================================
Received Import Request.
  Time since last request: 0.000033 seconds.
  path: Assets/PolygonSciFiSpace/Textures/PolygonSciFiSpace_Ship_Mask_03.png
  artifactKey: Guid(4d4017a23d626c6448ee01311d3bb518) Importer(2089858483,192608db42251d675da83286b1cce702)
Start importing Assets/PolygonSciFiSpace/Textures/PolygonSciFiSpace_Ship_Mask_03.png using Guid(4d4017a23d626c6448ee01311d3bb518) Importer(2089858483,192608db42251d675da83286b1cce702) (ScriptedImporter) -> (artifact id: '82e19cd175a82a07c90aab9aa09458c8') in 0.0275252 seconds
Number of updated asset objects reloaded before import = 0Number of asset objects unloaded after import = 1

========================================================================
Received Import Request.
  Time since last request: 0.000058 seconds.
  path: Assets/Polygon Arsenal/Demo/Materials/PA_Floor_4x4_Small.mat
  artifactKey: Guid(0ecbf6a59a1881f4487c02d3f6997861) Importer(2089858483,192608db42251d675da83286b1cce702)
Start importing Assets/Polygon Arsenal/Demo/Materials/PA_Floor_4x4_Small.mat using Guid(0ecbf6a59a1881f4487c02d3f6997861) Importer(2089858483,192608db42251d675da83286b1cce702) (ScriptedImporter) -> (artifact id: '56294c777a385a3e3b6f0b82d44341fc') in 0.0141711 seconds
Number of updated asset objects reloaded before import = 0Number of asset objects unloaded after import = 2

========================================================================
Received Import Request.
  Time since last request: 0.000023 seconds.
  path: Assets/Polygon Arsenal/Sound/Wav/poly_explosion_liquid2.wav
  artifactKey: Guid(02387998a55b03d46bebff94e2bd11b0) Importer(2089858483,192608db42251d675da83286b1cce702)
Start importing Assets/Polygon Arsenal/Sound/Wav/poly_explosion_liquid2.wav using Guid(02387998a55b03d46bebff94e2bd11b0) Importer(2089858483,192608db42251d675da83286b1cce702) (ScriptedImporter) -> (artifact id: '782cb64c18e7005b2d6c35b8c6be6013') in 0.0936184 seconds
Number of updated asset objects reloaded before import = 0Number of asset objects unloaded after import = 1

========================================================================
Received Import Request.
  Time since last request: 0.000031 seconds.
  path: Assets/PolygonSciFiSpace/Models/SM_Veh_Part_Wing_015.fbx
  artifactKey: Guid(ed5c3a00a8e995048a9da05c00905b56) Importer(2089858483,192608db42251d675da83286b1cce702)
Start importing Assets/PolygonSciFiSpace/Models/SM_Veh_Part_Wing_015.fbx using Guid(ed5c3a00a8e995048a9da05c00905b56) Importer(2089858483,192608db42251d675da83286b1cce702) (ScriptedImporter) -> (artifact id: '2c8a02d06eea457f686475325b1e04bf') in 0.0336162 seconds
Number of updated asset objects reloaded before import = 0Number of asset objects unloaded after import = 7

========================================================================
Received Import Request.
  Time since last request: 0.000039 seconds.
  path: Assets/Polygon Arsenal/Sound/Wav/poly_explosion_small.wav
  artifactKey: Guid(6b2f8ce04405a1542815dc9b01a22785) Importer(2089858483,192608db42251d675da83286b1cce702)
Start importing Assets/Polygon Arsenal/Sound/Wav/poly_explosion_small.wav using Guid(6b2f8ce04405a1542815dc9b01a22785) Importer(2089858483,192608db42251d675da83286b1cce702) (ScriptedImporter) -> (artifact id: '7209af6957c6004e7a4fd45697219f86') in 0.0809325 seconds
Number of updated asset objects reloaded before import = 0Number of asset objects unloaded after import = 1

========================================================================
Received Import Request.
  Time since last request: 0.000034 seconds.
  path: Assets/Fate/Scenes/AssetDemo/Demo_Interior.unity
  artifactKey: Guid(a8ce83105b271794cac2d317ede8a0fe) Importer(2089858483,192608db42251d675da83286b1cce702)
Start importing Assets/Fate/Scenes/AssetDemo/Demo_Interior.unity using Guid(a8ce83105b271794cac2d317ede8a0fe) Importer(2089858483,192608db42251d675da83286b1cce702) (ScriptedImporter) -> (artifact id: '5f52c070511f809b1c8767563235e19d') in 0.305539 seconds
Number of updated asset objects reloaded before import = 0Number of asset objects unloaded after import = 1

========================================================================
Received Import Request.
  Time since last request: 0.000039 seconds.
  path: Assets/Polygon Arsenal/Prefabs/Misc/ChainTargetCircle.prefab
  artifactKey: Guid(3280e9251d2943f498b6637825551a01) Importer(2089858483,192608db42251d675da83286b1cce702)
Start importing Assets/Polygon Arsenal/Prefabs/Misc/ChainTargetCircle.prefab using Guid(3280e9251d2943f498b6637825551a01) Importer(2089858483,192608db42251d675da83286b1cce702) (ScriptedImporter) -> (artifact id: 'b248f1a3cebd2ba0d9ead9e05d996c06') in 0.0996165 seconds
Number of updated asset objects reloaded before import = 0Number of asset objects unloaded after import = 38

========================================================================
Received Import Request.
  Time since last request: 0.000043 seconds.
  path: Assets/PolygonSciFiSpace/Models/Collision/SM_Ship_Stealth_04_Collision.fbx
  artifactKey: Guid(7b8f448bf2971e4489ef758a2999b766) Importer(2089858483,192608db42251d675da83286b1cce702)
Start importing Assets/PolygonSciFiSpace/Models/Collision/SM_Ship_Stealth_04_Collision.fbx using Guid(7b8f448bf2971e4489ef758a2999b766) Importer(2089858483,192608db42251d675da83286b1cce702) (ScriptedImporter) -> (artifact id: '6524a361647d7af0b6325bd62ab25ea5') in 0.0371421 seconds
Number of updated asset objects reloaded before import = 0Number of asset objects unloaded after import = 7

========================================================================
Received Import Request.
  Time since last request: 0.000029 seconds.
  path: Assets/PolygonSciFiSpace/Models/FX_Meshes/SM_Flame_Mesh_New.fbx
  artifactKey: Guid(d86e85307eb5b9f449c96ab781089166) Importer(2089858483,192608db42251d675da83286b1cce702)
Start importing Assets/PolygonSciFiSpace/Models/FX_Meshes/SM_Flame_Mesh_New.fbx using Guid(d86e85307eb5b9f449c96ab781089166) Importer(2089858483,192608db42251d675da83286b1cce702) (ScriptedImporter) -> (artifact id: '2e9f258263381384e556c9c0e8a4f46a') in 0.0377073 seconds
Number of updated asset objects reloaded before import = 0Number of asset objects unloaded after import = 7

========================================================================
Received Import Request.
  Time since last request: 0.000023 seconds.
  path: Assets/PolygonSciFiSpace/Models/Collision/SM_Ship_Station_03_Collision.fbx
  artifactKey: Guid(cd8cbe9ca28706b44a8a2a637c0114d6) Importer(2089858483,192608db42251d675da83286b1cce702)
Start importing Assets/PolygonSciFiSpace/Models/Collision/SM_Ship_Station_03_Collision.fbx using Guid(cd8cbe9ca28706b44a8a2a637c0114d6) Importer(2089858483,192608db42251d675da83286b1cce702) (ScriptedImporter) -> (artifact id: 'bd6f123cce157ad4dd173827f36cc2b9') in 0.0308272 seconds
Number of updated asset objects reloaded before import = 0Number of asset objects unloaded after import = 7

========================================================================
Received Import Request.
  Time since last request: 0.000028 seconds.
  path: Assets/PolygonSciFiSpace/Materials/Planets/PolygonSpace_Planet_Lines_02_E.mat
  artifactKey: Guid(0d5676d48fb87f14f953e5151571f879) Importer(2089858483,192608db42251d675da83286b1cce702)
Start importing Assets/PolygonSciFiSpace/Materials/Planets/PolygonSpace_Planet_Lines_02_E.mat using Guid(0d5676d48fb87f14f953e5151571f879) Importer(2089858483,192608db42251d675da83286b1cce702) (ScriptedImporter) -> (artifact id: '8f42b27c1a1020a758e0baee7c6633b5') in 0.0125591 seconds
Number of updated asset objects reloaded before import = 0Number of asset objects unloaded after import = 2

========================================================================
Received Import Request.
  Time since last request: 0.000041 seconds.
  path: Assets/PolygonSciFiSpace/Prefabs/Buildings/SM_Bld_Ceiling_Pipes_Turn_L_01.prefab
  artifactKey: Guid(272dfb7e4982c94439aed3e768760832) Importer(2089858483,192608db42251d675da83286b1cce702)
Start importing Assets/PolygonSciFiSpace/Prefabs/Buildings/SM_Bld_Ceiling_Pipes_Turn_L_01.prefab using Guid(272dfb7e4982c94439aed3e768760832) Importer(2089858483,192608db42251d675da83286b1cce702) (ScriptedImporter) -> (artifact id: 'a9bcfe9d9d5c7a35d5079c0ed8e1eadc') in 0.0368007 seconds
Number of updated asset objects reloaded before import = 0Number of asset objects unloaded after import = 10

========================================================================
Received Import Request.
  Time since last request: 0.000026 seconds.
  path: Assets/PolygonSciFiSpace/Prefabs/Buildings/SM_Bld_Ceiling_01.prefab
  artifactKey: Guid(c6ca24f648280eb42aacc73b163e0f98) Importer(2089858483,192608db42251d675da83286b1cce702)
Start importing Assets/PolygonSciFiSpace/Prefabs/Buildings/SM_Bld_Ceiling_01.prefab using Guid(c6ca24f648280eb42aacc73b163e0f98) Importer(2089858483,192608db42251d675da83286b1cce702) (ScriptedImporter) -> (artifact id: '22f00826930967aa0562f49aa60fdecc') in 0.022317 seconds
Number of updated asset objects reloaded before import = 0Number of asset objects unloaded after import = 10

========================================================================
Received Import Request.
  Time since last request: 0.000029 seconds.
  path: Assets/PolygonSciFiSpace/Models/Collision/SM_Ship_Fighter_02_Collision.fbx
  artifactKey: Guid(d8004ebbc859d8a4aa82c160e9391368) Importer(2089858483,192608db42251d675da83286b1cce702)
Start importing Assets/PolygonSciFiSpace/Models/Collision/SM_Ship_Fighter_02_Collision.fbx using Guid(d8004ebbc859d8a4aa82c160e9391368) Importer(2089858483,192608db42251d675da83286b1cce702) (ScriptedImporter) -> (artifact id: 'ce79b918f7be9b6c2ec7927b0a8f291a') in 0.0376897 seconds
Number of updated asset objects reloaded before import = 0Number of asset objects unloaded after import = 7

========================================================================
Received Import Request.
  Time since last request: 0.000034 seconds.
  path: Assets/PolygonSciFiSpace/Materials/Planets/PolygonSpace_Planet_01_B.mat
  artifactKey: Guid(8d49b7338b55c3d44b6fc536ffa8f1ad) Importer(2089858483,192608db42251d675da83286b1cce702)
Start importing Assets/PolygonSciFiSpace/Materials/Planets/PolygonSpace_Planet_01_B.mat using Guid(8d49b7338b55c3d44b6fc536ffa8f1ad) Importer(2089858483,192608db42251d675da83286b1cce702) (ScriptedImporter) -> (artifact id: 'd7afe77b0ad810be4dc0b3cb2d7601c0') in 0.0291211 seconds
Number of updated asset objects reloaded before import = 0Number of asset objects unloaded after import = 2

========================================================================
Received Import Request.
  Time since last request: 0.000042 seconds.
  path: Assets/PolygonSciFiSpace/Models/Collision/SM_Ship_Bomber_03_Collision.fbx
  artifactKey: Guid(d5f294878c4f6c345b77b37d1c6d3cce) Importer(2089858483,192608db42251d675da83286b1cce702)
Start importing Assets/PolygonSciFiSpace/Models/Collision/SM_Ship_Bomber_03_Collision.fbx using Guid(d5f294878c4f6c345b77b37d1c6d3cce) Importer(2089858483,192608db42251d675da83286b1cce702) (ScriptedImporter) -> (artifact id: '43deeb9c9c821dc751bcf4a28024d6f2') in 0.0414719 seconds
Number of updated asset objects reloaded before import = 0Number of asset objects unloaded after import = 7

========================================================================
Received Import Request.
  Time since last request: 0.000043 seconds.
  path: Assets/PolygonSciFiSpace/Materials/Planets/PolygonSpace_Planet_Lines_03_F.mat
  artifactKey: Guid(25cae7cd49ecd234d97d823685fb8aa0) Importer(2089858483,192608db42251d675da83286b1cce702)
Start importing Assets/PolygonSciFiSpace/Materials/Planets/PolygonSpace_Planet_Lines_03_F.mat using Guid(25cae7cd49ecd234d97d823685fb8aa0) Importer(2089858483,192608db42251d675da83286b1cce702) (ScriptedImporter) -> (artifact id: '40da95ed9ddd49c4c0ccac9686cd97c2') in 0.0163352 seconds
Number of updated asset objects reloaded before import = 0Number of asset objects unloaded after import = 2

========================================================================
Received Import Request.
  Time since last request: 0.000031 seconds.
  path: Assets/PolygonSciFiSpace/Materials/Planets/PolygonSpace_Sun.mat
  artifactKey: Guid(20420331768a35e4db54bac675c22269) Importer(2089858483,192608db42251d675da83286b1cce702)
Start importing Assets/PolygonSciFiSpace/Materials/Planets/PolygonSpace_Sun.mat using Guid(20420331768a35e4db54bac675c22269) Importer(2089858483,192608db42251d675da83286b1cce702) (ScriptedImporter) -> (artifact id: '3579f8e78812baa7be75ae307bcc8f6d') in 0.0134519 seconds
Number of updated asset objects reloaded before import = 0Number of asset objects unloaded after import = 1

========================================================================
Received Import Request.
  Time since last request: 0.000034 seconds.
  path: Assets/PolygonSciFiSpace/Models/Collision/SM_Ship_Cruiser_02_Collision.fbx
  artifactKey: Guid(2559ca81c96fea0488eafdc636c2e693) Importer(2089858483,192608db42251d675da83286b1cce702)
Start importing Assets/PolygonSciFiSpace/Models/Collision/SM_Ship_Cruiser_02_Collision.fbx using Guid(2559ca81c96fea0488eafdc636c2e693) Importer(2089858483,192608db42251d675da83286b1cce702) (ScriptedImporter) -> (artifact id: 'b9e62eeccc815071ccc7ce5ebe86b8e7') in 0.0523121 seconds
Number of updated asset objects reloaded before import = 0Number of asset objects unloaded after import = 7

========================================================================
Received Import Request.
  Time since last request: 0.000089 seconds.
  path: Assets/PolygonSciFiSpace/Models/Collision/SM_Ship_Stealth_05_Collision.fbx
  artifactKey: Guid(5481f5422005eb842a924ecfa46ffad2) Importer(2089858483,192608db42251d675da83286b1cce702)
Start importing Assets/PolygonSciFiSpace/Models/Collision/SM_Ship_Stealth_05_Collision.fbx using Guid(5481f5422005eb842a924ecfa46ffad2) Importer(2089858483,192608db42251d675da83286b1cce702) (ScriptedImporter) -> (artifact id: 'f4a7185eb94d0bb543ffe5ddce549c53') in 0.1440338 seconds
Number of updated asset objects reloaded before import = 0Number of asset objects unloaded after import = 7

========================================================================
Received Import Request.
  Time since last request: 0.000035 seconds.
  path: Assets/PolygonSciFiSpace/Materials/Planets/PolygonSpace_Planet_Lines_03_B.mat
  artifactKey: Guid(75b88a7ae0f30754ca4709a6f380d872) Importer(2089858483,192608db42251d675da83286b1cce702)
Start importing Assets/PolygonSciFiSpace/Materials/Planets/PolygonSpace_Planet_Lines_03_B.mat using Guid(75b88a7ae0f30754ca4709a6f380d872) Importer(2089858483,192608db42251d675da83286b1cce702) (ScriptedImporter) -> (artifact id: 'f0a14d604446df1500fa5ac0d32078fa') in 0.0221589 seconds
Number of updated asset objects reloaded before import = 0Number of asset objects unloaded after import = 2

========================================================================
Received Import Request.
  Time since last request: 0.000052 seconds.
  path: Assets/PolygonSciFiSpace/Materials/FX/FX_Warp.mat
  artifactKey: Guid(42cfaa16732c8074382eccd4dce4452c) Importer(2089858483,192608db42251d675da83286b1cce702)
Start importing Assets/PolygonSciFiSpace/Materials/FX/FX_Warp.mat using Guid(42cfaa16732c8074382eccd4dce4452c) Importer(2089858483,192608db42251d675da83286b1cce702) (ScriptedImporter) -> (artifact id: 'b2db7ca948ca9bae6afbde0816fda0c2') in 0.0164757 seconds
Number of updated asset objects reloaded before import = 0Number of asset objects unloaded after import = 2

========================================================================
Received Import Request.
  Time since last request: 0.000028 seconds.
  path: Assets/PolygonSciFiSpace/Models/Collision/SM_Env_Astroid_Field_01_Collision.fbx
  artifactKey: Guid(966126904e24eed4996696a06046f2e2) Importer(2089858483,192608db42251d675da83286b1cce702)
Start importing Assets/PolygonSciFiSpace/Models/Collision/SM_Env_Astroid_Field_01_Collision.fbx using Guid(966126904e24eed4996696a06046f2e2) Importer(2089858483,192608db42251d675da83286b1cce702) (ScriptedImporter) -> (artifact id: '60576b202dbbdb22adda8c25c532e3f5') in 0.0529381 seconds
Number of updated asset objects reloaded before import = 0Number of asset objects unloaded after import = 7

========================================================================
Received Import Request.
  Time since last request: 0.000037 seconds.
  path: Assets/PolygonSciFiSpace/Models/Collision/SM_Prop_StairsPlatform_01_Collision.fbx
  artifactKey: Guid(cdf22000dd683264785c7b980ba24ab7) Importer(2089858483,192608db42251d675da83286b1cce702)
Start importing Assets/PolygonSciFiSpace/Models/Collision/SM_Prop_StairsPlatform_01_Collision.fbx using Guid(cdf22000dd683264785c7b980ba24ab7) Importer(2089858483,192608db42251d675da83286b1cce702) (ScriptedImporter) -> (artifact id: '4d7c35fcbce3f23fb3d85019ddc4b8e6') in 0.0388541 seconds
Number of updated asset objects reloaded before import = 0Number of asset objects unloaded after import = 7

========================================================================
Received Import Request.
  Time since last request: 0.000053 seconds.
  path: Assets/PolygonSciFiSpace/Models/Collision/SM_Veh_Beacon_01_Collision.fbx
  artifactKey: Guid(57ba309d111a36c43a39e9881d139d0b) Importer(2089858483,192608db42251d675da83286b1cce702)
Start importing Assets/PolygonSciFiSpace/Models/Collision/SM_Veh_Beacon_01_Collision.fbx using Guid(57ba309d111a36c43a39e9881d139d0b) Importer(2089858483,192608db42251d675da83286b1cce702) (ScriptedImporter) -> (artifact id: '020e9fbb3ffe02c5d75e911ba225e535') in 0.0489049 seconds
Number of updated asset objects reloaded before import = 0Number of asset objects unloaded after import = 7

========================================================================
Received Import Request.
  Time since last request: 0.000031 seconds.
  path: Assets/PolygonSciFiSpace/Prefabs/Buildings/SM_Bld_Ceiling_Pipes_Straight_01.prefab
  artifactKey: Guid(eab46053e32a19d4bbcc05ecd80bf859) Importer(2089858483,192608db42251d675da83286b1cce702)
Start importing Assets/PolygonSciFiSpace/Prefabs/Buildings/SM_Bld_Ceiling_Pipes_Straight_01.prefab using Guid(eab46053e32a19d4bbcc05ecd80bf859) Importer(2089858483,192608db42251d675da83286b1cce702) (ScriptedImporter) -> (artifact id: '2327717d56375de8b71dcc1b98878e29') in 0.0382753 seconds
Number of updated asset objects reloaded before import = 0Number of asset objects unloaded after import = 10

========================================================================
Received Import Request.
  Time since last request: 0.000038 seconds.
  path: Assets/PolygonSciFiSpace/Prefabs/Buildings/SM_Bld_Bridge_Walls_01.prefab
  artifactKey: Guid(e00922d618cf8364a8e698bdb3ef8ce7) Importer(2089858483,192608db42251d675da83286b1cce702)
Start importing Assets/PolygonSciFiSpace/Prefabs/Buildings/SM_Bld_Bridge_Walls_01.prefab using Guid(e00922d618cf8364a8e698bdb3ef8ce7) Importer(2089858483,192608db42251d675da83286b1cce702) (ScriptedImporter) -> (artifact id: 'fd2af0b8328c227260c4fae01180a15a') in 0.0418138 seconds
Number of updated asset objects reloaded before import = 0Number of asset objects unloaded after import = 15

========================================================================
Received Import Request.
  Time since last request: 0.000055 seconds.
  path: Assets/PolygonSciFiSpace/Models/FX_Meshes/SM_LightRayRound.fbx
  artifactKey: Guid(0e85f85b925d55b4f941293ba1b14900) Importer(2089858483,192608db42251d675da83286b1cce702)
Start importing Assets/PolygonSciFiSpace/Models/FX_Meshes/SM_LightRayRound.fbx using Guid(0e85f85b925d55b4f941293ba1b14900) Importer(2089858483,192608db42251d675da83286b1cce702) (ScriptedImporter) -> (artifact id: '636a4f6998625ad0cc7813f4ca1269cd') in 0.0668819 seconds
Number of updated asset objects reloaded before import = 0Number of asset objects unloaded after import = 16

========================================================================
Received Import Request.
  Time since last request: 0.000034 seconds.
  path: Assets/PolygonSciFiSpace/Models/Collision/SM_Bld_Hydroponics_UpperFloor_01_Collision.fbx
  artifactKey: Guid(9c994bf549401804da44a7373f5052de) Importer(2089858483,192608db42251d675da83286b1cce702)
Start importing Assets/PolygonSciFiSpace/Models/Collision/SM_Bld_Hydroponics_UpperFloor_01_Collision.fbx using Guid(9c994bf549401804da44a7373f5052de) Importer(2089858483,192608db42251d675da83286b1cce702) (ScriptedImporter) -> (artifact id: '02ee19ba34138fa3e675cd88776c895a') in 0.0523708 seconds
Number of updated asset objects reloaded before import = 0Number of asset objects unloaded after import = 7

========================================================================
Received Import Request.
  Time since last request: 0.000052 seconds.
  path: Assets/PolygonSciFiSpace/Materials/Planets/PolygonSpace_Planet_02_C.mat
  artifactKey: Guid(60833281b2e436d4892638469ac7ea05) Importer(2089858483,192608db42251d675da83286b1cce702)
Start importing Assets/PolygonSciFiSpace/Materials/Planets/PolygonSpace_Planet_02_C.mat using Guid(60833281b2e436d4892638469ac7ea05) Importer(2089858483,192608db42251d675da83286b1cce702) (ScriptedImporter) -> (artifact id: '279930a018ccdf67c02bc0e2c19616ad') in 0.0222496 seconds
Number of updated asset objects reloaded before import = 0Number of asset objects unloaded after import = 2

========================================================================
Received Import Request.
  Time since last request: 0.000066 seconds.
  path: Assets/PolygonSciFiSpace/Models/FX_Meshes/SM_Pebble_Debris_03.fbx
  artifactKey: Guid(3a8a86990e835ea48ad72b3669c3e92a) Importer(2089858483,192608db42251d675da83286b1cce702)
Start importing Assets/PolygonSciFiSpace/Models/FX_Meshes/SM_Pebble_Debris_03.fbx using Guid(3a8a86990e835ea48ad72b3669c3e92a) Importer(2089858483,192608db42251d675da83286b1cce702) (ScriptedImporter) -> (artifact id: '85af9a7559ae5b413061f565c53effde') in 0.0378126 seconds
Number of updated asset objects reloaded before import = 0Number of asset objects unloaded after import = 7

========================================================================
Received Import Request.
  Time since last request: 0.000032 seconds.
  path: Assets/PolygonSciFiSpace/Models/Collision/SM_Ship_Station_01_Collision.fbx
  artifactKey: Guid(5f5f243876a3bd54fb7909556c48abe6) Importer(2089858483,192608db42251d675da83286b1cce702)
Start importing Assets/PolygonSciFiSpace/Models/Collision/SM_Ship_Station_01_Collision.fbx using Guid(5f5f243876a3bd54fb7909556c48abe6) Importer(2089858483,192608db42251d675da83286b1cce702) (ScriptedImporter) -> (artifact id: '1d3b3f4472b1f780f629188fd1626175') in 0.0402359 seconds
Number of updated asset objects reloaded before import = 0Number of asset objects unloaded after import = 7

========================================================================
Received Import Request.
  Time since last request: 0.000039 seconds.
  path: Assets/PolygonSciFiSpace/Prefabs/Buildings/SM_Bld_HangarPlatform_01.prefab
  artifactKey: Guid(2b953a2ed8ec78e46840471627456106) Importer(2089858483,192608db42251d675da83286b1cce702)
Start importing Assets/PolygonSciFiSpace/Prefabs/Buildings/SM_Bld_HangarPlatform_01.prefab using Guid(2b953a2ed8ec78e46840471627456106) Importer(2089858483,192608db42251d675da83286b1cce702) (ScriptedImporter) -> (artifact id: '1e044ff5244a34a856f3fcb5bad62af3') in 0.0307271 seconds
Number of updated asset objects reloaded before import = 0Number of asset objects unloaded after import = 9

========================================================================
Received Import Request.
  Time since last request: 0.000057 seconds.
  path: Assets/PolygonSciFiSpace/Prefabs/Buildings/SM_Bld_Crew_Toilet_01.prefab
  artifactKey: Guid(ca31f6c5f715b7f40ad0aef93850f736) Importer(2089858483,192608db42251d675da83286b1cce702)
Start importing Assets/PolygonSciFiSpace/Prefabs/Buildings/SM_Bld_Crew_Toilet_01.prefab using Guid(ca31f6c5f715b7f40ad0aef93850f736) Importer(2089858483,192608db42251d675da83286b1cce702) (ScriptedImporter) -> (artifact id: '0edae7a44c1e27031a0dd3ffa5a81890') in 0.0397695 seconds
Number of updated asset objects reloaded before import = 0Number of asset objects unloaded after import = 15

========================================================================
Received Import Request.
  Time since last request: 0.000033 seconds.
  path: Assets/PolygonSciFiSpace/Prefabs/Buildings/SM_Bld_Wall_Doorframe_03.prefab
  artifactKey: Guid(ab94f4534e23ba141a10b1ca23fa05ce) Importer(2089858483,192608db42251d675da83286b1cce702)
Start importing Assets/PolygonSciFiSpace/Prefabs/Buildings/SM_Bld_Wall_Doorframe_03.prefab using Guid(ab94f4534e23ba141a10b1ca23fa05ce) Importer(2089858483,192608db42251d675da83286b1cce702) (ScriptedImporter) -> (artifact id: '7e247964e19323ac773772f263267b46') in 0.0395926 seconds
Number of updated asset objects reloaded before import = 0Number of asset objects unloaded after import = 16

========================================================================
Received Import Request.
  Time since last request: 0.000042 seconds.
  path: Assets/PolygonSciFiSpace/Prefabs/Buildings/SM_Bld_Wall_Exterior_Window_02.prefab
  artifactKey: Guid(6787d79de68fcd943a7f1325d70e2f7b) Importer(2089858483,192608db42251d675da83286b1cce702)
Start importing Assets/PolygonSciFiSpace/Prefabs/Buildings/SM_Bld_Wall_Exterior_Window_02.prefab using Guid(6787d79de68fcd943a7f1325d70e2f7b) Importer(2089858483,192608db42251d675da83286b1cce702) (ScriptedImporter) -> (artifact id: 'b1099f6d2e656e9c6cf764de44de72b6') in 0.0359595 seconds
Number of updated asset objects reloaded before import = 0Number of asset objects unloaded after import = 11

========================================================================
Received Import Request.
  Time since last request: 0.000054 seconds.
  path: Assets/PolygonSciFiSpace/Prefabs/Buildings/SM_Bld_Wall_Doorframe_01.prefab
  artifactKey: Guid(228d48af1edab9043b87d3048b297ff9) Importer(2089858483,192608db42251d675da83286b1cce702)
Start importing Assets/PolygonSciFiSpace/Prefabs/Buildings/SM_Bld_Wall_Doorframe_01.prefab using Guid(228d48af1edab9043b87d3048b297ff9) Importer(2089858483,192608db42251d675da83286b1cce702) (ScriptedImporter) -> (artifact id: '555b4e9f42a4277e3fed2e8178db41fe') in 0.0282416 seconds
Number of updated asset objects reloaded before import = 0Number of asset objects unloaded after import = 15

========================================================================
Received Import Request.
  Time since last request: 0.000030 seconds.
  path: Assets/PolygonSciFiSpace/Prefabs/Characters/SM_Chr_BR_War_Robot_01.prefab
  artifactKey: Guid(c38312671b1287f438871de666ae8f72) Importer(2089858483,192608db42251d675da83286b1cce702)
Start importing Assets/PolygonSciFiSpace/Prefabs/Characters/SM_Chr_BR_War_Robot_01.prefab using Guid(c38312671b1287f438871de666ae8f72) Importer(2089858483,192608db42251d675da83286b1cce702) (ScriptedImporter) -> (artifact id: 'faa85daf564a6aa87a8240ae63d7ccd0') in 0.0237371 seconds
Number of updated asset objects reloaded before import = 0Number of asset objects unloaded after import = 124

========================================================================
Received Import Request.
  Time since last request: 0.000026 seconds.
  path: Assets/PolygonSciFiSpace/Prefabs/Buildings/SM_Bld_Hydroponics_Roof_01.prefab
  artifactKey: Guid(b5346737261bc34439508d877b2a2b94) Importer(2089858483,192608db42251d675da83286b1cce702)
Start importing Assets/PolygonSciFiSpace/Prefabs/Buildings/SM_Bld_Hydroponics_Roof_01.prefab using Guid(b5346737261bc34439508d877b2a2b94) Importer(2089858483,192608db42251d675da83286b1cce702) (ScriptedImporter) -> (artifact id: 'a0b5b5125745fb509f3fd9300d57e09d') in 0.028549 seconds
Number of updated asset objects reloaded before import = 0Number of asset objects unloaded after import = 15

========================================================================
Received Import Request.
  Time since last request: 0.000040 seconds.
  path: Assets/PolygonSciFiSpace/Prefabs/Buildings/SM_Bld_Roof_Exterior_02.prefab
  artifactKey: Guid(e29a3df3f6723dd4b909931095a948ad) Importer(2089858483,192608db42251d675da83286b1cce702)
Start importing Assets/PolygonSciFiSpace/Prefabs/Buildings/SM_Bld_Roof_Exterior_02.prefab using Guid(e29a3df3f6723dd4b909931095a948ad) Importer(2089858483,192608db42251d675da83286b1cce702) (ScriptedImporter) -> (artifact id: 'dd0c8f373db7b3430f38258213b30aed') in 0.0347418 seconds
Number of updated asset objects reloaded before import = 0Number of asset objects unloaded after import = 10

========================================================================
Received Import Request.
  Time since last request: 0.000046 seconds.
  path: Assets/PolygonSciFiSpace/Prefabs/Buildings/SM_Bld_Wall_Corner_Pillar_05.prefab
  artifactKey: Guid(ffb9530120a5a9145b1423d2c8801474) Importer(2089858483,192608db42251d675da83286b1cce702)
Start importing Assets/PolygonSciFiSpace/Prefabs/Buildings/SM_Bld_Wall_Corner_Pillar_05.prefab using Guid(ffb9530120a5a9145b1423d2c8801474) Importer(2089858483,192608db42251d675da83286b1cce702) (ScriptedImporter) -> (artifact id: '2cf70adc640979380b538f1cc91ee6f7') in 0.0282112 seconds
Number of updated asset objects reloaded before import = 0Number of asset objects unloaded after import = 14

========================================================================
Received Import Request.
  Time since last request: 0.000025 seconds.
  path: Assets/PolygonSciFiSpace/Prefabs/Buildings/SM_Bld_Floor_Small_03.prefab
  artifactKey: Guid(a75e70fa2a72b144c9ff31aa11963d83) Importer(2089858483,192608db42251d675da83286b1cce702)
Start importing Assets/PolygonSciFiSpace/Prefabs/Buildings/SM_Bld_Floor_Small_03.prefab using Guid(a75e70fa2a72b144c9ff31aa11963d83) Importer(2089858483,192608db42251d675da83286b1cce702) (ScriptedImporter) -> (artifact id: 'b542daf23ad811995e44359e3643656c') in 0.0211602 seconds
Number of updated asset objects reloaded before import = 0Number of asset objects unloaded after import = 9

========================================================================
Received Import Request.
  Time since last request: 0.000031 seconds.
  path: Assets/PolygonSciFiSpace/Prefabs/Buildings/SM_Bld_Crew_Shower_01.prefab
  artifactKey: Guid(b3efb4daf2528dd48952308934bbfa6b) Importer(2089858483,192608db42251d675da83286b1cce702)
Start importing Assets/PolygonSciFiSpace/Prefabs/Buildings/SM_Bld_Crew_Shower_01.prefab using Guid(b3efb4daf2528dd48952308934bbfa6b) Importer(2089858483,192608db42251d675da83286b1cce702) (ScriptedImporter) -> (artifact id: 'dc1801f5a88a99fff738e1c123dfd052') in 0.0347586 seconds
Number of updated asset objects reloaded before import = 0Number of asset objects unloaded after import = 15

========================================================================
Received Import Request.
  Time since last request: 0.000038 seconds.
  path: Assets/PolygonSciFiSpace/Prefabs/Buildings/SM_Bld_Crew_Blank_01.prefab
  artifactKey: Guid(40dee9ebf460e9f4b965e4ac4f678025) Importer(2089858483,192608db42251d675da83286b1cce702)
Start importing Assets/PolygonSciFiSpace/Prefabs/Buildings/SM_Bld_Crew_Blank_01.prefab using Guid(40dee9ebf460e9f4b965e4ac4f678025) Importer(2089858483,192608db42251d675da83286b1cce702) (ScriptedImporter) -> (artifact id: 'cee59f88c408b38e1be586e57307b2f0') in 0.0354427 seconds
Number of updated asset objects reloaded before import = 0Number of asset objects unloaded after import = 10

========================================================================
Received Import Request.
  Time since last request: 0.000039 seconds.
  path: Assets/PolygonSciFiSpace/Prefabs/Buildings/SM_Bld_Floor_04.prefab
  artifactKey: Guid(3deace0cd22ccd54b809b039e70ff8f6) Importer(2089858483,192608db42251d675da83286b1cce702)
Start importing Assets/PolygonSciFiSpace/Prefabs/Buildings/SM_Bld_Floor_04.prefab using Guid(3deace0cd22ccd54b809b039e70ff8f6) Importer(2089858483,192608db42251d675da83286b1cce702) (ScriptedImporter) -> (artifact id: '8d57a37258cf27ed628e7f51fd47d22d') in 0.0299628 seconds
Number of updated asset objects reloaded before import = 0Number of asset objects unloaded after import = 9

========================================================================
Received Import Request.
  Time since last request: 0.000042 seconds.
  path: Assets/PolygonSciFiSpace/Prefabs/Buildings/SM_Bld_HangarExteriorShip_01.prefab
  artifactKey: Guid(9c68fc9b24287244fa786d33f8f53bfa) Importer(2089858483,192608db42251d675da83286b1cce702)
Start importing Assets/PolygonSciFiSpace/Prefabs/Buildings/SM_Bld_HangarExteriorShip_01.prefab using Guid(9c68fc9b24287244fa786d33f8f53bfa) Importer(2089858483,192608db42251d675da83286b1cce702) (ScriptedImporter) -> (artifact id: '9baf0ca0f2b09fa3ecb779935740af07') in 0.0285993 seconds
Number of updated asset objects reloaded before import = 0Number of asset objects unloaded after import = 10

========================================================================
Received Import Request.
  Time since last request: 0.000029 seconds.
  path: Assets/PolygonSciFiSpace/Prefabs/Buildings/SM_Bld_Wall_Exterior_04.prefab
  artifactKey: Guid(81b74d56cb4f9a54dad9ce387b742bcd) Importer(2089858483,192608db42251d675da83286b1cce702)
Start importing Assets/PolygonSciFiSpace/Prefabs/Buildings/SM_Bld_Wall_Exterior_04.prefab using Guid(81b74d56cb4f9a54dad9ce387b742bcd) Importer(2089858483,192608db42251d675da83286b1cce702) (ScriptedImporter) -> (artifact id: '754ab3c57924c7cdcf8d6b87734bef82') in 0.0231313 seconds
Number of updated asset objects reloaded before import = 0Number of asset objects unloaded after import = 10

========================================================================
Received Import Request.
  Time since last request: 0.000044 seconds.
  path: Assets/PolygonSciFiSpace/Prefabs/Buildings/SM_Bld_Wall_Pillar_06.prefab
  artifactKey: Guid(772695abc9aec814d8ca33b6824548bc) Importer(2089858483,192608db42251d675da83286b1cce702)
Start importing Assets/PolygonSciFiSpace/Prefabs/Buildings/SM_Bld_Wall_Pillar_06.prefab using Guid(772695abc9aec814d8ca33b6824548bc) Importer(2089858483,192608db42251d675da83286b1cce702) (ScriptedImporter) -> (artifact id: '9c91f578a526dd8b5bed116ddd00f7ba') in 0.0308675 seconds
Number of updated asset objects reloaded before import = 0Number of asset objects unloaded after import = 12

========================================================================
Received Import Request.
  Time since last request: 0.000047 seconds.
  path: Assets/PolygonSciFiSpace/Prefabs/Buildings/SM_Bld_Wall_02.prefab
  artifactKey: Guid(4b6be9f061454da438147cad1d8be214) Importer(2089858483,192608db42251d675da83286b1cce702)
Start importing Assets/PolygonSciFiSpace/Prefabs/Buildings/SM_Bld_Wall_02.prefab using Guid(4b6be9f061454da438147cad1d8be214) Importer(2089858483,192608db42251d675da83286b1cce702) (ScriptedImporter) -> (artifact id: '30d7c459b0a19d8f37029aaee60df29f') in 0.0333893 seconds
Number of updated asset objects reloaded before import = 0Number of asset objects unloaded after import = 14

========================================================================
Received Import Request.
  Time since last request: 0.000021 seconds.
  path: Assets/PolygonSciFiSpace/Prefabs/Buildings/SM_Bld_Floor_Small_Walkway_02.prefab
  artifactKey: Guid(1c2d8414643d80545a54404b6ddde85b) Importer(2089858483,192608db42251d675da83286b1cce702)
Start importing Assets/PolygonSciFiSpace/Prefabs/Buildings/SM_Bld_Floor_Small_Walkway_02.prefab using Guid(1c2d8414643d80545a54404b6ddde85b) Importer(2089858483,192608db42251d675da83286b1cce702) (ScriptedImporter) -> (artifact id: 'f6f3923d5d7ebf02bb15ea4e13ab879b') in 0.0301899 seconds
Number of updated asset objects reloaded before import = 0Number of asset objects unloaded after import = 10

========================================================================
Received Import Request.
  Time since last request: 0.000028 seconds.
  path: Assets/PolygonSciFiSpace/Prefabs/Buildings/SM_Bld_Corridor_Single_Arch_01.prefab
  artifactKey: Guid(226c67e957d036b4085a776c0b220240) Importer(2089858483,192608db42251d675da83286b1cce702)
Start importing Assets/PolygonSciFiSpace/Prefabs/Buildings/SM_Bld_Corridor_Single_Arch_01.prefab using Guid(226c67e957d036b4085a776c0b220240) Importer(2089858483,192608db42251d675da83286b1cce702) (ScriptedImporter) -> (artifact id: 'e3e8b4a385819306895579d39991dbd6') in 0.0242775 seconds
Number of updated asset objects reloaded before import = 0Number of asset objects unloaded after import = 9

========================================================================
Received Import Request.
  Time since last request: 0.000036 seconds.
  path: Assets/PolygonSciFiSpace/Prefabs/Buildings/SM_Bld_Floor_02.prefab
  artifactKey: Guid(104e63ea9c8da8e44afdf8a0dc868399) Importer(2089858483,192608db42251d675da83286b1cce702)
Start importing Assets/PolygonSciFiSpace/Prefabs/Buildings/SM_Bld_Floor_02.prefab using Guid(104e63ea9c8da8e44afdf8a0dc868399) Importer(2089858483,192608db42251d675da83286b1cce702) (ScriptedImporter) -> (artifact id: '545661545dc7d766b4017a29eb7f97af') in 0.022428 seconds
Number of updated asset objects reloaded before import = 0Number of asset objects unloaded after import = 9

========================================================================
Received Import Request.
  Time since last request: 0.000062 seconds.
  path: Assets/PolygonSciFiSpace/Prefabs/Buildings/SM_Bld_Corridor_Double_Arch_01.prefab
  artifactKey: Guid(fa006b9318d03cd42b7fa5eea7a5a855) Importer(2089858483,192608db42251d675da83286b1cce702)
Start importing Assets/PolygonSciFiSpace/Prefabs/Buildings/SM_Bld_Corridor_Double_Arch_01.prefab using Guid(fa006b9318d03cd42b7fa5eea7a5a855) Importer(2089858483,192608db42251d675da83286b1cce702) (ScriptedImporter) -> (artifact id: 'e1b4ffdafe98cf208947d43338a11276') in 0.021156 seconds
Number of updated asset objects reloaded before import = 0Number of asset objects unloaded after import = 9

========================================================================
Received Import Request.
  Time since last request: 0.000025 seconds.
  path: Assets/PolygonSciFiSpace/Prefabs/Characters/SM_Chr_BR_BigAlien_01.prefab
  artifactKey: Guid(2d2ee0a29f7271b4ab7153373565a175) Importer(2089858483,192608db42251d675da83286b1cce702)
Start importing Assets/PolygonSciFiSpace/Prefabs/Characters/SM_Chr_BR_BigAlien_01.prefab using Guid(2d2ee0a29f7271b4ab7153373565a175) Importer(2089858483,192608db42251d675da83286b1cce702) (ScriptedImporter) -> (artifact id: '0e7283dbff79f9f7206630ff3d6384f7') in 0.0276279 seconds
Number of updated asset objects reloaded before import = 0Number of asset objects unloaded after import = 124

========================================================================
Received Import Request.
  Time since last request: 0.000026 seconds.
  path: Assets/PolygonSciFiSpace/Prefabs/Characters/SM_Chr_BR_BigAlien_02.prefab
  artifactKey: Guid(feefc8bdbd5cd3340a37ddc39f079c5a) Importer(2089858483,192608db42251d675da83286b1cce702)
Start importing Assets/PolygonSciFiSpace/Prefabs/Characters/SM_Chr_BR_BigAlien_02.prefab using Guid(feefc8bdbd5cd3340a37ddc39f079c5a) Importer(2089858483,192608db42251d675da83286b1cce702) (ScriptedImporter) -> (artifact id: '96ea3c997242b42df6344a8ce4a2de7c') in 0.027684 seconds
Number of updated asset objects reloaded before import = 0Number of asset objects unloaded after import = 124

========================================================================
Received Import Request.
  Time since last request: 0.000040 seconds.
  path: Assets/PolygonSciFiSpace/Models/Collision/SM_Ship_Fighter_Heavy_02_Collision.fbx
  artifactKey: Guid(a45c7ea627ee03d49952bc9d2bf4ebda) Importer(2089858483,192608db42251d675da83286b1cce702)
Start importing Assets/PolygonSciFiSpace/Models/Collision/SM_Ship_Fighter_Heavy_02_Collision.fbx using Guid(a45c7ea627ee03d49952bc9d2bf4ebda) Importer(2089858483,192608db42251d675da83286b1cce702) (ScriptedImporter) -> (artifact id: '4772a2beb0087f8b48b1eab2991a7669') in 0.0388674 seconds
Number of updated asset objects reloaded before import = 0Number of asset objects unloaded after import = 7

========================================================================
Received Import Request.
  Time since last request: 0.000047 seconds.
  path: Assets/PolygonSciFiSpace/Prefabs/Buildings/SM_Bld_Floor_Small_06.prefab
  artifactKey: Guid(aa25ca1bf83c745409cdeff0d6cace3a) Importer(2089858483,192608db42251d675da83286b1cce702)
Start importing Assets/PolygonSciFiSpace/Prefabs/Buildings/SM_Bld_Floor_Small_06.prefab using Guid(aa25ca1bf83c745409cdeff0d6cace3a) Importer(2089858483,192608db42251d675da83286b1cce702) (ScriptedImporter) -> (artifact id: '6896e6ba2d931974b06e02f158a59099') in 0.0249297 seconds
Number of updated asset objects reloaded before import = 0Number of asset objects unloaded after import = 9

========================================================================
Received Import Request.
  Time since last request: 0.000027 seconds.
  path: Assets/PolygonSciFiSpace/Prefabs/Buildings/SM_Bld_Wall_Corner_Pillar_Wide_02.prefab
  artifactKey: Guid(ef060faaf19f15448a77b1693bbddacb) Importer(2089858483,192608db42251d675da83286b1cce702)
Start importing Assets/PolygonSciFiSpace/Prefabs/Buildings/SM_Bld_Wall_Corner_Pillar_Wide_02.prefab using Guid(ef060faaf19f15448a77b1693bbddacb) Importer(2089858483,192608db42251d675da83286b1cce702) (ScriptedImporter) -> (artifact id: '411861b02a3b760210932b8a58d51b9a') in 0.0317195 seconds
Number of updated asset objects reloaded before import = 0Number of asset objects unloaded after import = 12

========================================================================
Received Import Request.
  Time since last request: 0.000040 seconds.
  path: Assets/PolygonSciFiSpace/Prefabs/Buildings/SM_Bld_Floor_03.prefab
  artifactKey: Guid(5e40b3435a2413d4d9e22dd132d4f79e) Importer(2089858483,192608db42251d675da83286b1cce702)
Start importing Assets/PolygonSciFiSpace/Prefabs/Buildings/SM_Bld_Floor_03.prefab using Guid(5e40b3435a2413d4d9e22dd132d4f79e) Importer(2089858483,192608db42251d675da83286b1cce702) (ScriptedImporter) -> (artifact id: 'f50e0742e274fd664b629457fef2ec82') in 0.0244353 seconds
Number of updated asset objects reloaded before import = 0Number of asset objects unloaded after import = 9

========================================================================
Received Import Request.
  Time since last request: 0.000045 seconds.
  path: Assets/PolygonSciFiSpace/Prefabs/Buildings/SM_Bld_Hydroponics_BaseFloor_01.prefab
  artifactKey: Guid(82bc738b32db05f4485e4712088da5e8) Importer(2089858483,192608db42251d675da83286b1cce702)
Start importing Assets/PolygonSciFiSpace/Prefabs/Buildings/SM_Bld_Hydroponics_BaseFloor_01.prefab using Guid(82bc738b32db05f4485e4712088da5e8) Importer(2089858483,192608db42251d675da83286b1cce702) (ScriptedImporter) -> (artifact id: '13d6d5758a44669e6a9cc7550be79b2e') in 0.0406584 seconds
Number of updated asset objects reloaded before import = 0Number of asset objects unloaded after import = 20

========================================================================
Received Import Request.
  Time since last request: 0.000059 seconds.
  path: Assets/PolygonSciFiSpace/Prefabs/Buildings/SM_Bld_Wall_Exterior_03.prefab
  artifactKey: Guid(e95858a75128ddc4bb2e5f190d41a7c6) Importer(2089858483,192608db42251d675da83286b1cce702)
Start importing Assets/PolygonSciFiSpace/Prefabs/Buildings/SM_Bld_Wall_Exterior_03.prefab using Guid(e95858a75128ddc4bb2e5f190d41a7c6) Importer(2089858483,192608db42251d675da83286b1cce702) (ScriptedImporter) -> (artifact id: '08d833e3d1d59ed33ec6dd886c30dbfa') in 0.0292486 seconds
Number of updated asset objects reloaded before import = 0Number of asset objects unloaded after import = 10

========================================================================
Received Import Request.
  Time since last request: 0.000026 seconds.
  path: Assets/PolygonSciFiSpace/Materials/FX/FX_Explosion.mat
  artifactKey: Guid(c44d9100c3587264ead98493219f1fa1) Importer(2089858483,192608db42251d675da83286b1cce702)
Start importing Assets/PolygonSciFiSpace/Materials/FX/FX_Explosion.mat using Guid(c44d9100c3587264ead98493219f1fa1) Importer(2089858483,192608db42251d675da83286b1cce702) (ScriptedImporter) -> (artifact id: '79e57a5044c3cad1123833b640168936') in 0.0109642 seconds
Number of updated asset objects reloaded before import = 0Number of asset objects unloaded after import = 2

========================================================================
Received Import Request.
  Time since last request: 0.000023 seconds.
  path: Assets/PolygonSciFiSpace/Models/Collision/SM_Ship_Station_02_Collision.fbx
  artifactKey: Guid(6c19870a9c3a3d04d9900443a2818006) Importer(2089858483,192608db42251d675da83286b1cce702)
Start importing Assets/PolygonSciFiSpace/Models/Collision/SM_Ship_Station_02_Collision.fbx using Guid(6c19870a9c3a3d04d9900443a2818006) Importer(2089858483,192608db42251d675da83286b1cce702) (ScriptedImporter) -> (artifact id: '17f9130f45154c02b92e514f86fc92bf') in 0.0392741 seconds
Number of updated asset objects reloaded before import = 0Number of asset objects unloaded after import = 7

========================================================================
Received Import Request.
  Time since last request: 0.000035 seconds.
  path: Assets/PolygonSciFiSpace/Prefabs/Buildings/SM_Bld_Corridor_Single_Arch_03.prefab
  artifactKey: Guid(4ecb809d8ea3ac242a040c2ae20430d1) Importer(2089858483,192608db42251d675da83286b1cce702)
Start importing Assets/PolygonSciFiSpace/Prefabs/Buildings/SM_Bld_Corridor_Single_Arch_03.prefab using Guid(4ecb809d8ea3ac242a040c2ae20430d1) Importer(2089858483,192608db42251d675da83286b1cce702) (ScriptedImporter) -> (artifact id: '7f6e2c1787be093d47fb9a97e3cc5a5b') in 0.026233 seconds
Number of updated asset objects reloaded before import = 0Number of asset objects unloaded after import = 9

========================================================================
Received Import Request.
  Time since last request: 0.000044 seconds.
  path: Assets/PolygonSciFiSpace/Prefabs/Props/SM_Prop_Battery_03.prefab
  artifactKey: Guid(08bde06c179f5274892999713e6998e9) Importer(2089858483,192608db42251d675da83286b1cce702)
Start importing Assets/PolygonSciFiSpace/Prefabs/Props/SM_Prop_Battery_03.prefab using Guid(08bde06c179f5274892999713e6998e9) Importer(2089858483,192608db42251d675da83286b1cce702) (ScriptedImporter) -> (artifact id: '0bcd48a7b5c606842978857c656e72ac') in 0.0276399 seconds
Number of updated asset objects reloaded before import = 0Number of asset objects unloaded after import = 10

========================================================================
Received Import Request.
  Time since last request: 0.000029 seconds.
  path: Assets/PolygonSciFiSpace/Prefabs/Environment/SM_Env_Debris_Shell_08.prefab
  artifactKey: Guid(3b7a720eafe7ab247a08d41e9d0913ed) Importer(2089858483,192608db42251d675da83286b1cce702)
Start importing Assets/PolygonSciFiSpace/Prefabs/Environment/SM_Env_Debris_Shell_08.prefab using Guid(3b7a720eafe7ab247a08d41e9d0913ed) Importer(2089858483,192608db42251d675da83286b1cce702) (ScriptedImporter) -> (artifact id: '272a4865e6fa3238e5a178306c4e2dad') in 0.0311965 seconds
Number of updated asset objects reloaded before import = 0Number of asset objects unloaded after import = 10

========================================================================
Received Import Request.
  Time since last request: 0.000030 seconds.
  path: Assets/PolygonSciFiSpace/Prefabs/FX/FX_Bubbles.prefab
  artifactKey: Guid(0f958b237ff34dc41854495e16602a70) Importer(2089858483,192608db42251d675da83286b1cce702)
Start importing Assets/PolygonSciFiSpace/Prefabs/FX/FX_Bubbles.prefab using Guid(0f958b237ff34dc41854495e16602a70) Importer(2089858483,192608db42251d675da83286b1cce702) (ScriptedImporter) -> (artifact id: '51d613a27883a969183b1a65442923fb') in 0.1072606 seconds
Number of updated asset objects reloaded before import = 0Number of asset objects unloaded after import = 8

========================================================================
Received Import Request.
  Time since last request: 0.000073 seconds.
  path: Assets/PolygonSciFiSpace/Prefabs/Environment/SM_Env_Debris_Shell_03.prefab
  artifactKey: Guid(838127bc699769f468c9980c3e69a2fb) Importer(2089858483,192608db42251d675da83286b1cce702)
Start importing Assets/PolygonSciFiSpace/Prefabs/Environment/SM_Env_Debris_Shell_03.prefab using Guid(838127bc699769f468c9980c3e69a2fb) Importer(2089858483,192608db42251d675da83286b1cce702) (ScriptedImporter) -> (artifact id: 'ffb275123dff7b20133315cfd4c5c78e') in 0.0279013 seconds
Number of updated asset objects reloaded before import = 0Number of asset objects unloaded after import = 10

========================================================================
Received Import Request.
  Time since last request: 0.000056 seconds.
  path: Assets/PolygonSciFiSpace/Prefabs/Environment/SM_Env_Asteroid_04.prefab
  artifactKey: Guid(35ab5042a61b422478913511a2f89312) Importer(2089858483,192608db42251d675da83286b1cce702)
Start importing Assets/PolygonSciFiSpace/Prefabs/Environment/SM_Env_Asteroid_04.prefab using Guid(35ab5042a61b422478913511a2f89312) Importer(2089858483,192608db42251d675da83286b1cce702) (ScriptedImporter) -> (artifact id: '5d17f89340d6f84d24bbbbbc74967e3c') in 0.0237857 seconds
Number of updated asset objects reloaded before import = 0Number of asset objects unloaded after import = 9

========================================================================
Received Import Request.
  Time since last request: 0.000028 seconds.
  path: Assets/PolygonSciFiSpace/Prefabs/Props/SM_Prop_AirVent_Small_01.prefab
  artifactKey: Guid(7cfdac9897d75ff46b48feabe9881f12) Importer(2089858483,192608db42251d675da83286b1cce702)
Start importing Assets/PolygonSciFiSpace/Prefabs/Props/SM_Prop_AirVent_Small_01.prefab using Guid(7cfdac9897d75ff46b48feabe9881f12) Importer(2089858483,192608db42251d675da83286b1cce702) (ScriptedImporter) -> (artifact id: 'e9f36bd7abee935b9596b9a1e8e50aa7') in 0.0315696 seconds
Number of updated asset objects reloaded before import = 0Number of asset objects unloaded after import = 10

========================================================================
Received Import Request.
  Time since last request: 0.000036 seconds.
  path: Assets/PolygonSciFiSpace/Prefabs/Environment/SM_Env_Debris_Shell_01.prefab
  artifactKey: Guid(8c353a098e0d1224b877c52f4e519b54) Importer(2089858483,192608db42251d675da83286b1cce702)
Start importing Assets/PolygonSciFiSpace/Prefabs/Environment/SM_Env_Debris_Shell_01.prefab using Guid(8c353a098e0d1224b877c52f4e519b54) Importer(2089858483,192608db42251d675da83286b1cce702) (ScriptedImporter) -> (artifact id: 'eed4c5e08d27471a4205e3286b55e81e') in 0.0260379 seconds
Number of updated asset objects reloaded before import = 0Number of asset objects unloaded after import = 10

========================================================================
Received Import Request.
  Time since last request: 0.000045 seconds.
  path: Assets/PolygonSciFiSpace/Prefabs/Environment/SM_Env_Asteroid_Field_01.prefab
  artifactKey: Guid(84c87c5cabcd16746934df7fda1708c2) Importer(2089858483,192608db42251d675da83286b1cce702)
Start importing Assets/PolygonSciFiSpace/Prefabs/Environment/SM_Env_Asteroid_Field_01.prefab using Guid(84c87c5cabcd16746934df7fda1708c2) Importer(2089858483,192608db42251d675da83286b1cce702) (ScriptedImporter) -> (artifact id: 'a496e0de10c44963ad68dc8246ab64d5') in 0.0388803 seconds
Number of updated asset objects reloaded before import = 0Number of asset objects unloaded after import = 9

========================================================================
Received Import Request.
  Time since last request: 0.000049 seconds.
  path: Assets/PolygonSciFiSpace/Prefabs/FX/FX_LightRayCube.prefab
  artifactKey: Guid(020a3c5324a85e54aa57f312e6924dc6) Importer(2089858483,192608db42251d675da83286b1cce702)
Start importing Assets/PolygonSciFiSpace/Prefabs/FX/FX_LightRayCube.prefab using Guid(020a3c5324a85e54aa57f312e6924dc6) Importer(2089858483,192608db42251d675da83286b1cce702) (ScriptedImporter) -> (artifact id: '239edb99d7d406c46a3855698a6c2f2c') in 0.0096082 seconds
Number of updated asset objects reloaded before import = 0Number of asset objects unloaded after import = 14

========================================================================
Received Import Request.
  Time since last request: 0.000020 seconds.
  path: Assets/PolygonSciFiSpace/Prefabs/FX/FX_Laser_Shot.prefab
  artifactKey: Guid(b510fe24f925ddd4bbf696284d146f51) Importer(2089858483,192608db42251d675da83286b1cce702)
Start importing Assets/PolygonSciFiSpace/Prefabs/FX/FX_Laser_Shot.prefab using Guid(b510fe24f925ddd4bbf696284d146f51) Importer(2089858483,192608db42251d675da83286b1cce702) (ScriptedImporter) -> (artifact id: '8f20b2e1a03c6e4e6c87627c129946ed') in 0.0780465 seconds
Number of updated asset objects reloaded before import = 0Number of asset objects unloaded after import = 15

========================================================================
Received Import Request.
  Time since last request: 0.000027 seconds.
  path: Assets/PolygonSciFiSpace/Prefabs/Environment/SM_Env_Asteroid_Rock_02.prefab
  artifactKey: Guid(532691fd02556f1418e733023af81ff4) Importer(2089858483,192608db42251d675da83286b1cce702)
Start importing Assets/PolygonSciFiSpace/Prefabs/Environment/SM_Env_Asteroid_Rock_02.prefab using Guid(532691fd02556f1418e733023af81ff4) Importer(2089858483,192608db42251d675da83286b1cce702) (ScriptedImporter) -> (artifact id: '3257785ad5fd8e1432a03323f9cd0d13') in 0.0233665 seconds
Number of updated asset objects reloaded before import = 0Number of asset objects unloaded after import = 9

========================================================================
Received Import Request.
  Time since last request: 0.000033 seconds.
  path: Assets/PolygonSciFiSpace/Prefabs/Environment/SM_Env_Debris_Shell_07.prefab
  artifactKey: Guid(d82175a569c86a94f80f974bde394a58) Importer(2089858483,192608db42251d675da83286b1cce702)
Start importing Assets/PolygonSciFiSpace/Prefabs/Environment/SM_Env_Debris_Shell_07.prefab using Guid(d82175a569c86a94f80f974bde394a58) Importer(2089858483,192608db42251d675da83286b1cce702) (ScriptedImporter) -> (artifact id: '9908ad0f8ba5b907640f18c5215ca0ab') in 0.0246562 seconds
Number of updated asset objects reloaded before import = 0Number of asset objects unloaded after import = 10

========================================================================
Received Import Request.
  Time since last request: 0.000049 seconds.
  path: Assets/PolygonSciFiSpace/Prefabs/Environment/SM_Env_Planet_14.prefab
  artifactKey: Guid(1628ff674f2ac4e45b41e507b5150cbb) Importer(2089858483,192608db42251d675da83286b1cce702)
Start importing Assets/PolygonSciFiSpace/Prefabs/Environment/SM_Env_Planet_14.prefab using Guid(1628ff674f2ac4e45b41e507b5150cbb) Importer(2089858483,192608db42251d675da83286b1cce702) (ScriptedImporter) -> (artifact id: '9699f92e78fa7a0a090cad138f7ffeb2') in 0.0315161 seconds
Number of updated asset objects reloaded before import = 0Number of asset objects unloaded after import = 9

========================================================================
Received Import Request.
  Time since last request: 0.000027 seconds.
  path: Assets/Online_FPS_TPS_KIT/Models/Weapons/Glok_Pistol.fbx
  artifactKey: Guid(9886fa05a945efb4e8e4aba1b9cad8b5) Importer(2089858483,192608db42251d675da83286b1cce702)
Start importing Assets/Online_FPS_TPS_KIT/Models/Weapons/Glok_Pistol.fbx using Guid(9886fa05a945efb4e8e4aba1b9cad8b5) Importer(2089858483,192608db42251d675da83286b1cce702) (ScriptedImporter) -> (artifact id: '29195a44fbea2db8233c2811ec138a48') in 0.0435755 seconds
Number of updated asset objects reloaded before import = 0Number of asset objects unloaded after import = 45

========================================================================
Received Import Request.
  Time since last request: 0.000023 seconds.
  path: Assets/PolygonSciFiSpace/Models/SM_Veh_Part_LandingGear_Flat_01.fbx
  artifactKey: Guid(979d5f9eee9174a4fb1b9e81a0c646b2) Importer(2089858483,192608db42251d675da83286b1cce702)
Start importing Assets/PolygonSciFiSpace/Models/SM_Veh_Part_LandingGear_Flat_01.fbx using Guid(979d5f9eee9174a4fb1b9e81a0c646b2) Importer(2089858483,192608db42251d675da83286b1cce702) (ScriptedImporter) -> (artifact id: 'd32b5558694f947d2910759a5fabac93') in 0.0311182 seconds
Number of updated asset objects reloaded before import = 0Number of asset objects unloaded after import = 7

========================================================================
Received Import Request.
  Time since last request: 0.000029 seconds.
  path: Assets/Polygon Arsenal/Prefabs/Misc/SmokeSwirlExplosionBlue.prefab
  artifactKey: Guid(6c8094b917790524f9c7394584241ca7) Importer(2089858483,192608db42251d675da83286b1cce702)
Start importing Assets/Polygon Arsenal/Prefabs/Misc/SmokeSwirlExplosionBlue.prefab using Guid(6c8094b917790524f9c7394584241ca7) Importer(2089858483,192608db42251d675da83286b1cce702) (ScriptedImporter) -> (artifact id: '29336ec6632a60b4bc7e92f7b91d87ff') in 0.0936881 seconds
Number of updated asset objects reloaded before import = 0Number of asset objects unloaded after import = 26

========================================================================
Received Import Request.
  Time since last request: 0.000055 seconds.
  path: Assets/Polygon Arsenal/Materials/Solids/PolySolidRough.mat
  artifactKey: Guid(f470562a2d458c946b0f14b71b07206d) Importer(2089858483,192608db42251d675da83286b1cce702)
Start importing Assets/Polygon Arsenal/Materials/Solids/PolySolidRough.mat using Guid(f470562a2d458c946b0f14b71b07206d) Importer(2089858483,192608db42251d675da83286b1cce702) (ScriptedImporter) -> (artifact id: 'ad364cecd7e422341f315ace2ab649d4') in 0.0174227 seconds
Number of updated asset objects reloaded before import = 0Number of asset objects unloaded after import = 1

========================================================================
Received Import Request.
  Time since last request: 0.000026 seconds.
  path: Assets/PolygonSciFiSpace/Prefabs/Environment/SM_Env_Asteroid_Holes_05.prefab
  artifactKey: Guid(5e616c2418668fc40a838b6fbec12b54) Importer(2089858483,192608db42251d675da83286b1cce702)
Start importing Assets/PolygonSciFiSpace/Prefabs/Environment/SM_Env_Asteroid_Holes_05.prefab using Guid(5e616c2418668fc40a838b6fbec12b54) Importer(2089858483,192608db42251d675da83286b1cce702) (ScriptedImporter) -> (artifact id: 'abe401a0bbbfd68715048f8cca8a06f5') in 0.037697 seconds
Number of updated asset objects reloaded before import = 0Number of asset objects unloaded after import = 9

========================================================================
Received Import Request.
  Time since last request: 0.000026 seconds.
  path: Assets/Polygon Arsenal/Sound/Wav/poly_explosion_medium.wav
  artifactKey: Guid(b0c3c79b77eece54383174296110b2c1) Importer(2089858483,192608db42251d675da83286b1cce702)
Start importing Assets/Polygon Arsenal/Sound/Wav/poly_explosion_medium.wav using Guid(b0c3c79b77eece54383174296110b2c1) Importer(2089858483,192608db42251d675da83286b1cce702) (ScriptedImporter) -> (artifact id: 'a7c8ac313ed689a0c47583bb0a612c69') in 0.083726 seconds
Number of updated asset objects reloaded before import = 0Number of asset objects unloaded after import = 1

========================================================================
Received Import Request.
  Time since last request: 0.000031 seconds.
  path: Assets/PolygonSciFiSpace/Models/SM_Veh_Part_Misc_015.fbx
  artifactKey: Guid(9488c830c38d0104ebc5eacfc9f01654) Importer(2089858483,192608db42251d675da83286b1cce702)
Start importing Assets/PolygonSciFiSpace/Models/SM_Veh_Part_Misc_015.fbx using Guid(9488c830c38d0104ebc5eacfc9f01654) Importer(2089858483,192608db42251d675da83286b1cce702) (ScriptedImporter) -> (artifact id: 'a67d7e4aa395add0674b7b6c975cdbdf') in 0.0262941 seconds
Number of updated asset objects reloaded before import = 0Number of asset objects unloaded after import = 7

========================================================================
Received Import Request.
  Time since last request: 0.000052 seconds.
  path: Assets/PolygonSciFiSpace/Materials/Planets/PolygonSpace_Planet_Lines_03_E.mat
  artifactKey: Guid(f49294da54f38ec4d842929801c5838b) Importer(2089858483,192608db42251d675da83286b1cce702)
Start importing Assets/PolygonSciFiSpace/Materials/Planets/PolygonSpace_Planet_Lines_03_E.mat using Guid(f49294da54f38ec4d842929801c5838b) Importer(2089858483,192608db42251d675da83286b1cce702) (ScriptedImporter) -> (artifact id: 'afe9ecaecd4501d313796ba67cd31844') in 0.0148721 seconds
Number of updated asset objects reloaded before import = 0Number of asset objects unloaded after import = 2

========================================================================
Received Import Request.
  Time since last request: 0.000023 seconds.
  path: Assets/Online_FPS_TPS_KIT/Models/WeaponElements/Scoupe.fbx
  artifactKey: Guid(d864a0d51f3550c469295c3a20d493bf) Importer(2089858483,192608db42251d675da83286b1cce702)
Start importing Assets/Online_FPS_TPS_KIT/Models/WeaponElements/Scoupe.fbx using Guid(d864a0d51f3550c469295c3a20d493bf) Importer(2089858483,192608db42251d675da83286b1cce702) (ScriptedImporter) -> (artifact id: 'c730055b2ded97c0f962bd927975360e') in 0.0426158 seconds
Number of updated asset objects reloaded before import = 0Number of asset objects unloaded after import = 39

========================================================================
Received Import Request.
  Time since last request: 0.000024 seconds.
  path: Assets/FishNet/Runtime/Serializing/SceneComparer.cs
  artifactKey: Guid(161dbbe3995ff53479fc4e259f86549d) Importer(2089858483,192608db42251d675da83286b1cce702)
Start importing Assets/FishNet/Runtime/Serializing/SceneComparer.cs using Guid(161dbbe3995ff53479fc4e259f86549d) Importer(2089858483,192608db42251d675da83286b1cce702) (ScriptedImporter) -> (artifact id: '7c83ebcf96f35e5c47fa51606731448e') in 0.0086506 seconds
Number of updated asset objects reloaded before import = 0Number of asset objects unloaded after import = 0

========================================================================
Received Import Request.
  Time since last request: 0.000028 seconds.
  path: Assets/Polygon Arsenal/Demo/Scripts/PolygonEffectCycler.cs
  artifactKey: Guid(be519f55af4c45343a1f1208559ecd37) Importer(2089858483,192608db42251d675da83286b1cce702)
Start importing Assets/Polygon Arsenal/Demo/Scripts/PolygonEffectCycler.cs using Guid(be519f55af4c45343a1f1208559ecd37) Importer(2089858483,192608db42251d675da83286b1cce702) (ScriptedImporter) -> (artifact id: '70f0d0869fdad652778bb8e1796651f4') in 0.0075488 seconds
Number of updated asset objects reloaded before import = 0Number of asset objects unloaded after import = 0

========================================================================
Received Import Request.
  Time since last request: 0.000051 seconds.
  path: Assets/PolygonSciFiSpace/Prefabs/Props/SM_Prop_Barrel_01.prefab
  artifactKey: Guid(311e5dd270daced46a5eaa165501520c) Importer(2089858483,192608db42251d675da83286b1cce702)
Start importing Assets/PolygonSciFiSpace/Prefabs/Props/SM_Prop_Barrel_01.prefab using Guid(311e5dd270daced46a5eaa165501520c) Importer(2089858483,192608db42251d675da83286b1cce702) (ScriptedImporter) -> (artifact id: '8815b96958708023a151196b7b78589e') in 0.0288574 seconds
Number of updated asset objects reloaded before import = 0Number of asset objects unloaded after import = 10

========================================================================
Received Import Request.
  Time since last request: 0.000028 seconds.
  path: Assets/FishNet/Runtime/Documenting/Attributes.cs
  artifactKey: Guid(9d101aaaeb244ac48bfe2d7d05308c1c) Importer(2089858483,192608db42251d675da83286b1cce702)
Start importing Assets/FishNet/Runtime/Documenting/Attributes.cs using Guid(9d101aaaeb244ac48bfe2d7d05308c1c) Importer(2089858483,192608db42251d675da83286b1cce702) (ScriptedImporter) -> (artifact id: 'b650f1b6a384d7c65e7f998d21a1d0af') in 0.0082207 seconds
Number of updated asset objects reloaded before import = 0Number of asset objects unloaded after import = 0

========================================================================
Received Import Request.
  Time since last request: 0.000022 seconds.
  path: Assets/PolygonSciFiSpace/Prefabs/Characters/SM_Chr_SpaceSoldier_HelmetArmor_Female_01.prefab
  artifactKey: Guid(3ff34848642e0ba42be49630dade195d) Importer(2089858483,192608db42251d675da83286b1cce702)
Start importing Assets/PolygonSciFiSpace/Prefabs/Characters/SM_Chr_SpaceSoldier_HelmetArmor_Female_01.prefab using Guid(3ff34848642e0ba42be49630dade195d) Importer(2089858483,192608db42251d675da83286b1cce702) (ScriptedImporter) -> (artifact id: '7df63db5872c69ce93e062f66ba86178') in 0.0542725 seconds
Number of updated asset objects reloaded before import = 0Number of asset objects unloaded after import = 266

========================================================================
Received Import Request.
  Time since last request: 0.000038 seconds.
  path: Assets/PolygonSciFiSpace/Prefabs/Environment/SM_Env_Asteroid_Holes_01.prefab
  artifactKey: Guid(ea69caf230089fd45b16b373fef6d83f) Importer(2089858483,192608db42251d675da83286b1cce702)
Start importing Assets/PolygonSciFiSpace/Prefabs/Environment/SM_Env_Asteroid_Holes_01.prefab using Guid(ea69caf230089fd45b16b373fef6d83f) Importer(2089858483,192608db42251d675da83286b1cce702) (ScriptedImporter) -> (artifact id: '2fd61ac7163a0bc9302af469b373a895') in 0.0250861 seconds
Number of updated asset objects reloaded before import = 0Number of asset objects unloaded after import = 9

========================================================================
Received Import Request.
  Time since last request: 0.000045 seconds.
  path: Assets/FishNet/Runtime/Connection/NetworkConnection.Observers.cs
  artifactKey: Guid(e1d1fe830d38ad043bd5e616cf6386ed) Importer(2089858483,192608db42251d675da83286b1cce702)
Start importing Assets/FishNet/Runtime/Connection/NetworkConnection.Observers.cs using Guid(e1d1fe830d38ad043bd5e616cf6386ed) Importer(2089858483,192608db42251d675da83286b1cce702) (ScriptedImporter) -> (artifact id: '70d51e2d86512ee129384708a2f610a4') in 0.0072921 seconds
Number of updated asset objects reloaded before import = 0Number of asset objects unloaded after import = 0

========================================================================
Received Import Request.
  Time since last request: 0.000029 seconds.
  path: Assets/PolygonSciFiSpace/Prefabs/Environment/SM_Env_Asteroid_Large_Holes_02.prefab
  artifactKey: Guid(893f294d0a2acc944b297985b573f5ba) Importer(2089858483,192608db42251d675da83286b1cce702)
Start importing Assets/PolygonSciFiSpace/Prefabs/Environment/SM_Env_Asteroid_Large_Holes_02.prefab using Guid(893f294d0a2acc944b297985b573f5ba) Importer(2089858483,192608db42251d675da83286b1cce702) (ScriptedImporter) -> (artifact id: 'f8ba2077531489b893463bae604c5132') in 0.0276199 seconds
Number of updated asset objects reloaded before import = 0Number of asset objects unloaded after import = 9

========================================================================
Received Import Request.
  Time since last request: 0.000022 seconds.
  path: Assets/PolygonSciFiSpace/Prefabs/Environment/SM_Env_Rubble_Pile_02.prefab
  artifactKey: Guid(c1d4883f15067244090c89d0470f582e) Importer(2089858483,192608db42251d675da83286b1cce702)
Start importing Assets/PolygonSciFiSpace/Prefabs/Environment/SM_Env_Rubble_Pile_02.prefab using Guid(c1d4883f15067244090c89d0470f582e) Importer(2089858483,192608db42251d675da83286b1cce702) (ScriptedImporter) -> (artifact id: '7892b31a66f32c9bf7d81412b4877267') in 0.0200339 seconds
Number of updated asset objects reloaded before import = 0Number of asset objects unloaded after import = 8

========================================================================
Received Import Request.
  Time since last request: 0.000033 seconds.
  path: Assets/PolygonSciFiSpace/Prefabs/Characters/SM_Chr_Junker_Male_01.prefab
  artifactKey: Guid(e76ef83768e6b944daddea1cfb6e9aae) Importer(2089858483,192608db42251d675da83286b1cce702)
Start importing Assets/PolygonSciFiSpace/Prefabs/Characters/SM_Chr_Junker_Male_01.prefab using Guid(e76ef83768e6b944daddea1cfb6e9aae) Importer(2089858483,192608db42251d675da83286b1cce702) (ScriptedImporter) -> (artifact id: '1254eb274bb4e4b4c6139ff026273bd1') in 0.0433158 seconds
Number of updated asset objects reloaded before import = 0Number of asset objects unloaded after import = 266

========================================================================
Received Import Request.
  Time since last request: 0.000051 seconds.
  path: Assets/PolygonSciFiSpace/Prefabs/Characters/SM_Chr_SpaceSoldier_HelmetArmor_Male_01.prefab
  artifactKey: Guid(29e5a82e5d9dc4f4f87ec5cc51c4430b) Importer(2089858483,192608db42251d675da83286b1cce702)
Start importing Assets/PolygonSciFiSpace/Prefabs/Characters/SM_Chr_SpaceSoldier_HelmetArmor_Male_01.prefab using Guid(29e5a82e5d9dc4f4f87ec5cc51c4430b) Importer(2089858483,192608db42251d675da83286b1cce702) (ScriptedImporter) -> (artifact id: '7b2fa3676707f9c6ab100fd81ec859a5') in 0.0518852 seconds
Number of updated asset objects reloaded before import = 0Number of asset objects unloaded after import = 266

========================================================================
Received Import Request.
  Time since last request: 0.000077 seconds.
  path: Assets/PolygonSciFiSpace/Prefabs/Environment/SM_Env_Asteroid_Rock_03.prefab
  artifactKey: Guid(d5a6d7c2811ecba41be9ea2f957da0d6) Importer(2089858483,192608db42251d675da83286b1cce702)
Start importing Assets/PolygonSciFiSpace/Prefabs/Environment/SM_Env_Asteroid_Rock_03.prefab using Guid(d5a6d7c2811ecba41be9ea2f957da0d6) Importer(2089858483,192608db42251d675da83286b1cce702) (ScriptedImporter) -> (artifact id: '49dc81f741b00cc97b797493aee43663') in 0.022877 seconds
Number of updated asset objects reloaded before import = 0Number of asset objects unloaded after import = 9

========================================================================
Received Import Request.
  Time since last request: 0.000022 seconds.
  path: Assets/PolygonSciFiSpace/Prefabs/Props/SM_Prop_Detail_Box_02.prefab
  artifactKey: Guid(40836d4f6272e984eabbe20122fbb147) Importer(2089858483,192608db42251d675da83286b1cce702)
Start importing Assets/PolygonSciFiSpace/Prefabs/Props/SM_Prop_Detail_Box_02.prefab using Guid(40836d4f6272e984eabbe20122fbb147) Importer(2089858483,192608db42251d675da83286b1cce702) (ScriptedImporter) -> (artifact id: '236ebb8d2bb88c4cc495ed4df8df0b7c') in 0.0349088 seconds
Number of updated asset objects reloaded before import = 0Number of asset objects unloaded after import = 10

========================================================================
Received Import Request.
  Time since last request: 0.000035 seconds.
  path: Assets/PolygonSciFiSpace/Prefabs/Props/SM_Prop_Crate_Shield_02.prefab
  artifactKey: Guid(33f207de325d74045a1d8042a713932e) Importer(2089858483,192608db42251d675da83286b1cce702)
Start importing Assets/PolygonSciFiSpace/Prefabs/Props/SM_Prop_Crate_Shield_02.prefab using Guid(33f207de325d74045a1d8042a713932e) Importer(2089858483,192608db42251d675da83286b1cce702) (ScriptedImporter) -> (artifact id: '9abb6a9dec54d19a88c4ca9609ebcd92') in 0.0341406 seconds
Number of updated asset objects reloaded before import = 0Number of asset objects unloaded after import = 10

========================================================================
Received Import Request.
  Time since last request: 0.000043 seconds.
  path: Assets/PolygonSciFiSpace/Prefabs/Props/SM_Prop_Keycard_01.prefab
  artifactKey: Guid(8f4ab6e783cf1e649a5491f9545b6d4c) Importer(2089858483,192608db42251d675da83286b1cce702)
Start importing Assets/PolygonSciFiSpace/Prefabs/Props/SM_Prop_Keycard_01.prefab using Guid(8f4ab6e783cf1e649a5491f9545b6d4c) Importer(2089858483,192608db42251d675da83286b1cce702) (ScriptedImporter) -> (artifact id: '5866503e44a0a6791a61a14f83067fed') in 0.0307782 seconds
Number of updated asset objects reloaded before import = 0Number of asset objects unloaded after import = 10

========================================================================
Received Import Request.
  Time since last request: 0.000024 seconds.
  path: Assets/PolygonSciFiSpace/Prefabs/Props/SM_Prop_Decontamination_Shower_01.prefab
  artifactKey: Guid(f1a426e302059f449b05a13b5c47965c) Importer(2089858483,192608db42251d675da83286b1cce702)
Start importing Assets/PolygonSciFiSpace/Prefabs/Props/SM_Prop_Decontamination_Shower_01.prefab using Guid(f1a426e302059f449b05a13b5c47965c) Importer(2089858483,192608db42251d675da83286b1cce702) (ScriptedImporter) -> (artifact id: '448ef4371281e282680407aa18d78afe') in 0.0225982 seconds
Number of updated asset objects reloaded before import = 0Number of asset objects unloaded after import = 10

========================================================================
Received Import Request.
  Time since last request: 0.000027 seconds.
  path: Assets/PolygonSciFiSpace/Prefabs/Props/SM_Prop_Light_Small_01.prefab
  artifactKey: Guid(7cf2eb63fa2d99243b2fa1a263c7081b) Importer(2089858483,192608db42251d675da83286b1cce702)
Start importing Assets/PolygonSciFiSpace/Prefabs/Props/SM_Prop_Light_Small_01.prefab using Guid(7cf2eb63fa2d99243b2fa1a263c7081b) Importer(2089858483,192608db42251d675da83286b1cce702) (ScriptedImporter) -> (artifact id: 'c2ef5cd9260082dbe537458be115cac5') in 0.0246168 seconds
Number of updated asset objects reloaded before import = 0Number of asset objects unloaded after import = 10

========================================================================
Received Import Request.
  Time since last request: 0.000037 seconds.
  path: Assets/PolygonSciFiSpace/Prefabs/Props/SM_Prop_Detail_Box_03.prefab
  artifactKey: Guid(31d3b58fa3a075d418f8778190a3ab84) Importer(2089858483,192608db42251d675da83286b1cce702)
Start importing Assets/PolygonSciFiSpace/Prefabs/Props/SM_Prop_Detail_Box_03.prefab using Guid(31d3b58fa3a075d418f8778190a3ab84) Importer(2089858483,192608db42251d675da83286b1cce702) (ScriptedImporter) -> (artifact id: '240953509fdfb45909ff03a6eaac44d0') in 0.0254124 seconds
Number of updated asset objects reloaded before import = 0Number of asset objects unloaded after import = 10

========================================================================
Received Import Request.
  Time since last request: 0.000048 seconds.
  path: Assets/PolygonSciFiSpace/Prefabs/Props/SM_Prop_Detail_Pipes_03.prefab
  artifactKey: Guid(6a45b09b669e4904a96655f7c0dc5f63) Importer(2089858483,192608db42251d675da83286b1cce702)
Start importing Assets/PolygonSciFiSpace/Prefabs/Props/SM_Prop_Detail_Pipes_03.prefab using Guid(6a45b09b669e4904a96655f7c0dc5f63) Importer(2089858483,192608db42251d675da83286b1cce702) (ScriptedImporter) -> (artifact id: 'dc144f92503e6a12f4b368e8e35a764c') in 0.0258 seconds
Number of updated asset objects reloaded before import = 0Number of asset objects unloaded after import = 10

========================================================================
Received Import Request.
  Time since last request: 0.000025 seconds.
  path: Assets/PolygonSciFiSpace/Prefabs/Props/SM_Prop_Greeble_Panel_04.prefab
  artifactKey: Guid(c6d6462c46f84e043aa6557d3406ef98) Importer(2089858483,192608db42251d675da83286b1cce702)
Start importing Assets/PolygonSciFiSpace/Prefabs/Props/SM_Prop_Greeble_Panel_04.prefab using Guid(c6d6462c46f84e043aa6557d3406ef98) Importer(2089858483,192608db42251d675da83286b1cce702) (ScriptedImporter) -> (artifact id: '445d5dcc2bf0d34eb86b1cbc13df4127') in 0.0226243 seconds
Number of updated asset objects reloaded before import = 0Number of asset objects unloaded after import = 10

========================================================================
Received Import Request.
  Time since last request: 0.000027 seconds.
  path: Assets/PolygonSciFiSpace/Prefabs/Props/SM_Prop_Detail_CeilingBox_03.prefab
  artifactKey: Guid(0400b3dd557fb52498117f621fce5e89) Importer(2089858483,192608db42251d675da83286b1cce702)
Start importing Assets/PolygonSciFiSpace/Prefabs/Props/SM_Prop_Detail_CeilingBox_03.prefab using Guid(0400b3dd557fb52498117f621fce5e89) Importer(2089858483,192608db42251d675da83286b1cce702) (ScriptedImporter) -> (artifact id: '158eb63fce9636cff449c04b51b30f84') in 0.0223814 seconds
Number of updated asset objects reloaded before import = 0Number of asset objects unloaded after import = 10

========================================================================
Received Import Request.
  Time since last request: 0.000030 seconds.
  path: Assets/PolygonSciFiSpace/Prefabs/Props/SM_Prop_Buttons_02.prefab
  artifactKey: Guid(afb33bca531242745ba3f2ca6079688f) Importer(2089858483,192608db42251d675da83286b1cce702)
Start importing Assets/PolygonSciFiSpace/Prefabs/Props/SM_Prop_Buttons_02.prefab using Guid(afb33bca531242745ba3f2ca6079688f) Importer(2089858483,192608db42251d675da83286b1cce702) (ScriptedImporter) -> (artifact id: '75c541536bcde5e529db6e108d0fc960') in 0.0213813 seconds
Number of updated asset objects reloaded before import = 0Number of asset objects unloaded after import = 10

========================================================================
Received Import Request.
  Time since last request: 0.000040 seconds.
  path: Assets/PolygonSciFiSpace/Prefabs/Props/SM_Prop_Detail_Handle_02.prefab
  artifactKey: Guid(85a4a97fd238de0439459257d9903561) Importer(2089858483,192608db42251d675da83286b1cce702)
Start importing Assets/PolygonSciFiSpace/Prefabs/Props/SM_Prop_Detail_Handle_02.prefab using Guid(85a4a97fd238de0439459257d9903561) Importer(2089858483,192608db42251d675da83286b1cce702) (ScriptedImporter) -> (artifact id: '5977e2f6dff38846a6fde7fd936f545a') in 0.0288995 seconds
Number of updated asset objects reloaded before import = 0Number of asset objects unloaded after import = 10

========================================================================
Received Import Request.
  Time since last request: 0.000026 seconds.
  path: Assets/PolygonSciFiSpace/Prefabs/Props/SM_Prop_Crate_health_02.prefab
  artifactKey: Guid(dbdfb41b17738074ca0cccc9389a8206) Importer(2089858483,192608db42251d675da83286b1cce702)
Start importing Assets/PolygonSciFiSpace/Prefabs/Props/SM_Prop_Crate_health_02.prefab using Guid(dbdfb41b17738074ca0cccc9389a8206) Importer(2089858483,192608db42251d675da83286b1cce702) (ScriptedImporter) -> (artifact id: 'd01e352a05699202f65b94bc2b3e883c') in 0.0270792 seconds
Number of updated asset objects reloaded before import = 0Number of asset objects unloaded after import = 10

========================================================================
Received Import Request.
  Time since last request: 0.000024 seconds.
  path: Assets/PolygonSciFiSpace/Prefabs/Props/SM_Prop_Detail_Pipe_Straight_01.prefab
  artifactKey: Guid(93daf3f4d9daec34898d398d93900507) Importer(2089858483,192608db42251d675da83286b1cce702)
Start importing Assets/PolygonSciFiSpace/Prefabs/Props/SM_Prop_Detail_Pipe_Straight_01.prefab using Guid(93daf3f4d9daec34898d398d93900507) Importer(2089858483,192608db42251d675da83286b1cce702) (ScriptedImporter) -> (artifact id: 'f92529c923d71e9ec0f63fd90ec6cafe') in 0.0244362 seconds
Number of updated asset objects reloaded before import = 0Number of asset objects unloaded after import = 10

========================================================================
Received Import Request.
  Time since last request: 0.000039 seconds.
  path: Assets/PolygonSciFiSpace/Prefabs/Props/SM_Prop_Detail_Struts_01.prefab
  artifactKey: Guid(793598bf7562cf342af84339fff1c6eb) Importer(2089858483,192608db42251d675da83286b1cce702)
Start importing Assets/PolygonSciFiSpace/Prefabs/Props/SM_Prop_Detail_Struts_01.prefab using Guid(793598bf7562cf342af84339fff1c6eb) Importer(2089858483,192608db42251d675da83286b1cce702) (ScriptedImporter) -> (artifact id: '89835e1e04525646a350d4000bbd6770') in 0.0279226 seconds
Number of updated asset objects reloaded before import = 0Number of asset objects unloaded after import = 10

========================================================================
Received Import Request.
  Time since last request: 0.000052 seconds.
  path: Assets/PolygonSciFiSpace/Prefabs/Props/SM_Prop_Detail_Pipe_Corner_01.prefab
  artifactKey: Guid(315faea84706f7946854c979233d54c5) Importer(2089858483,192608db42251d675da83286b1cce702)
Start importing Assets/PolygonSciFiSpace/Prefabs/Props/SM_Prop_Detail_Pipe_Corner_01.prefab using Guid(315faea84706f7946854c979233d54c5) Importer(2089858483,192608db42251d675da83286b1cce702) (ScriptedImporter) -> (artifact id: 'efee650c65330a63b8649a9bddd78409') in 0.0256941 seconds
Number of updated asset objects reloaded before import = 0Number of asset objects unloaded after import = 10

========================================================================
Received Import Request.
  Time since last request: 0.000030 seconds.
  path: Assets/PolygonSciFiSpace/Prefabs/Props/SM_Prop_EscapePod_Hatch_Large_01.prefab
  artifactKey: Guid(8397dae45c7bac341a68d7db762c428c) Importer(2089858483,192608db42251d675da83286b1cce702)
Start importing Assets/PolygonSciFiSpace/Prefabs/Props/SM_Prop_EscapePod_Hatch_Large_01.prefab using Guid(8397dae45c7bac341a68d7db762c428c) Importer(2089858483,192608db42251d675da83286b1cce702) (ScriptedImporter) -> (artifact id: '7e77f7acca515cd6e27742783cc66c09') in 0.0211115 seconds
Number of updated asset objects reloaded before import = 0Number of asset objects unloaded after import = 20

========================================================================
Received Import Request.
  Time since last request: 0.000028 seconds.
  path: Assets/PolygonSciFiSpace/Prefabs/Props/SM_Prop_Crate_01.prefab
  artifactKey: Guid(96ec3966e2e9e004086cf5209750e0b2) Importer(2089858483,192608db42251d675da83286b1cce702)
Start importing Assets/PolygonSciFiSpace/Prefabs/Props/SM_Prop_Crate_01.prefab using Guid(96ec3966e2e9e004086cf5209750e0b2) Importer(2089858483,192608db42251d675da83286b1cce702) (ScriptedImporter) -> (artifact id: '69c8ffe9f7f35f042020496288598681') in 0.0305106 seconds
Number of updated asset objects reloaded before import = 0Number of asset objects unloaded after import = 15

========================================================================
Received Import Request.
  Time since last request: 0.000031 seconds.
  path: Assets/PolygonSciFiSpace/Prefabs/Props/SM_Prop_Detail_CeilingBox_01.prefab
  artifactKey: Guid(68c5f8e43c078eb438ca0fc2a376d9f8) Importer(2089858483,192608db42251d675da83286b1cce702)
Start importing Assets/PolygonSciFiSpace/Prefabs/Props/SM_Prop_Detail_CeilingBox_01.prefab using Guid(68c5f8e43c078eb438ca0fc2a376d9f8) Importer(2089858483,192608db42251d675da83286b1cce702) (ScriptedImporter) -> (artifact id: '670761862a28122f5245e65e7bc5e376') in 0.0267718 seconds
Number of updated asset objects reloaded before import = 0Number of asset objects unloaded after import = 10

========================================================================
Received Import Request.
  Time since last request: 0.000046 seconds.
  path: Assets/PolygonSciFiSpace/Prefabs/Props/SM_Prop_Greeble_Panel_01.prefab
  artifactKey: Guid(438a38d2a91e6614a8192a9004a52c5b) Importer(2089858483,192608db42251d675da83286b1cce702)
Start importing Assets/PolygonSciFiSpace/Prefabs/Props/SM_Prop_Greeble_Panel_01.prefab using Guid(438a38d2a91e6614a8192a9004a52c5b) Importer(2089858483,192608db42251d675da83286b1cce702) (ScriptedImporter) -> (artifact id: 'fefe770561a2affe83827ce61b47252d') in 0.0266609 seconds
Number of updated asset objects reloaded before import = 0Number of asset objects unloaded after import = 10

========================================================================
Received Import Request.
  Time since last request: 0.000036 seconds.
  path: Assets/PolygonSciFiSpace/Prefabs/FX/SM_Hud_Rings_01.prefab
  artifactKey: Guid(191aa21ca4bac4f4392dea427eb9e447) Importer(2089858483,192608db42251d675da83286b1cce702)
Start importing Assets/PolygonSciFiSpace/Prefabs/FX/SM_Hud_Rings_01.prefab using Guid(191aa21ca4bac4f4392dea427eb9e447) Importer(2089858483,192608db42251d675da83286b1cce702) (ScriptedImporter) -> (artifact id: '3fcf9dd8ed9bc1f69bdb839c2318b6a9') in 0.0213813 seconds
Number of updated asset objects reloaded before import = 0Number of asset objects unloaded after import = 8

========================================================================
Received Import Request.
  Time since last request: 0.000025 seconds.
  path: Assets/PolygonSciFiSpace/Prefabs/Props/SM_Prop_Detail_Lights_03.prefab
  artifactKey: Guid(0a5a1669b5861ba4bb3c686b8e49fba1) Importer(2089858483,192608db42251d675da83286b1cce702)
Start importing Assets/PolygonSciFiSpace/Prefabs/Props/SM_Prop_Detail_Lights_03.prefab using Guid(0a5a1669b5861ba4bb3c686b8e49fba1) Importer(2089858483,192608db42251d675da83286b1cce702) (ScriptedImporter) -> (artifact id: '47a2e7f2c89bd3146745b74418fc36ad') in 0.0324593 seconds
Number of updated asset objects reloaded before import = 0Number of asset objects unloaded after import = 10

========================================================================
Received Import Request.
  Time since last request: 0.000042 seconds.
  path: Assets/PolygonSciFiSpace/Prefabs/Characters/SM_Chr_SpaceSoldier_Male_01.prefab
  artifactKey: Guid(f784e1949da3ada41a6d04f0fcc6e70c) Importer(2089858483,192608db42251d675da83286b1cce702)
Start importing Assets/PolygonSciFiSpace/Prefabs/Characters/SM_Chr_SpaceSoldier_Male_01.prefab using Guid(f784e1949da3ada41a6d04f0fcc6e70c) Importer(2089858483,192608db42251d675da83286b1cce702) (ScriptedImporter) -> (artifact id: '0ab5bd88c4c09b4527bc6cdf8b1f4f31') in 0.0488442 seconds
Number of updated asset objects reloaded before import = 0Number of asset objects unloaded after import = 266

========================================================================
Received Import Request.
  Time since last request: 0.000055 seconds.
  path: Assets/PolygonSciFiSpace/Prefabs/Props/SM_Prop_Detail_Keypad_01.prefab
  artifactKey: Guid(cee55855e216c9f4f9a324085f633142) Importer(2089858483,192608db42251d675da83286b1cce702)
Start importing Assets/PolygonSciFiSpace/Prefabs/Props/SM_Prop_Detail_Keypad_01.prefab using Guid(cee55855e216c9f4f9a324085f633142) Importer(2089858483,192608db42251d675da83286b1cce702) (ScriptedImporter) -> (artifact id: '062f44844c353c9153a63a3f09c89c26') in 0.0347094 seconds
Number of updated asset objects reloaded before import = 0Number of asset objects unloaded after import = 10

========================================================================
Received Import Request.
  Time since last request: 0.000029 seconds.
  path: Assets/PolygonSciFiSpace/Prefabs/Props/SM_Prop_Hose_03.prefab
  artifactKey: Guid(90365f438eb866647a261089c9c97d31) Importer(2089858483,192608db42251d675da83286b1cce702)
Start importing Assets/PolygonSciFiSpace/Prefabs/Props/SM_Prop_Hose_03.prefab using Guid(90365f438eb866647a261089c9c97d31) Importer(2089858483,192608db42251d675da83286b1cce702) (ScriptedImporter) -> (artifact id: 'a66c4c7a4bcb35aaa4ca25fb711bc20d') in 0.0355984 seconds
Number of updated asset objects reloaded before import = 0Number of asset objects unloaded after import = 10

========================================================================
Received Import Request.
  Time since last request: 0.000033 seconds.
  path: Assets/PolygonSciFiSpace/Prefabs/Props/SM_Prop_CornerTable_01.prefab
  artifactKey: Guid(70303f2c63a142a42a544e712a9cdbf1) Importer(2089858483,192608db42251d675da83286b1cce702)
Start importing Assets/PolygonSciFiSpace/Prefabs/Props/SM_Prop_CornerTable_01.prefab using Guid(70303f2c63a142a42a544e712a9cdbf1) Importer(2089858483,192608db42251d675da83286b1cce702) (ScriptedImporter) -> (artifact id: '2871b55d08bb31863ef7905347a82be5') in 0.0288588 seconds
Number of updated asset objects reloaded before import = 0Number of asset objects unloaded after import = 10

========================================================================
Received Import Request.
  Time since last request: 0.000047 seconds.
  path: Assets/PolygonSciFiSpace/Prefabs/Environment/SM_Env_Debris_Pipe_01.prefab
  artifactKey: Guid(91f739cfcee797a4cbaabbb8316c23f9) Importer(2089858483,192608db42251d675da83286b1cce702)
Start importing Assets/PolygonSciFiSpace/Prefabs/Environment/SM_Env_Debris_Pipe_01.prefab using Guid(91f739cfcee797a4cbaabbb8316c23f9) Importer(2089858483,192608db42251d675da83286b1cce702) (ScriptedImporter) -> (artifact id: 'bec328a2ef8b6ebe3d8f90c7d0320b34') in 0.0332558 seconds
Number of updated asset objects reloaded before import = 0Number of asset objects unloaded after import = 10

========================================================================
Received Import Request.
  Time since last request: 0.000051 seconds.
  path: Assets/PolygonSciFiSpace/Prefabs/Props/SM_Prop_Detail_Box_01.prefab
  artifactKey: Guid(a33c53b9e2d591445bfefe4c1313070a) Importer(2089858483,192608db42251d675da83286b1cce702)
Start importing Assets/PolygonSciFiSpace/Prefabs/Props/SM_Prop_Detail_Box_01.prefab using Guid(a33c53b9e2d591445bfefe4c1313070a) Importer(2089858483,192608db42251d675da83286b1cce702) (ScriptedImporter) -> (artifact id: 'bae419757c388c0791e0c03ff776bee6') in 0.031369 seconds
Number of updated asset objects reloaded before import = 0Number of asset objects unloaded after import = 10

========================================================================
Received Import Request.
  Time since last request: 0.000033 seconds.
  path: Assets/PolygonSciFiSpace/Prefabs/FX/FX_Electricity.prefab
  artifactKey: Guid(ca1b1da5e83888f49b3a1148500975b9) Importer(2089858483,192608db42251d675da83286b1cce702)
Start importing Assets/PolygonSciFiSpace/Prefabs/FX/FX_Electricity.prefab using Guid(ca1b1da5e83888f49b3a1148500975b9) Importer(2089858483,192608db42251d675da83286b1cce702) (ScriptedImporter) -> (artifact id: '309101de25db882d0197cefaa9f67ee5') in 0.1196753 seconds
Number of updated asset objects reloaded before import = 0Number of asset objects unloaded after import = 7

========================================================================
Received Import Request.
  Time since last request: 0.000035 seconds.
  path: Assets/PolygonSciFiSpace/Prefabs/Props/SM_Prop_Light_Panel_05.prefab
  artifactKey: Guid(a76acd5d439978640983401396a545e4) Importer(2089858483,192608db42251d675da83286b1cce702)
Start importing Assets/PolygonSciFiSpace/Prefabs/Props/SM_Prop_Light_Panel_05.prefab using Guid(a76acd5d439978640983401396a545e4) Importer(2089858483,192608db42251d675da83286b1cce702) (ScriptedImporter) -> (artifact id: 'b3c0d396ec98335e18e65223eaee2619') in 0.0261423 seconds
Number of updated asset objects reloaded before import = 0Number of asset objects unloaded after import = 10

========================================================================
Received Import Request.
  Time since last request: 0.000055 seconds.
  path: Assets/PolygonSciFiSpace/Prefabs/Environment/SM_Env_Debris_Shell_06.prefab
  artifactKey: Guid(f72f6408e96652144941f2a39e441e7e) Importer(2089858483,192608db42251d675da83286b1cce702)
Start importing Assets/PolygonSciFiSpace/Prefabs/Environment/SM_Env_Debris_Shell_06.prefab using Guid(f72f6408e96652144941f2a39e441e7e) Importer(2089858483,192608db42251d675da83286b1cce702) (ScriptedImporter) -> (artifact id: '479efdd96e3d7a175d82c216c20a94ce') in 0.030861 seconds
Number of updated asset objects reloaded before import = 0Number of asset objects unloaded after import = 10

========================================================================
Received Import Request.
  Time since last request: 0.000027 seconds.
  path: Assets/PolygonSciFiSpace/Prefabs/Props/SM_Prop_EnergyPort_01.prefab
  artifactKey: Guid(8b71e1b6bcf0cf2468170462ea8b37b2) Importer(2089858483,192608db42251d675da83286b1cce702)
Start importing Assets/PolygonSciFiSpace/Prefabs/Props/SM_Prop_EnergyPort_01.prefab using Guid(8b71e1b6bcf0cf2468170462ea8b37b2) Importer(2089858483,192608db42251d675da83286b1cce702) (ScriptedImporter) -> (artifact id: 'c66c69743a7298e2eefb20a2c4235eb3') in 0.0274379 seconds
Number of updated asset objects reloaded before import = 0Number of asset objects unloaded after import = 10

========================================================================
Received Import Request.
  Time since last request: 0.000025 seconds.
  path: Assets/PolygonSciFiSpace/Prefabs/Props/SM_Prop_Bed_03.prefab
  artifactKey: Guid(9a93e7a4a97a1454bb0af3adb80099f1) Importer(2089858483,192608db42251d675da83286b1cce702)
Start importing Assets/PolygonSciFiSpace/Prefabs/Props/SM_Prop_Bed_03.prefab using Guid(9a93e7a4a97a1454bb0af3adb80099f1) Importer(2089858483,192608db42251d675da83286b1cce702) (ScriptedImporter) -> (artifact id: 'dd045cb51bd1973bea9908bffc1b7eed') in 0.0307761 seconds
Number of updated asset objects reloaded before import = 0Number of asset objects unloaded after import = 10

========================================================================
Received Import Request.
  Time since last request: 0.000031 seconds.
  path: Assets/PolygonSciFiSpace/Prefabs/Props/SM_Prop_Buttons_04.prefab
  artifactKey: Guid(0dd04934f03a0444fa275258a8d88e49) Importer(2089858483,192608db42251d675da83286b1cce702)
Start importing Assets/PolygonSciFiSpace/Prefabs/Props/SM_Prop_Buttons_04.prefab using Guid(0dd04934f03a0444fa275258a8d88e49) Importer(2089858483,192608db42251d675da83286b1cce702) (ScriptedImporter) -> (artifact id: '58a3878059d7428bba8958acb037b3a8') in 0.0274254 seconds
Number of updated asset objects reloaded before import = 0Number of asset objects unloaded after import = 10

========================================================================
Received Import Request.
  Time since last request: 0.000038 seconds.
  path: Assets/PolygonSciFiSpace/Prefabs/Signs/SM_SignBorder_Arrow_01.prefab
  artifactKey: Guid(50246832d70af1b448fe3c5056325f03) Importer(2089858483,192608db42251d675da83286b1cce702)
Start importing Assets/PolygonSciFiSpace/Prefabs/Signs/SM_SignBorder_Arrow_01.prefab using Guid(50246832d70af1b448fe3c5056325f03) Importer(2089858483,192608db42251d675da83286b1cce702) (ScriptedImporter) -> (artifact id: 'cb926fd58646704fea0591ea1f1bbe76') in 0.0242376 seconds
Number of updated asset objects reloaded before import = 0Number of asset objects unloaded after import = 9

========================================================================
Received Import Request.
  Time since last request: 0.000028 seconds.
  path: Assets/PolygonSciFiSpace/Prefabs/Props/SM_Prop_Turret_Base_Single_010.prefab
  artifactKey: Guid(535e935da08dc87499ca1cd6a751877c) Importer(2089858483,192608db42251d675da83286b1cce702)
Start importing Assets/PolygonSciFiSpace/Prefabs/Props/SM_Prop_Turret_Base_Single_010.prefab using Guid(535e935da08dc87499ca1cd6a751877c) Importer(2089858483,192608db42251d675da83286b1cce702) (ScriptedImporter) -> (artifact id: 'b68a4ffaf7c26bad342f66ba51757bda') in 0.0321268 seconds
Number of updated asset objects reloaded before import = 0Number of asset objects unloaded after import = 16

========================================================================
Received Import Request.
  Time since last request: 0.000031 seconds.
  path: Assets/PolygonSciFiSpace/Prefabs/Props/SM_Prop_Screen_Small_02.prefab
  artifactKey: Guid(3ffba0a652fdfa84eab3e616969bb3f6) Importer(2089858483,192608db42251d675da83286b1cce702)
Start importing Assets/PolygonSciFiSpace/Prefabs/Props/SM_Prop_Screen_Small_02.prefab using Guid(3ffba0a652fdfa84eab3e616969bb3f6) Importer(2089858483,192608db42251d675da83286b1cce702) (ScriptedImporter) -> (artifact id: 'fa5ab12e9d1399dd043c5c35692c1a92') in 0.0260002 seconds
Number of updated asset objects reloaded before import = 0Number of asset objects unloaded after import = 10

========================================================================
Received Import Request.
  Time since last request: 0.000033 seconds.
  path: Assets/PolygonSciFiSpace/Prefabs/Props/SM_Prop_Screen_11.prefab
  artifactKey: Guid(daecfc6de5463674b8444cbeb1195606) Importer(2089858483,192608db42251d675da83286b1cce702)
Start importing Assets/PolygonSciFiSpace/Prefabs/Props/SM_Prop_Screen_11.prefab using Guid(daecfc6de5463674b8444cbeb1195606) Importer(2089858483,192608db42251d675da83286b1cce702) (ScriptedImporter) -> (artifact id: '3602217ed8fae85c003034b2c42455f3') in 0.025045 seconds
Number of updated asset objects reloaded before import = 0Number of asset objects unloaded after import = 10

========================================================================
Received Import Request.
  Time since last request: 0.000039 seconds.
  path: Assets/PolygonSciFiSpace/Prefabs/Props/SM_Prop_Wires_01.prefab
  artifactKey: Guid(65530252d685e89409aa7e93ee9d9aef) Importer(2089858483,192608db42251d675da83286b1cce702)
Start importing Assets/PolygonSciFiSpace/Prefabs/Props/SM_Prop_Wires_01.prefab using Guid(65530252d685e89409aa7e93ee9d9aef) Importer(2089858483,192608db42251d675da83286b1cce702) (ScriptedImporter) -> (artifact id: '29218eee6071857521cfcd67eec14adb') in 0.0237113 seconds
Number of updated asset objects reloaded before import = 0Number of asset objects unloaded after import = 10

========================================================================
Received Import Request.
  Time since last request: 0.000024 seconds.
  path: Assets/PolygonSciFiSpace/Prefabs/Signs/SM_SignBorder_Number_04.prefab
  artifactKey: Guid(2a70b9704c1088a428329215f31f26c8) Importer(2089858483,192608db42251d675da83286b1cce702)
Start importing Assets/PolygonSciFiSpace/Prefabs/Signs/SM_SignBorder_Number_04.prefab using Guid(2a70b9704c1088a428329215f31f26c8) Importer(2089858483,192608db42251d675da83286b1cce702) (ScriptedImporter) -> (artifact id: '74e431a3ab3ca999c84497979363b462') in 0.0285178 seconds
Number of updated asset objects reloaded before import = 0Number of asset objects unloaded after import = 9

========================================================================
Received Import Request.
  Time since last request: 0.000026 seconds.
  path: Assets/PolygonSciFiSpace/Prefabs/Props/SM_Prop_Plant_Container_01.prefab
  artifactKey: Guid(8fb3f27dac30daa4ebcf8f9c4a220668) Importer(2089858483,192608db42251d675da83286b1cce702)
Start importing Assets/PolygonSciFiSpace/Prefabs/Props/SM_Prop_Plant_Container_01.prefab using Guid(8fb3f27dac30daa4ebcf8f9c4a220668) Importer(2089858483,192608db42251d675da83286b1cce702) (ScriptedImporter) -> (artifact id: '3f204d3caf5429de48bca935cbd02bf7') in 0.0223649 seconds
Number of updated asset objects reloaded before import = 0Number of asset objects unloaded after import = 15

========================================================================
Received Import Request.
  Time since last request: 0.000027 seconds.
  path: Assets/PolygonSciFiSpace/Prefabs/Props/SM_Prop_Turret_Base_Single_05.prefab
  artifactKey: Guid(12f2ba25fda7c1545823660b19a179e6) Importer(2089858483,192608db42251d675da83286b1cce702)
Start importing Assets/PolygonSciFiSpace/Prefabs/Props/SM_Prop_Turret_Base_Single_05.prefab using Guid(12f2ba25fda7c1545823660b19a179e6) Importer(2089858483,192608db42251d675da83286b1cce702) (ScriptedImporter) -> (artifact id: '1522cff296013314ddd643006939f78d') in 0.022766 seconds
Number of updated asset objects reloaded before import = 0Number of asset objects unloaded after import = 22

========================================================================
Received Import Request.
  Time since last request: 0.000045 seconds.
  path: Assets/PolygonSciFiSpace/Prefabs/Signs/SM_SignBorder_Number_02.prefab
  artifactKey: Guid(18b4c24227c2314468743f91169ee3a4) Importer(2089858483,192608db42251d675da83286b1cce702)
Start importing Assets/PolygonSciFiSpace/Prefabs/Signs/SM_SignBorder_Number_02.prefab using Guid(18b4c24227c2314468743f91169ee3a4) Importer(2089858483,192608db42251d675da83286b1cce702) (ScriptedImporter) -> (artifact id: '4fd6bb309e5b01f8c048446f0a3fe116') in 0.0211102 seconds
Number of updated asset objects reloaded before import = 0Number of asset objects unloaded after import = 9

========================================================================
Received Import Request.
  Time since last request: 0.000027 seconds.
  path: Assets/PolygonSciFiSpace/Prefabs/Props/SM_Prop_Radar_Panel_02.prefab
  artifactKey: Guid(8864b6ce8732cf04ebf28a80a38455d4) Importer(2089858483,192608db42251d675da83286b1cce702)
Start importing Assets/PolygonSciFiSpace/Prefabs/Props/SM_Prop_Radar_Panel_02.prefab using Guid(8864b6ce8732cf04ebf28a80a38455d4) Importer(2089858483,192608db42251d675da83286b1cce702) (ScriptedImporter) -> (artifact id: '96d853e94ae72e1fc51bdcd8d59d79cf') in 0.0237366 seconds
Number of updated asset objects reloaded before import = 0Number of asset objects unloaded after import = 10

========================================================================
Received Import Request.
  Time since last request: 0.000025 seconds.
  path: Assets/PolygonSciFiSpace/Prefabs/Props/SM_Prop_Turret_Base_Double_09.prefab
  artifactKey: Guid(84351268ba7f48f429acdec2c3724e04) Importer(2089858483,192608db42251d675da83286b1cce702)
Start importing Assets/PolygonSciFiSpace/Prefabs/Props/SM_Prop_Turret_Base_Double_09.prefab using Guid(84351268ba7f48f429acdec2c3724e04) Importer(2089858483,192608db42251d675da83286b1cce702) (ScriptedImporter) -> (artifact id: '35dc3ebe31fa2cbeba52466c2b500b64') in 0.0211983 seconds
Number of updated asset objects reloaded before import = 0Number of asset objects unloaded after import = 21

========================================================================
Received Import Request.
  Time since last request: 0.000032 seconds.
  path: Assets/PolygonSciFiSpace/Prefabs/Props/SM_Prop_Pillar_Detail_01.prefab
  artifactKey: Guid(1c299ee8a56745242946e433ba3b1e30) Importer(2089858483,192608db42251d675da83286b1cce702)
Start importing Assets/PolygonSciFiSpace/Prefabs/Props/SM_Prop_Pillar_Detail_01.prefab using Guid(1c299ee8a56745242946e433ba3b1e30) Importer(2089858483,192608db42251d675da83286b1cce702) (ScriptedImporter) -> (artifact id: '6af75c4f2e9851ec1595c098cf5109cb') in 0.026188 seconds
Number of updated asset objects reloaded before import = 0Number of asset objects unloaded after import = 10

========================================================================
Received Import Request.
  Time since last request: 0.000044 seconds.
  path: Assets/PolygonSciFiSpace/Prefabs/Signs/SM_Sign_Hangar_01.prefab
  artifactKey: Guid(4ab90d6b7d7a96f46b9a452d69d4ae81) Importer(2089858483,192608db42251d675da83286b1cce702)
Start importing Assets/PolygonSciFiSpace/Prefabs/Signs/SM_Sign_Hangar_01.prefab using Guid(4ab90d6b7d7a96f46b9a452d69d4ae81) Importer(2089858483,192608db42251d675da83286b1cce702) (ScriptedImporter) -> (artifact id: '2efe098b98ab3d6ded0e41e10dfabe25') in 0.0187841 seconds
Number of updated asset objects reloaded before import = 0Number of asset objects unloaded after import = 9

========================================================================
Received Import Request.
  Time since last request: 0.000026 seconds.
  path: Assets/PolygonSciFiSpace/Prefabs/Props/SM_Prop_Oxygen_Tank.prefab
  artifactKey: Guid(4afd2ac3e358bde44ba4370c411670fb) Importer(2089858483,192608db42251d675da83286b1cce702)
Start importing Assets/PolygonSciFiSpace/Prefabs/Props/SM_Prop_Oxygen_Tank.prefab using Guid(4afd2ac3e358bde44ba4370c411670fb) Importer(2089858483,192608db42251d675da83286b1cce702) (ScriptedImporter) -> (artifact id: '68f553c5ead4e7ce6d98e53b092e3418') in 0.0229434 seconds
Number of updated asset objects reloaded before import = 0Number of asset objects unloaded after import = 10

========================================================================
Received Import Request.
  Time since last request: 0.000029 seconds.
  path: Assets/PolygonSciFiSpace/Prefabs/Signs/SM_Sign_CrewQuarters_01.prefab
  artifactKey: Guid(3fbf81fd297ea5b44a73ad697b49caf0) Importer(2089858483,192608db42251d675da83286b1cce702)
Start importing Assets/PolygonSciFiSpace/Prefabs/Signs/SM_Sign_CrewQuarters_01.prefab using Guid(3fbf81fd297ea5b44a73ad697b49caf0) Importer(2089858483,192608db42251d675da83286b1cce702) (ScriptedImporter) -> (artifact id: '985c069261701bea6cfa7e2c6767eeea') in 0.0225173 seconds
Number of updated asset objects reloaded before import = 0Number of asset objects unloaded after import = 9

========================================================================
Received Import Request.
  Time since last request: 0.000034 seconds.
  path: Assets/PolygonSciFiSpace/Prefabs/Signs/SM_SignBorder_Number_07.prefab
  artifactKey: Guid(859021319685a4d4fb56c562cd56ec56) Importer(2089858483,192608db42251d675da83286b1cce702)
Start importing Assets/PolygonSciFiSpace/Prefabs/Signs/SM_SignBorder_Number_07.prefab using Guid(859021319685a4d4fb56c562cd56ec56) Importer(2089858483,192608db42251d675da83286b1cce702) (ScriptedImporter) -> (artifact id: 'a5c9546355bddb8b79fe6a71f6d97278') in 0.0221883 seconds
Number of updated asset objects reloaded before import = 0Number of asset objects unloaded after import = 9

========================================================================
Received Import Request.
  Time since last request: 0.000042 seconds.
  path: Assets/PolygonSciFiSpace/Prefabs/Props/SM_Prop_Screen_06.prefab
  artifactKey: Guid(a2ddf5fa65078014a80755ac2486294b) Importer(2089858483,192608db42251d675da83286b1cce702)
Start importing Assets/PolygonSciFiSpace/Prefabs/Props/SM_Prop_Screen_06.prefab using Guid(a2ddf5fa65078014a80755ac2486294b) Importer(2089858483,192608db42251d675da83286b1cce702) (ScriptedImporter) -> (artifact id: '3e47301d8df641248ae2cc55781a1fd9') in 0.0210132 seconds
Number of updated asset objects reloaded before import = 0Number of asset objects unloaded after import = 10

========================================================================
Received Import Request.
  Time since last request: 0.000021 seconds.
  path: Assets/PolygonSciFiSpace/Prefabs/Signs/SM_SignBorder_Fix_01.prefab
  artifactKey: Guid(a813772943f42104fab0f8c351794f7c) Importer(2089858483,192608db42251d675da83286b1cce702)
Start importing Assets/PolygonSciFiSpace/Prefabs/Signs/SM_SignBorder_Fix_01.prefab using Guid(a813772943f42104fab0f8c351794f7c) Importer(2089858483,192608db42251d675da83286b1cce702) (ScriptedImporter) -> (artifact id: '43975cb6882744c98b7eea44d30e4509') in 0.0200761 seconds
Number of updated asset objects reloaded before import = 0Number of asset objects unloaded after import = 9

========================================================================
Received Import Request.
  Time since last request: 0.000024 seconds.
  path: Assets/PolygonSciFiSpace/Prefabs/Props/SM_Prop_Wires_04.prefab
  artifactKey: Guid(c79063c9e4e25e84d96fc2500dd8eaf2) Importer(2089858483,192608db42251d675da83286b1cce702)
Start importing Assets/PolygonSciFiSpace/Prefabs/Props/SM_Prop_Wires_04.prefab using Guid(c79063c9e4e25e84d96fc2500dd8eaf2) Importer(2089858483,192608db42251d675da83286b1cce702) (ScriptedImporter) -> (artifact id: '42075684dc84d13a2f5ac7770f3318d5') in 0.0342638 seconds
Number of updated asset objects reloaded before import = 0Number of asset objects unloaded after import = 10

========================================================================
Received Import Request.
  Time since last request: 0.000039 seconds.
  path: Assets/PolygonSciFiSpace/Prefabs/Props/SM_Prop_Radar_Panel_01.prefab
  artifactKey: Guid(37ae90971c48cad41b75d81aca97b305) Importer(2089858483,192608db42251d675da83286b1cce702)
Start importing Assets/PolygonSciFiSpace/Prefabs/Props/SM_Prop_Radar_Panel_01.prefab using Guid(37ae90971c48cad41b75d81aca97b305) Importer(2089858483,192608db42251d675da83286b1cce702) (ScriptedImporter) -> (artifact id: '37fdb4c896548e85f35d60f6cfa3d93b') in 0.0240263 seconds
Number of updated asset objects reloaded before import = 0Number of asset objects unloaded after import = 10

========================================================================
Received Import Request.
  Time since last request: 0.000059 seconds.
  path: Assets/PolygonSciFiSpace/Prefabs/Signs/SM_SignBorder_Number_05.prefab
  artifactKey: Guid(0fee8814ceb81f3458752c15163192c2) Importer(2089858483,192608db42251d675da83286b1cce702)
Start importing Assets/PolygonSciFiSpace/Prefabs/Signs/SM_SignBorder_Number_05.prefab using Guid(0fee8814ceb81f3458752c15163192c2) Importer(2089858483,192608db42251d675da83286b1cce702) (ScriptedImporter) -> (artifact id: 'b1dfb15d411e0146f9abfa563643faac') in 0.0239815 seconds
Number of updated asset objects reloaded before import = 0Number of asset objects unloaded after import = 9

========================================================================
Received Import Request.
  Time since last request: 0.000029 seconds.
  path: Assets/PolygonSciFiSpace/Prefabs/Props/SM_Prop_Turret_Base_Double_08.prefab
  artifactKey: Guid(fb8e8d3d58fff7d4a8d55539bcd59c94) Importer(2089858483,192608db42251d675da83286b1cce702)
Start importing Assets/PolygonSciFiSpace/Prefabs/Props/SM_Prop_Turret_Base_Double_08.prefab using Guid(fb8e8d3d58fff7d4a8d55539bcd59c94) Importer(2089858483,192608db42251d675da83286b1cce702) (ScriptedImporter) -> (artifact id: 'fedeba71cb2b8c44d3279d1a8e653f2a') in 0.0266806 seconds
Number of updated asset objects reloaded before import = 0Number of asset objects unloaded after import = 21

========================================================================
Received Import Request.
  Time since last request: 0.000028 seconds.
  path: Assets/PolygonSciFiSpace/Prefabs/Props/SM_Prop_Screen_04.prefab
  artifactKey: Guid(2f9bae87d9f936f4cb774683ae30e440) Importer(2089858483,192608db42251d675da83286b1cce702)
Start importing Assets/PolygonSciFiSpace/Prefabs/Props/SM_Prop_Screen_04.prefab using Guid(2f9bae87d9f936f4cb774683ae30e440) Importer(2089858483,192608db42251d675da83286b1cce702) (ScriptedImporter) -> (artifact id: '2b5abaa7798c7cc9278219175b1f2d80') in 0.0274998 seconds
Number of updated asset objects reloaded before import = 0Number of asset objects unloaded after import = 10

========================================================================
Received Import Request.
  Time since last request: 0.000033 seconds.
  path: Assets/PolygonSciFiSpace/Prefabs/Props/SM_Prop_Medical_Cart_01.prefab
  artifactKey: Guid(da27625dede894b47a5b1f66e6e479fe) Importer(2089858483,192608db42251d675da83286b1cce702)
Start importing Assets/PolygonSciFiSpace/Prefabs/Props/SM_Prop_Medical_Cart_01.prefab using Guid(da27625dede894b47a5b1f66e6e479fe) Importer(2089858483,192608db42251d675da83286b1cce702) (ScriptedImporter) -> (artifact id: 'd19e22fadd78046e40e23fcd00aa0249') in 0.0287635 seconds
Number of updated asset objects reloaded before import = 0Number of asset objects unloaded after import = 10

========================================================================
Received Import Request.
  Time since last request: 0.000045 seconds.
  path: Assets/PolygonSciFiSpace/Prefabs/Signs/SM_SignBorder_Science_01.prefab
  artifactKey: Guid(9a7ca436afad9a447b92c0197c581059) Importer(2089858483,192608db42251d675da83286b1cce702)
Start importing Assets/PolygonSciFiSpace/Prefabs/Signs/SM_SignBorder_Science_01.prefab using Guid(9a7ca436afad9a447b92c0197c581059) Importer(2089858483,192608db42251d675da83286b1cce702) (ScriptedImporter) -> (artifact id: 'b4c456658e309684a4872d2c7b4196a0') in 0.0316044 seconds
Number of updated asset objects reloaded before import = 0Number of asset objects unloaded after import = 9

========================================================================
Received Import Request.
  Time since last request: 0.000028 seconds.
  path: Assets/PolygonSciFiSpace/Prefabs/Props/SM_Prop_Medical_Machine_01.prefab
  artifactKey: Guid(f456640c2423251498bd933b2f430969) Importer(2089858483,192608db42251d675da83286b1cce702)
Start importing Assets/PolygonSciFiSpace/Prefabs/Props/SM_Prop_Medical_Machine_01.prefab using Guid(f456640c2423251498bd933b2f430969) Importer(2089858483,192608db42251d675da83286b1cce702) (ScriptedImporter) -> (artifact id: 'fd5dcb1529685fbe11edc894ac431b5d') in 0.0237355 seconds
Number of updated asset objects reloaded before import = 0Number of asset objects unloaded after import = 10

========================================================================
Received Import Request.
  Time since last request: 0.000027 seconds.
  path: Assets/PolygonSciFiSpace/Prefabs/Signs/SM_SignBorder_Battery_01.prefab
  artifactKey: Guid(ed3f7dfb30accb840b27aa1a80711ee4) Importer(2089858483,192608db42251d675da83286b1cce702)
Start importing Assets/PolygonSciFiSpace/Prefabs/Signs/SM_SignBorder_Battery_01.prefab using Guid(ed3f7dfb30accb840b27aa1a80711ee4) Importer(2089858483,192608db42251d675da83286b1cce702) (ScriptedImporter) -> (artifact id: '3a70b3ca8869ebfa795dea8f556e2a8f') in 0.0291759 seconds
Number of updated asset objects reloaded before import = 0Number of asset objects unloaded after import = 9

========================================================================
Received Import Request.
  Time since last request: 0.000036 seconds.
  path: Assets/PolygonSciFiSpace/Prefabs/Props/SM_Prop_Turret_Base_Single_07.prefab
  artifactKey: Guid(c56e1ea930d4baa448ee4cebf772899f) Importer(2089858483,192608db42251d675da83286b1cce702)
Start importing Assets/PolygonSciFiSpace/Prefabs/Props/SM_Prop_Turret_Base_Single_07.prefab using Guid(c56e1ea930d4baa448ee4cebf772899f) Importer(2089858483,192608db42251d675da83286b1cce702) (ScriptedImporter) -> (artifact id: '4386780d6c2765d06f5aa77633c2b444') in 0.0318609 seconds
Number of updated asset objects reloaded before import = 0Number of asset objects unloaded after import = 21

========================================================================
Received Import Request.
  Time since last request: 0.000049 seconds.
  path: Assets/PolygonSciFiSpace/Prefabs/Props/SM_Prop_Turret_Base_Double_07.prefab
  artifactKey: Guid(6933332f71600414898a20485174c03f) Importer(2089858483,192608db42251d675da83286b1cce702)
Start importing Assets/PolygonSciFiSpace/Prefabs/Props/SM_Prop_Turret_Base_Double_07.prefab using Guid(6933332f71600414898a20485174c03f) Importer(2089858483,192608db42251d675da83286b1cce702) (ScriptedImporter) -> (artifact id: '33a2e5948b5d3ab76ea88a40b138fafb') in 0.0306534 seconds
Number of updated asset objects reloaded before import = 0Number of asset objects unloaded after import = 21

========================================================================
Received Import Request.
  Time since last request: 0.000032 seconds.
  path: Assets/PolygonSciFiSpace/Prefabs/Props/SM_Prop_Turret_Small_Floor_01.prefab
  artifactKey: Guid(d82522db9ccce854eba00b1a281d7ec9) Importer(2089858483,192608db42251d675da83286b1cce702)
Start importing Assets/PolygonSciFiSpace/Prefabs/Props/SM_Prop_Turret_Small_Floor_01.prefab using Guid(d82522db9ccce854eba00b1a281d7ec9) Importer(2089858483,192608db42251d675da83286b1cce702) (ScriptedImporter) -> (artifact id: '030cf9085a88b269848e82751ec41665') in 0.0297345 seconds
Number of updated asset objects reloaded before import = 0Number of asset objects unloaded after import = 21

========================================================================
Received Import Request.
  Time since last request: 0.000031 seconds.
  path: Assets/PolygonSciFiSpace/Prefabs/Props/SM_Prop_Missile_01.prefab
  artifactKey: Guid(e221d3ddf51167c4db44235d8c68ee36) Importer(2089858483,192608db42251d675da83286b1cce702)
Start importing Assets/PolygonSciFiSpace/Prefabs/Props/SM_Prop_Missile_01.prefab using Guid(e221d3ddf51167c4db44235d8c68ee36) Importer(2089858483,192608db42251d675da83286b1cce702) (ScriptedImporter) -> (artifact id: '124d0b829693e439a08316a634e8d1bd') in 0.0251073 seconds
Number of updated asset objects reloaded before import = 0Number of asset objects unloaded after import = 10

========================================================================
Received Import Request.
  Time since last request: 0.000035 seconds.
  path: Assets/PolygonSciFiSpace/Prefabs/Props/SM_Prop_SpaceWalk_Tube_01.prefab
  artifactKey: Guid(8b8e6cb90113f7d4cafe1e0986ec84f4) Importer(2089858483,192608db42251d675da83286b1cce702)
Start importing Assets/PolygonSciFiSpace/Prefabs/Props/SM_Prop_SpaceWalk_Tube_01.prefab using Guid(8b8e6cb90113f7d4cafe1e0986ec84f4) Importer(2089858483,192608db42251d675da83286b1cce702) (ScriptedImporter) -> (artifact id: '06f9ca9128299087016a0e1e90b3c8c5') in 0.0372327 seconds
Number of updated asset objects reloaded before import = 0Number of asset objects unloaded after import = 10

========================================================================
Received Import Request.
  Time since last request: 0.000051 seconds.
  path: Assets/PolygonSciFiSpace/Prefabs/Props/SM_Prop_Light_Small_08.prefab
  artifactKey: Guid(eb66ad65eb8ce2f4ba081ecbd8099a51) Importer(2089858483,192608db42251d675da83286b1cce702)
Start importing Assets/PolygonSciFiSpace/Prefabs/Props/SM_Prop_Light_Small_08.prefab using Guid(eb66ad65eb8ce2f4ba081ecbd8099a51) Importer(2089858483,192608db42251d675da83286b1cce702) (ScriptedImporter) -> (artifact id: '9d20af53a56d9212f87de20c94f86da6') in 0.0326069 seconds
Number of updated asset objects reloaded before import = 0Number of asset objects unloaded after import = 10

========================================================================
Received Import Request.
  Time since last request: 0.000025 seconds.
  path: Assets/PolygonSciFiSpace/Prefabs/Props/SM_Prop_Detail_Tank_02.prefab
  artifactKey: Guid(8e63f21a4f81e7a4392e7f7d2dd3ae5d) Importer(2089858483,192608db42251d675da83286b1cce702)
Start importing Assets/PolygonSciFiSpace/Prefabs/Props/SM_Prop_Detail_Tank_02.prefab using Guid(8e63f21a4f81e7a4392e7f7d2dd3ae5d) Importer(2089858483,192608db42251d675da83286b1cce702) (ScriptedImporter) -> (artifact id: '663cf795d8a996c063b7285bbf30ee48') in 0.0280964 seconds
Number of updated asset objects reloaded before import = 0Number of asset objects unloaded after import = 10

========================================================================
Received Import Request.
  Time since last request: 0.000030 seconds.
  path: Assets/PolygonSciFiSpace/Prefabs/Signs/SM_SignBorder_Medical_02.prefab
  artifactKey: Guid(6c51b97ed238ab94194b4d10d5304df3) Importer(2089858483,192608db42251d675da83286b1cce702)
Start importing Assets/PolygonSciFiSpace/Prefabs/Signs/SM_SignBorder_Medical_02.prefab using Guid(6c51b97ed238ab94194b4d10d5304df3) Importer(2089858483,192608db42251d675da83286b1cce702) (ScriptedImporter) -> (artifact id: 'f7c293f08dc859b164adde952bb96f71') in 0.026643 seconds
Number of updated asset objects reloaded before import = 0Number of asset objects unloaded after import = 9

========================================================================
Received Import Request.
  Time since last request: 0.000039 seconds.
  path: Assets/FishNet/Runtime/Serializing/Writer.Delta.cs
  artifactKey: Guid(03955a9bd0c9a6f44886554887435672) Importer(2089858483,192608db42251d675da83286b1cce702)
Start importing Assets/FishNet/Runtime/Serializing/Writer.Delta.cs using Guid(03955a9bd0c9a6f44886554887435672) Importer(2089858483,192608db42251d675da83286b1cce702) (ScriptedImporter) -> (artifact id: '2ad6ed95f2bd899e094b15425fc9fb20') in 0.0069906 seconds
Number of updated asset objects reloaded before import = 0Number of asset objects unloaded after import = 0

========================================================================
Received Import Request.
  Time since last request: 0.000047 seconds.
  path: Assets/PolygonSciFiSpace/Prefabs/Vehicles/SM_Veh_Part_Cockpit_02.prefab
  artifactKey: Guid(26a3052b856cb7d4290f1fef30ee7290) Importer(2089858483,192608db42251d675da83286b1cce702)
Start importing Assets/PolygonSciFiSpace/Prefabs/Vehicles/SM_Veh_Part_Cockpit_02.prefab using Guid(26a3052b856cb7d4290f1fef30ee7290) Importer(2089858483,192608db42251d675da83286b1cce702) (ScriptedImporter) -> (artifact id: 'c2308a4a3afbf87e5ac316166c21a043') in 0.0328068 seconds
Number of updated asset objects reloaded before import = 0Number of asset objects unloaded after import = 10

========================================================================
Received Import Request.
  Time since last request: 0.000035 seconds.
  path: Assets/PolygonSciFiSpace/Prefabs/Vehicles/SM_Ship_Station_03.prefab
  artifactKey: Guid(dde07cbdec9c94a4e9d642853bcc731f) Importer(2089858483,192608db42251d675da83286b1cce702)
Start importing Assets/PolygonSciFiSpace/Prefabs/Vehicles/SM_Ship_Station_03.prefab using Guid(dde07cbdec9c94a4e9d642853bcc731f) Importer(2089858483,192608db42251d675da83286b1cce702) (ScriptedImporter) -> (artifact id: '4ca1501f02d44bbd3ef57912954eae9f') in 0.0379861 seconds
Number of updated asset objects reloaded before import = 0Number of asset objects unloaded after import = 10

========================================================================
Received Import Request.
  Time since last request: 0.000034 seconds.
  path: Assets/PolygonSciFiSpace/Prefabs/Vehicles/SM_Veh_Part_Misc_019.prefab
  artifactKey: Guid(a7c54626e6ff7124d8e3cbfd12b9a2a4) Importer(2089858483,192608db42251d675da83286b1cce702)
Start importing Assets/PolygonSciFiSpace/Prefabs/Vehicles/SM_Veh_Part_Misc_019.prefab using Guid(a7c54626e6ff7124d8e3cbfd12b9a2a4) Importer(2089858483,192608db42251d675da83286b1cce702) (ScriptedImporter) -> (artifact id: '312b82ac3b3804c9e437c53d4b24ed74') in 0.0522205 seconds
Number of updated asset objects reloaded before import = 0Number of asset objects unloaded after import = 10

========================================================================
Received Import Request.
  Time since last request: 0.000051 seconds.
  path: Assets/PolygonSciFiSpace/Prefabs/Vehicles/SM_Veh_Part_Misc_06.prefab
  artifactKey: Guid(7b2c5680b2adee1448fd0d1b210256f9) Importer(2089858483,192608db42251d675da83286b1cce702)
Start importing Assets/PolygonSciFiSpace/Prefabs/Vehicles/SM_Veh_Part_Misc_06.prefab using Guid(7b2c5680b2adee1448fd0d1b210256f9) Importer(2089858483,192608db42251d675da83286b1cce702) (ScriptedImporter) -> (artifact id: 'd17f50871737f86cd048a428a52b96a7') in 0.0453262 seconds
Number of updated asset objects reloaded before import = 0Number of asset objects unloaded after import = 10

========================================================================
Received Import Request.
  Time since last request: 0.000031 seconds.
  path: Assets/PolygonSciFiSpace/Prefabs/Vehicles/SM_Veh_Part_Body_04.prefab
  artifactKey: Guid(230f249ceebed69489e66ad5e99521a2) Importer(2089858483,192608db42251d675da83286b1cce702)
Start importing Assets/PolygonSciFiSpace/Prefabs/Vehicles/SM_Veh_Part_Body_04.prefab using Guid(230f249ceebed69489e66ad5e99521a2) Importer(2089858483,192608db42251d675da83286b1cce702) (ScriptedImporter) -> (artifact id: '628146a0f2db46531f3cfacc1098db7f') in 0.036363 seconds
Number of updated asset objects reloaded before import = 0Number of asset objects unloaded after import = 10

========================================================================
Received Import Request.
  Time since last request: 0.000052 seconds.
  path: Assets/PolygonSciFiSpace/Prefabs/Vehicles/SM_Veh_WarpGate_Glow_01.prefab
  artifactKey: Guid(901a92290d92c5943b54390bd57b2e48) Importer(2089858483,192608db42251d675da83286b1cce702)
Start importing Assets/PolygonSciFiSpace/Prefabs/Vehicles/SM_Veh_WarpGate_Glow_01.prefab using Guid(901a92290d92c5943b54390bd57b2e48) Importer(2089858483,192608db42251d675da83286b1cce702) (ScriptedImporter) -> (artifact id: 'c2c94ca49832358ff38a769c7991d212') in 0.0241953 seconds
Number of updated asset objects reloaded before import = 0Number of asset objects unloaded after import = 8

========================================================================
Received Import Request.
  Time since last request: 0.000060 seconds.
  path: Assets/PolygonSciFiSpace/Prefabs/Vehicles/SM_Veh_Part_Engine_09.prefab
  artifactKey: Guid(2e1fab310af4dec418a5541552ec598c) Importer(2089858483,192608db42251d675da83286b1cce702)
Start importing Assets/PolygonSciFiSpace/Prefabs/Vehicles/SM_Veh_Part_Engine_09.prefab using Guid(2e1fab310af4dec418a5541552ec598c) Importer(2089858483,192608db42251d675da83286b1cce702) (ScriptedImporter) -> (artifact id: '8e8d1fdef69157cf9afe8e4008727b15') in 0.0279056 seconds
Number of updated asset objects reloaded before import = 0Number of asset objects unloaded after import = 10

========================================================================
Received Import Request.
  Time since last request: 0.000041 seconds.
  path: Assets/PolygonSciFiSpace/Textures/Alts/PolygonSciFiSpace_Texture_03_B.png
  artifactKey: Guid(1f7c892bcb9e761429d92ace22cea15c) Importer(2089858483,192608db42251d675da83286b1cce702)
Start importing Assets/PolygonSciFiSpace/Textures/Alts/PolygonSciFiSpace_Texture_03_B.png using Guid(1f7c892bcb9e761429d92ace22cea15c) Importer(2089858483,192608db42251d675da83286b1cce702) (ScriptedImporter) -> (artifact id: '8826cdd88b796d1578fa2efbec802c26') in 0.0235616 seconds
Number of updated asset objects reloaded before import = 0Number of asset objects unloaded after import = 1

========================================================================
Received Import Request.
  Time since last request: 0.000032 seconds.
  path: Assets/PolygonSciFiSpace/Scenes/Demo_Exterior/LightingData.asset
  artifactKey: Guid(903a7cd9c26dabc4db2a9479ce47f485) Importer(2089858483,192608db42251d675da83286b1cce702)
Start importing Assets/PolygonSciFiSpace/Scenes/Demo_Exterior/LightingData.asset using Guid(903a7cd9c26dabc4db2a9479ce47f485) Importer(2089858483,192608db42251d675da83286b1cce702) (ScriptedImporter) -> (artifact id: 'f9525662c7a46d437e578d7151c07187') in 0.0101006 seconds
Number of updated asset objects reloaded before import = 0Number of asset objects unloaded after import = 2

========================================================================
Received Import Request.
  Time since last request: 0.000039 seconds.
  path: Assets/PolygonSciFiSpace/Prefabs/Vehicles/SM_Ship_Station_06.prefab
  artifactKey: Guid(85b2dea197ce2524f8fad180d568d80a) Importer(2089858483,192608db42251d675da83286b1cce702)
Start importing Assets/PolygonSciFiSpace/Prefabs/Vehicles/SM_Ship_Station_06.prefab using Guid(85b2dea197ce2524f8fad180d568d80a) Importer(2089858483,192608db42251d675da83286b1cce702) (ScriptedImporter) -> (artifact id: '7a9c91cf9d3212695d5a99259c617b0d') in 0.0269096 seconds
Number of updated asset objects reloaded before import = 0Number of asset objects unloaded after import = 10

========================================================================
Received Import Request.
  Time since last request: 0.000038 seconds.
  path: Assets/PolygonSciFiSpace/Prefabs/Vehicles/SM_Veh_Part_Cockpit_01.prefab
  artifactKey: Guid(5cc306bff0db69046821e832c8331e11) Importer(2089858483,192608db42251d675da83286b1cce702)
Start importing Assets/PolygonSciFiSpace/Prefabs/Vehicles/SM_Veh_Part_Cockpit_01.prefab using Guid(5cc306bff0db69046821e832c8331e11) Importer(2089858483,192608db42251d675da83286b1cce702) (ScriptedImporter) -> (artifact id: 'cbfa0058857c792b129e1476e3406c65') in 0.0375054 seconds
Number of updated asset objects reloaded before import = 0Number of asset objects unloaded after import = 10

========================================================================
Received Import Request.
  Time since last request: 0.000027 seconds.
  path: Assets/PolygonSciFiSpace/Prefabs/Vehicles/SM_Veh_Part_Misc_011.prefab
  artifactKey: Guid(5865922038bb6ff45a46027fa581a021) Importer(2089858483,192608db42251d675da83286b1cce702)
Start importing Assets/PolygonSciFiSpace/Prefabs/Vehicles/SM_Veh_Part_Misc_011.prefab using Guid(5865922038bb6ff45a46027fa581a021) Importer(2089858483,192608db42251d675da83286b1cce702) (ScriptedImporter) -> (artifact id: '891229895e6c27fa749c16c1724b3536') in 0.0427458 seconds
Number of updated asset objects reloaded before import = 0Number of asset objects unloaded after import = 10

========================================================================
Received Import Request.
  Time since last request: 0.000033 seconds.
  path: Assets/PolygonSciFiSpace/Prefabs/Vehicles/SM_Veh_Drone_Attach_01.prefab
  artifactKey: Guid(ad7c52a4ec5f9b948bbfc45336f4fa48) Importer(2089858483,192608db42251d675da83286b1cce702)
Start importing Assets/PolygonSciFiSpace/Prefabs/Vehicles/SM_Veh_Drone_Attach_01.prefab using Guid(ad7c52a4ec5f9b948bbfc45336f4fa48) Importer(2089858483,192608db42251d675da83286b1cce702) (ScriptedImporter) -> (artifact id: 'f06ce0c1f3a96dd2c31aa76a15c04474') in 0.0308963 seconds
Number of updated asset objects reloaded before import = 0Number of asset objects unloaded after import = 10

========================================================================
Received Import Request.
  Time since last request: 0.000056 seconds.
  path: Assets/PolygonSciFiSpace/Prefabs/Vehicles/SM_Ship_Stealth_01.prefab
  artifactKey: Guid(36cd240067870fd4ea6904e547353dc4) Importer(2089858483,192608db42251d675da83286b1cce702)
Start importing Assets/PolygonSciFiSpace/Prefabs/Vehicles/SM_Ship_Stealth_01.prefab using Guid(36cd240067870fd4ea6904e547353dc4) Importer(2089858483,192608db42251d675da83286b1cce702) (ScriptedImporter) -> (artifact id: 'de8588b8d2b4277c09b8c805d991cbe0') in 0.0280528 seconds
Number of updated asset objects reloaded before import = 0Number of asset objects unloaded after import = 10

========================================================================
Received Import Request.
  Time since last request: 0.000027 seconds.
  path: Assets/PolygonSciFiSpace/Prefabs/Vehicles/SM_Veh_EscapePod_Small_01.prefab
  artifactKey: Guid(3f4a44b07f2255648b1eb50233937329) Importer(2089858483,192608db42251d675da83286b1cce702)
Start importing Assets/PolygonSciFiSpace/Prefabs/Vehicles/SM_Veh_EscapePod_Small_01.prefab using Guid(3f4a44b07f2255648b1eb50233937329) Importer(2089858483,192608db42251d675da83286b1cce702) (ScriptedImporter) -> (artifact id: '47c083197478cc26f2d50cd411be70ad') in 0.0252102 seconds
Number of updated asset objects reloaded before import = 0Number of asset objects unloaded after import = 10

========================================================================
Received Import Request.
  Time since last request: 0.000026 seconds.
  path: Assets/PolygonSciFiSpace/Prefabs/Vehicles/SM_Veh_POV_Cockpit_Frame_02.prefab
  artifactKey: Guid(b22f0cb73c7f8ab4899ad03de8c4457f) Importer(2089858483,192608db42251d675da83286b1cce702)
Start importing Assets/PolygonSciFiSpace/Prefabs/Vehicles/SM_Veh_POV_Cockpit_Frame_02.prefab using Guid(b22f0cb73c7f8ab4899ad03de8c4457f) Importer(2089858483,192608db42251d675da83286b1cce702) (ScriptedImporter) -> (artifact id: 'bf69571209bdfc02f57c1e203ad8b430') in 0.0287103 seconds
Number of updated asset objects reloaded before import = 0Number of asset objects unloaded after import = 15

========================================================================
Received Import Request.
  Time since last request: 0.000034 seconds.
  path: Assets/PolygonSciFiSpace/Prefabs/Weapons/SM_Wep_Shotgun_01.prefab
  artifactKey: Guid(d0838917cb453dc4cad3e49b1be3f4b4) Importer(2089858483,192608db42251d675da83286b1cce702)
Start importing Assets/PolygonSciFiSpace/Prefabs/Weapons/SM_Wep_Shotgun_01.prefab using Guid(d0838917cb453dc4cad3e49b1be3f4b4) Importer(2089858483,192608db42251d675da83286b1cce702) (ScriptedImporter) -> (artifact id: '041954cad9be57e26ce96c1a074bc60f') in 0.0269659 seconds
Number of updated asset objects reloaded before import = 0Number of asset objects unloaded after import = 25

========================================================================
Received Import Request.
  Time since last request: 0.000040 seconds.
  path: Assets/PolygonSciFiSpace/Prefabs/Vehicles/SM_Veh_Part_Misc_016.prefab
  artifactKey: Guid(7cd095b75942647479009666ad330c18) Importer(2089858483,192608db42251d675da83286b1cce702)
Start importing Assets/PolygonSciFiSpace/Prefabs/Vehicles/SM_Veh_Part_Misc_016.prefab using Guid(7cd095b75942647479009666ad330c18) Importer(2089858483,192608db42251d675da83286b1cce702) (ScriptedImporter) -> (artifact id: '4215149836719aaf14085ebb9053db2e') in 0.0222505 seconds
Number of updated asset objects reloaded before import = 0Number of asset objects unloaded after import = 10

========================================================================
Received Import Request.
  Time since last request: 0.000025 seconds.
  path: Assets/PolygonSciFiSpace/Prefabs/Vehicles/SM_Veh_Part_Wing_014.prefab
  artifactKey: Guid(05f52f6d2ac3b6840a4ac8572837da51) Importer(2089858483,192608db42251d675da83286b1cce702)
Start importing Assets/PolygonSciFiSpace/Prefabs/Vehicles/SM_Veh_Part_Wing_014.prefab using Guid(05f52f6d2ac3b6840a4ac8572837da51) Importer(2089858483,192608db42251d675da83286b1cce702) (ScriptedImporter) -> (artifact id: '0c585e20814174e0dd774b7a4928a57a') in 0.0233819 seconds
Number of updated asset objects reloaded before import = 0Number of asset objects unloaded after import = 10

========================================================================
Received Import Request.
  Time since last request: 0.000033 seconds.
  path: Assets/PolygonSciFiSpace/Prefabs/Vehicles/SM_Veh_Part_Engine_02.prefab
  artifactKey: Guid(7c14d6def9973d94ebee3af15a5de634) Importer(2089858483,192608db42251d675da83286b1cce702)
Start importing Assets/PolygonSciFiSpace/Prefabs/Vehicles/SM_Veh_Part_Engine_02.prefab using Guid(7c14d6def9973d94ebee3af15a5de634) Importer(2089858483,192608db42251d675da83286b1cce702) (ScriptedImporter) -> (artifact id: '9b11c620daa7a3632c456f00750e11c0') in 0.0247004 seconds
Number of updated asset objects reloaded before import = 0Number of asset objects unloaded after import = 10

========================================================================
Received Import Request.
  Time since last request: 0.000034 seconds.
  path: Assets/PolygonSciFiSpace/Textures/Alts/PolygonSciFiSpace_Texture_02_D.png
  artifactKey: Guid(e27c8df92cfd8314db580c78fd0f00cb) Importer(2089858483,192608db42251d675da83286b1cce702)
Start importing Assets/PolygonSciFiSpace/Textures/Alts/PolygonSciFiSpace_Texture_02_D.png using Guid(e27c8df92cfd8314db580c78fd0f00cb) Importer(2089858483,192608db42251d675da83286b1cce702) (ScriptedImporter) -> (artifact id: '965a6d68ff01fda6b82492f06b0611d2') in 0.0357391 seconds
Number of updated asset objects reloaded before import = 0Number of asset objects unloaded after import = 1

========================================================================
Received Import Request.
  Time since last request: 0.000050 seconds.
  path: Assets/PolygonSciFiSpace/Prefabs/Vehicles/SM_Veh_Part_Wing_016.prefab
  artifactKey: Guid(7f20fc4e60523dd4fb2d0c0c892d9f83) Importer(2089858483,192608db42251d675da83286b1cce702)
Start importing Assets/PolygonSciFiSpace/Prefabs/Vehicles/SM_Veh_Part_Wing_016.prefab using Guid(7f20fc4e60523dd4fb2d0c0c892d9f83) Importer(2089858483,192608db42251d675da83286b1cce702) (ScriptedImporter) -> (artifact id: 'c797a1f34707c9e471a40fbf3c351f09') in 0.0329393 seconds
Number of updated asset objects reloaded before import = 0Number of asset objects unloaded after import = 10

========================================================================
Received Import Request.
  Time since last request: 0.000025 seconds.
  path: Assets/PolygonSciFiSpace/Prefabs/Vehicles/SM_Veh_Part_Misc_09.prefab
  artifactKey: Guid(75891b71f5352ab4db90f2150f11029f) Importer(2089858483,192608db42251d675da83286b1cce702)
Start importing Assets/PolygonSciFiSpace/Prefabs/Vehicles/SM_Veh_Part_Misc_09.prefab using Guid(75891b71f5352ab4db90f2150f11029f) Importer(2089858483,192608db42251d675da83286b1cce702) (ScriptedImporter) -> (artifact id: '9c741aa97d1ec04b26e8a7a177bc63be') in 0.0270351 seconds
Number of updated asset objects reloaded before import = 0Number of asset objects unloaded after import = 10

========================================================================
Received Import Request.
  Time since last request: 0.000025 seconds.
  path: Assets/PolygonSciFiSpace/Prefabs/Vehicles/SM_Veh_Part_Wing_08.prefab
  artifactKey: Guid(7da8dad11ed905946a995aa8cb800110) Importer(2089858483,192608db42251d675da83286b1cce702)
Start importing Assets/PolygonSciFiSpace/Prefabs/Vehicles/SM_Veh_Part_Wing_08.prefab using Guid(7da8dad11ed905946a995aa8cb800110) Importer(2089858483,192608db42251d675da83286b1cce702) (ScriptedImporter) -> (artifact id: '0b3cedf7b4050cca39a14b8785a7cff6') in 0.0241294 seconds
Number of updated asset objects reloaded before import = 0Number of asset objects unloaded after import = 10

========================================================================
Received Import Request.
  Time since last request: 0.000034 seconds.
  path: Assets/PolygonSciFiSpace/Textures/Alts/PolygonSciFiSpace_Emissive_03.png
  artifactKey: Guid(cbb25b15642c24f47bec943b28109ca8) Importer(2089858483,192608db42251d675da83286b1cce702)
Start importing Assets/PolygonSciFiSpace/Textures/Alts/PolygonSciFiSpace_Emissive_03.png using Guid(cbb25b15642c24f47bec943b28109ca8) Importer(2089858483,192608db42251d675da83286b1cce702) (ScriptedImporter) -> (artifact id: 'f787fe5272bcb89979547fcc26e33946') in 0.0256257 seconds
Number of updated asset objects reloaded before import = 0Number of asset objects unloaded after import = 1

========================================================================
Received Import Request.
  Time since last request: 0.000056 seconds.
  path: Assets/PolygonSciFiSpace/Prefabs/Vehicles/SM_Ship_Fighter_Heavy_03.prefab
  artifactKey: Guid(d0272cfaf9f2a9b4bb58c6c8608b6317) Importer(2089858483,192608db42251d675da83286b1cce702)
Start importing Assets/PolygonSciFiSpace/Prefabs/Vehicles/SM_Ship_Fighter_Heavy_03.prefab using Guid(d0272cfaf9f2a9b4bb58c6c8608b6317) Importer(2089858483,192608db42251d675da83286b1cce702) (ScriptedImporter) -> (artifact id: '90a2582ac7e1b62e90986ecb9d3afa20') in 0.0292831 seconds
Number of updated asset objects reloaded before import = 0Number of asset objects unloaded after import = 10

========================================================================
Received Import Request.
  Time since last request: 0.000027 seconds.
  path: Assets/PolygonSciFiSpace/Prefabs/Vehicles/SM_Veh_Part_Body_03.prefab
  artifactKey: Guid(f015bb414c2fa7047880ea267a67a7aa) Importer(2089858483,192608db42251d675da83286b1cce702)
Start importing Assets/PolygonSciFiSpace/Prefabs/Vehicles/SM_Veh_Part_Body_03.prefab using Guid(f015bb414c2fa7047880ea267a67a7aa) Importer(2089858483,192608db42251d675da83286b1cce702) (ScriptedImporter) -> (artifact id: 'a377c6b424e095a1f0082599abfd4a55') in 0.034267 seconds
Number of updated asset objects reloaded before import = 0Number of asset objects unloaded after import = 10

========================================================================
Received Import Request.
  Time since last request: 0.000030 seconds.
  path: Assets/PolygonSciFiSpace/Prefabs/Vehicles/SM_Veh_Part_Misc_021.prefab
  artifactKey: Guid(d24087527709b6447a501783d38db464) Importer(2089858483,192608db42251d675da83286b1cce702)
Start importing Assets/PolygonSciFiSpace/Prefabs/Vehicles/SM_Veh_Part_Misc_021.prefab using Guid(d24087527709b6447a501783d38db464) Importer(2089858483,192608db42251d675da83286b1cce702) (ScriptedImporter) -> (artifact id: '08552f8cfc3f128da7bf147a253b2ed4') in 0.0275927 seconds
Number of updated asset objects reloaded before import = 0Number of asset objects unloaded after import = 10

========================================================================
Received Import Request.
  Time since last request: 0.000030 seconds.
  path: Assets/PolygonSciFiSpace/Prefabs/Signs/SM_Sign_ScienceLab_01.prefab
  artifactKey: Guid(4a6cc4dfa9057d14d85fa905af2c477e) Importer(2089858483,192608db42251d675da83286b1cce702)
Start importing Assets/PolygonSciFiSpace/Prefabs/Signs/SM_Sign_ScienceLab_01.prefab using Guid(4a6cc4dfa9057d14d85fa905af2c477e) Importer(2089858483,192608db42251d675da83286b1cce702) (ScriptedImporter) -> (artifact id: 'a1585a387230beb7522cbccc0893fcbe') in 0.0216766 seconds
Number of updated asset objects reloaded before import = 0Number of asset objects unloaded after import = 9

========================================================================
Received Import Request.
  Time since last request: 0.000045 seconds.
  path: Assets/PolygonSciFiSpace/Prefabs/Vehicles/SM_Veh_Part_Misc_015.prefab
  artifactKey: Guid(50c87af36437b5948bf5d0991e8b813c) Importer(2089858483,192608db42251d675da83286b1cce702)
Start importing Assets/PolygonSciFiSpace/Prefabs/Vehicles/SM_Veh_Part_Misc_015.prefab using Guid(50c87af36437b5948bf5d0991e8b813c) Importer(2089858483,192608db42251d675da83286b1cce702) (ScriptedImporter) -> (artifact id: 'f3922d277d6eff7dbdf9ac1ff016fcd9') in 0.0262518 seconds
Number of updated asset objects reloaded before import = 0Number of asset objects unloaded after import = 10

========================================================================
Received Import Request.
  Time since last request: 0.000028 seconds.
  path: Assets/PolygonSciFiSpace/Prefabs/Vehicles/SM_Veh_Part_Engine_01.prefab
  artifactKey: Guid(b18b9904b4ca7754da3bb057d2303945) Importer(2089858483,192608db42251d675da83286b1cce702)
Start importing Assets/PolygonSciFiSpace/Prefabs/Vehicles/SM_Veh_Part_Engine_01.prefab using Guid(b18b9904b4ca7754da3bb057d2303945) Importer(2089858483,192608db42251d675da83286b1cce702) (ScriptedImporter) -> (artifact id: '8139f5b1fedeb73b077a9ac212f4f08d') in 0.0241716 seconds
Number of updated asset objects reloaded before import = 0Number of asset objects unloaded after import = 10

========================================================================
Received Import Request.
  Time since last request: 0.000028 seconds.
  path: Assets/PolygonSciFiSpace/Prefabs/Vehicles/SM_Veh_Part_Wing_03.prefab
  artifactKey: Guid(8b1260bc0729338449f08da0282a099b) Importer(2089858483,192608db42251d675da83286b1cce702)
Start importing Assets/PolygonSciFiSpace/Prefabs/Vehicles/SM_Veh_Part_Wing_03.prefab using Guid(8b1260bc0729338449f08da0282a099b) Importer(2089858483,192608db42251d675da83286b1cce702) (ScriptedImporter) -> (artifact id: '16b19faf580beb0b79642cf0368b3e12') in 0.0273161 seconds
Number of updated asset objects reloaded before import = 0Number of asset objects unloaded after import = 10

========================================================================
Received Import Request.
  Time since last request: 0.000040 seconds.
  path: Assets/PolygonSciFiSpace/Prefabs/Vehicles/SM_Ship_Station_01.prefab
  artifactKey: Guid(e2b52b82abcb53c49a6ff26f3ca944f4) Importer(2089858483,192608db42251d675da83286b1cce702)
Start importing Assets/PolygonSciFiSpace/Prefabs/Vehicles/SM_Ship_Station_01.prefab using Guid(e2b52b82abcb53c49a6ff26f3ca944f4) Importer(2089858483,192608db42251d675da83286b1cce702) (ScriptedImporter) -> (artifact id: '4795facc8d7d89ab9f19211dc368065a') in 0.0214827 seconds
Number of updated asset objects reloaded before import = 0Number of asset objects unloaded after import = 10

========================================================================
Received Import Request.
  Time since last request: 0.000046 seconds.
  path: Assets/PolygonSciFiSpace/Prefabs/Vehicles/SM_Ship_Bomber_02.prefab
  artifactKey: Guid(5747a219f0bebcd4387cd020b4ba102b) Importer(2089858483,192608db42251d675da83286b1cce702)
Start importing Assets/PolygonSciFiSpace/Prefabs/Vehicles/SM_Ship_Bomber_02.prefab using Guid(5747a219f0bebcd4387cd020b4ba102b) Importer(2089858483,192608db42251d675da83286b1cce702) (ScriptedImporter) -> (artifact id: '1bd5e83e30793707768098509dc1aaca') in 0.026248 seconds
Number of updated asset objects reloaded before import = 0Number of asset objects unloaded after import = 10

========================================================================
Received Import Request.
  Time since last request: 0.000026 seconds.
  path: Assets/FishNet/CodeGenerating/cecil-0.11.4/Mono.Cecil/FieldReference.cs
  artifactKey: Guid(990be2becde06b4468f79bd17646a47a) Importer(2089858483,192608db42251d675da83286b1cce702)
Start importing Assets/FishNet/CodeGenerating/cecil-0.11.4/Mono.Cecil/FieldReference.cs using Guid(990be2becde06b4468f79bd17646a47a) Importer(2089858483,192608db42251d675da83286b1cce702) (ScriptedImporter) -> (artifact id: '6a52826a3a5a2ca87bc32e701aaf7e35') in 0.0086596 seconds
Number of updated asset objects reloaded before import = 0Number of asset objects unloaded after import = 0

========================================================================
Received Import Request.
  Time since last request: 0.000030 seconds.
  path: Assets/PolygonSciFiSpace/Textures/FX/LineTex 4.png
  artifactKey: Guid(e0f922c44762291498cc62e0917609be) Importer(2089858483,192608db42251d675da83286b1cce702)
Start importing Assets/PolygonSciFiSpace/Textures/FX/LineTex 4.png using Guid(e0f922c44762291498cc62e0917609be) Importer(2089858483,192608db42251d675da83286b1cce702) (ScriptedImporter) -> (artifact id: '9e6ee4e0963609616898f5a207252e95') in 0.0251794 seconds
Number of updated asset objects reloaded before import = 0Number of asset objects unloaded after import = 1

========================================================================
Received Import Request.
  Time since last request: 0.000026 seconds.
  path: Assets/FishNet/CodeGenerating/cecil-0.11.4/Mono.Cecil/PInvokeInfo.cs
  artifactKey: Guid(56eb336b3d1ea2b4094fbb5586a11d49) Importer(2089858483,192608db42251d675da83286b1cce702)
Start importing Assets/FishNet/CodeGenerating/cecil-0.11.4/Mono.Cecil/PInvokeInfo.cs using Guid(56eb336b3d1ea2b4094fbb5586a11d49) Importer(2089858483,192608db42251d675da83286b1cce702) (ScriptedImporter) -> (artifact id: 'e59c86a84685df786278e88f04d05f57') in 0.0089373 seconds
Number of updated asset objects reloaded before import = 0Number of asset objects unloaded after import = 0

========================================================================
Received Import Request.
  Time since last request: 0.000043 seconds.
  path: Assets/FishNet/CodeGenerating/cecil-0.11.4/Mono.Cecil/LinkedResource.cs
  artifactKey: Guid(18c45c1a0891fdc40a07d309b564ec6d) Importer(2089858483,192608db42251d675da83286b1cce702)
Start importing Assets/FishNet/CodeGenerating/cecil-0.11.4/Mono.Cecil/LinkedResource.cs using Guid(18c45c1a0891fdc40a07d309b564ec6d) Importer(2089858483,192608db42251d675da83286b1cce702) (ScriptedImporter) -> (artifact id: '00a602d442a7696a89e32a65b86cb5bd') in 0.0090283 seconds
Number of updated asset objects reloaded before import = 0Number of asset objects unloaded after import = 0

========================================================================
Received Import Request.
  Time since last request: 0.000030 seconds.
  path: Assets/FishNet/CodeGenerating/cecil-0.11.4/Mono.Cecil/TargetRuntime.cs
  artifactKey: Guid(64ac90055dca01347b6ed93dff5e4284) Importer(2089858483,192608db42251d675da83286b1cce702)
Start importing Assets/FishNet/CodeGenerating/cecil-0.11.4/Mono.Cecil/TargetRuntime.cs using Guid(64ac90055dca01347b6ed93dff5e4284) Importer(2089858483,192608db42251d675da83286b1cce702) (ScriptedImporter) -> (artifact id: '0ab4d09aa53300f5c330915aee61fd87') in 0.0073564 seconds
Number of updated asset objects reloaded before import = 0Number of asset objects unloaded after import = 0

========================================================================
Received Import Request.
  Time since last request: 0.000027 seconds.
  path: Assets/FishNet/CodeGenerating/cecil-0.11.4/Mono.Cecil/PinnedType.cs
  artifactKey: Guid(6840e25b64ef0924d84724d5587cfa68) Importer(2089858483,192608db42251d675da83286b1cce702)
Start importing Assets/FishNet/CodeGenerating/cecil-0.11.4/Mono.Cecil/PinnedType.cs using Guid(6840e25b64ef0924d84724d5587cfa68) Importer(2089858483,192608db42251d675da83286b1cce702) (ScriptedImporter) -> (artifact id: 'b105b5f18cdbdb5a85e1bd5999aa349e') in 0.0104052 seconds
Number of updated asset objects reloaded before import = 0Number of asset objects unloaded after import = 0

========================================================================
Received Import Request.
  Time since last request: 0.000027 seconds.
  path: Assets/FishNet/CodeGenerating/cecil-0.11.4/Mono.Cecil/TypeAttributes.cs
  artifactKey: Guid(a634580522059d74bb5ad1f997af1284) Importer(2089858483,192608db42251d675da83286b1cce702)
Start importing Assets/FishNet/CodeGenerating/cecil-0.11.4/Mono.Cecil/TypeAttributes.cs using Guid(a634580522059d74bb5ad1f997af1284) Importer(2089858483,192608db42251d675da83286b1cce702) (ScriptedImporter) -> (artifact id: 'b1a9ede3225cc08fe579e610ddcf8135') in 0.0078379 seconds
Number of updated asset objects reloaded before import = 0Number of asset objects unloaded after import = 0

========================================================================
Received Import Request.
  Time since last request: 0.000037 seconds.
  path: Assets/FishNet/CodeGenerating/cecil-0.11.4/Mono.Cecil/IGenericInstance.cs
  artifactKey: Guid(22b3a8ddd25a989449e5e9ffc632bc00) Importer(2089858483,192608db42251d675da83286b1cce702)
Start importing Assets/FishNet/CodeGenerating/cecil-0.11.4/Mono.Cecil/IGenericInstance.cs using Guid(22b3a8ddd25a989449e5e9ffc632bc00) Importer(2089858483,192608db42251d675da83286b1cce702) (ScriptedImporter) -> (artifact id: 'd1d5e73eb4b3a130823296825e1546a2') in 0.0093826 seconds
Number of updated asset objects reloaded before import = 0Number of asset objects unloaded after import = 0

========================================================================
Received Import Request.
  Time since last request: 0.000044 seconds.
  path: Assets/PolygonSciFiSpace/Textures/FX/Circle_Dashes.png
  artifactKey: Guid(ffccefe6fe078884d91a8574bfef2cda) Importer(2089858483,192608db42251d675da83286b1cce702)
Start importing Assets/PolygonSciFiSpace/Textures/FX/Circle_Dashes.png using Guid(ffccefe6fe078884d91a8574bfef2cda) Importer(2089858483,192608db42251d675da83286b1cce702) (ScriptedImporter) -> (artifact id: '04471d1e9812871d14a52e9d1bffb0ef') in 0.0297661 seconds
Number of updated asset objects reloaded before import = 0Number of asset objects unloaded after import = 1

========================================================================
Received Import Request.
  Time since last request: 0.000033 seconds.
  path: Assets/FishNet/CodeGenerating/cecil-0.11.4/Mono.Cecil/FieldDefinition.cs
  artifactKey: Guid(00dcb95135f39ec4c923f7923bcc93ed) Importer(2089858483,192608db42251d675da83286b1cce702)
Start importing Assets/FishNet/CodeGenerating/cecil-0.11.4/Mono.Cecil/FieldDefinition.cs using Guid(00dcb95135f39ec4c923f7923bcc93ed) Importer(2089858483,192608db42251d675da83286b1cce702) (ScriptedImporter) -> (artifact id: '9a8a0ca537c66c53d576dade906fbb51') in 0.0078977 seconds
Number of updated asset objects reloaded before import = 0Number of asset objects unloaded after import = 0

========================================================================
Received Import Request.
  Time since last request: 0.000028 seconds.
  path: Assets/FishNet/CodeGenerating/cecil-0.11.4/Mono.Cecil/ICustomAttributeProvider.cs
  artifactKey: Guid(1585603aa3fe4f1409c42694378a557c) Importer(2089858483,192608db42251d675da83286b1cce702)
Start importing Assets/FishNet/CodeGenerating/cecil-0.11.4/Mono.Cecil/ICustomAttributeProvider.cs using Guid(1585603aa3fe4f1409c42694378a557c) Importer(2089858483,192608db42251d675da83286b1cce702) (ScriptedImporter) -> (artifact id: 'f8f62b8ccfb20815e578e5a44cedc227') in 0.0125379 seconds
Number of updated asset objects reloaded before import = 0Number of asset objects unloaded after import = 0

========================================================================
Received Import Request.
  Time since last request: 0.000029 seconds.
  path: Assets/FishNet/CodeGenerating/cecil-0.11.4/Mono.Cecil/AssemblyHashAlgorithm.cs
  artifactKey: Guid(b200bdec09584af41bd3f656e091cccf) Importer(2089858483,192608db42251d675da83286b1cce702)
Start importing Assets/FishNet/CodeGenerating/cecil-0.11.4/Mono.Cecil/AssemblyHashAlgorithm.cs using Guid(b200bdec09584af41bd3f656e091cccf) Importer(2089858483,192608db42251d675da83286b1cce702) (ScriptedImporter) -> (artifact id: 'd62189fd062c14596542b3defd96e240') in 0.0062939 seconds
Number of updated asset objects reloaded before import = 0Number of asset objects unloaded after import = 0

========================================================================
Received Import Request.
  Time since last request: 0.000041 seconds.
  path: Assets/PolygonSciFiSpace/Textures/FX/Transparent_Flash.png
  artifactKey: Guid(c7a4569ca909e434e9f9ae16e15f07da) Importer(2089858483,192608db42251d675da83286b1cce702)
Start importing Assets/PolygonSciFiSpace/Textures/FX/Transparent_Flash.png using Guid(c7a4569ca909e434e9f9ae16e15f07da) Importer(2089858483,192608db42251d675da83286b1cce702) (ScriptedImporter) -> (artifact id: '27e5befb783ccbcb2b906f48eb79efb0') in 0.027973 seconds
Number of updated asset objects reloaded before import = 0Number of asset objects unloaded after import = 1

========================================================================
Received Import Request.
  Time since last request: 0.000025 seconds.
  path: Assets/FishNet/CodeGenerating/cecil-0.11.4/Mono.Cecil/FieldAttributes.cs
  artifactKey: Guid(8e9187082e8fc1446a8c2aa12d8f3fa4) Importer(2089858483,192608db42251d675da83286b1cce702)
Start importing Assets/FishNet/CodeGenerating/cecil-0.11.4/Mono.Cecil/FieldAttributes.cs using Guid(8e9187082e8fc1446a8c2aa12d8f3fa4) Importer(2089858483,192608db42251d675da83286b1cce702) (ScriptedImporter) -> (artifact id: '09d13532fcc61a46fca75925b04709f3') in 0.0060336 seconds
Number of updated asset objects reloaded before import = 0Number of asset objects unloaded after import = 0

========================================================================
Received Import Request.
  Time since last request: 0.000024 seconds.
  path: Assets/FishNet/CodeGenerating/cecil-0.11.4/Mono.Cecil/CustomAttribute.cs
  artifactKey: Guid(91db4bc8250b4b949bf262a196c9c0c9) Importer(2089858483,192608db42251d675da83286b1cce702)
Start importing Assets/FishNet/CodeGenerating/cecil-0.11.4/Mono.Cecil/CustomAttribute.cs using Guid(91db4bc8250b4b949bf262a196c9c0c9) Importer(2089858483,192608db42251d675da83286b1cce702) (ScriptedImporter) -> (artifact id: 'cb262dfa5a789df1e808a493600fa5df') in 0.0082846 seconds
Number of updated asset objects reloaded before import = 0Number of asset objects unloaded after import = 0

========================================================================
Received Import Request.
  Time since last request: 0.000032 seconds.
  path: Assets/TutorialInfo/Scripts/Editor/ReadmeEditor.cs
  artifactKey: Guid(476cc7d7cd9874016adc216baab94a0a) Importer(2089858483,192608db42251d675da83286b1cce702)
Start importing Assets/TutorialInfo/Scripts/Editor/ReadmeEditor.cs using Guid(476cc7d7cd9874016adc216baab94a0a) Importer(2089858483,192608db42251d675da83286b1cce702) (ScriptedImporter) -> (artifact id: '9344615ef209500bec41fed9eb165410') in 0.0092441 seconds
Number of updated asset objects reloaded before import = 0Number of asset objects unloaded after import = 0

========================================================================
Received Import Request.
  Time since last request: 0.000059 seconds.
  path: Assets/FishNet/CodeGenerating/cecil-0.11.4/Mono.Cecil/MethodImplAttributes.cs
  artifactKey: Guid(bbe7f8d150d8c6b48abd24ac7718c9f4) Importer(2089858483,192608db42251d675da83286b1cce702)
Start importing Assets/FishNet/CodeGenerating/cecil-0.11.4/Mono.Cecil/MethodImplAttributes.cs using Guid(bbe7f8d150d8c6b48abd24ac7718c9f4) Importer(2089858483,192608db42251d675da83286b1cce702) (ScriptedImporter) -> (artifact id: 'db68ed8ee4324aa2739ff012b33477c3') in 0.0077877 seconds
Number of updated asset objects reloaded before import = 0Number of asset objects unloaded after import = 0

========================================================================
Received Import Request.
  Time since last request: 0.000027 seconds.
  path: Assets/PolygonSciFiSpace/Textures/Alts/PolygonSciFiSpace_Texture_04_B.png
  artifactKey: Guid(0f77fa4b187ee4e479a8775fcec2ff61) Importer(2089858483,192608db42251d675da83286b1cce702)
Start importing Assets/PolygonSciFiSpace/Textures/Alts/PolygonSciFiSpace_Texture_04_B.png using Guid(0f77fa4b187ee4e479a8775fcec2ff61) Importer(2089858483,192608db42251d675da83286b1cce702) (ScriptedImporter) -> (artifact id: '23340752dda022c7b8e22db5138e76a8') in 0.0296867 seconds
Number of updated asset objects reloaded before import = 0Number of asset objects unloaded after import = 1

========================================================================
Received Import Request.
  Time since last request: 0.000029 seconds.
  path: Assets/PolygonSciFiSpace/Textures/FX/Tansparent_Line_Full.png
  artifactKey: Guid(32cbeb9527524264d95c3560939d58c4) Importer(2089858483,192608db42251d675da83286b1cce702)
Start importing Assets/PolygonSciFiSpace/Textures/FX/Tansparent_Line_Full.png using Guid(32cbeb9527524264d95c3560939d58c4) Importer(2089858483,192608db42251d675da83286b1cce702) (ScriptedImporter) -> (artifact id: '75aacd20639aa100c01f3c06861d7aad') in 0.0277813 seconds
Number of updated asset objects reloaded before import = 0Number of asset objects unloaded after import = 1

========================================================================
Received Import Request.
  Time since last request: 0.000043 seconds.
  path: Assets/FishNet/CodeGenerating/cecil-0.11.4/Mono.Cecil/GenericParameterAttributes.cs
  artifactKey: Guid(406369465fc07a643b3923d53fb1e941) Importer(2089858483,192608db42251d675da83286b1cce702)
Start importing Assets/FishNet/CodeGenerating/cecil-0.11.4/Mono.Cecil/GenericParameterAttributes.cs using Guid(406369465fc07a643b3923d53fb1e941) Importer(2089858483,192608db42251d675da83286b1cce702) (ScriptedImporter) -> (artifact id: '11f8d8df988f9d7b67d72defbf0a5048') in 0.008236 seconds
Number of updated asset objects reloaded before import = 0Number of asset objects unloaded after import = 0

========================================================================
Received Import Request.
  Time since last request: 0.000058 seconds.
  path: Assets/FishNet/CodeGenerating/cecil-0.11.4/Mono.Cecil/PointerType.cs
  artifactKey: Guid(7b6a1c540eedbb04082628ad5dd10583) Importer(2089858483,192608db42251d675da83286b1cce702)
Start importing Assets/FishNet/CodeGenerating/cecil-0.11.4/Mono.Cecil/PointerType.cs using Guid(7b6a1c540eedbb04082628ad5dd10583) Importer(2089858483,192608db42251d675da83286b1cce702) (ScriptedImporter) -> (artifact id: '086b5c6af981aff384deeb8de6053864') in 0.0093516 seconds
Number of updated asset objects reloaded before import = 0Number of asset objects unloaded after import = 0

========================================================================
Received Import Request.
  Time since last request: 0.000034 seconds.
  path: Assets/FishNet/CodeGenerating/cecil-0.11.4/Mono/Empty.cs
  artifactKey: Guid(4662c38d1a951c24b89aeae3390acd39) Importer(2089858483,192608db42251d675da83286b1cce702)
Start importing Assets/FishNet/CodeGenerating/cecil-0.11.4/Mono/Empty.cs using Guid(4662c38d1a951c24b89aeae3390acd39) Importer(2089858483,192608db42251d675da83286b1cce702) (ScriptedImporter) -> (artifact id: 'e76b06b634b1f182e83399f366305931') in 0.0101285 seconds
Number of updated asset objects reloaded before import = 0Number of asset objects unloaded after import = 0

========================================================================
Received Import Request.
  Time since last request: 0.000034 seconds.
  path: Assets/PolygonSciFiSpace/Textures/FX/SpaceDust.png
  artifactKey: Guid(6ffc5d38f0238f74ea8b6ce3e1f9c34c) Importer(2089858483,192608db42251d675da83286b1cce702)
Start importing Assets/PolygonSciFiSpace/Textures/FX/SpaceDust.png using Guid(6ffc5d38f0238f74ea8b6ce3e1f9c34c) Importer(2089858483,192608db42251d675da83286b1cce702) (ScriptedImporter) -> (artifact id: 'df9581e1bc689e8dfdd042e025122969') in 0.0639395 seconds
Number of updated asset objects reloaded before import = 0Number of asset objects unloaded after import = 1

========================================================================
Received Import Request.
  Time since last request: 0.000035 seconds.
  path: Assets/FishNet/CodeGenerating/cecil-0.11.4/Mono.Cecil/AssemblyFlags.cs
  artifactKey: Guid(257c8151138cda34dafbe0ca56ebedf4) Importer(2089858483,192608db42251d675da83286b1cce702)
Start importing Assets/FishNet/CodeGenerating/cecil-0.11.4/Mono.Cecil/AssemblyFlags.cs using Guid(257c8151138cda34dafbe0ca56ebedf4) Importer(2089858483,192608db42251d675da83286b1cce702) (ScriptedImporter) -> (artifact id: '6f832b6aecab10515150a66cc8e57957') in 0.0088082 seconds
Number of updated asset objects reloaded before import = 0Number of asset objects unloaded after import = 0

========================================================================
Received Import Request.
  Time since last request: 0.000051 seconds.
  path: Assets/FishNet/CodeGenerating/cecil-0.11.4/Mono.Cecil/IMetadataTokenProvider.cs
  artifactKey: Guid(c01133d3a99e95542b153987746696d1) Importer(2089858483,192608db42251d675da83286b1cce702)
Start importing Assets/FishNet/CodeGenerating/cecil-0.11.4/Mono.Cecil/IMetadataTokenProvider.cs using Guid(c01133d3a99e95542b153987746696d1) Importer(2089858483,192608db42251d675da83286b1cce702) (ScriptedImporter) -> (artifact id: '921c1336c3e03e41a0ce52581d23c845') in 0.0082655 seconds
Number of updated asset objects reloaded before import = 0Number of asset objects unloaded after import = 0

========================================================================
Received Import Request.
  Time since last request: 0.000101 seconds.
  path: Assets/FishNet/CodeGenerating/cecil-0.11.4/Mono.Cecil/MemberDefinitionCollection.cs
  artifactKey: Guid(e5caa999f42a585459c62b7b65eefdd8) Importer(2089858483,192608db42251d675da83286b1cce702)
Start importing Assets/FishNet/CodeGenerating/cecil-0.11.4/Mono.Cecil/MemberDefinitionCollection.cs using Guid(e5caa999f42a585459c62b7b65eefdd8) Importer(2089858483,192608db42251d675da83286b1cce702) (ScriptedImporter) -> (artifact id: '6ead36d26a603d757da25a29bb2fdd44') in 0.0109456 seconds
Number of updated asset objects reloaded before import = 0Number of asset objects unloaded after import = 0

========================================================================
Received Import Request.
  Time since last request: 0.000032 seconds.
  path: Assets/PolygonSciFiSpace/Textures/FX/PolygonSciFiSpace_Skybox_02_Left.png
  artifactKey: Guid(096163889a32bb34f87c3c7a6e482dbb) Importer(2089858483,192608db42251d675da83286b1cce702)
Start importing Assets/PolygonSciFiSpace/Textures/FX/PolygonSciFiSpace_Skybox_02_Left.png using Guid(096163889a32bb34f87c3c7a6e482dbb) Importer(2089858483,192608db42251d675da83286b1cce702) (ScriptedImporter) -> (artifact id: '634325d386a4fa01f867f03e95f8e4d5') in 0.0358078 seconds
Number of updated asset objects reloaded before import = 0Number of asset objects unloaded after import = 1

========================================================================
Received Import Request.
  Time since last request: 0.000042 seconds.
  path: Assets/PolygonSciFiSpace/Textures/FX/PolygonSciFiSpace_Skybox_01_Down.png
  artifactKey: Guid(1475799ef5f179444a847970ce7e4b35) Importer(2089858483,192608db42251d675da83286b1cce702)
Start importing Assets/PolygonSciFiSpace/Textures/FX/PolygonSciFiSpace_Skybox_01_Down.png using Guid(1475799ef5f179444a847970ce7e4b35) Importer(2089858483,192608db42251d675da83286b1cce702) (ScriptedImporter) -> (artifact id: 'a9c7fc43ef0bfdf408583a56ddb22ab0') in 0.0346127 seconds
Number of updated asset objects reloaded before import = 0Number of asset objects unloaded after import = 1

========================================================================
Received Import Request.
  Time since last request: 0.000070 seconds.
  path: Assets/FishNet/CodeGenerating/cecil-0.11.4/Mono.Cecil/AssemblyLinkedResource.cs
  artifactKey: Guid(c3d5a207fc55ac5419e42c86cef15db0) Importer(2089858483,192608db42251d675da83286b1cce702)
Start importing Assets/FishNet/CodeGenerating/cecil-0.11.4/Mono.Cecil/AssemblyLinkedResource.cs using Guid(c3d5a207fc55ac5419e42c86cef15db0) Importer(2089858483,192608db42251d675da83286b1cce702) (ScriptedImporter) -> (artifact id: '19139ec9a6e3636b755716b42b7792c7') in 0.0117297 seconds
Number of updated asset objects reloaded before import = 0Number of asset objects unloaded after import = 0

========================================================================
Received Import Request.
  Time since last request: 0.000026 seconds.
  path: Assets/PolygonSciFiSpace/Textures/Alts/PolygonSciFiSpace_Texture_04_F.png
  artifactKey: Guid(171b4cb5895b9c246bcb51159e066caf) Importer(2089858483,192608db42251d675da83286b1cce702)
Start importing Assets/PolygonSciFiSpace/Textures/Alts/PolygonSciFiSpace_Texture_04_F.png using Guid(171b4cb5895b9c246bcb51159e066caf) Importer(2089858483,192608db42251d675da83286b1cce702) (ScriptedImporter) -> (artifact id: 'd53c492c51614d85b99734d494cb0e5a') in 0.035564 seconds
Number of updated asset objects reloaded before import = 0Number of asset objects unloaded after import = 1

========================================================================
Received Import Request.
  Time since last request: 0.000032 seconds.
  path: Assets/PolygonSciFiSpace/Textures/FX/Black_Transparent.png
  artifactKey: Guid(5398f17d136679c4f8833e244db883bc) Importer(2089858483,192608db42251d675da83286b1cce702)
Start importing Assets/PolygonSciFiSpace/Textures/FX/Black_Transparent.png using Guid(5398f17d136679c4f8833e244db883bc) Importer(2089858483,192608db42251d675da83286b1cce702) (ScriptedImporter) -> (artifact id: '5d2bdec7fb3f2014d3c4f000774e5dea') in 0.0445472 seconds
Number of updated asset objects reloaded before import = 0Number of asset objects unloaded after import = 1

========================================================================
Received Import Request.
  Time since last request: 0.000060 seconds.
  path: Assets/PolygonSciFiSpace/Prefabs/Vehicles/SM_Veh_Part_Wing_012.prefab
  artifactKey: Guid(7458e18d2fcc721498e6f59d8375532e) Importer(2089858483,192608db42251d675da83286b1cce702)
Start importing Assets/PolygonSciFiSpace/Prefabs/Vehicles/SM_Veh_Part_Wing_012.prefab using Guid(7458e18d2fcc721498e6f59d8375532e) Importer(2089858483,192608db42251d675da83286b1cce702) (ScriptedImporter) -> (artifact id: 'e5faeb1b1f34186950a6919196977943') in 0.0341436 seconds
Number of updated asset objects reloaded before import = 0Number of asset objects unloaded after import = 10

========================================================================
Received Import Request.
  Time since last request: 0.000177 seconds.
  path: Assets/PolygonSciFiSpace/Prefabs/Vehicles/SM_Ship_Fighter_01.prefab
  artifactKey: Guid(01489deeeb7ca1744877c2e3e590d958) Importer(2089858483,192608db42251d675da83286b1cce702)
Start importing Assets/PolygonSciFiSpace/Prefabs/Vehicles/SM_Ship_Fighter_01.prefab using Guid(01489deeeb7ca1744877c2e3e590d958) Importer(2089858483,192608db42251d675da83286b1cce702) (ScriptedImporter) -> (artifact id: '3fe16b34df7b6c5daca2a4f32eb33eda') in 0.0305047 seconds
Number of updated asset objects reloaded before import = 0Number of asset objects unloaded after import = 10

========================================================================
Received Import Request.
  Time since last request: 0.000034 seconds.
  path: Assets/FishNet/CodeGenerating/cecil-0.11.4/Mono.Cecil/BaseAssemblyResolver.cs
  artifactKey: Guid(4ab1d53794ef7444c81e276b5a3a5c2b) Importer(2089858483,192608db42251d675da83286b1cce702)
Start importing Assets/FishNet/CodeGenerating/cecil-0.11.4/Mono.Cecil/BaseAssemblyResolver.cs using Guid(4ab1d53794ef7444c81e276b5a3a5c2b) Importer(2089858483,192608db42251d675da83286b1cce702) (ScriptedImporter) -> (artifact id: 'a4e3f6748d1d80cee6444c6bc0f478b9') in 0.0109544 seconds
Number of updated asset objects reloaded before import = 0Number of asset objects unloaded after import = 0

========================================================================
Received Import Request.
  Time since last request: 0.000042 seconds.
  path: Assets/PolygonSciFiSpace/Prefabs/Props/SM_Prop_Turret_Base_Double_01.prefab
  artifactKey: Guid(5cfb9f4bf98ba5c4d8141b52757cc450) Importer(2089858483,192608db42251d675da83286b1cce702)
Start importing Assets/PolygonSciFiSpace/Prefabs/Props/SM_Prop_Turret_Base_Double_01.prefab using Guid(5cfb9f4bf98ba5c4d8141b52757cc450) Importer(2089858483,192608db42251d675da83286b1cce702) (ScriptedImporter) -> (artifact id: '2f0d4b2c9ab95b50a81acc328b3b33b1') in 0.0420645 seconds
Number of updated asset objects reloaded before import = 0Number of asset objects unloaded after import = 28

========================================================================
Received Import Request.
  Time since last request: 0.000070 seconds.
  path: Assets/PolygonSciFiSpace/Models/SM_Sign_Hydroponics_02.fbx
  artifactKey: Guid(85162e5d01852c94c92c26a25e16cfe1) Importer(2089858483,192608db42251d675da83286b1cce702)
Start importing Assets/PolygonSciFiSpace/Models/SM_Sign_Hydroponics_02.fbx using Guid(85162e5d01852c94c92c26a25e16cfe1) Importer(2089858483,192608db42251d675da83286b1cce702) (ScriptedImporter) -> (artifact id: '0d498ef862ad3c2c4531d6f9eb7f085f') in 0.0381411 seconds
Number of updated asset objects reloaded before import = 0Number of asset objects unloaded after import = 7

========================================================================
Received Import Request.
  Time since last request: 0.000043 seconds.
  path: Assets/FishNet/CodeGenerating/cecil-0.11.4/Mono.Cecil/TypeParser.cs
  artifactKey: Guid(14cea45910a5fc94ca89429bd0587148) Importer(2089858483,192608db42251d675da83286b1cce702)
Start importing Assets/FishNet/CodeGenerating/cecil-0.11.4/Mono.Cecil/TypeParser.cs using Guid(14cea45910a5fc94ca89429bd0587148) Importer(2089858483,192608db42251d675da83286b1cce702) (ScriptedImporter) -> (artifact id: 'e57bca5500cec12e778fea9d7476ab48') in 0.0108087 seconds
Number of updated asset objects reloaded before import = 0Number of asset objects unloaded after import = 0

========================================================================
Received Import Request.
  Time since last request: 0.000036 seconds.
  path: Assets/FishNet/Runtime/Managing/Logging/LoggingType.cs
  artifactKey: Guid(8bf0a7ab3f60fe44984fcfd16d8fe7b4) Importer(2089858483,192608db42251d675da83286b1cce702)
Start importing Assets/FishNet/Runtime/Managing/Logging/LoggingType.cs using Guid(8bf0a7ab3f60fe44984fcfd16d8fe7b4) Importer(2089858483,192608db42251d675da83286b1cce702) (ScriptedImporter) -> (artifact id: 'a8f87a56af6ad5dd54b343a0d7123cc4') in 0.0106089 seconds
Number of updated asset objects reloaded before import = 0Number of asset objects unloaded after import = 0

========================================================================
Received Import Request.
  Time since last request: 0.000033 seconds.
  path: Assets/FishNet/CodeGenerating/Helpers/Extension/InstructionExtensions.cs
  artifactKey: Guid(360667149f16b6c4aba61fd05427cbfb) Importer(2089858483,192608db42251d675da83286b1cce702)
Start importing Assets/FishNet/CodeGenerating/Helpers/Extension/InstructionExtensions.cs using Guid(360667149f16b6c4aba61fd05427cbfb) Importer(2089858483,192608db42251d675da83286b1cce702) (ScriptedImporter) -> (artifact id: 'd693f38fcba94aa4908bceed41be9c41') in 0.009967 seconds
Number of updated asset objects reloaded before import = 0Number of asset objects unloaded after import = 0

========================================================================
Received Import Request.
  Time since last request: 0.000035 seconds.
  path: Assets/FishNet/Runtime/Editor/PrefabCollectionGenerator/Generator.cs
  artifactKey: Guid(68e990388e202d54aa0fe9e7aa8cc716) Importer(2089858483,192608db42251d675da83286b1cce702)
Start importing Assets/FishNet/Runtime/Editor/PrefabCollectionGenerator/Generator.cs using Guid(68e990388e202d54aa0fe9e7aa8cc716) Importer(2089858483,192608db42251d675da83286b1cce702) (ScriptedImporter) -> (artifact id: '66523c8fd0c97c320077fe87402baeeb') in 0.007682 seconds
Number of updated asset objects reloaded before import = 0Number of asset objects unloaded after import = 0

========================================================================
Received Import Request.
  Time since last request: 0.000051 seconds.
  path: Assets/FishNet/CodeGenerating/Helpers/Extension/TypeReferenceExtensions.cs
  artifactKey: Guid(2344f5ab0fda07b498c03fbe0e082c14) Importer(2089858483,192608db42251d675da83286b1cce702)
Start importing Assets/FishNet/CodeGenerating/Helpers/Extension/TypeReferenceExtensions.cs using Guid(2344f5ab0fda07b498c03fbe0e082c14) Importer(2089858483,192608db42251d675da83286b1cce702) (ScriptedImporter) -> (artifact id: '9da2706daedaa34ba2930ce1a2ab9bc5') in 0.0072949 seconds
Number of updated asset objects reloaded before import = 0Number of asset objects unloaded after import = 0

========================================================================
Received Import Request.
  Time since last request: 0.000045 seconds.
  path: Assets/FishNet/CodeGenerating/Helpers/Typed/GeneratorHelper.cs
  artifactKey: Guid(9b1882eac63e3d94aad8f41915bc1ab8) Importer(2089858483,192608db42251d675da83286b1cce702)
Start importing Assets/FishNet/CodeGenerating/Helpers/Typed/GeneratorHelper.cs using Guid(9b1882eac63e3d94aad8f41915bc1ab8) Importer(2089858483,192608db42251d675da83286b1cce702) (ScriptedImporter) -> (artifact id: 'cfe451fe4ce5678a59d555bf18cb48a4') in 0.0080125 seconds
Number of updated asset objects reloaded before import = 0Number of asset objects unloaded after import = 0

========================================================================
Received Import Request.
  Time since last request: 0.000022 seconds.
  path: Assets/FishNet/CodeGenerating/Processing/Rpc/AttributeData.cs
  artifactKey: Guid(91f84e00db3d1ad448fb6a760afb6927) Importer(2089858483,192608db42251d675da83286b1cce702)
Start importing Assets/FishNet/CodeGenerating/Processing/Rpc/AttributeData.cs using Guid(91f84e00db3d1ad448fb6a760afb6927) Importer(2089858483,192608db42251d675da83286b1cce702) (ScriptedImporter) -> (artifact id: 'ffa78d4426dcce59f539e9416c3b7c02') in 0.007515 seconds
Number of updated asset objects reloaded before import = 0Number of asset objects unloaded after import = 0

========================================================================
Received Import Request.
  Time since last request: 0.000029 seconds.
  path: Assets/FishNet/CodeGenerating/Helpers/Extension/ParameterDefinitionExtensions.cs
  artifactKey: Guid(31071055a2e388141b8f11e1ba4e147e) Importer(2089858483,192608db42251d675da83286b1cce702)
Start importing Assets/FishNet/CodeGenerating/Helpers/Extension/ParameterDefinitionExtensions.cs using Guid(31071055a2e388141b8f11e1ba4e147e) Importer(2089858483,192608db42251d675da83286b1cce702) (ScriptedImporter) -> (artifact id: '4b77bd1e011186fd3895ce60c7acd5eb') in 0.0110941 seconds
Number of updated asset objects reloaded before import = 0Number of asset objects unloaded after import = 0

========================================================================
Received Import Request.
  Time since last request: 0.000034 seconds.
  path: Assets/FishNet/CodeGenerating/cecil-0.11.4/Mono.Cecil/TypeReferenceEqualityComparer.cs
  artifactKey: Guid(5e048a822386ae34ab1124eaf29e1d84) Importer(2089858483,192608db42251d675da83286b1cce702)
Start importing Assets/FishNet/CodeGenerating/cecil-0.11.4/Mono.Cecil/TypeReferenceEqualityComparer.cs using Guid(5e048a822386ae34ab1124eaf29e1d84) Importer(2089858483,192608db42251d675da83286b1cce702) (ScriptedImporter) -> (artifact id: '26f173ad458bcc96b57f188358a64988') in 0.007906 seconds
Number of updated asset objects reloaded before import = 0Number of asset objects unloaded after import = 0

========================================================================
Received Import Request.
  Time since last request: 0.000059 seconds.
  path: Assets/FishNet/Runtime/Editor/NetworkProfiler/Types.cs
  artifactKey: Guid(8e4a30af35ccc06478592b32c8f12540) Importer(2089858483,192608db42251d675da83286b1cce702)
Start importing Assets/FishNet/Runtime/Editor/NetworkProfiler/Types.cs using Guid(8e4a30af35ccc06478592b32c8f12540) Importer(2089858483,192608db42251d675da83286b1cce702) (ScriptedImporter) -> (artifact id: '0df15f802eb93cbdcf4b2033dc9b6d54') in 0.0095965 seconds
Number of updated asset objects reloaded before import = 0Number of asset objects unloaded after import = 0

========================================================================
Received Import Request.
  Time since last request: 0.000026 seconds.
  path: Assets/FishNet/Demos/ColliderRollback/Scripts/DestroyAfterDelay.cs
  artifactKey: Guid(3f244f524a030c6459722c6594b1e9bd) Importer(2089858483,192608db42251d675da83286b1cce702)
Start importing Assets/FishNet/Demos/ColliderRollback/Scripts/DestroyAfterDelay.cs using Guid(3f244f524a030c6459722c6594b1e9bd) Importer(2089858483,192608db42251d675da83286b1cce702) (ScriptedImporter) -> (artifact id: '6013365bd703f554a6c19e272ef169b7') in 0.0094695 seconds
Number of updated asset objects reloaded before import = 0Number of asset objects unloaded after import = 0

========================================================================
Received Import Request.
  Time since last request: 0.000026 seconds.
  path: Assets/FishNet/Runtime/Editor/Configuring/ReserializeNetworkObjectsEditor.cs
  artifactKey: Guid(d0f2e650746c37949a9dd7b96e7c6f65) Importer(2089858483,192608db42251d675da83286b1cce702)
Start importing Assets/FishNet/Runtime/Editor/Configuring/ReserializeNetworkObjectsEditor.cs using Guid(d0f2e650746c37949a9dd7b96e7c6f65) Importer(2089858483,192608db42251d675da83286b1cce702) (ScriptedImporter) -> (artifact id: 'bf95ab1004044c7aa85bc6db269497d4') in 0.0083609 seconds
Number of updated asset objects reloaded before import = 0Number of asset objects unloaded after import = 0

========================================================================
Received Import Request.
  Time since last request: 0.000038 seconds.
  path: Assets/FishNet/CodeGenerating/cecil-0.11.4/Mono.Cecil.Cil/SequencePoint.cs
  artifactKey: Guid(612e6675dca63a84b9e8aaeb3e3b9ec6) Importer(2089858483,192608db42251d675da83286b1cce702)
Start importing Assets/FishNet/CodeGenerating/cecil-0.11.4/Mono.Cecil.Cil/SequencePoint.cs using Guid(612e6675dca63a84b9e8aaeb3e3b9ec6) Importer(2089858483,192608db42251d675da83286b1cce702) (ScriptedImporter) -> (artifact id: '0227568b0d3d9fa6acc82b4c0a337c83') in 0.0068414 seconds
Number of updated asset objects reloaded before import = 0Number of asset objects unloaded after import = 0

========================================================================
Received Import Request.
  Time since last request: 0.000034 seconds.
  path: Assets/FishNet/Demos/HashGrid/Scenes/HashGrid_Demo.unity
  artifactKey: Guid(99947f0521cb96a4087d4496b8761a23) Importer(2089858483,192608db42251d675da83286b1cce702)
Start importing Assets/FishNet/Demos/HashGrid/Scenes/HashGrid_Demo.unity using Guid(99947f0521cb96a4087d4496b8761a23) Importer(2089858483,192608db42251d675da83286b1cce702) (ScriptedImporter) -> (artifact id: '1e90121c009e167636ed60ae114fdd1e') in 0.0112738 seconds
Number of updated asset objects reloaded before import = 0Number of asset objects unloaded after import = 1

========================================================================
Received Import Request.
  Time since last request: 0.000045 seconds.
  path: Assets/FishNet/Runtime/Managing/Debugging/DebugManager.cs
  artifactKey: Guid(6d0962ead4b02a34aae248fccce671ce) Importer(2089858483,192608db42251d675da83286b1cce702)
Start importing Assets/FishNet/Runtime/Managing/Debugging/DebugManager.cs using Guid(6d0962ead4b02a34aae248fccce671ce) Importer(2089858483,192608db42251d675da83286b1cce702) (ScriptedImporter) -> (artifact id: '81e2811790c535fa7481a866b620abd0') in 0.0094014 seconds
Number of updated asset objects reloaded before import = 0Number of asset objects unloaded after import = 1

========================================================================
Received Import Request.
  Time since last request: 0.000043 seconds.
  path: Assets/FishNet/Runtime/Managing/Object/DualPrefab.cs
  artifactKey: Guid(76840b2b810d8fc45aeccef03122763c) Importer(2089858483,192608db42251d675da83286b1cce702)
Start importing Assets/FishNet/Runtime/Managing/Object/DualPrefab.cs using Guid(76840b2b810d8fc45aeccef03122763c) Importer(2089858483,192608db42251d675da83286b1cce702) (ScriptedImporter) -> (artifact id: 'da7bfa1971fa03fffe9be12e3ca38d3a') in 0.0091032 seconds
Number of updated asset objects reloaded before import = 0Number of asset objects unloaded after import = 0

========================================================================
Received Import Request.
  Time since last request: 0.000034 seconds.
  path: Assets/FishNet/CodeGenerating/cecil-0.11.4/Mono.Cecil.PE/BinaryStreamReader.cs
  artifactKey: Guid(7492ed3a048237443b99d7a25e806ce6) Importer(2089858483,192608db42251d675da83286b1cce702)
Start importing Assets/FishNet/CodeGenerating/cecil-0.11.4/Mono.Cecil.PE/BinaryStreamReader.cs using Guid(7492ed3a048237443b99d7a25e806ce6) Importer(2089858483,192608db42251d675da83286b1cce702) (ScriptedImporter) -> (artifact id: '5f94a95ea0fa2aa7df380de7b8db481b') in 0.0128111 seconds
Number of updated asset objects reloaded before import = 0Number of asset objects unloaded after import = 0

========================================================================
Received Import Request.
  Time since last request: 0.000036 seconds.
  path: Assets/FishNet/CodeGenerating/cecil-0.11.4/Mono.Cecil/TypeSystem.cs
  artifactKey: Guid(68c81a3fab6a4ee4dbfc5e83e365d1c9) Importer(2089858483,192608db42251d675da83286b1cce702)
Start importing Assets/FishNet/CodeGenerating/cecil-0.11.4/Mono.Cecil/TypeSystem.cs using Guid(68c81a3fab6a4ee4dbfc5e83e365d1c9) Importer(2089858483,192608db42251d675da83286b1cce702) (ScriptedImporter) -> (artifact id: 'b8280155447b57077a5a113fa4631fb2') in 0.0086616 seconds
Number of updated asset objects reloaded before import = 0Number of asset objects unloaded after import = 0

========================================================================
Received Import Request.
  Time since last request: 0.000063 seconds.
  path: Assets/FishNet/CodeGenerating/cecil-0.11.4/Mono.Cecil.Metadata/Buffers.cs
  artifactKey: Guid(4b1d0a81b66e78341ab77acdd3b15234) Importer(2089858483,192608db42251d675da83286b1cce702)
Start importing Assets/FishNet/CodeGenerating/cecil-0.11.4/Mono.Cecil.Metadata/Buffers.cs using Guid(4b1d0a81b66e78341ab77acdd3b15234) Importer(2089858483,192608db42251d675da83286b1cce702) (ScriptedImporter) -> (artifact id: 'da9ad29763cc7c9b8adee33faeae8299') in 0.0122681 seconds
Number of updated asset objects reloaded before import = 0Number of asset objects unloaded after import = 0

========================================================================
Received Import Request.
  Time since last request: 0.000021 seconds.
  path: Assets/FishNet/Runtime/Managing/Client/ClientManager.QOL.cs
  artifactKey: Guid(fa61343b56a8f4942b8e6c998ed319ba) Importer(2089858483,192608db42251d675da83286b1cce702)
Start importing Assets/FishNet/Runtime/Managing/Client/ClientManager.QOL.cs using Guid(fa61343b56a8f4942b8e6c998ed319ba) Importer(2089858483,192608db42251d675da83286b1cce702) (ScriptedImporter) -> (artifact id: '9227ec367fddce8da863d8e71ea0d8e4') in 0.0088481 seconds
Number of updated asset objects reloaded before import = 0Number of asset objects unloaded after import = 0

========================================================================
Received Import Request.
  Time since last request: 0.000025 seconds.
  path: Assets/FishNet/CodeGenerating/cecil-0.11.4/Mono.Cecil.Metadata/ElementType.cs
  artifactKey: Guid(94c4cb498ef60034d83bb60d3f743832) Importer(2089858483,192608db42251d675da83286b1cce702)
Start importing Assets/FishNet/CodeGenerating/cecil-0.11.4/Mono.Cecil.Metadata/ElementType.cs using Guid(94c4cb498ef60034d83bb60d3f743832) Importer(2089858483,192608db42251d675da83286b1cce702) (ScriptedImporter) -> (artifact id: '71f9f10941875ad62548a98bc468f28c') in 0.0066299 seconds
Number of updated asset objects reloaded before import = 0Number of asset objects unloaded after import = 0

========================================================================
Received Import Request.
  Time since last request: 0.000027 seconds.
  path: Assets/FishNet/Demos/IntermediateLayer/Scripts/IntermediateLayerCipher.cs
  artifactKey: Guid(10c18bbe05944364d9295f5ee411a95f) Importer(2089858483,192608db42251d675da83286b1cce702)
Start importing Assets/FishNet/Demos/IntermediateLayer/Scripts/IntermediateLayerCipher.cs using Guid(10c18bbe05944364d9295f5ee411a95f) Importer(2089858483,192608db42251d675da83286b1cce702) (ScriptedImporter) -> (artifact id: '3404c02fd9b4b38f9ba3549a5dcb9587') in 0.0080902 seconds
Number of updated asset objects reloaded before import = 0Number of asset objects unloaded after import = 0

========================================================================
Received Import Request.
  Time since last request: 0.000090 seconds.
  path: Assets/FishNet/Runtime/Editor/NetworkProfiler/NetworkProfilerWindow.cs
  artifactKey: Guid(9b35764a2e39a0844b01aa7e1b690c8d) Importer(2089858483,192608db42251d675da83286b1cce702)
Start importing Assets/FishNet/Runtime/Editor/NetworkProfiler/NetworkProfilerWindow.cs using Guid(9b35764a2e39a0844b01aa7e1b690c8d) Importer(2089858483,192608db42251d675da83286b1cce702) (ScriptedImporter) -> (artifact id: 'f7f9f54bb706f97ef60e4e7273598f0f') in 0.0072254 seconds
Number of updated asset objects reloaded before import = 0Number of asset objects unloaded after import = 0

========================================================================
Received Import Request.
  Time since last request: 0.000042 seconds.
  path: Assets/FishNet/Demos/ColliderRollback/Scenes/ColliderRollbackDemo.unity
  artifactKey: Guid(9e30e3df1ec43184daee875457d49364) Importer(2089858483,192608db42251d675da83286b1cce702)
Start importing Assets/FishNet/Demos/ColliderRollback/Scenes/ColliderRollbackDemo.unity using Guid(9e30e3df1ec43184daee875457d49364) Importer(2089858483,192608db42251d675da83286b1cce702) (ScriptedImporter) -> (artifact id: '256a2e8565695992e1d6d900890fa570') in 0.0169257 seconds
Number of updated asset objects reloaded before import = 0Number of asset objects unloaded after import = 1

========================================================================
Received Import Request.
  Time since last request: 0.000023 seconds.
  path: Assets/FishNet/Demos/SceneManager (Old Examples)/Materials/Black.mat
  artifactKey: Guid(2e7517d1496ae784f94a2307a88e2bb5) Importer(2089858483,192608db42251d675da83286b1cce702)
Start importing Assets/FishNet/Demos/SceneManager (Old Examples)/Materials/Black.mat using Guid(2e7517d1496ae784f94a2307a88e2bb5) Importer(2089858483,192608db42251d675da83286b1cce702) (ScriptedImporter) -> (artifact id: '271534863e111ba677bf9e348fb144bd') in 0.0099874 seconds
Number of updated asset objects reloaded before import = 0Number of asset objects unloaded after import = 1

========================================================================
Received Import Request.
  Time since last request: 0.000028 seconds.
  path: Assets/FishNet/Demos/SceneManager (Old Examples)/Materials/Green.mat
  artifactKey: Guid(e0dd7b8c357813f4ba3ae9b60783a6cd) Importer(2089858483,192608db42251d675da83286b1cce702)
Start importing Assets/FishNet/Demos/SceneManager (Old Examples)/Materials/Green.mat using Guid(e0dd7b8c357813f4ba3ae9b60783a6cd) Importer(2089858483,192608db42251d675da83286b1cce702) (ScriptedImporter) -> (artifact id: '073c618825cd993d18f9c0be04e7b647') in 0.0089184 seconds
Number of updated asset objects reloaded before import = 0Number of asset objects unloaded after import = 1

========================================================================
Received Import Request.
  Time since last request: 0.000028 seconds.
  path: Assets/FishNet/Demos/SceneManager (Old Examples)/Materials/Red.mat
  artifactKey: Guid(a35bce0c956282a42a90a04b25492fb6) Importer(2089858483,192608db42251d675da83286b1cce702)
Start importing Assets/FishNet/Demos/SceneManager (Old Examples)/Materials/Red.mat using Guid(a35bce0c956282a42a90a04b25492fb6) Importer(2089858483,192608db42251d675da83286b1cce702) (ScriptedImporter) -> (artifact id: '8b6d34a119aefc68d9adb42eccd7499a') in 0.0094618 seconds
Number of updated asset objects reloaded before import = 0Number of asset objects unloaded after import = 1

========================================================================
Received Import Request.
  Time since last request: 0.000029 seconds.
  path: Assets/FishNet/Demos/ColliderRollback/Audio/Glock.wav
  artifactKey: Guid(0330762d2b3c8d641bfe11ad89b7e196) Importer(2089858483,192608db42251d675da83286b1cce702)
Start importing Assets/FishNet/Demos/ColliderRollback/Audio/Glock.wav using Guid(0330762d2b3c8d641bfe11ad89b7e196) Importer(2089858483,192608db42251d675da83286b1cce702) (ScriptedImporter) -> (artifact id: '33bfe38b23a0bcd3cc97a31e209278af') in 0.0444096 seconds
Number of updated asset objects reloaded before import = 0Number of asset objects unloaded after import = 1

========================================================================
Received Import Request.
  Time since last request: 0.000050 seconds.
  path: Assets/FishNet/CodeGenerating/cecil-0.11.4/Mono.Cecil.Cil/ILProcessor.cs
  artifactKey: Guid(26902ea42064c624d82727d9ef9a8f5e) Importer(2089858483,192608db42251d675da83286b1cce702)
Start importing Assets/FishNet/CodeGenerating/cecil-0.11.4/Mono.Cecil.Cil/ILProcessor.cs using Guid(26902ea42064c624d82727d9ef9a8f5e) Importer(2089858483,192608db42251d675da83286b1cce702) (ScriptedImporter) -> (artifact id: '8622c0428fe43f2ec74c2575fa2e726f') in 0.0085407 seconds
Number of updated asset objects reloaded before import = 0Number of asset objects unloaded after import = 0

========================================================================
Received Import Request.
  Time since last request: 0.000028 seconds.
  path: Assets/FishNet/Demos/CustomSyncType/Component State Sync/AMonoScript.cs
  artifactKey: Guid(a5821b28e5b90ef44b4910a640482c15) Importer(2089858483,192608db42251d675da83286b1cce702)
Start importing Assets/FishNet/Demos/CustomSyncType/Component State Sync/AMonoScript.cs using Guid(a5821b28e5b90ef44b4910a640482c15) Importer(2089858483,192608db42251d675da83286b1cce702) (ScriptedImporter) -> (artifact id: '72260981ccdb9fe42e7a1c2fea3d4ed9') in 0.009734 seconds
Number of updated asset objects reloaded before import = 0Number of asset objects unloaded after import = 0

========================================================================
Received Import Request.
  Time since last request: 0.000027 seconds.
  path: Assets/FishNet/Demos/HashGrid/Textures/1x1 Pixel.png
  artifactKey: Guid(89cc97401eb588a408315f5fa0148929) Importer(2089858483,192608db42251d675da83286b1cce702)
Start importing Assets/FishNet/Demos/HashGrid/Textures/1x1 Pixel.png using Guid(89cc97401eb588a408315f5fa0148929) Importer(2089858483,192608db42251d675da83286b1cce702) (ScriptedImporter) -> (artifact id: '52432b4a182c056aee9294d9ddc05f5b') in 0.0325495 seconds
Number of updated asset objects reloaded before import = 0Number of asset objects unloaded after import = 3

========================================================================
Received Import Request.
  Time since last request: 0.000027 seconds.
  path: Assets/FishNet/CodeGenerating/cecil-0.11.4/Mono.Cecil/TypeReference.cs
  artifactKey: Guid(be8b0c2aa3d8d534a90ff392789fac67) Importer(2089858483,192608db42251d675da83286b1cce702)
Start importing Assets/FishNet/CodeGenerating/cecil-0.11.4/Mono.Cecil/TypeReference.cs using Guid(be8b0c2aa3d8d534a90ff392789fac67) Importer(2089858483,192608db42251d675da83286b1cce702) (ScriptedImporter) -> (artifact id: '91154711950f2020b6da72659b82a279') in 0.00786 seconds
Number of updated asset objects reloaded before import = 0Number of asset objects unloaded after import = 0

========================================================================
Received Import Request.
  Time since last request: 0.000045 seconds.
  path: Assets/FishNet/Runtime/Editor/Upgrading/UpgradeFromV3ToV4Menu.cs
  artifactKey: Guid(c502df40457bd364cbaa553a2ce7f04e) Importer(2089858483,192608db42251d675da83286b1cce702)
Start importing Assets/FishNet/Runtime/Editor/Upgrading/UpgradeFromV3ToV4Menu.cs using Guid(c502df40457bd364cbaa553a2ce7f04e) Importer(2089858483,192608db42251d675da83286b1cce702) (ScriptedImporter) -> (artifact id: '1df893759127baff1059038a08bed8f5') in 0.0121666 seconds
Number of updated asset objects reloaded before import = 0Number of asset objects unloaded after import = 0

========================================================================
Received Import Request.
  Time since last request: 0.000031 seconds.
  path: Assets/FishNet/CodeGenerating/cecil-0.11.4/Mono.Cecil.Metadata/UserStringHeap.cs
  artifactKey: Guid(2d89100b382ef8e4ea67917917d04db6) Importer(2089858483,192608db42251d675da83286b1cce702)
Start importing Assets/FishNet/CodeGenerating/cecil-0.11.4/Mono.Cecil.Metadata/UserStringHeap.cs using Guid(2d89100b382ef8e4ea67917917d04db6) Importer(2089858483,192608db42251d675da83286b1cce702) (ScriptedImporter) -> (artifact id: '18b8d7f335ad08f4d085dad21d6e09e5') in 0.0073162 seconds
Number of updated asset objects reloaded before import = 0Number of asset objects unloaded after import = 0

========================================================================
Received Import Request.
  Time since last request: 0.000028 seconds.
  path: Assets/FishNet/CodeGenerating/Helpers/Typed/SerializatierType.cs
  artifactKey: Guid(e7f1bbf5c398c3e4e92e53ec3e49d5e9) Importer(2089858483,192608db42251d675da83286b1cce702)
Start importing Assets/FishNet/CodeGenerating/Helpers/Typed/SerializatierType.cs using Guid(e7f1bbf5c398c3e4e92e53ec3e49d5e9) Importer(2089858483,192608db42251d675da83286b1cce702) (ScriptedImporter) -> (artifact id: 'b3f27c9bfd3e30ff3330646c6b30e868') in 0.0086179 seconds
Number of updated asset objects reloaded before import = 0Number of asset objects unloaded after import = 0

========================================================================
Received Import Request.
  Time since last request: 0.000041 seconds.
  path: Assets/PolygonSciFiSpace/Shaders/SyntyStudios_Planet.shader
  artifactKey: Guid(eaaf78c712eddcb47a6a599d04aea29b) Importer(2089858483,192608db42251d675da83286b1cce702)
Start importing Assets/PolygonSciFiSpace/Shaders/SyntyStudios_Planet.shader using Guid(eaaf78c712eddcb47a6a599d04aea29b) Importer(2089858483,192608db42251d675da83286b1cce702) (ScriptedImporter) -> (artifact id: '5d1db65fddc45a3b05ff344bc66eec63') in 0.0105306 seconds
Number of updated asset objects reloaded before import = 0Number of asset objects unloaded after import = 1

========================================================================
Received Import Request.
  Time since last request: 0.000059 seconds.
  path: Assets/PolygonSciFiSpace/Prefabs/Props/SM_Prop_Detail_Vent_01.prefab
  artifactKey: Guid(d250b7f0ec4452642aa77202af113dbd) Importer(2089858483,192608db42251d675da83286b1cce702)
Start importing Assets/PolygonSciFiSpace/Prefabs/Props/SM_Prop_Detail_Vent_01.prefab using Guid(d250b7f0ec4452642aa77202af113dbd) Importer(2089858483,192608db42251d675da83286b1cce702) (ScriptedImporter) -> (artifact id: '711aff1fe3c80582846cd65b794e65ba') in 0.0277252 seconds
Number of updated asset objects reloaded before import = 0Number of asset objects unloaded after import = 10

========================================================================
Received Import Request.
  Time since last request: 0.000029 seconds.
  path: Assets/FishNet/CodeGenerating/cecil-0.11.4/Mono.Cecil.Metadata/CodedIndex.cs
  artifactKey: Guid(dd50ffa8272dac444831e33b1b9d7f56) Importer(2089858483,192608db42251d675da83286b1cce702)
Start importing Assets/FishNet/CodeGenerating/cecil-0.11.4/Mono.Cecil.Metadata/CodedIndex.cs using Guid(dd50ffa8272dac444831e33b1b9d7f56) Importer(2089858483,192608db42251d675da83286b1cce702) (ScriptedImporter) -> (artifact id: 'a7eb19b5772a3aa4143c82e4702bfb28') in 0.0078361 seconds
Number of updated asset objects reloaded before import = 0Number of asset objects unloaded after import = 0

========================================================================
Received Import Request.
  Time since last request: 0.000027 seconds.
  path: Assets/PolygonSciFiSpace/Prefabs/Props/SM_Prop_HandScanner_01.prefab
  artifactKey: Guid(c37ec2b7a5c4ed345b07d1a3d577e46e) Importer(2089858483,192608db42251d675da83286b1cce702)
Start importing Assets/PolygonSciFiSpace/Prefabs/Props/SM_Prop_HandScanner_01.prefab using Guid(c37ec2b7a5c4ed345b07d1a3d577e46e) Importer(2089858483,192608db42251d675da83286b1cce702) (ScriptedImporter) -> (artifact id: '18b5eed430cb0572c9283e13a2d47ea7') in 0.0294369 seconds
Number of updated asset objects reloaded before import = 0Number of asset objects unloaded after import = 10

========================================================================
Received Import Request.
  Time since last request: 0.000047 seconds.
  path: Assets/FishNet/Demos/Prefabs/NetworkHudCanvas.prefab
  artifactKey: Guid(0570b6f7f713dc44a90463654bbcd8d0) Importer(2089858483,192608db42251d675da83286b1cce702)
Start importing Assets/FishNet/Demos/Prefabs/NetworkHudCanvas.prefab using Guid(0570b6f7f713dc44a90463654bbcd8d0) Importer(2089858483,192608db42251d675da83286b1cce702) (ScriptedImporter) -> (artifact id: '07f2b0077dcfb3a57fee52da3cd94b4e') in 0.1119364 seconds
Number of updated asset objects reloaded before import = 0Number of asset objects unloaded after import = 34

========================================================================
Received Import Request.
  Time since last request: 0.000051 seconds.
  path: Assets/PolygonSciFiSpace/Prefabs/Props/SM_Prop_FoodTray_02.prefab
  artifactKey: Guid(f6a0690a1a2cf5c4991db22c1eb6a071) Importer(2089858483,192608db42251d675da83286b1cce702)
Start importing Assets/PolygonSciFiSpace/Prefabs/Props/SM_Prop_FoodTray_02.prefab using Guid(f6a0690a1a2cf5c4991db22c1eb6a071) Importer(2089858483,192608db42251d675da83286b1cce702) (ScriptedImporter) -> (artifact id: 'f6b31529595b11bba9c5e745032f21f3') in 0.0301368 seconds
Number of updated asset objects reloaded before import = 0Number of asset objects unloaded after import = 10

========================================================================
Received Import Request.
  Time since last request: 0.000028 seconds.
  path: Assets/FishNet/Runtime/Serializing/SubStream/SubStream.cs
  artifactKey: Guid(384099d97a6ecd148a73ef36bed6461e) Importer(2089858483,192608db42251d675da83286b1cce702)
Start importing Assets/FishNet/Runtime/Serializing/SubStream/SubStream.cs using Guid(384099d97a6ecd148a73ef36bed6461e) Importer(2089858483,192608db42251d675da83286b1cce702) (ScriptedImporter) -> (artifact id: 'ea4799f204da164635ab08d52f05a8ef') in 0.0074618 seconds
Number of updated asset objects reloaded before import = 0Number of asset objects unloaded after import = 0

========================================================================
Received Import Request.
  Time since last request: 0.000027 seconds.
  path: Assets/FishNet/Runtime/Utility/Extension/Networks.cs
  artifactKey: Guid(cbd3adaae5d34a14ab9cf68726b3bd3e) Importer(2089858483,192608db42251d675da83286b1cce702)
Start importing Assets/FishNet/Runtime/Utility/Extension/Networks.cs using Guid(cbd3adaae5d34a14ab9cf68726b3bd3e) Importer(2089858483,192608db42251d675da83286b1cce702) (ScriptedImporter) -> (artifact id: 'acf9dc590696b85ca62d1e6dd67f6a29') in 0.0077564 seconds
Number of updated asset objects reloaded before import = 0Number of asset objects unloaded after import = 0

========================================================================
Received Import Request.
  Time since last request: 0.000033 seconds.
  path: Assets/Online_FPS_TPS_KIT/Scripts/EventsSystem/Editor/AnimatorFloatCurvesView.cs
  artifactKey: Guid(aaa105566b43b4946907270c3e7940a4) Importer(2089858483,192608db42251d675da83286b1cce702)
Start importing Assets/Online_FPS_TPS_KIT/Scripts/EventsSystem/Editor/AnimatorFloatCurvesView.cs using Guid(aaa105566b43b4946907270c3e7940a4) Importer(2089858483,192608db42251d675da83286b1cce702) (ScriptedImporter) -> (artifact id: '15908ba03743fc76674a147aa9e1e084') in 0.0081453 seconds
Number of updated asset objects reloaded before import = 0Number of asset objects unloaded after import = 0

========================================================================
Received Import Request.
  Time since last request: 0.000051 seconds.
  path: Assets/Online_FPS_TPS_KIT/Models/Weapons/Materials/weponBody.mat
  artifactKey: Guid(d18c29957eddc32489fc4bc7c10cdacc) Importer(2089858483,192608db42251d675da83286b1cce702)
Start importing Assets/Online_FPS_TPS_KIT/Models/Weapons/Materials/weponBody.mat using Guid(d18c29957eddc32489fc4bc7c10cdacc) Importer(2089858483,192608db42251d675da83286b1cce702) (ScriptedImporter) -> (artifact id: '635c03a00fd4bbaa2549fd1a76feda4b') in 0.0108874 seconds
Number of updated asset objects reloaded before import = 0Number of asset objects unloaded after import = 1

========================================================================
Received Import Request.
  Time since last request: 0.000030 seconds.
  path: Assets/FishNet/Runtime/Managing/Timing/TickRounding.cs
  artifactKey: Guid(d12f8894fc7343b4bbe332464dc4bce5) Importer(2089858483,192608db42251d675da83286b1cce702)
Start importing Assets/FishNet/Runtime/Managing/Timing/TickRounding.cs using Guid(d12f8894fc7343b4bbe332464dc4bce5) Importer(2089858483,192608db42251d675da83286b1cce702) (ScriptedImporter) -> (artifact id: 'f8b1365df6e6f4d5c3b7ca8ee06ff1ae') in 0.0081837 seconds
Number of updated asset objects reloaded before import = 0Number of asset objects unloaded after import = 0

========================================================================
Received Import Request.
  Time since last request: 0.000026 seconds.
  path: Assets/FishNet/Runtime/Object/Synchronizing/SyncTypeSetting.cs
  artifactKey: Guid(9ae08e01a0057a84b84ed5f228724839) Importer(2089858483,192608db42251d675da83286b1cce702)
Start importing Assets/FishNet/Runtime/Object/Synchronizing/SyncTypeSetting.cs using Guid(9ae08e01a0057a84b84ed5f228724839) Importer(2089858483,192608db42251d675da83286b1cce702) (ScriptedImporter) -> (artifact id: 'c1c3a9ac34746d2585d654bea5ef237c') in 0.0079419 seconds
Number of updated asset objects reloaded before import = 0Number of asset objects unloaded after import = 0

========================================================================
Received Import Request.
  Time since last request: 0.000036 seconds.
  path: Assets/FishNet/Runtime/Object/NetworkObject/NetworkObject.Serialized.cs
  artifactKey: Guid(2d0b7f2fb91aa9243819ba0c5f783dd5) Importer(2089858483,192608db42251d675da83286b1cce702)
Start importing Assets/FishNet/Runtime/Object/NetworkObject/NetworkObject.Serialized.cs using Guid(2d0b7f2fb91aa9243819ba0c5f783dd5) Importer(2089858483,192608db42251d675da83286b1cce702) (ScriptedImporter) -> (artifact id: '3fda6015a645595a198ef0cd00faa309') in 0.0074593 seconds
Number of updated asset objects reloaded before import = 0Number of asset objects unloaded after import = 0

========================================================================
Received Import Request.
  Time since last request: 0.000036 seconds.
  path: Assets/FishNet/Runtime/Object/NetworkBehaviour/NetworkBehaviour.cs
  artifactKey: Guid(d2230f9cdb1ffc9489b53875c963342d) Importer(2089858483,192608db42251d675da83286b1cce702)
Start importing Assets/FishNet/Runtime/Object/NetworkBehaviour/NetworkBehaviour.cs using Guid(d2230f9cdb1ffc9489b53875c963342d) Importer(2089858483,192608db42251d675da83286b1cce702) (ScriptedImporter) -> (artifact id: 'f6cafc32e177af94e61c77b33e1a64fd') in 0.0118448 seconds
Number of updated asset objects reloaded before import = 0Number of asset objects unloaded after import = 0

========================================================================
Received Import Request.
  Time since last request: 0.000051 seconds.
  path: Assets/FishNet/Runtime/Object/NetworkObject/NetworkObject.SyncTypes.cs
  artifactKey: Guid(aacec7a84fa0ebe45a6a385a33863782) Importer(2089858483,192608db42251d675da83286b1cce702)
Start importing Assets/FishNet/Runtime/Object/NetworkObject/NetworkObject.SyncTypes.cs using Guid(aacec7a84fa0ebe45a6a385a33863782) Importer(2089858483,192608db42251d675da83286b1cce702) (ScriptedImporter) -> (artifact id: '7a233b8ec2880f0212f8893dc53c4328') in 0.0077556 seconds
Number of updated asset objects reloaded before import = 0Number of asset objects unloaded after import = 0

========================================================================
Received Import Request.
  Time since last request: 0.000028 seconds.
  path: Assets/Online_FPS_TPS_KIT/Scripts/EventsSystem/Editor/EventMarkerModel.cs
  artifactKey: Guid(d4f529f6cdfe5ab468d95d985fd6afbc) Importer(2089858483,192608db42251d675da83286b1cce702)
Start importing Assets/Online_FPS_TPS_KIT/Scripts/EventsSystem/Editor/EventMarkerModel.cs using Guid(d4f529f6cdfe5ab468d95d985fd6afbc) Importer(2089858483,192608db42251d675da83286b1cce702) (ScriptedImporter) -> (artifact id: '97516a9281c18cacc7cc51b91ca1a54b') in 0.007815 seconds
Number of updated asset objects reloaded before import = 0Number of asset objects unloaded after import = 0

========================================================================
Received Import Request.
  Time since last request: 0.000024 seconds.
  path: Assets/Online_FPS_TPS_KIT/Scripts/EventsSystem/Interfaces/IEventsLists.cs
  artifactKey: Guid(50a72d0099d5b60408e13c1be2dfceec) Importer(2089858483,192608db42251d675da83286b1cce702)
Start importing Assets/Online_FPS_TPS_KIT/Scripts/EventsSystem/Interfaces/IEventsLists.cs using Guid(50a72d0099d5b60408e13c1be2dfceec) Importer(2089858483,192608db42251d675da83286b1cce702) (ScriptedImporter) -> (artifact id: 'ff413577eaf379b9692cdbdbce604ce5') in 0.006922 seconds
Number of updated asset objects reloaded before import = 0Number of asset objects unloaded after import = 0

========================================================================
Received Import Request.
  Time since last request: 0.000034 seconds.
  path: Assets/FishNet/Runtime/Object/Prediction/MoveRates.cs
  artifactKey: Guid(1bddf57861232884ca21f7e97a6d662d) Importer(2089858483,192608db42251d675da83286b1cce702)
Start importing Assets/FishNet/Runtime/Object/Prediction/MoveRates.cs using Guid(1bddf57861232884ca21f7e97a6d662d) Importer(2089858483,192608db42251d675da83286b1cce702) (ScriptedImporter) -> (artifact id: 'ed1ce51700b5627119d6d31aec072ab6') in 0.0081489 seconds
Number of updated asset objects reloaded before import = 0Number of asset objects unloaded after import = 0

========================================================================
Received Import Request.
  Time since last request: 0.000032 seconds.
  path: Assets/FishNet/Runtime/Utility/Performance/ByteArrayPool.cs
  artifactKey: Guid(c7620a5e6fedc18408f8f04821b35bbd) Importer(2089858483,192608db42251d675da83286b1cce702)
Start importing Assets/FishNet/Runtime/Utility/Performance/ByteArrayPool.cs using Guid(c7620a5e6fedc18408f8f04821b35bbd) Importer(2089858483,192608db42251d675da83286b1cce702) (ScriptedImporter) -> (artifact id: 'd6c6cba65c8c10e04b9b808e7d11b7cc') in 0.0090187 seconds
Number of updated asset objects reloaded before import = 0Number of asset objects unloaded after import = 0

========================================================================
Received Import Request.
  Time since last request: 0.000048 seconds.
  path: Assets/FishNet/Runtime/Managing/Timing/TimeManager.cs
  artifactKey: Guid(3fdaae44044276a49a52229c1597e33b) Importer(2089858483,192608db42251d675da83286b1cce702)
Start importing Assets/FishNet/Runtime/Managing/Timing/TimeManager.cs using Guid(3fdaae44044276a49a52229c1597e33b) Importer(2089858483,192608db42251d675da83286b1cce702) (ScriptedImporter) -> (artifact id: 'b9e473a29b0ee9fc0008a98a9de909a7') in 0.0107769 seconds
Number of updated asset objects reloaded before import = 0Number of asset objects unloaded after import = 1

========================================================================
Received Import Request.
  Time since last request: 0.000026 seconds.
  path: Assets/FishNet/Runtime/Object/Synchronizing/SyncStopwatchOperation.cs
  artifactKey: Guid(3ef101e3b1527224ca96ef61c238adbb) Importer(2089858483,192608db42251d675da83286b1cce702)
Start importing Assets/FishNet/Runtime/Object/Synchronizing/SyncStopwatchOperation.cs using Guid(3ef101e3b1527224ca96ef61c238adbb) Importer(2089858483,192608db42251d675da83286b1cce702) (ScriptedImporter) -> (artifact id: '64501bcf962d2de914ec1621d29fb7ec') in 0.0074666 seconds
Number of updated asset objects reloaded before import = 0Number of asset objects unloaded after import = 0

========================================================================
Received Import Request.
  Time since last request: 0.000034 seconds.
  path: Assets/FishNet/Runtime/Object/Synchronizing/SyncDictionaryOperation.cs
  artifactKey: Guid(d5d6ed9db47a8224fa9ed4d2ff54586f) Importer(2089858483,192608db42251d675da83286b1cce702)
Start importing Assets/FishNet/Runtime/Object/Synchronizing/SyncDictionaryOperation.cs using Guid(d5d6ed9db47a8224fa9ed4d2ff54586f) Importer(2089858483,192608db42251d675da83286b1cce702) (ScriptedImporter) -> (artifact id: '3e7b7ef595848193d340444dfc0aed98') in 0.0100553 seconds
Number of updated asset objects reloaded before import = 0Number of asset objects unloaded after import = 0

========================================================================
Received Import Request.
  Time since last request: 0.000039 seconds.
  path: Assets/Online_FPS_TPS_KIT/Scripts/Player/move/JumpState.cs
  artifactKey: Guid(e83497bc0ff208b4b8420478f337fd1c) Importer(2089858483,192608db42251d675da83286b1cce702)
Start importing Assets/Online_FPS_TPS_KIT/Scripts/Player/move/JumpState.cs using Guid(e83497bc0ff208b4b8420478f337fd1c) Importer(2089858483,192608db42251d675da83286b1cce702) (ScriptedImporter) -> (artifact id: 'b239e230eeb8d503ab3dcd76c5377a5f') in 0.0077319 seconds
Number of updated asset objects reloaded before import = 0Number of asset objects unloaded after import = 0

========================================================================
Received Import Request.
  Time since last request: 0.000051 seconds.
  path: Assets/FishNet/Runtime/Managing/Scened/SceneSpawner.cs
  artifactKey: Guid(405b031a6ef64b346ae8c5ccbf07d8e1) Importer(2089858483,192608db42251d675da83286b1cce702)
Start importing Assets/FishNet/Runtime/Managing/Scened/SceneSpawner.cs using Guid(405b031a6ef64b346ae8c5ccbf07d8e1) Importer(2089858483,192608db42251d675da83286b1cce702) (ScriptedImporter) -> (artifact id: '21a65e8956efa85acc3618bebe3182ff') in 0.009307 seconds
Number of updated asset objects reloaded before import = 0Number of asset objects unloaded after import = 0

========================================================================
Received Import Request.
  Time since last request: 0.000028 seconds.
  path: Assets/FishNet/Runtime/Object/Synchronizing/SyncHashset.cs
  artifactKey: Guid(b8627bf3171f6274790bc7e60e471260) Importer(2089858483,192608db42251d675da83286b1cce702)
Start importing Assets/FishNet/Runtime/Object/Synchronizing/SyncHashset.cs using Guid(b8627bf3171f6274790bc7e60e471260) Importer(2089858483,192608db42251d675da83286b1cce702) (ScriptedImporter) -> (artifact id: 'b2988ebc86fe888f48356a86e11688b8') in 0.0088562 seconds
Number of updated asset objects reloaded before import = 0Number of asset objects unloaded after import = 0

========================================================================
Received Import Request.
  Time since last request: 0.000031 seconds.
  path: Assets/FishNet/Runtime/Utility/Performance/ObjectPoolRetrieveOption.cs
  artifactKey: Guid(30dbc4b626ddb7844aac0189cc4c7487) Importer(2089858483,192608db42251d675da83286b1cce702)
Start importing Assets/FishNet/Runtime/Utility/Performance/ObjectPoolRetrieveOption.cs using Guid(30dbc4b626ddb7844aac0189cc4c7487) Importer(2089858483,192608db42251d675da83286b1cce702) (ScriptedImporter) -> (artifact id: 'd6ae40f7055d97a85ea4e42191984342') in 0.0137471 seconds
Number of updated asset objects reloaded before import = 0Number of asset objects unloaded after import = 0

========================================================================
Received Import Request.
  Time since last request: 0.000037 seconds.
  path: Assets/Online_FPS_TPS_KIT/Scripts/Player/BodyScripts/BodyTurnHandler.cs
  artifactKey: Guid(637587628cbc51d4e8d9f280f09c050c) Importer(2089858483,192608db42251d675da83286b1cce702)
Start importing Assets/Online_FPS_TPS_KIT/Scripts/Player/BodyScripts/BodyTurnHandler.cs using Guid(637587628cbc51d4e8d9f280f09c050c) Importer(2089858483,192608db42251d675da83286b1cce702) (ScriptedImporter) -> (artifact id: 'da150fa35185b205e49ec4b10e18ca8d') in 0.0093927 seconds
Number of updated asset objects reloaded before import = 0Number of asset objects unloaded after import = 0

========================================================================
Received Import Request.
  Time since last request: 0.000059 seconds.
  path: Assets/FishNet/Runtime/Object/NetworkObject/NetworkObject.RpcLinks.cs
  artifactKey: Guid(8b2f6927cf3ef254d91b89e5f99a92b9) Importer(2089858483,192608db42251d675da83286b1cce702)
Start importing Assets/FishNet/Runtime/Object/NetworkObject/NetworkObject.RpcLinks.cs using Guid(8b2f6927cf3ef254d91b89e5f99a92b9) Importer(2089858483,192608db42251d675da83286b1cce702) (ScriptedImporter) -> (artifact id: 'a818d265c218ead312885e0cf2dfa3db') in 0.0121353 seconds
Number of updated asset objects reloaded before import = 0Number of asset objects unloaded after import = 0

========================================================================
Received Import Request.
  Time since last request: 0.000030 seconds.
  path: Assets/FishNet/Runtime/Object/Synchronizing/SyncVar.cs
  artifactKey: Guid(d8d8d88365cea6445bd5268ac9ed2a86) Importer(2089858483,192608db42251d675da83286b1cce702)
Start importing Assets/FishNet/Runtime/Object/Synchronizing/SyncVar.cs using Guid(d8d8d88365cea6445bd5268ac9ed2a86) Importer(2089858483,192608db42251d675da83286b1cce702) (ScriptedImporter) -> (artifact id: 'c400c52d6ee33f8795bfb912139a26cc') in 0.0076173 seconds
Number of updated asset objects reloaded before import = 0Number of asset objects unloaded after import = 0

========================================================================
Received Import Request.
  Time since last request: 0.000026 seconds.
  path: Assets/Online_FPS_TPS_KIT/Scripts/EventsSystem/Editor/AnimatorParametersWindow.cs
  artifactKey: Guid(fd1fe1026b66d2e4991883d8641bd259) Importer(2089858483,192608db42251d675da83286b1cce702)
Start importing Assets/Online_FPS_TPS_KIT/Scripts/EventsSystem/Editor/AnimatorParametersWindow.cs using Guid(fd1fe1026b66d2e4991883d8641bd259) Importer(2089858483,192608db42251d675da83286b1cce702) (ScriptedImporter) -> (artifact id: 'e9384df3f6401fe98b0cc4cfaad3d262') in 0.0120768 seconds
Number of updated asset objects reloaded before import = 0Number of asset objects unloaded after import = 0

========================================================================
Received Import Request.
  Time since last request: 0.000037 seconds.
  path: Assets/FishNet/Runtime/Object/NetworkObject/NetworkObject.Broadcast.cs
  artifactKey: Guid(55d793117b52da549affcc9ec30b05c0) Importer(2089858483,192608db42251d675da83286b1cce702)
Start importing Assets/FishNet/Runtime/Object/NetworkObject/NetworkObject.Broadcast.cs using Guid(55d793117b52da549affcc9ec30b05c0) Importer(2089858483,192608db42251d675da83286b1cce702) (ScriptedImporter) -> (artifact id: '5f80232bdb3621971036fc542300f4be') in 0.0075129 seconds
Number of updated asset objects reloaded before import = 0Number of asset objects unloaded after import = 0

========================================================================
Received Import Request.
  Time since last request: 0.000053 seconds.
  path: Assets/Online_FPS_TPS_KIT/Scripts/v3.2/RIG/RigExtensionUpdateMethod.cs
  artifactKey: Guid(f5195a8f299f1454ba1f20c073404768) Importer(2089858483,192608db42251d675da83286b1cce702)
Start importing Assets/Online_FPS_TPS_KIT/Scripts/v3.2/RIG/RigExtensionUpdateMethod.cs using Guid(f5195a8f299f1454ba1f20c073404768) Importer(2089858483,192608db42251d675da83286b1cce702) (ScriptedImporter) -> (artifact id: '0d740fd415b595890d87c56240619dd0') in 0.0108286 seconds
Number of updated asset objects reloaded before import = 0Number of asset objects unloaded after import = 0

========================================================================
Received Import Request.
  Time since last request: 0.000026 seconds.
  path: Assets/FishNet/Runtime/Serializing/Helping/Broadcasts.cs
  artifactKey: Guid(0636e29429649a24795091f80edbd892) Importer(2089858483,192608db42251d675da83286b1cce702)
Start importing Assets/FishNet/Runtime/Serializing/Helping/Broadcasts.cs using Guid(0636e29429649a24795091f80edbd892) Importer(2089858483,192608db42251d675da83286b1cce702) (ScriptedImporter) -> (artifact id: 'e81b98ce883fa1d9edc67b94175394d6') in 0.0086167 seconds
Number of updated asset objects reloaded before import = 0Number of asset objects unloaded after import = 0

========================================================================
Received Import Request.
  Time since last request: 0.000027 seconds.
  path: Assets/FishNet/Runtime/Object/NetworkBehaviour/SyncTypeWriteType.cs
  artifactKey: Guid(e6406cc7d5fe47c44a26298145f54b00) Importer(2089858483,192608db42251d675da83286b1cce702)
Start importing Assets/FishNet/Runtime/Object/NetworkBehaviour/SyncTypeWriteType.cs using Guid(e6406cc7d5fe47c44a26298145f54b00) Importer(2089858483,192608db42251d675da83286b1cce702) (ScriptedImporter) -> (artifact id: '29f6be53a5cdec4bbe8a908904308754') in 0.0083618 seconds
Number of updated asset objects reloaded before import = 0Number of asset objects unloaded after import = 0

========================================================================
Received Import Request.
  Time since last request: 0.000031 seconds.
  path: Assets/FishNet/Runtime/Object/Synchronizing/SyncStopwatch.cs
  artifactKey: Guid(1aa50198b4dd1bc45a6b7ef0461c5809) Importer(2089858483,192608db42251d675da83286b1cce702)
Start importing Assets/FishNet/Runtime/Object/Synchronizing/SyncStopwatch.cs using Guid(1aa50198b4dd1bc45a6b7ef0461c5809) Importer(2089858483,192608db42251d675da83286b1cce702) (ScriptedImporter) -> (artifact id: '64e9f5d7013ecedeb5f932b85638385e') in 0.0100982 seconds
Number of updated asset objects reloaded before import = 0Number of asset objects unloaded after import = 0

========================================================================
Received Import Request.
  Time since last request: 0.000085 seconds.
  path: Assets/FishNet/Runtime/Object/NetworkBehaviour/RpcLinkType.cs
  artifactKey: Guid(4fa68ca6a21d08f42980dcf68f984d53) Importer(2089858483,192608db42251d675da83286b1cce702)
Start importing Assets/FishNet/Runtime/Object/NetworkBehaviour/RpcLinkType.cs using Guid(4fa68ca6a21d08f42980dcf68f984d53) Importer(2089858483,192608db42251d675da83286b1cce702) (ScriptedImporter) -> (artifact id: '45a76e925a1cac86337c224079884656') in 0.0073953 seconds
Number of updated asset objects reloaded before import = 0Number of asset objects unloaded after import = 0

========================================================================
Received Import Request.
  Time since last request: 0.000031 seconds.
  path: Assets/Online_FPS_TPS_KIT/Scripts/v3.2/RIG/RigList.cs
  artifactKey: Guid(fe8f6128849d5c84ba327036ae70bc10) Importer(2089858483,192608db42251d675da83286b1cce702)
Start importing Assets/Online_FPS_TPS_KIT/Scripts/v3.2/RIG/RigList.cs using Guid(fe8f6128849d5c84ba327036ae70bc10) Importer(2089858483,192608db42251d675da83286b1cce702) (ScriptedImporter) -> (artifact id: '2f1ece28168f8ffe0accd960083341e5') in 0.0139142 seconds
Number of updated asset objects reloaded before import = 0Number of asset objects unloaded after import = 0

========================================================================
Received Import Request.
  Time since last request: 0.000036 seconds.
  path: Assets/FishNet/Runtime/Managing/Server/ServerManager.cs
  artifactKey: Guid(68828c85278210948b9d50a8db3aab74) Importer(2089858483,192608db42251d675da83286b1cce702)
Start importing Assets/FishNet/Runtime/Managing/Server/ServerManager.cs using Guid(68828c85278210948b9d50a8db3aab74) Importer(2089858483,192608db42251d675da83286b1cce702) (ScriptedImporter) -> (artifact id: '1f434c3bfc130682e614496469413411') in 0.0154297 seconds
Number of updated asset objects reloaded before import = 0Number of asset objects unloaded after import = 1

========================================================================
Received Import Request.
  Time since last request: 0.000270 seconds.
  path: Assets/FishNet/Runtime/Serializing/Helping/QuaternionAutoPack.cs
  artifactKey: Guid(ae3125324bcaa3347ab27b1ebcd1270e) Importer(2089858483,192608db42251d675da83286b1cce702)
Start importing Assets/FishNet/Runtime/Serializing/Helping/QuaternionAutoPack.cs using Guid(ae3125324bcaa3347ab27b1ebcd1270e) Importer(2089858483,192608db42251d675da83286b1cce702) (ScriptedImporter) -> (artifact id: 'de0c6b0762732e7c0d5353812db8852e') in 0.009817 seconds
Number of updated asset objects reloaded before import = 0Number of asset objects unloaded after import = 0

========================================================================
Received Import Request.
  Time since last request: 0.000079 seconds.
  path: Assets/FishNet/Runtime/Utility/Performance/DefaultObjectPool.cs
  artifactKey: Guid(cb13d174096685549b1d6a94d726ff7d) Importer(2089858483,192608db42251d675da83286b1cce702)
Start importing Assets/FishNet/Runtime/Utility/Performance/DefaultObjectPool.cs using Guid(cb13d174096685549b1d6a94d726ff7d) Importer(2089858483,192608db42251d675da83286b1cce702) (ScriptedImporter) -> (artifact id: '06e9e9727ef6f6af6fa6056e7e25f9f5') in 0.0117941 seconds
Number of updated asset objects reloaded before import = 0Number of asset objects unloaded after import = 0

========================================================================
Received Import Request.
  Time since last request: 0.000041 seconds.
  path: Assets/FishNet/Runtime/Managing/Statistic/Types.cs
  artifactKey: Guid(359124f57d1c41a4090c0bdefac453a8) Importer(2089858483,192608db42251d675da83286b1cce702)
Start importing Assets/FishNet/Runtime/Managing/Statistic/Types.cs using Guid(359124f57d1c41a4090c0bdefac453a8) Importer(2089858483,192608db42251d675da83286b1cce702) (ScriptedImporter) -> (artifact id: 'f5da5e70e699e8982ef1ec1276c2e014') in 0.0061216 seconds
Number of updated asset objects reloaded before import = 0Number of asset objects unloaded after import = 0

========================================================================
Received Import Request.
  Time since last request: 0.000032 seconds.
  path: Assets/FishNet/Runtime/Object/Prediction/Attributes.cs
  artifactKey: Guid(b082d36535ce0404d8438bc1b0499e53) Importer(2089858483,192608db42251d675da83286b1cce702)
Start importing Assets/FishNet/Runtime/Object/Prediction/Attributes.cs using Guid(b082d36535ce0404d8438bc1b0499e53) Importer(2089858483,192608db42251d675da83286b1cce702) (ScriptedImporter) -> (artifact id: '3df545e961de9d7561f665371e656801') in 0.0076069 seconds
Number of updated asset objects reloaded before import = 0Number of asset objects unloaded after import = 0

========================================================================
Received Import Request.
  Time since last request: 0.000028 seconds.
  path: Assets/FishNet/Runtime/Serializing/SubStream/Writer.SubStream.cs
  artifactKey: Guid(f86fddaee91a2f246b421c95475e700f) Importer(2089858483,192608db42251d675da83286b1cce702)
Start importing Assets/FishNet/Runtime/Serializing/SubStream/Writer.SubStream.cs using Guid(f86fddaee91a2f246b421c95475e700f) Importer(2089858483,192608db42251d675da83286b1cce702) (ScriptedImporter) -> (artifact id: '4822a03131f9880353d2c1171d0189fb') in 0.0075139 seconds
Number of updated asset objects reloaded before import = 0Number of asset objects unloaded after import = 0

========================================================================
Received Import Request.
  Time since last request: 0.000034 seconds.
  path: Assets/FishNet/Runtime/Object/Synchronizing/ICustomSync.cs
  artifactKey: Guid(2024b0be0cd1cc744a442f3e2e6ba483) Importer(2089858483,192608db42251d675da83286b1cce702)
Start importing Assets/FishNet/Runtime/Object/Synchronizing/ICustomSync.cs using Guid(2024b0be0cd1cc744a442f3e2e6ba483) Importer(2089858483,192608db42251d675da83286b1cce702) (ScriptedImporter) -> (artifact id: 'a512607340bd23c2d80da37091957058') in 0.0107241 seconds
Number of updated asset objects reloaded before import = 0Number of asset objects unloaded after import = 0

========================================================================
Received Import Request.
  Time since last request: 0.000080 seconds.
  path: Assets/FishNet/Runtime/Serializing/UnityMathmatics/Serializers.UnityMathmaticsUInt.cs
  artifactKey: Guid(5640c6f5fc37ed3419f18024866c816c) Importer(2089858483,192608db42251d675da83286b1cce702)
Start importing Assets/FishNet/Runtime/Serializing/UnityMathmatics/Serializers.UnityMathmaticsUInt.cs using Guid(5640c6f5fc37ed3419f18024866c816c) Importer(2089858483,192608db42251d675da83286b1cce702) (ScriptedImporter) -> (artifact id: '3cb9b93befbc6aa359b50617a479b82c') in 0.011222 seconds
Number of updated asset objects reloaded before import = 0Number of asset objects unloaded after import = 0

========================================================================
Received Import Request.
  Time since last request: 0.000037 seconds.
  path: Assets/Polygon Arsenal/Demo/Demo Prefabs/Scene/DemoTorchPurpleFX.prefab
  artifactKey: Guid(0ece7f0300970624e997cfdc1947e01c) Importer(2089858483,192608db42251d675da83286b1cce702)
Start importing Assets/Polygon Arsenal/Demo/Demo Prefabs/Scene/DemoTorchPurpleFX.prefab using Guid(0ece7f0300970624e997cfdc1947e01c) Importer(2089858483,192608db42251d675da83286b1cce702) (ScriptedImporter) -> (artifact id: '01778695a50b65515d4f046f7e9c40d9') in 0.1003114 seconds
Number of updated asset objects reloaded before import = 0Number of asset objects unloaded after import = 8

========================================================================
Received Import Request.
  Time since last request: 0.000038 seconds.
  path: Assets/Polygon Arsenal/Demo/Materials/SurfaceTypes/PA_leaves.mat
  artifactKey: Guid(7261cac687770014793da93f59756417) Importer(2089858483,192608db42251d675da83286b1cce702)
Start importing Assets/Polygon Arsenal/Demo/Materials/SurfaceTypes/PA_leaves.mat using Guid(7261cac687770014793da93f59756417) Importer(2089858483,192608db42251d675da83286b1cce702) (ScriptedImporter) -> (artifact id: 'ef7c7a6a5bd3b46716852882406e9b1d') in 0.0301399 seconds
Number of updated asset objects reloaded before import = 0Number of asset objects unloaded after import = 3

========================================================================
Received Import Request.
  Time since last request: 0.000061 seconds.
  path: Assets/Polygon Arsenal/Demo/Missile Prefabs/Arrow/ArrowMissilePinkOBJ.prefab
  artifactKey: Guid(d1898935fdb15214e8c38b9df21d5c29) Importer(2089858483,192608db42251d675da83286b1cce702)
Start importing Assets/Polygon Arsenal/Demo/Missile Prefabs/Arrow/ArrowMissilePinkOBJ.prefab using Guid(d1898935fdb15214e8c38b9df21d5c29) Importer(2089858483,192608db42251d675da83286b1cce702) (ScriptedImporter) -> (artifact id: '3d22fee784f9ddd1dd567b8ad9b3f4ff') in 0.0708117 seconds
Number of updated asset objects reloaded before import = 0Number of asset objects unloaded after import = 57

========================================================================
Received Import Request.
  Time since last request: 0.000028 seconds.
  path: Assets/Polygon Arsenal/Demo/Missile Prefabs/Laser/LaserYellowOBJ.prefab
  artifactKey: Guid(abc1358e532ea8049bb9105f0501cc79) Importer(2089858483,192608db42251d675da83286b1cce702)
Start importing Assets/Polygon Arsenal/Demo/Missile Prefabs/Laser/LaserYellowOBJ.prefab using Guid(abc1358e532ea8049bb9105f0501cc79) Importer(2089858483,192608db42251d675da83286b1cce702) (ScriptedImporter) -> (artifact id: 'b0c4fd924f0a527d206ca23b08ac6e21') in 0.0551205 seconds
Number of updated asset objects reloaded before import = 0Number of asset objects unloaded after import = 69

========================================================================
Received Import Request.
  Time since last request: 0.000049 seconds.
  path: Assets/Polygon Arsenal/Demo/Missile Prefabs/Ice/IceMissileOBJ.prefab
  artifactKey: Guid(d5f333937c6be32478a8513380817b09) Importer(2089858483,192608db42251d675da83286b1cce702)
Start importing Assets/Polygon Arsenal/Demo/Missile Prefabs/Ice/IceMissileOBJ.prefab using Guid(d5f333937c6be32478a8513380817b09) Importer(2089858483,192608db42251d675da83286b1cce702) (ScriptedImporter) -> (artifact id: 'ab635d4428b33b7cc8609cff82dd1158') in 0.0582895 seconds
Number of updated asset objects reloaded before import = 0Number of asset objects unloaded after import = 74

========================================================================
Received Import Request.
  Time since last request: 0.000054 seconds.
  path: Assets/Polygon Arsenal/Demo/Missile Prefabs/Lightning/LightningMissileBlueOBJ.prefab
  artifactKey: Guid(ef8470854f1731a45b75ef00233eab2e) Importer(2089858483,192608db42251d675da83286b1cce702)
Start importing Assets/Polygon Arsenal/Demo/Missile Prefabs/Lightning/LightningMissileBlueOBJ.prefab using Guid(ef8470854f1731a45b75ef00233eab2e) Importer(2089858483,192608db42251d675da83286b1cce702) (ScriptedImporter) -> (artifact id: '845ee4d653a4a653dccc0c82fdab40ac') in 0.0527642 seconds
Number of updated asset objects reloaded before import = 0Number of asset objects unloaded after import = 61

========================================================================
Received Import Request.
  Time since last request: 0.000029 seconds.
  path: Assets/Polygon Arsenal/Demo/Missile Prefabs/Nuke/NukeYellowOBJ.prefab
  artifactKey: Guid(c5d44fdb7a095674d87c41f9b8c90181) Importer(2089858483,192608db42251d675da83286b1cce702)
Start importing Assets/Polygon Arsenal/Demo/Missile Prefabs/Nuke/NukeYellowOBJ.prefab using Guid(c5d44fdb7a095674d87c41f9b8c90181) Importer(2089858483,192608db42251d675da83286b1cce702) (ScriptedImporter) -> (artifact id: 'b04898db7a386f7c20a405e80c7cdcf6') in 0.060067 seconds
Number of updated asset objects reloaded before import = 0Number of asset objects unloaded after import = 83

========================================================================
Received Import Request.
  Time since last request: 0.000035 seconds.
  path: Assets/Polygon Arsenal/Demo/Missile Prefabs/Ice/IceBigMissileOBJ.prefab
  artifactKey: Guid(1e543daceb360d545a30a065c2aedcb4) Importer(2089858483,192608db42251d675da83286b1cce702)
Start importing Assets/Polygon Arsenal/Demo/Missile Prefabs/Ice/IceBigMissileOBJ.prefab using Guid(1e543daceb360d545a30a065c2aedcb4) Importer(2089858483,192608db42251d675da83286b1cce702) (ScriptedImporter) -> (artifact id: '78ff27013443f09335dea3c774c847b7') in 0.0507685 seconds
Number of updated asset objects reloaded before import = 0Number of asset objects unloaded after import = 71

========================================================================
Received Import Request.
  Time since last request: 0.000058 seconds.
  path: Assets/Polygon Arsenal/Demo/Missile Prefabs/Rocket/RocketPurpleOBJ.prefab
  artifactKey: Guid(b642375c491dc3c42ad7356d912b7acb) Importer(2089858483,192608db42251d675da83286b1cce702)
Start importing Assets/Polygon Arsenal/Demo/Missile Prefabs/Rocket/RocketPurpleOBJ.prefab using Guid(b642375c491dc3c42ad7356d912b7acb) Importer(2089858483,192608db42251d675da83286b1cce702) (ScriptedImporter) -> (artifact id: '2daf50ded95facd7b90a56535f2c7884') in 0.0514883 seconds
Number of updated asset objects reloaded before import = 0Number of asset objects unloaded after import = 83

========================================================================
Received Import Request.
  Time since last request: 0.000031 seconds.
  path: Assets/Polygon Arsenal/Demo/Demo Prefabs/Cameras/CameraFrontRig.prefab
  artifactKey: Guid(e7c5b2fa6e98e10409c85358be822511) Importer(2089858483,192608db42251d675da83286b1cce702)
Start importing Assets/Polygon Arsenal/Demo/Demo Prefabs/Cameras/CameraFrontRig.prefab using Guid(e7c5b2fa6e98e10409c85358be822511) Importer(2089858483,192608db42251d675da83286b1cce702) (ScriptedImporter) -> (artifact id: '7a69fbb977d5cceb9654d48440143859') in 0.0514683 seconds
Number of updated asset objects reloaded before import = 0Number of asset objects unloaded after import = 103

========================================================================
Received Import Request.
  Time since last request: 0.000044 seconds.
  path: Assets/Polygon Arsenal/Demo/Missile Prefabs/Crystal/AmethystMissileOBJ.prefab
  artifactKey: Guid(e9e4e50be8f2edf418552899ded891e9) Importer(2089858483,192608db42251d675da83286b1cce702)
Start importing Assets/Polygon Arsenal/Demo/Missile Prefabs/Crystal/AmethystMissileOBJ.prefab using Guid(e9e4e50be8f2edf418552899ded891e9) Importer(2089858483,192608db42251d675da83286b1cce702) (ScriptedImporter) -> (artifact id: '356ecff349bfc84fab025b78e53c0d2a') in 0.0536624 seconds
Number of updated asset objects reloaded before import = 0Number of asset objects unloaded after import = 69

========================================================================
Received Import Request.
  Time since last request: 0.000068 seconds.
  path: Assets/Polygon Arsenal/Demo/Missile Prefabs/Nature/NatureMissileOBJ.prefab
  artifactKey: Guid(5d2edac479b4d8148b011def19f71056) Importer(2089858483,192608db42251d675da83286b1cce702)
Start importing Assets/Polygon Arsenal/Demo/Missile Prefabs/Nature/NatureMissileOBJ.prefab using Guid(5d2edac479b4d8148b011def19f71056) Importer(2089858483,192608db42251d675da83286b1cce702) (ScriptedImporter) -> (artifact id: '78840ef2a0026fb652005452593cf482') in 0.0547003 seconds
Number of updated asset objects reloaded before import = 0Number of asset objects unloaded after import = 79

========================================================================
Received Import Request.
  Time since last request: 0.000037 seconds.
  path: Assets/Polygon Arsenal/Demo/Missile Prefabs/Antimatter/AntiMatterMissilePinkOBJ.prefab
  artifactKey: Guid(0c26f87d9e99f2e4cb0343b4aab2308c) Importer(2089858483,192608db42251d675da83286b1cce702)
Start importing Assets/Polygon Arsenal/Demo/Missile Prefabs/Antimatter/AntiMatterMissilePinkOBJ.prefab using Guid(0c26f87d9e99f2e4cb0343b4aab2308c) Importer(2089858483,192608db42251d675da83286b1cce702) (ScriptedImporter) -> (artifact id: 'dd883ee1d2425fd07590af0fc2c236bd') in 0.0728428 seconds
Number of updated asset objects reloaded before import = 0Number of asset objects unloaded after import = 85

========================================================================
Received Import Request.
  Time since last request: 0.000039 seconds.
  path: Assets/Polygon Arsenal/Demo/Missile Prefabs/Spike/SpikeRedOBJ.prefab
  artifactKey: Guid(7086abd791b0e034eb3341f5d5ca27f9) Importer(2089858483,192608db42251d675da83286b1cce702)
Start importing Assets/Polygon Arsenal/Demo/Missile Prefabs/Spike/SpikeRedOBJ.prefab using Guid(7086abd791b0e034eb3341f5d5ca27f9) Importer(2089858483,192608db42251d675da83286b1cce702) (ScriptedImporter) -> (artifact id: 'd73ba6b144041f3ffe82dcb9c20bfb22') in 0.0821889 seconds
Number of updated asset objects reloaded before import = 0Number of asset objects unloaded after import = 69

========================================================================
Received Import Request.
  Time since last request: 0.000063 seconds.
  path: Assets/Polygon Arsenal/Demo/Missile Prefabs/Lightning/LightningMissileGreenOBJ.prefab
  artifactKey: Guid(ec298497972f47143880b1342340b548) Importer(2089858483,192608db42251d675da83286b1cce702)
Start importing Assets/Polygon Arsenal/Demo/Missile Prefabs/Lightning/LightningMissileGreenOBJ.prefab using Guid(ec298497972f47143880b1342340b548) Importer(2089858483,192608db42251d675da83286b1cce702) (ScriptedImporter) -> (artifact id: '01f12c29a75b2475603b52804c98828e') in 0.0582857 seconds
Number of updated asset objects reloaded before import = 0Number of asset objects unloaded after import = 61

========================================================================
Received Import Request.
  Time since last request: 0.000037 seconds.
  path: Assets/Polygon Arsenal/Demo/Materials/SurfaceTypes/PA_metal.mat
  artifactKey: Guid(7d4505f35b8fd794e8d38d4db55706ba) Importer(2089858483,192608db42251d675da83286b1cce702)
Start importing Assets/Polygon Arsenal/Demo/Materials/SurfaceTypes/PA_metal.mat using Guid(7d4505f35b8fd794e8d38d4db55706ba) Importer(2089858483,192608db42251d675da83286b1cce702) (ScriptedImporter) -> (artifact id: 'ac0f01515921f5d593755729597dff50') in 0.0127098 seconds
Number of updated asset objects reloaded before import = 0Number of asset objects unloaded after import = 1

========================================================================
Received Import Request.
  Time since last request: 0.000042 seconds.
  path: Assets/Polygon Arsenal/Demo/Missile Prefabs/Liquid/OilMissileOBJ.prefab
  artifactKey: Guid(9159d9ff8fa80604e88baf395be49493) Importer(2089858483,192608db42251d675da83286b1cce702)
Start importing Assets/Polygon Arsenal/Demo/Missile Prefabs/Liquid/OilMissileOBJ.prefab using Guid(9159d9ff8fa80604e88baf395be49493) Importer(2089858483,192608db42251d675da83286b1cce702) (ScriptedImporter) -> (artifact id: 'd037f1e82f330cd0c0940ddb87237f14') in 0.0499437 seconds
Number of updated asset objects reloaded before import = 0Number of asset objects unloaded after import = 52

========================================================================
Received Import Request.
  Time since last request: 0.000062 seconds.
  path: Assets/Polygon Arsenal/Demo/Missile Prefabs/Arrow/ArrowMissileBlueOBJ.prefab
  artifactKey: Guid(9d01c415bf8891748a82f362e96d9664) Importer(2089858483,192608db42251d675da83286b1cce702)
Start importing Assets/Polygon Arsenal/Demo/Missile Prefabs/Arrow/ArrowMissileBlueOBJ.prefab using Guid(9d01c415bf8891748a82f362e96d9664) Importer(2089858483,192608db42251d675da83286b1cce702) (ScriptedImporter) -> (artifact id: '94a775908c7a9c11705ec69e6626dbf3') in 0.0425102 seconds
Number of updated asset objects reloaded before import = 0Number of asset objects unloaded after import = 57

========================================================================
Received Import Request.
  Time since last request: 0.000031 seconds.
  path: Assets/Polygon Arsenal/Demo/Missile Prefabs/Grenade/GrenadeGreenOBJ.prefab
  artifactKey: Guid(7333b05aea8d53d46bd9a9340d2977e1) Importer(2089858483,192608db42251d675da83286b1cce702)
Start importing Assets/Polygon Arsenal/Demo/Missile Prefabs/Grenade/GrenadeGreenOBJ.prefab using Guid(7333b05aea8d53d46bd9a9340d2977e1) Importer(2089858483,192608db42251d675da83286b1cce702) (ScriptedImporter) -> (artifact id: '5d3fa61b66fdc92a77ed38c453a20052') in 0.0547727 seconds
Number of updated asset objects reloaded before import = 0Number of asset objects unloaded after import = 74

========================================================================
Received Import Request.
  Time since last request: 0.000039 seconds.
  path: Assets/Polygon Arsenal/Demo/Missile Prefabs/Grenade Utility/SmokeGrenadeOBJ.prefab
  artifactKey: Guid(b023db9d8334cd749be1a39faac347a7) Importer(2089858483,192608db42251d675da83286b1cce702)
Start importing Assets/Polygon Arsenal/Demo/Missile Prefabs/Grenade Utility/SmokeGrenadeOBJ.prefab using Guid(b023db9d8334cd749be1a39faac347a7) Importer(2089858483,192608db42251d675da83286b1cce702) (ScriptedImporter) -> (artifact id: '016da1fd0e1174bcfc9f61a7346c91e4') in 0.0681134 seconds
Number of updated asset objects reloaded before import = 0Number of asset objects unloaded after import = 75

========================================================================
Received Import Request.
  Time since last request: 0.000050 seconds.
  path: Assets/Polygon Arsenal/Demo/Missile Prefabs/Nuke/NukeBlueOBJ.prefab
  artifactKey: Guid(c8a470498a6418b4fa38c6da32faa8b7) Importer(2089858483,192608db42251d675da83286b1cce702)
Start importing Assets/Polygon Arsenal/Demo/Missile Prefabs/Nuke/NukeBlueOBJ.prefab using Guid(c8a470498a6418b4fa38c6da32faa8b7) Importer(2089858483,192608db42251d675da83286b1cce702) (ScriptedImporter) -> (artifact id: '02e9abe88b30f0106980bfac28d76602') in 0.0451444 seconds
Number of updated asset objects reloaded before import = 0Number of asset objects unloaded after import = 83

========================================================================
Received Import Request.
  Time since last request: 0.000034 seconds.
  path: Assets/Polygon Arsenal/Demo/Missile Prefabs/Rocket/RocketGreenOBJ.prefab
  artifactKey: Guid(707616c93a9d78545b02b93fb1ce268e) Importer(2089858483,192608db42251d675da83286b1cce702)
Start importing Assets/Polygon Arsenal/Demo/Missile Prefabs/Rocket/RocketGreenOBJ.prefab using Guid(707616c93a9d78545b02b93fb1ce268e) Importer(2089858483,192608db42251d675da83286b1cce702) (ScriptedImporter) -> (artifact id: '5bee3579ca0514af5550f6a21342fb5e') in 0.0489125 seconds
Number of updated asset objects reloaded before import = 0Number of asset objects unloaded after import = 83

========================================================================
Received Import Request.
  Time since last request: 0.000039 seconds.
  path: Assets/Polygon Arsenal/Demo/Scenes/Interactive/PolyTreasure.unity
  artifactKey: Guid(8713013bb17d8a348a26c74b1cbafa9d) Importer(2089858483,192608db42251d675da83286b1cce702)
Start importing Assets/Polygon Arsenal/Demo/Scenes/Interactive/PolyTreasure.unity using Guid(8713013bb17d8a348a26c74b1cbafa9d) Importer(2089858483,192608db42251d675da83286b1cce702) (ScriptedImporter) -> (artifact id: 'ac51fae9dc125345dfb275381d420310') in 0.0209904 seconds
Number of updated asset objects reloaded before import = 0Number of asset objects unloaded after import = 1

========================================================================
Received Import Request.
  Time since last request: 0.000044 seconds.
  path: Assets/Polygon Arsenal/Demo/Scenes/Environment/PolyWeather.unity
  artifactKey: Guid(a7e6be92f94c98443b871b95b584be42) Importer(2089858483,192608db42251d675da83286b1cce702)
Start importing Assets/Polygon Arsenal/Demo/Scenes/Environment/PolyWeather.unity using Guid(a7e6be92f94c98443b871b95b584be42) Importer(2089858483,192608db42251d675da83286b1cce702) (ScriptedImporter) -> (artifact id: '0b4ee66e72def4cce2ec8f8f90bb0505') in 0.014386 seconds
Number of updated asset objects reloaded before import = 0Number of asset objects unloaded after import = 1

========================================================================
Received Import Request.
  Time since last request: 0.000029 seconds.
  path: Assets/Polygon Arsenal/Prefabs/Combat/Buff/BuffRed.prefab
  artifactKey: Guid(00f33c39964fa154b9b082dc73e7eca2) Importer(2089858483,192608db42251d675da83286b1cce702)
Start importing Assets/Polygon Arsenal/Prefabs/Combat/Buff/BuffRed.prefab using Guid(00f33c39964fa154b9b082dc73e7eca2) Importer(2089858483,192608db42251d675da83286b1cce702) (ScriptedImporter) -> (artifact id: '6ff74618424233701f2b4131fa6212dc') in 0.0974416 seconds
Number of updated asset objects reloaded before import = 0Number of asset objects unloaded after import = 20

========================================================================
Received Import Request.
  Time since last request: 0.000029 seconds.
  path: Assets/Polygon Arsenal/Prefabs/Combat/Buff/BuffBlue.prefab
  artifactKey: Guid(8320d22560bc7a74aa99e09a94027e26) Importer(2089858483,192608db42251d675da83286b1cce702)
Start importing Assets/Polygon Arsenal/Prefabs/Combat/Buff/BuffBlue.prefab using Guid(8320d22560bc7a74aa99e09a94027e26) Importer(2089858483,192608db42251d675da83286b1cce702) (ScriptedImporter) -> (artifact id: '212b1176898433681b0f746991ca134d') in 0.1031931 seconds
Number of updated asset objects reloaded before import = 0Number of asset objects unloaded after import = 20

========================================================================
Received Import Request.
  Time since last request: 0.000063 seconds.
  path: Assets/Polygon Arsenal/Materials/Misc/Grenades/GrenadeGreen.mat
  artifactKey: Guid(1f734f719a5753b468e8b9c8e6475a8a) Importer(2089858483,192608db42251d675da83286b1cce702)
Start importing Assets/Polygon Arsenal/Materials/Misc/Grenades/GrenadeGreen.mat using Guid(1f734f719a5753b468e8b9c8e6475a8a) Importer(2089858483,192608db42251d675da83286b1cce702) (ScriptedImporter) -> (artifact id: '15e0413784f0115568ce7b510d502316') in 0.0126993 seconds
Number of updated asset objects reloaded before import = 0Number of asset objects unloaded after import = 2

========================================================================
Received Import Request.
  Time since last request: 0.000030 seconds.
  path: Assets/Polygon Arsenal/Demo/Textures/SurfaceTypes/leaves.png
  artifactKey: Guid(694c390dbb1cc6740993f0591e4ac0b5) Importer(2089858483,192608db42251d675da83286b1cce702)
Start importing Assets/Polygon Arsenal/Demo/Textures/SurfaceTypes/leaves.png using Guid(694c390dbb1cc6740993f0591e4ac0b5) Importer(2089858483,192608db42251d675da83286b1cce702) (ScriptedImporter) -> (artifact id: '26b5498f0955bc4bd7aa6e585d2f367d') in 0.0355153 seconds
Number of updated asset objects reloaded before import = 0Number of asset objects unloaded after import = 1

========================================================================
Received Import Request.
  Time since last request: 0.000032 seconds.
  path: Assets/Polygon Arsenal/Demo/Textures/SurfaceTypes/leaves_n.png
  artifactKey: Guid(ee09d581e12da5c45a596241f43628dc) Importer(2089858483,192608db42251d675da83286b1cce702)
Start importing Assets/Polygon Arsenal/Demo/Textures/SurfaceTypes/leaves_n.png using Guid(ee09d581e12da5c45a596241f43628dc) Importer(2089858483,192608db42251d675da83286b1cce702) (ScriptedImporter) -> (artifact id: 'a8042e259422e17112827c38af6fc772') in 0.0399811 seconds
Number of updated asset objects reloaded before import = 0Number of asset objects unloaded after import = 1

========================================================================
Received Import Request.
  Time since last request: 0.000036 seconds.
  path: Assets/Polygon Arsenal/Demo/Scenes/Combat/PolySpikes.unity
  artifactKey: Guid(0d74c02a28f82754eb3f2270ff5a4c98) Importer(2089858483,192608db42251d675da83286b1cce702)
Start importing Assets/Polygon Arsenal/Demo/Scenes/Combat/PolySpikes.unity using Guid(0d74c02a28f82754eb3f2270ff5a4c98) Importer(2089858483,192608db42251d675da83286b1cce702) (ScriptedImporter) -> (artifact id: '650f32242794c629c38eedded9e003e4') in 0.0225858 seconds
Number of updated asset objects reloaded before import = 0Number of asset objects unloaded after import = 1

========================================================================
Received Import Request.
  Time since last request: 0.000062 seconds.
  path: Assets/Polygon Arsenal/Demo/Scenes/Combat/PolyNecromancy.unity
  artifactKey: Guid(652cdc9fa08911341b6b34bc9b8a3909) Importer(2089858483,192608db42251d675da83286b1cce702)
Start importing Assets/Polygon Arsenal/Demo/Scenes/Combat/PolyNecromancy.unity using Guid(652cdc9fa08911341b6b34bc9b8a3909) Importer(2089858483,192608db42251d675da83286b1cce702) (ScriptedImporter) -> (artifact id: '5b905e20e707156936d631fb7dd419d9') in 0.0146613 seconds
Number of updated asset objects reloaded before import = 0Number of asset objects unloaded after import = 1

========================================================================
Received Import Request.
  Time since last request: 0.000029 seconds.
  path: Assets/Polygon Arsenal/Demo/Scenes/Combat/PolyHitscan.unity
  artifactKey: Guid(e616902f5b4a1614baa55a5863249cc4) Importer(2089858483,192608db42251d675da83286b1cce702)
Start importing Assets/Polygon Arsenal/Demo/Scenes/Combat/PolyHitscan.unity using Guid(e616902f5b4a1614baa55a5863249cc4) Importer(2089858483,192608db42251d675da83286b1cce702) (ScriptedImporter) -> (artifact id: '0ba6662e89fa50abef939aa33b90c85b') in 0.0158752 seconds
Number of updated asset objects reloaded before import = 0Number of asset objects unloaded after import = 1

========================================================================
Received Import Request.
  Time since last request: 0.000027 seconds.
  path: Assets/Polygon Arsenal/Materials/Rimlight/Transparent/PolyIce.mat
  artifactKey: Guid(4e44f5d750bab88469804b6c248843cc) Importer(2089858483,192608db42251d675da83286b1cce702)
Start importing Assets/Polygon Arsenal/Materials/Rimlight/Transparent/PolyIce.mat using Guid(4e44f5d750bab88469804b6c248843cc) Importer(2089858483,192608db42251d675da83286b1cce702) (ScriptedImporter) -> (artifact id: '2271ecbed8a83a97678ea939c152de07') in 0.0114095 seconds
Number of updated asset objects reloaded before import = 0Number of asset objects unloaded after import = 1

========================================================================
Received Import Request.
  Time since last request: 0.000051 seconds.
  path: Assets/Polygon Arsenal/Materials/Misc/Grenades/GrenadePink.mat
  artifactKey: Guid(e6c3baf9d13c7374a94f2a3f53a3c3a9) Importer(2089858483,192608db42251d675da83286b1cce702)
Start importing Assets/Polygon Arsenal/Materials/Misc/Grenades/GrenadePink.mat using Guid(e6c3baf9d13c7374a94f2a3f53a3c3a9) Importer(2089858483,192608db42251d675da83286b1cce702) (ScriptedImporter) -> (artifact id: '308957bf1c3cfaf1b166ce2b7d9451cb') in 0.0126084 seconds
Number of updated asset objects reloaded before import = 0Number of asset objects unloaded after import = 2

========================================================================
Received Import Request.
  Time since last request: 0.000047 seconds.
  path: Assets/Polygon Arsenal/Demo/Scenes/Environment/PolyEnvironment.unity
  artifactKey: Guid(8b0bac695c4b3a84e9512ec34ab8fad7) Importer(2089858483,192608db42251d675da83286b1cce702)
Start importing Assets/Polygon Arsenal/Demo/Scenes/Environment/PolyEnvironment.unity using Guid(8b0bac695c4b3a84e9512ec34ab8fad7) Importer(2089858483,192608db42251d675da83286b1cce702) (ScriptedImporter) -> (artifact id: '8977e5b754c1bf65b60bd4056bc939fd') in 0.0133349 seconds
Number of updated asset objects reloaded before import = 0Number of asset objects unloaded after import = 1

========================================================================
Received Import Request.
  Time since last request: 0.000031 seconds.
  path: Assets/Polygon Arsenal/Materials/Rimlight/Solid/PolyIceSolid.mat
  artifactKey: Guid(3b16c1a4df23b3f418dd8e0bb1d0378c) Importer(2089858483,192608db42251d675da83286b1cce702)
Start importing Assets/Polygon Arsenal/Materials/Rimlight/Solid/PolyIceSolid.mat using Guid(3b16c1a4df23b3f418dd8e0bb1d0378c) Importer(2089858483,192608db42251d675da83286b1cce702) (ScriptedImporter) -> (artifact id: 'd7c85d731910c1b9ed2ace154bd48fb4') in 0.0116706 seconds
Number of updated asset objects reloaded before import = 0Number of asset objects unloaded after import = 1

========================================================================
Received Import Request.
  Time since last request: 0.000029 seconds.
  path: Assets/Polygon Arsenal/Materials/Rimlight/Transparent/PolyBubbleLava.mat
  artifactKey: Guid(4dc14b9a9eb3d17449b8bd93f4ce4654) Importer(2089858483,192608db42251d675da83286b1cce702)
Start importing Assets/Polygon Arsenal/Materials/Rimlight/Transparent/PolyBubbleLava.mat using Guid(4dc14b9a9eb3d17449b8bd93f4ce4654) Importer(2089858483,192608db42251d675da83286b1cce702) (ScriptedImporter) -> (artifact id: '1f6e6542d4e338e65d2866b8e904b364') in 0.0104187 seconds
Number of updated asset objects reloaded before import = 0Number of asset objects unloaded after import = 1

========================================================================
Received Import Request.
  Time since last request: 0.000078 seconds.
  path: Assets/Polygon Arsenal/Demo/Textures/SurfaceTypes/wood_n.png
  artifactKey: Guid(2efcab29a5f839e46a38cfa445fab470) Importer(2089858483,192608db42251d675da83286b1cce702)
Start importing Assets/Polygon Arsenal/Demo/Textures/SurfaceTypes/wood_n.png using Guid(2efcab29a5f839e46a38cfa445fab470) Importer(2089858483,192608db42251d675da83286b1cce702) (ScriptedImporter) -> (artifact id: 'f3918368984abd1136003b57a5e4c378') in 0.0356083 seconds
Number of updated asset objects reloaded before import = 0Number of asset objects unloaded after import = 1

========================================================================
Received Import Request.
  Time since last request: 0.000051 seconds.
  path: Assets/Polygon Arsenal/Demo/Scenes/Combat/PolySword.unity
  artifactKey: Guid(527f209d128f2c342b7d24cae603b6ff) Importer(2089858483,192608db42251d675da83286b1cce702)
Start importing Assets/Polygon Arsenal/Demo/Scenes/Combat/PolySword.unity using Guid(527f209d128f2c342b7d24cae603b6ff) Importer(2089858483,192608db42251d675da83286b1cce702) (ScriptedImporter) -> (artifact id: '94b07ad70592f8fd673e1b1dde0e4d2b') in 0.0266109 seconds
Number of updated asset objects reloaded before import = 0Number of asset objects unloaded after import = 1

========================================================================
Received Import Request.
  Time since last request: 0.000038 seconds.
  path: Assets/Polygon Arsenal/Demo/Missile Prefabs/Skull/SkullMissilePurpleOBJ.prefab
  artifactKey: Guid(460971881b3d16d40895f5679a0f512d) Importer(2089858483,192608db42251d675da83286b1cce702)
Start importing Assets/Polygon Arsenal/Demo/Missile Prefabs/Skull/SkullMissilePurpleOBJ.prefab using Guid(460971881b3d16d40895f5679a0f512d) Importer(2089858483,192608db42251d675da83286b1cce702) (ScriptedImporter) -> (artifact id: 'e8fe74537f72adf335c507a557a56160') in 0.0563624 seconds
Number of updated asset objects reloaded before import = 0Number of asset objects unloaded after import = 65

========================================================================
Received Import Request.
  Time since last request: 0.000030 seconds.
  path: Assets/Polygon Arsenal/Demo/Scenes/Combat/PolySpikes4.unity
  artifactKey: Guid(e120a71381f10c242855037c7b495255) Importer(2089858483,192608db42251d675da83286b1cce702)
Start importing Assets/Polygon Arsenal/Demo/Scenes/Combat/PolySpikes4.unity using Guid(e120a71381f10c242855037c7b495255) Importer(2089858483,192608db42251d675da83286b1cce702) (ScriptedImporter) -> (artifact id: '2ae519f8a453c7891cdadc592b5fc466') in 0.0199309 seconds
Number of updated asset objects reloaded before import = 0Number of asset objects unloaded after import = 1

========================================================================
Received Import Request.
  Time since last request: 0.000047 seconds.
  path: Assets/Polygon Arsenal/Demo/Scenes/Combat/PolyBarrage2.unity
  artifactKey: Guid(5a26a4e213eb21441a62c490b0847510) Importer(2089858483,192608db42251d675da83286b1cce702)
Start importing Assets/Polygon Arsenal/Demo/Scenes/Combat/PolyBarrage2.unity using Guid(5a26a4e213eb21441a62c490b0847510) Importer(2089858483,192608db42251d675da83286b1cce702) (ScriptedImporter) -> (artifact id: '1bdd905ebd54c9335e36456396c5abb8') in 0.0253165 seconds
Number of updated asset objects reloaded before import = 0Number of asset objects unloaded after import = 1

========================================================================
Received Import Request.
  Time since last request: 0.000024 seconds.
  path: Assets/Polygon Arsenal/Demo/Demo Prefabs/Scene/DemoOrbFX.prefab
  artifactKey: Guid(1ae94fdab7f201c44b706b3dc432e407) Importer(2089858483,192608db42251d675da83286b1cce702)
Start importing Assets/Polygon Arsenal/Demo/Demo Prefabs/Scene/DemoOrbFX.prefab using Guid(1ae94fdab7f201c44b706b3dc432e407) Importer(2089858483,192608db42251d675da83286b1cce702) (ScriptedImporter) -> (artifact id: 'db79574412ce23749e00b4b14c2778ad') in 0.1011812 seconds
Number of updated asset objects reloaded before import = 0Number of asset objects unloaded after import = 21

========================================================================
Received Import Request.
  Time since last request: 0.000029 seconds.
  path: Assets/Polygon Arsenal/Demo/Missile Prefabs/Sniper/SniperRedOBJ.prefab
  artifactKey: Guid(025be64a408b0ad49a2b3ae03aa4044c) Importer(2089858483,192608db42251d675da83286b1cce702)
Start importing Assets/Polygon Arsenal/Demo/Missile Prefabs/Sniper/SniperRedOBJ.prefab using Guid(025be64a408b0ad49a2b3ae03aa4044c) Importer(2089858483,192608db42251d675da83286b1cce702) (ScriptedImporter) -> (artifact id: '51687dbf517fd4641c75f0acf6c27105') in 0.046958 seconds
Number of updated asset objects reloaded before import = 0Number of asset objects unloaded after import = 66

========================================================================
Received Import Request.
  Time since last request: 0.000056 seconds.
  path: Assets/Polygon Arsenal/Demo/Missile Prefabs/Antimatter/AntiMatterMissileYellowOBJ.prefab
  artifactKey: Guid(fb5155ff67d36a346b9c3e66cb660a23) Importer(2089858483,192608db42251d675da83286b1cce702)
Start importing Assets/Polygon Arsenal/Demo/Missile Prefabs/Antimatter/AntiMatterMissileYellowOBJ.prefab using Guid(fb5155ff67d36a346b9c3e66cb660a23) Importer(2089858483,192608db42251d675da83286b1cce702) (ScriptedImporter) -> (artifact id: '990b6f04221c2da56453959e39043947') in 0.0411592 seconds
Number of updated asset objects reloaded before import = 0Number of asset objects unloaded after import = 85

========================================================================
Received Import Request.
  Time since last request: 0.000031 seconds.
  path: Assets/Online_FPS_TPS_KIT/Scripts/v3.2/Scripts/CinemachinePOVExtension.cs
  artifactKey: Guid(7c12e64f0cf3e47428ec754761d4d8e7) Importer(2089858483,192608db42251d675da83286b1cce702)
Start importing Assets/Online_FPS_TPS_KIT/Scripts/v3.2/Scripts/CinemachinePOVExtension.cs using Guid(7c12e64f0cf3e47428ec754761d4d8e7) Importer(2089858483,192608db42251d675da83286b1cce702) (ScriptedImporter) -> (artifact id: '45ea665dd5c3c410ff4e8ece147414dd') in 0.0070994 seconds
Number of updated asset objects reloaded before import = 0Number of asset objects unloaded after import = 0

========================================================================
Received Import Request.
  Time since last request: 0.000036 seconds.
  path: Assets/Polygon Arsenal/Prefabs/Combat/Buff/BuffPurple.prefab
  artifactKey: Guid(b6c058b4a5b723745b0113df4459d6a1) Importer(2089858483,192608db42251d675da83286b1cce702)
Start importing Assets/Polygon Arsenal/Prefabs/Combat/Buff/BuffPurple.prefab using Guid(b6c058b4a5b723745b0113df4459d6a1) Importer(2089858483,192608db42251d675da83286b1cce702) (ScriptedImporter) -> (artifact id: '454290b052dd2b4d03667dbb200062c0') in 0.1043699 seconds
Number of updated asset objects reloaded before import = 0Number of asset objects unloaded after import = 20

========================================================================
Received Import Request.
  Time since last request: 0.000044 seconds.
  path: Assets/Polygon Arsenal/Demo/Scenes/Combat/PolyCombat01.unity
  artifactKey: Guid(abe5d6d7bdb912f4aa7441439a6dfe54) Importer(2089858483,192608db42251d675da83286b1cce702)
Start importing Assets/Polygon Arsenal/Demo/Scenes/Combat/PolyCombat01.unity using Guid(abe5d6d7bdb912f4aa7441439a6dfe54) Importer(2089858483,192608db42251d675da83286b1cce702) (ScriptedImporter) -> (artifact id: '01371a189aed2934fe38e38b9487c74f') in 0.0383089 seconds
Number of updated asset objects reloaded before import = 0Number of asset objects unloaded after import = 1

========================================================================
Received Import Request.
  Time since last request: 0.000133 seconds.
  path: Assets/Polygon Arsenal/Prefabs/Combat/Dash/DashBlue.prefab
  artifactKey: Guid(e9e9e8a8860bb5b4bb27e1c0106eae03) Importer(2089858483,192608db42251d675da83286b1cce702)
Start importing Assets/Polygon Arsenal/Prefabs/Combat/Dash/DashBlue.prefab using Guid(e9e9e8a8860bb5b4bb27e1c0106eae03) Importer(2089858483,192608db42251d675da83286b1cce702) (ScriptedImporter) -> (artifact id: '86328bdb89a5a1b57935269767b05ac6') in 0.1542946 seconds
Number of updated asset objects reloaded before import = 0Number of asset objects unloaded after import = 21

========================================================================
Received Import Request.
  Time since last request: 0.000034 seconds.
  path: Assets/Polygon Arsenal/Prefabs/Combat/Death/DeathFrost.prefab
  artifactKey: Guid(3845c058642164c4aa72204c65011e98) Importer(2089858483,192608db42251d675da83286b1cce702)
Start importing Assets/Polygon Arsenal/Prefabs/Combat/Death/DeathFrost.prefab using Guid(3845c058642164c4aa72204c65011e98) Importer(2089858483,192608db42251d675da83286b1cce702) (ScriptedImporter) -> (artifact id: 'dd205fc8e48a10a1da53db8ecdfeb609') in 0.1586673 seconds
Number of updated asset objects reloaded before import = 0Number of asset objects unloaded after import = 50

========================================================================
Received Import Request.
  Time since last request: 0.000075 seconds.
  path: Assets/Polygon Arsenal/Prefabs/Combat/Surface Explosion/SurfaceExplosionDirtStone.prefab
  artifactKey: Guid(78cc1d2f783ac5048abaf5d47ac258f4) Importer(2089858483,192608db42251d675da83286b1cce702)
Start importing Assets/Polygon Arsenal/Prefabs/Combat/Surface Explosion/SurfaceExplosionDirtStone.prefab using Guid(78cc1d2f783ac5048abaf5d47ac258f4) Importer(2089858483,192608db42251d675da83286b1cce702) (ScriptedImporter) -> (artifact id: 'c313dc31c32f217b16a3a35c500f9af0') in 0.1336749 seconds
Number of updated asset objects reloaded before import = 0Number of asset objects unloaded after import = 16

========================================================================
Received Import Request.
  Time since last request: 0.000051 seconds.
  path: Assets/Polygon Arsenal/Prefabs/Combat/Enchant/LightningEnchantPurple.prefab
  artifactKey: Guid(484223735dd80e048bf9d3f6f3951b23) Importer(2089858483,192608db42251d675da83286b1cce702)
Start importing Assets/Polygon Arsenal/Prefabs/Combat/Enchant/LightningEnchantPurple.prefab using Guid(484223735dd80e048bf9d3f6f3951b23) Importer(2089858483,192608db42251d675da83286b1cce702) (ScriptedImporter) -> (artifact id: '916881692482230ac5550cea44460684') in 0.1380236 seconds
Number of updated asset objects reloaded before import = 0Number of asset objects unloaded after import = 16

========================================================================
Received Import Request.
  Time since last request: 0.000065 seconds.
  path: Assets/Polygon Arsenal/Prefabs/Environment/Fairies/FairiesGreen.prefab
  artifactKey: Guid(3fb60ca003e2a7c46b289bee8b14a692) Importer(2089858483,192608db42251d675da83286b1cce702)
Start importing Assets/Polygon Arsenal/Prefabs/Environment/Fairies/FairiesGreen.prefab using Guid(3fb60ca003e2a7c46b289bee8b14a692) Importer(2089858483,192608db42251d675da83286b1cce702) (ScriptedImporter) -> (artifact id: 'e2018e876bb02a3afbb6b5ecef7aaa96') in 0.143289 seconds
Number of updated asset objects reloaded before import = 0Number of asset objects unloaded after import = 20

========================================================================
Received Import Request.
  Time since last request: 0.000049 seconds.
  path: Assets/Polygon Arsenal/Prefabs/Combat/Cleave/CleaveWater.prefab
  artifactKey: Guid(6f94e1686b9228549b8c0848fa60b49b) Importer(2089858483,192608db42251d675da83286b1cce702)
Start importing Assets/Polygon Arsenal/Prefabs/Combat/Cleave/CleaveWater.prefab using Guid(6f94e1686b9228549b8c0848fa60b49b) Importer(2089858483,192608db42251d675da83286b1cce702) (ScriptedImporter) -> (artifact id: '9323f2592f87c6f354bd7a4e4738f5f1') in 0.1405554 seconds
Number of updated asset objects reloaded before import = 0Number of asset objects unloaded after import = 30

========================================================================
Received Import Request.
  Time since last request: 0.000051 seconds.
  path: Assets/Polygon Arsenal/Prefabs/Combat/Surface Impact/SurfaceImpactGore.prefab
  artifactKey: Guid(acad01ddb4ce10241aacbfb19d253870) Importer(2089858483,192608db42251d675da83286b1cce702)
Start importing Assets/Polygon Arsenal/Prefabs/Combat/Surface Impact/SurfaceImpactGore.prefab using Guid(acad01ddb4ce10241aacbfb19d253870) Importer(2089858483,192608db42251d675da83286b1cce702) (ScriptedImporter) -> (artifact id: '3ab948a5729df5ef74ebd74f35899730') in 0.1237942 seconds
Number of updated asset objects reloaded before import = 0Number of asset objects unloaded after import = 20

========================================================================
Received Import Request.
  Time since last request: 0.000047 seconds.
  path: Assets/Polygon Arsenal/Prefabs/Combat/Shield/ShieldRed.prefab
  artifactKey: Guid(2b68a9d8d739d1a4ebf61a78ac0b1b20) Importer(2089858483,192608db42251d675da83286b1cce702)
Start importing Assets/Polygon Arsenal/Prefabs/Combat/Shield/ShieldRed.prefab using Guid(2b68a9d8d739d1a4ebf61a78ac0b1b20) Importer(2089858483,192608db42251d675da83286b1cce702) (ScriptedImporter) -> (artifact id: '3107f6e631d8aa06106f12d76b044216') in 0.1349778 seconds
Number of updated asset objects reloaded before import = 0Number of asset objects unloaded after import = 25

========================================================================
Received Import Request.
  Time since last request: 0.000045 seconds.
  path: Assets/Polygon Arsenal/Prefabs/Combat/Dash/DashGreen.prefab
  artifactKey: Guid(97786ae8e944f4c47953c0d63ca0293e) Importer(2089858483,192608db42251d675da83286b1cce702)
Start importing Assets/Polygon Arsenal/Prefabs/Combat/Dash/DashGreen.prefab using Guid(97786ae8e944f4c47953c0d63ca0293e) Importer(2089858483,192608db42251d675da83286b1cce702) (ScriptedImporter) -> (artifact id: '2a10b59dedfd721ce91b4118df604e51') in 0.1798967 seconds
Number of updated asset objects reloaded before import = 0Number of asset objects unloaded after import = 21

========================================================================
Received Import Request.
  Time since last request: 0.000055 seconds.
  path: Assets/Polygon Arsenal/Prefabs/Combat/Death/DeathSuperEvil.prefab
  artifactKey: Guid(da420a91596617b4ab0f8941677b52e2) Importer(2089858483,192608db42251d675da83286b1cce702)
Start importing Assets/Polygon Arsenal/Prefabs/Combat/Death/DeathSuperEvil.prefab using Guid(da420a91596617b4ab0f8941677b52e2) Importer(2089858483,192608db42251d675da83286b1cce702) (ScriptedImporter) -> (artifact id: '97a533524c1f356ecc1527208aa19f6a') in 0.2198622 seconds
Number of updated asset objects reloaded before import = 0Number of asset objects unloaded after import = 48

========================================================================
Received Import Request.
  Time since last request: 0.000057 seconds.
  path: Assets/Polygon Arsenal/Prefabs/Combat/Orbital Beam/OrbitalBeamScarlet.prefab
  artifactKey: Guid(821386e47d9794a42bcb2e3e23bdffba) Importer(2089858483,192608db42251d675da83286b1cce702)
Start importing Assets/Polygon Arsenal/Prefabs/Combat/Orbital Beam/OrbitalBeamScarlet.prefab using Guid(821386e47d9794a42bcb2e3e23bdffba) Importer(2089858483,192608db42251d675da83286b1cce702) (ScriptedImporter) -> (artifact id: 'f93fc8a79940ed9d81991d1a872bffd7') in 0.1785835 seconds
Number of updated asset objects reloaded before import = 0Number of asset objects unloaded after import = 43

========================================================================
Received Import Request.
  Time since last request: 0.000054 seconds.
  path: Assets/Polygon Arsenal/Prefabs/Environment/FloorTrap/FloorTrapAmethyst.prefab
  artifactKey: Guid(279f1e77e2d985a418f40eda88260974) Importer(2089858483,192608db42251d675da83286b1cce702)
Start importing Assets/Polygon Arsenal/Prefabs/Environment/FloorTrap/FloorTrapAmethyst.prefab using Guid(279f1e77e2d985a418f40eda88260974) Importer(2089858483,192608db42251d675da83286b1cce702) (ScriptedImporter) -> (artifact id: '4dbfb4d4a1e15081842ec3d12eaf82b8') in 0.1785386 seconds
Number of updated asset objects reloaded before import = 0Number of asset objects unloaded after import = 36

========================================================================
Received Import Request.
  Time since last request: 0.000044 seconds.
  path: Assets/Polygon Arsenal/Prefabs/Environment/Tornado/BasicTornado.prefab
  artifactKey: Guid(86bec1a2a7f245340bb8b82c8d7e4eaa) Importer(2089858483,192608db42251d675da83286b1cce702)
Start importing Assets/Polygon Arsenal/Prefabs/Environment/Tornado/BasicTornado.prefab using Guid(86bec1a2a7f245340bb8b82c8d7e4eaa) Importer(2089858483,192608db42251d675da83286b1cce702) (ScriptedImporter) -> (artifact id: 'e7da8105e21b00ed741ab6e9ab7acc2a') in 0.1532516 seconds
Number of updated asset objects reloaded before import = 0Number of asset objects unloaded after import = 27

========================================================================
Received Import Request.
  Time since last request: 0.000063 seconds.
  path: Assets/Polygon Arsenal/Prefabs/Environment/Tornado/FireTornado.prefab
  artifactKey: Guid(148b1a0736ef85e41845a188ca3b7d35) Importer(2089858483,192608db42251d675da83286b1cce702)
Start importing Assets/Polygon Arsenal/Prefabs/Environment/Tornado/FireTornado.prefab using Guid(148b1a0736ef85e41845a188ca3b7d35) Importer(2089858483,192608db42251d675da83286b1cce702) (ScriptedImporter) -> (artifact id: '57554e186cc8a847e212ff2eddf42745') in 0.1785085 seconds
Number of updated asset objects reloaded before import = 0Number of asset objects unloaded after import = 32

========================================================================
Received Import Request.
  Time since last request: 0.000050 seconds.
  path: Assets/Polygon Arsenal/Prefabs/Combat/Nova/ShadowNova.prefab
  artifactKey: Guid(0b63b4b8dafa7034cbac165cd5f34c9f) Importer(2089858483,192608db42251d675da83286b1cce702)
Start importing Assets/Polygon Arsenal/Prefabs/Combat/Nova/ShadowNova.prefab using Guid(0b63b4b8dafa7034cbac165cd5f34c9f) Importer(2089858483,192608db42251d675da83286b1cce702) (ScriptedImporter) -> (artifact id: 'f6f687fdca4286bc172cce8d5f603957') in 0.1316366 seconds
Number of updated asset objects reloaded before import = 0Number of asset objects unloaded after import = 29

========================================================================
Received Import Request.
  Time since last request: 0.000056 seconds.
  path: Assets/Polygon Arsenal/Prefabs/Combat/Surface Impact/SurfaceImpactDirt.prefab
  artifactKey: Guid(dbada9b00d4f0394c87e2738108b402b) Importer(2089858483,192608db42251d675da83286b1cce702)
Start importing Assets/Polygon Arsenal/Prefabs/Combat/Surface Impact/SurfaceImpactDirt.prefab using Guid(dbada9b00d4f0394c87e2738108b402b) Importer(2089858483,192608db42251d675da83286b1cce702) (ScriptedImporter) -> (artifact id: 'dee47e7f50dafa77c7e5e507048bc580') in 0.1445329 seconds
Number of updated asset objects reloaded before import = 0Number of asset objects unloaded after import = 12

========================================================================
Received Import Request.
  Time since last request: 0.000042 seconds.
  path: Assets/Polygon Arsenal/Prefabs/Combat/Entangle/EntangleVineSimple2.prefab
  artifactKey: Guid(5872ab001153cf34b8a4372b75aa4bf8) Importer(2089858483,192608db42251d675da83286b1cce702)
Start importing Assets/Polygon Arsenal/Prefabs/Combat/Entangle/EntangleVineSimple2.prefab using Guid(5872ab001153cf34b8a4372b75aa4bf8) Importer(2089858483,192608db42251d675da83286b1cce702) (ScriptedImporter) -> (artifact id: '115a690de4d874db2576ca9071c93802') in 0.1353538 seconds
Number of updated asset objects reloaded before import = 0Number of asset objects unloaded after import = 36

========================================================================
Received Import Request.
  Time since last request: 0.000356 seconds.
  path: Assets/Polygon Arsenal/Prefabs/Combat/Surface Explosion/SurfaceExplosionMetal.prefab
  artifactKey: Guid(a7eea6e33ad259b4ba8e4fade4bd239c) Importer(2089858483,192608db42251d675da83286b1cce702)
Start importing Assets/Polygon Arsenal/Prefabs/Combat/Surface Explosion/SurfaceExplosionMetal.prefab using Guid(a7eea6e33ad259b4ba8e4fade4bd239c) Importer(2089858483,192608db42251d675da83286b1cce702) (ScriptedImporter) -> (artifact id: 'f496725ca8dc87fe5e2a68b4db8688a1') in 0.1347486 seconds
Number of updated asset objects reloaded before import = 0Number of asset objects unloaded after import = 24

========================================================================
Received Import Request.
  Time since last request: 0.000031 seconds.
  path: Assets/Polygon Arsenal/Prefabs/Environment/Weather/Snow.prefab
  artifactKey: Guid(8df187f6cc1883c49b15801070388989) Importer(2089858483,192608db42251d675da83286b1cce702)
Start importing Assets/Polygon Arsenal/Prefabs/Environment/Weather/Snow.prefab using Guid(8df187f6cc1883c49b15801070388989) Importer(2089858483,192608db42251d675da83286b1cce702) (ScriptedImporter) -> (artifact id: 'e241974589241005b04dd1bb4b506d50') in 0.1149895 seconds
Number of updated asset objects reloaded before import = 0Number of asset objects unloaded after import = 12

========================================================================
Received Import Request.
  Time since last request: 0.000050 seconds.
  path: Assets/Polygon Arsenal/Prefabs/Environment/LightRays/LightRaySquare02.prefab
  artifactKey: Guid(b44edee836a4a96458ca8ccfc01195d6) Importer(2089858483,192608db42251d675da83286b1cce702)
Start importing Assets/Polygon Arsenal/Prefabs/Environment/LightRays/LightRaySquare02.prefab using Guid(b44edee836a4a96458ca8ccfc01195d6) Importer(2089858483,192608db42251d675da83286b1cce702) (ScriptedImporter) -> (artifact id: 'c38667bcb306652ddf4d170cb986b2f0') in 0.1091978 seconds
Number of updated asset objects reloaded before import = 0Number of asset objects unloaded after import = 13

========================================================================
Received Import Request.
  Time since last request: 0.000056 seconds.
  path: Assets/Polygon Arsenal/Prefabs/Combat/Enchant/ShadowEnchant.prefab
  artifactKey: Guid(745424117b9f9304fad7e19cd39aff9b) Importer(2089858483,192608db42251d675da83286b1cce702)
Start importing Assets/Polygon Arsenal/Prefabs/Combat/Enchant/ShadowEnchant.prefab using Guid(745424117b9f9304fad7e19cd39aff9b) Importer(2089858483,192608db42251d675da83286b1cce702) (ScriptedImporter) -> (artifact id: '4ff71dd1656889cd8d8690edf4271855') in 0.0998657 seconds
Number of updated asset objects reloaded before import = 0Number of asset objects unloaded after import = 16

========================================================================
Received Import Request.
  Time since last request: 0.000030 seconds.
  path: Assets/Polygon Arsenal/Prefabs/Combat/Shield/ShieldPink.prefab
  artifactKey: Guid(d4282856d39d5764c8788bd5ece3f58e) Importer(2089858483,192608db42251d675da83286b1cce702)
Start importing Assets/Polygon Arsenal/Prefabs/Combat/Shield/ShieldPink.prefab using Guid(d4282856d39d5764c8788bd5ece3f58e) Importer(2089858483,192608db42251d675da83286b1cce702) (ScriptedImporter) -> (artifact id: 'fb1a2a00dc3472e85b05646fbb087bb4') in 0.1053695 seconds
Number of updated asset objects reloaded before import = 0Number of asset objects unloaded after import = 25

========================================================================
Received Import Request.
  Time since last request: 0.000037 seconds.
  path: Assets/Polygon Arsenal/Prefabs/Interactive/Lightning/LightningStrikePurple.prefab
  artifactKey: Guid(5def1737829c2704cbd250af3411ef7d) Importer(2089858483,192608db42251d675da83286b1cce702)
Start importing Assets/Polygon Arsenal/Prefabs/Interactive/Lightning/LightningStrikePurple.prefab using Guid(5def1737829c2704cbd250af3411ef7d) Importer(2089858483,192608db42251d675da83286b1cce702) (ScriptedImporter) -> (artifact id: '727078c81f21077921d18c4322d0d1ae') in 0.1221183 seconds
Number of updated asset objects reloaded before import = 0Number of asset objects unloaded after import = 28

========================================================================
Received Import Request.
  Time since last request: 0.000057 seconds.
  path: Assets/Polygon Arsenal/Sound/Prefabs/Explosions/PolyCrystalExplosionSND.prefab
  artifactKey: Guid(cbc2534f13a61b9488d91eb140893487) Importer(2089858483,192608db42251d675da83286b1cce702)
Start importing Assets/Polygon Arsenal/Sound/Prefabs/Explosions/PolyCrystalExplosionSND.prefab using Guid(cbc2534f13a61b9488d91eb140893487) Importer(2089858483,192608db42251d675da83286b1cce702) (ScriptedImporter) -> (artifact id: 'b7fb4327a8ce1ba752d9960ed043478e') in 0.0390435 seconds
Number of updated asset objects reloaded before import = 0Number of asset objects unloaded after import = 6

========================================================================
Received Import Request.
  Time since last request: 0.000028 seconds.
  path: Assets/Polygon Arsenal/Prefabs/Interactive/Lightning/LightningStrikeBlue.prefab
  artifactKey: Guid(29db89a531eeb0a44b653f7ee1d5dcf7) Importer(2089858483,192608db42251d675da83286b1cce702)
Start importing Assets/Polygon Arsenal/Prefabs/Interactive/Lightning/LightningStrikeBlue.prefab using Guid(29db89a531eeb0a44b653f7ee1d5dcf7) Importer(2089858483,192608db42251d675da83286b1cce702) (ScriptedImporter) -> (artifact id: '88e676a6d808dc91b32757e609bfcd25') in 0.1042287 seconds
Number of updated asset objects reloaded before import = 0Number of asset objects unloaded after import = 28

========================================================================
Received Import Request.
  Time since last request: 0.000034 seconds.
  path: Assets/Polygon Arsenal/Prefabs/Combat/Dash/DashYellow.prefab
  artifactKey: Guid(9463b9293ddf41143acddfb524bdc43e) Importer(2089858483,192608db42251d675da83286b1cce702)
Start importing Assets/Polygon Arsenal/Prefabs/Combat/Dash/DashYellow.prefab using Guid(9463b9293ddf41143acddfb524bdc43e) Importer(2089858483,192608db42251d675da83286b1cce702) (ScriptedImporter) -> (artifact id: '217ffe792b9a18f0622c838cde29ecbe') in 0.1011661 seconds
Number of updated asset objects reloaded before import = 0Number of asset objects unloaded after import = 21

========================================================================
Received Import Request.
  Time since last request: 0.000044 seconds.
  path: Assets/Polygon Arsenal/Prefabs/Environment/FloorTrap/FloorTrapStone.prefab
  artifactKey: Guid(8e7a4f5c865a96340b351df84018d6e6) Importer(2089858483,192608db42251d675da83286b1cce702)
Start importing Assets/Polygon Arsenal/Prefabs/Environment/FloorTrap/FloorTrapStone.prefab using Guid(8e7a4f5c865a96340b351df84018d6e6) Importer(2089858483,192608db42251d675da83286b1cce702) (ScriptedImporter) -> (artifact id: '425f2aec3b874cf3ce9735d5420f665b') in 0.1011835 seconds
Number of updated asset objects reloaded before import = 0Number of asset objects unloaded after import = 36

========================================================================
Received Import Request.
  Time since last request: 0.000025 seconds.
  path: Assets/Polygon Arsenal/Demo/Missile Prefabs/Antimatter/AntiMatterMissilePurpleOBJ.prefab
  artifactKey: Guid(43b5cf2890ee6cc4ab0c5e2b52a9979f) Importer(2089858483,192608db42251d675da83286b1cce702)
Start importing Assets/Polygon Arsenal/Demo/Missile Prefabs/Antimatter/AntiMatterMissilePurpleOBJ.prefab using Guid(43b5cf2890ee6cc4ab0c5e2b52a9979f) Importer(2089858483,192608db42251d675da83286b1cce702) (ScriptedImporter) -> (artifact id: 'c0a01ab0be592129c6286c0ef876b4f1') in 0.0557735 seconds
Number of updated asset objects reloaded before import = 0Number of asset objects unloaded after import = 85

========================================================================
Received Import Request.
  Time since last request: 0.000035 seconds.
  path: Assets/Polygon Arsenal/Demo/Scenes/Environment/PolyFireworks.unity
  artifactKey: Guid(99cc3d77307a8884e80d68c7736a76f2) Importer(2089858483,192608db42251d675da83286b1cce702)
Start importing Assets/Polygon Arsenal/Demo/Scenes/Environment/PolyFireworks.unity using Guid(99cc3d77307a8884e80d68c7736a76f2) Importer(2089858483,192608db42251d675da83286b1cce702) (ScriptedImporter) -> (artifact id: 'ac7d3c7294e5543c5da311e81009439d') in 0.0198727 seconds
Number of updated asset objects reloaded before import = 0Number of asset objects unloaded after import = 1

========================================================================
Received Import Request.
  Time since last request: 0.000043 seconds.
  path: Assets/Polygon Arsenal/Demo/Scenes/Interactive/PolyLoot.unity
  artifactKey: Guid(9c7164f7d1d3800489337a0bc55c2861) Importer(2089858483,192608db42251d675da83286b1cce702)
Start importing Assets/Polygon Arsenal/Demo/Scenes/Interactive/PolyLoot.unity using Guid(9c7164f7d1d3800489337a0bc55c2861) Importer(2089858483,192608db42251d675da83286b1cce702) (ScriptedImporter) -> (artifact id: '175c819ab9dd5d08f7cf3cdd11b2cfd1') in 0.0271733 seconds
Number of updated asset objects reloaded before import = 0Number of asset objects unloaded after import = 1

========================================================================
Received Import Request.
  Time since last request: 0.000032 seconds.
  path: Assets/Polygon Arsenal/Demo/Scenes/Combat/PolyAura3.unity
  artifactKey: Guid(04b3d7fd4c0293d4da6b02cb72608b0c) Importer(2089858483,192608db42251d675da83286b1cce702)
Start importing Assets/Polygon Arsenal/Demo/Scenes/Combat/PolyAura3.unity using Guid(04b3d7fd4c0293d4da6b02cb72608b0c) Importer(2089858483,192608db42251d675da83286b1cce702) (ScriptedImporter) -> (artifact id: '108e5bd166b87f7e7b4a75b5a8a6f3c3') in 0.022038 seconds
Number of updated asset objects reloaded before import = 0Number of asset objects unloaded after import = 1

========================================================================
Received Import Request.
  Time since last request: 0.000031 seconds.
  path: Assets/Polygon Arsenal/Demo/Scenes/Combat/PolyExploBig.unity
  artifactKey: Guid(dee10dc836767554192b557241d1c6b5) Importer(2089858483,192608db42251d675da83286b1cce702)
Start importing Assets/Polygon Arsenal/Demo/Scenes/Combat/PolyExploBig.unity using Guid(dee10dc836767554192b557241d1c6b5) Importer(2089858483,192608db42251d675da83286b1cce702) (ScriptedImporter) -> (artifact id: '61012477593dd675b2f09c00b7c8b26b') in 0.0235312 seconds
Number of updated asset objects reloaded before import = 0Number of asset objects unloaded after import = 1

========================================================================
Received Import Request.
  Time since last request: 0.000040 seconds.
  path: Assets/Polygon Arsenal/Prefabs/Interactive/Sparkle/SparkleYellow.prefab
  artifactKey: Guid(be68163c62613b14c9e8423edadd4649) Importer(2089858483,192608db42251d675da83286b1cce702)
Start importing Assets/Polygon Arsenal/Prefabs/Interactive/Sparkle/SparkleYellow.prefab using Guid(be68163c62613b14c9e8423edadd4649) Importer(2089858483,192608db42251d675da83286b1cce702) (ScriptedImporter) -> (artifact id: '8a349765d8f537ab8b89eb1eca11182b') in 0.1067835 seconds
Number of updated asset objects reloaded before import = 0Number of asset objects unloaded after import = 12

========================================================================
Received Import Request.
  Time since last request: 0.000047 seconds.
  path: Assets/Polygon Arsenal/Demo/Missile Prefabs/Stone/VolcanicMissileOBJ.prefab
  artifactKey: Guid(988b0dec9ee75f946946fb8926263cfd) Importer(2089858483,192608db42251d675da83286b1cce702)
Start importing Assets/Polygon Arsenal/Demo/Missile Prefabs/Stone/VolcanicMissileOBJ.prefab using Guid(988b0dec9ee75f946946fb8926263cfd) Importer(2089858483,192608db42251d675da83286b1cce702) (ScriptedImporter) -> (artifact id: '1a4ecd0c3e1d41dd2635a364a13a6562') in 0.0452824 seconds
Number of updated asset objects reloaded before import = 0Number of asset objects unloaded after import = 74

========================================================================
Received Import Request.
  Time since last request: 0.000034 seconds.
  path: Assets/Polygon Arsenal/Demo/Missile Prefabs/Holy/HolyMissileOBJ.prefab
  artifactKey: Guid(d27c83577bba3f641a955e1c477bab7c) Importer(2089858483,192608db42251d675da83286b1cce702)
Start importing Assets/Polygon Arsenal/Demo/Missile Prefabs/Holy/HolyMissileOBJ.prefab using Guid(d27c83577bba3f641a955e1c477bab7c) Importer(2089858483,192608db42251d675da83286b1cce702) (ScriptedImporter) -> (artifact id: '589f947e2f5ccbbfe373dc2f240cad54') in 0.0419578 seconds
Number of updated asset objects reloaded before import = 0Number of asset objects unloaded after import = 73

========================================================================
Received Import Request.
  Time since last request: 0.000038 seconds.
  path: Assets/Polygon Arsenal/Sound/Prefabs/Explosions/PolyIceBigExplosionSND.prefab
  artifactKey: Guid(8910f042d7a993044a91264b50dfe936) Importer(2089858483,192608db42251d675da83286b1cce702)
Start importing Assets/Polygon Arsenal/Sound/Prefabs/Explosions/PolyIceBigExplosionSND.prefab using Guid(8910f042d7a993044a91264b50dfe936) Importer(2089858483,192608db42251d675da83286b1cce702) (ScriptedImporter) -> (artifact id: 'be1b64ae408a7bda51499cb705a114c7') in 0.0302609 seconds
Number of updated asset objects reloaded before import = 0Number of asset objects unloaded after import = 6

========================================================================
Received Import Request.
  Time since last request: 0.000051 seconds.
  path: Assets/Polygon Arsenal/Prefabs/Combat/Surface Explosion/SurfaceExplosionDirtGrass.prefab
  artifactKey: Guid(6c66d7ad5bb0e1a40b64763de2ee1288) Importer(2089858483,192608db42251d675da83286b1cce702)
Start importing Assets/Polygon Arsenal/Prefabs/Combat/Surface Explosion/SurfaceExplosionDirtGrass.prefab using Guid(6c66d7ad5bb0e1a40b64763de2ee1288) Importer(2089858483,192608db42251d675da83286b1cce702) (ScriptedImporter) -> (artifact id: '0ac212868171e41c7dd8f736f657bd57') in 0.1116739 seconds
Number of updated asset objects reloaded before import = 0Number of asset objects unloaded after import = 21

========================================================================
Received Import Request.
  Time since last request: 0.000036 seconds.
  path: Assets/Polygon Arsenal/Demo/Missile Prefabs/Bullet/BulletGreenOBJ.prefab
  artifactKey: Guid(093b65e2e0225554a8bb4b5b035a9d4c) Importer(2089858483,192608db42251d675da83286b1cce702)
Start importing Assets/Polygon Arsenal/Demo/Missile Prefabs/Bullet/BulletGreenOBJ.prefab using Guid(093b65e2e0225554a8bb4b5b035a9d4c) Importer(2089858483,192608db42251d675da83286b1cce702) (ScriptedImporter) -> (artifact id: 'c33e720ac9ce1c06cbb073b082c3f58e') in 0.041764 seconds
Number of updated asset objects reloaded before import = 0Number of asset objects unloaded after import = 74

========================================================================
Received Import Request.
  Time since last request: 0.000046 seconds.
  path: Assets/Polygon Arsenal/Prefabs/Environment/Confetti/ConfettiSpray.prefab
  artifactKey: Guid(7eb8f523cb26ac047a04fb50bb44bdcd) Importer(2089858483,192608db42251d675da83286b1cce702)
Start importing Assets/Polygon Arsenal/Prefabs/Environment/Confetti/ConfettiSpray.prefab using Guid(7eb8f523cb26ac047a04fb50bb44bdcd) Importer(2089858483,192608db42251d675da83286b1cce702) (ScriptedImporter) -> (artifact id: '84745940dcac3167f2071765699ef798') in 0.1409965 seconds
Number of updated asset objects reloaded before import = 0Number of asset objects unloaded after import = 17

========================================================================
Received Import Request.
  Time since last request: 0.000053 seconds.
  path: Assets/Polygon Arsenal/Demo/Missile Prefabs/Bone/BoneMissileOBJ.prefab
  artifactKey: Guid(4019e337c9f34f8418c2985818d31fb4) Importer(2089858483,192608db42251d675da83286b1cce702)
Start importing Assets/Polygon Arsenal/Demo/Missile Prefabs/Bone/BoneMissileOBJ.prefab using Guid(4019e337c9f34f8418c2985818d31fb4) Importer(2089858483,192608db42251d675da83286b1cce702) (ScriptedImporter) -> (artifact id: 'db84d7661bf5dec77da602197e10915f') in 0.0646814 seconds
Number of updated asset objects reloaded before import = 0Number of asset objects unloaded after import = 71

========================================================================
Received Import Request.
  Time since last request: 0.000034 seconds.
  path: Assets/Polygon Arsenal/Sound/Prefabs/Explosions/PolySmokeGrenadeExplosionSND.prefab
  artifactKey: Guid(ec7adae4cae4f4d42a8a505828d99100) Importer(2089858483,192608db42251d675da83286b1cce702)
Start importing Assets/Polygon Arsenal/Sound/Prefabs/Explosions/PolySmokeGrenadeExplosionSND.prefab using Guid(ec7adae4cae4f4d42a8a505828d99100) Importer(2089858483,192608db42251d675da83286b1cce702) (ScriptedImporter) -> (artifact id: '8cc551262df1faa21d1764776b29189b') in 0.0358927 seconds
Number of updated asset objects reloaded before import = 0Number of asset objects unloaded after import = 6

========================================================================
Received Import Request.
  Time since last request: 0.000043 seconds.
  path: Assets/Polygon Arsenal/Sound/Prefabs/Explosions/PolyLiquidAcidExplosionSND.prefab
  artifactKey: Guid(bc82f2b0e9c3f514985c7d5ec22f2366) Importer(2089858483,192608db42251d675da83286b1cce702)
Start importing Assets/Polygon Arsenal/Sound/Prefabs/Explosions/PolyLiquidAcidExplosionSND.prefab using Guid(bc82f2b0e9c3f514985c7d5ec22f2366) Importer(2089858483,192608db42251d675da83286b1cce702) (ScriptedImporter) -> (artifact id: '1631044cfc4f7759dd27bd095d2af0a1') in 0.0447297 seconds
Number of updated asset objects reloaded before import = 0Number of asset objects unloaded after import = 6

========================================================================
Received Import Request.
  Time since last request: 0.000054 seconds.
  path: Assets/PolygonSciFiSpace/Models/Collision/Convex/SM_Bld_Bridge_Console_01_Convex 2.asset
  artifactKey: Guid(677d079a547e93440bdab41dd5683cb5) Importer(2089858483,192608db42251d675da83286b1cce702)
Start importing Assets/PolygonSciFiSpace/Models/Collision/Convex/SM_Bld_Bridge_Console_01_Convex 2.asset using Guid(677d079a547e93440bdab41dd5683cb5) Importer(2089858483,192608db42251d675da83286b1cce702) (ScriptedImporter) -> (artifact id: '1a7ee9a501786c07380a34f7135734c5') in 0.0155728 seconds
Number of updated asset objects reloaded before import = 0Number of asset objects unloaded after import = 4

========================================================================
Received Import Request.
  Time since last request: 0.000025 seconds.
  path: Assets/Polygon Arsenal/Sound/Prefabs/Missile/PolyLiquidAcidMissileSND.prefab
  artifactKey: Guid(438f30aa822c78746a6f3a05180fb41e) Importer(2089858483,192608db42251d675da83286b1cce702)
Start importing Assets/Polygon Arsenal/Sound/Prefabs/Missile/PolyLiquidAcidMissileSND.prefab using Guid(438f30aa822c78746a6f3a05180fb41e) Importer(2089858483,192608db42251d675da83286b1cce702) (ScriptedImporter) -> (artifact id: 'dde2bbbb0edeae23182d8af5895f780a') in 0.0299368 seconds
Number of updated asset objects reloaded before import = 0Number of asset objects unloaded after import = 6

========================================================================
Received Import Request.
  Time since last request: 0.000056 seconds.
  path: Assets/Polygon Arsenal/Sound/Prefabs/Missile/PolyGrenadeMissileSND.prefab
  artifactKey: Guid(de68bae59bf52164d807e396f65d39ff) Importer(2089858483,192608db42251d675da83286b1cce702)
Start importing Assets/Polygon Arsenal/Sound/Prefabs/Missile/PolyGrenadeMissileSND.prefab using Guid(de68bae59bf52164d807e396f65d39ff) Importer(2089858483,192608db42251d675da83286b1cce702) (ScriptedImporter) -> (artifact id: '29f344c74ddf53ab1d49ca79c527f44e') in 0.0235224 seconds
Number of updated asset objects reloaded before import = 0Number of asset objects unloaded after import = 6

========================================================================
Received Import Request.
  Time since last request: 0.000041 seconds.
  path: Assets/FishNet/Runtime/Object/Synchronizing/WritePermissions.cs
  artifactKey: Guid(2696d0da2ff02e8499a8351a3021008f) Importer(2089858483,192608db42251d675da83286b1cce702)
Start importing Assets/FishNet/Runtime/Object/Synchronizing/WritePermissions.cs using Guid(2696d0da2ff02e8499a8351a3021008f) Importer(2089858483,192608db42251d675da83286b1cce702) (ScriptedImporter) -> (artifact id: 'f63760225a50cdb07ae1829636ecee5b') in 0.0102441 seconds
Number of updated asset objects reloaded before import = 0Number of asset objects unloaded after import = 0

========================================================================
Received Import Request.
  Time since last request: 0.000051 seconds.
  path: Assets/Polygon Arsenal/Demo/Scenes/Environment/PolyFire2.unity
  artifactKey: Guid(bf51241232a05ae4da71918c3ec9e4ca) Importer(2089858483,192608db42251d675da83286b1cce702)
Start importing Assets/Polygon Arsenal/Demo/Scenes/Environment/PolyFire2.unity using Guid(bf51241232a05ae4da71918c3ec9e4ca) Importer(2089858483,192608db42251d675da83286b1cce702) (ScriptedImporter) -> (artifact id: '72d946c510bba1611122ee8ecb0daac6') in 0.0129067 seconds
Number of updated asset objects reloaded before import = 0Number of asset objects unloaded after import = 1

========================================================================
Received Import Request.
  Time since last request: 0.000026 seconds.
  path: Assets/Polygon Arsenal/Demo/Scenes/Combat/PolyCurses.unity
  artifactKey: Guid(2624549a96a36294e8b9e66dc71c53d2) Importer(2089858483,192608db42251d675da83286b1cce702)
Start importing Assets/Polygon Arsenal/Demo/Scenes/Combat/PolyCurses.unity using Guid(2624549a96a36294e8b9e66dc71c53d2) Importer(2089858483,192608db42251d675da83286b1cce702) (ScriptedImporter) -> (artifact id: '83d6912e0cb4296ed1c78422144d7110') in 0.019064 seconds
Number of updated asset objects reloaded before import = 0Number of asset objects unloaded after import = 1

========================================================================
Received Import Request.
  Time since last request: 0.000034 seconds.
  path: Assets/Polygon Arsenal/Sound/Prefabs/Explosions/PolyLiquidLavaExplosionSND.prefab
  artifactKey: Guid(83a560797552ca042b7bcd339886967c) Importer(2089858483,192608db42251d675da83286b1cce702)
Start importing Assets/Polygon Arsenal/Sound/Prefabs/Explosions/PolyLiquidLavaExplosionSND.prefab using Guid(83a560797552ca042b7bcd339886967c) Importer(2089858483,192608db42251d675da83286b1cce702) (ScriptedImporter) -> (artifact id: '3f4bb0871c518e6728a928c8dc68f714') in 0.0402452 seconds
Number of updated asset objects reloaded before import = 0Number of asset objects unloaded after import = 6

========================================================================
Received Import Request.
  Time since last request: 0.000038 seconds.
  path: Assets/Polygon Arsenal/Sound/Prefabs/Missile/PolyLiquidSlimeMissileSND.prefab
  artifactKey: Guid(855cc3980c8f97b42988946406df0481) Importer(2089858483,192608db42251d675da83286b1cce702)
Start importing Assets/Polygon Arsenal/Sound/Prefabs/Missile/PolyLiquidSlimeMissileSND.prefab using Guid(855cc3980c8f97b42988946406df0481) Importer(2089858483,192608db42251d675da83286b1cce702) (ScriptedImporter) -> (artifact id: '6cec7ea89a8b791f8b4807dc8c2c25f6') in 0.0301331 seconds
Number of updated asset objects reloaded before import = 0Number of asset objects unloaded after import = 6

========================================================================
Received Import Request.
  Time since last request: 0.000046 seconds.
  path: Assets/Polygon Arsenal/Prefabs/Interactive/Checkpoint/CheckpointGreen.prefab
  artifactKey: Guid(2357c0445b2ea234e8d3b18f1f79bc0e) Importer(2089858483,192608db42251d675da83286b1cce702)
Start importing Assets/Polygon Arsenal/Prefabs/Interactive/Checkpoint/CheckpointGreen.prefab using Guid(2357c0445b2ea234e8d3b18f1f79bc0e) Importer(2089858483,192608db42251d675da83286b1cce702) (ScriptedImporter) -> (artifact id: '4fe9698605cf33c7d76082cb5a51efcc') in 0.1083215 seconds
Number of updated asset objects reloaded before import = 0Number of asset objects unloaded after import = 20

========================================================================
Received Import Request.
  Time since last request: 0.000034 seconds.
  path: Assets/Polygon Arsenal/Sound/Prefabs/Explosions/PolyRocketExplosionSND.prefab
  artifactKey: Guid(74eb49b0ecd3740449484ce8cc486d13) Importer(2089858483,192608db42251d675da83286b1cce702)
Start importing Assets/Polygon Arsenal/Sound/Prefabs/Explosions/PolyRocketExplosionSND.prefab using Guid(74eb49b0ecd3740449484ce8cc486d13) Importer(2089858483,192608db42251d675da83286b1cce702) (ScriptedImporter) -> (artifact id: '3a3653e2bae1e250c9136713da15c293') in 0.0211238 seconds
Number of updated asset objects reloaded before import = 0Number of asset objects unloaded after import = 6

========================================================================
Received Import Request.
  Time since last request: 0.000045 seconds.
  path: Assets/Polygon Arsenal/Sound/Prefabs/Explosions/PolyBoneExplosionSND.prefab
  artifactKey: Guid(985d250d5c5b3a34ab28230442449e10) Importer(2089858483,192608db42251d675da83286b1cce702)
Start importing Assets/Polygon Arsenal/Sound/Prefabs/Explosions/PolyBoneExplosionSND.prefab using Guid(985d250d5c5b3a34ab28230442449e10) Importer(2089858483,192608db42251d675da83286b1cce702) (ScriptedImporter) -> (artifact id: '1bea56f36645ef1b3016c90f927e8a04') in 0.0321693 seconds
Number of updated asset objects reloaded before import = 0Number of asset objects unloaded after import = 6

========================================================================
Received Import Request.
  Time since last request: 0.000056 seconds.
  path: Assets/Polygon Arsenal/Sound/Prefabs/Missile/PolyHolyMissileSND.prefab
  artifactKey: Guid(06652cde1ffb87242b1f0ceba354e8fd) Importer(2089858483,192608db42251d675da83286b1cce702)
Start importing Assets/Polygon Arsenal/Sound/Prefabs/Missile/PolyHolyMissileSND.prefab using Guid(06652cde1ffb87242b1f0ceba354e8fd) Importer(2089858483,192608db42251d675da83286b1cce702) (ScriptedImporter) -> (artifact id: '571b943f183d62f52d20f372219196f8') in 0.031742 seconds
Number of updated asset objects reloaded before import = 0Number of asset objects unloaded after import = 6

========================================================================
Received Import Request.
  Time since last request: 0.000044 seconds.
  path: Assets/Polygon Arsenal/Sound/Prefabs/Missile/PolyBoneMissileSND.prefab
  artifactKey: Guid(5ce1f4166d067f246a8cdd1f81c3f749) Importer(2089858483,192608db42251d675da83286b1cce702)
Start importing Assets/Polygon Arsenal/Sound/Prefabs/Missile/PolyBoneMissileSND.prefab using Guid(5ce1f4166d067f246a8cdd1f81c3f749) Importer(2089858483,192608db42251d675da83286b1cce702) (ScriptedImporter) -> (artifact id: 'ef4a3a7b42df6f9e285de466c5f9c48b') in 0.0334733 seconds
Number of updated asset objects reloaded before import = 0Number of asset objects unloaded after import = 6

========================================================================
Received Import Request.
  Time since last request: 0.000041 seconds.
  path: Assets/Polygon Arsenal/Prefabs/Interactive/Healing/HealAuraField.prefab
  artifactKey: Guid(c1ae5586f82d0fb4989ac017fa2cda05) Importer(2089858483,192608db42251d675da83286b1cce702)
Start importing Assets/Polygon Arsenal/Prefabs/Interactive/Healing/HealAuraField.prefab using Guid(c1ae5586f82d0fb4989ac017fa2cda05) Importer(2089858483,192608db42251d675da83286b1cce702) (ScriptedImporter) -> (artifact id: '35969a92c3dfb692f4a3b34b10fead8d') in 0.1390166 seconds
Number of updated asset objects reloaded before import = 0Number of asset objects unloaded after import = 33

========================================================================
Received Import Request.
  Time since last request: 0.000063 seconds.
  path: Assets/Polygon Arsenal/Prefabs/Interactive/Healing/HealOnce.prefab
  artifactKey: Guid(6415f946f87d42f408f61c846221beb6) Importer(2089858483,192608db42251d675da83286b1cce702)
Start importing Assets/Polygon Arsenal/Prefabs/Interactive/Healing/HealOnce.prefab using Guid(6415f946f87d42f408f61c846221beb6) Importer(2089858483,192608db42251d675da83286b1cce702) (ScriptedImporter) -> (artifact id: '47d6a5f9ecad1f3cc14841c891bc6a8c') in 0.145322 seconds
Number of updated asset objects reloaded before import = 0Number of asset objects unloaded after import = 25

========================================================================
Received Import Request.
  Time since last request: 0.000044 seconds.
  path: Assets/PolygonSciFiSpace/Models/Collision/Convex/SM_Bld_Bridge_Console_Corner_01_Convex.asset
  artifactKey: Guid(b5d7ac9e5c022a44080136fcd9295a30) Importer(2089858483,192608db42251d675da83286b1cce702)
Start importing Assets/PolygonSciFiSpace/Models/Collision/Convex/SM_Bld_Bridge_Console_Corner_01_Convex.asset using Guid(b5d7ac9e5c022a44080136fcd9295a30) Importer(2089858483,192608db42251d675da83286b1cce702) (ScriptedImporter) -> (artifact id: '95edd8040591c6ee1c7456a901c4f118') in 0.011025 seconds
Number of updated asset objects reloaded before import = 0Number of asset objects unloaded after import = 1

========================================================================
Received Import Request.
  Time since last request: 0.000039 seconds.
  path: Assets/Polygon Arsenal/Prefabs/Interactive/Sparkle/SparkleBlue.prefab
  artifactKey: Guid(1b89428b4e0d6c74da285ba5df996417) Importer(2089858483,192608db42251d675da83286b1cce702)
Start importing Assets/Polygon Arsenal/Prefabs/Interactive/Sparkle/SparkleBlue.prefab using Guid(1b89428b4e0d6c74da285ba5df996417) Importer(2089858483,192608db42251d675da83286b1cce702) (ScriptedImporter) -> (artifact id: '2dbcc8296ea4299f35b80b758b66c115') in 0.0995084 seconds
Number of updated asset objects reloaded before import = 0Number of asset objects unloaded after import = 12

========================================================================
Received Import Request.
  Time since last request: 0.000026 seconds.
  path: Assets/Polygon Arsenal/Prefabs/Combat/Enchant/NatureEnchant.prefab
  artifactKey: Guid(9c8e62ed975281147b94ef81619d3f5a) Importer(2089858483,192608db42251d675da83286b1cce702)
Start importing Assets/Polygon Arsenal/Prefabs/Combat/Enchant/NatureEnchant.prefab using Guid(9c8e62ed975281147b94ef81619d3f5a) Importer(2089858483,192608db42251d675da83286b1cce702) (ScriptedImporter) -> (artifact id: '3343f3940ce009e13df5655b7c53ff66') in 0.1042772 seconds
Number of updated asset objects reloaded before import = 0Number of asset objects unloaded after import = 21

========================================================================
Received Import Request.
  Time since last request: 0.000047 seconds.
  path: Assets/PolygonSciFiSpace/Models/Collision/Convex/SM_Bld_Corridor_Single_Arch_03_Convex.asset
  artifactKey: Guid(53edd1e2670da8b4cb56f94c12d3ea54) Importer(2089858483,192608db42251d675da83286b1cce702)
Start importing Assets/PolygonSciFiSpace/Models/Collision/Convex/SM_Bld_Corridor_Single_Arch_03_Convex.asset using Guid(53edd1e2670da8b4cb56f94c12d3ea54) Importer(2089858483,192608db42251d675da83286b1cce702) (ScriptedImporter) -> (artifact id: '6f9ddd513693d5ce21d2e3a546d6194e') in 0.0088718 seconds
Number of updated asset objects reloaded before import = 0Number of asset objects unloaded after import = 1

========================================================================
Received Import Request.
  Time since last request: 0.000046 seconds.
  path: Assets/PolygonSciFiSpace/Models/Collision/Convex/SM_Bld_Ceiling_03_Convex.asset
  artifactKey: Guid(b3451cd0f27f27c498d1f1d13f32ce92) Importer(2089858483,192608db42251d675da83286b1cce702)
Start importing Assets/PolygonSciFiSpace/Models/Collision/Convex/SM_Bld_Ceiling_03_Convex.asset using Guid(b3451cd0f27f27c498d1f1d13f32ce92) Importer(2089858483,192608db42251d675da83286b1cce702) (ScriptedImporter) -> (artifact id: '8352be0caa44b0456997d40faecd46cc') in 0.0091575 seconds
Number of updated asset objects reloaded before import = 0Number of asset objects unloaded after import = 1

========================================================================
Received Import Request.
  Time since last request: 0.000041 seconds.
  path: Assets/PolygonSciFiSpace/Models/Collision/Convex/SM_Bld_Wall_02_Convex 1.asset
  artifactKey: Guid(40f47d1391ab47140968e485dcd64dc4) Importer(2089858483,192608db42251d675da83286b1cce702)
Start importing Assets/PolygonSciFiSpace/Models/Collision/Convex/SM_Bld_Wall_02_Convex 1.asset using Guid(40f47d1391ab47140968e485dcd64dc4) Importer(2089858483,192608db42251d675da83286b1cce702) (ScriptedImporter) -> (artifact id: 'd534b78be22adb9ba197d895b70dd7fc') in 0.011947 seconds
Number of updated asset objects reloaded before import = 0Number of asset objects unloaded after import = 3

========================================================================
Received Import Request.
  Time since last request: 0.000032 seconds.
  path: Assets/PolygonSciFiSpace/Models/Collision/Convex/SM_Bld_Ceiling_Pipe_Junction_01_Convex.asset
  artifactKey: Guid(0266bf8f4d331244784833cd79b5ebdc) Importer(2089858483,192608db42251d675da83286b1cce702)
Start importing Assets/PolygonSciFiSpace/Models/Collision/Convex/SM_Bld_Ceiling_Pipe_Junction_01_Convex.asset using Guid(0266bf8f4d331244784833cd79b5ebdc) Importer(2089858483,192608db42251d675da83286b1cce702) (ScriptedImporter) -> (artifact id: '59f9190c571a670588402870ca351011') in 0.013735 seconds
Number of updated asset objects reloaded before import = 0Number of asset objects unloaded after import = 1

========================================================================
Received Import Request.
  Time since last request: 0.000032 seconds.
  path: Assets/PolygonSciFiSpace/Models/Collision/Convex/SM_Bld_Floor_Small_Hand_Rail_End_01_Convex.asset
  artifactKey: Guid(80bca22140bd89a479470529cc03862d) Importer(2089858483,192608db42251d675da83286b1cce702)
Start importing Assets/PolygonSciFiSpace/Models/Collision/Convex/SM_Bld_Floor_Small_Hand_Rail_End_01_Convex.asset using Guid(80bca22140bd89a479470529cc03862d) Importer(2089858483,192608db42251d675da83286b1cce702) (ScriptedImporter) -> (artifact id: 'bec528b0faca888667147346f252f023') in 0.0094425 seconds
Number of updated asset objects reloaded before import = 0Number of asset objects unloaded after import = 1

========================================================================
Received Import Request.
  Time since last request: 0.000048 seconds.
  path: Assets/PolygonSciFiSpace/Models/Collision/Convex/SM_Bld_Floor_02_Convex.asset
  artifactKey: Guid(5f8bb32f3f954364ebde9ed4e5546f27) Importer(2089858483,192608db42251d675da83286b1cce702)
Start importing Assets/PolygonSciFiSpace/Models/Collision/Convex/SM_Bld_Floor_02_Convex.asset using Guid(5f8bb32f3f954364ebde9ed4e5546f27) Importer(2089858483,192608db42251d675da83286b1cce702) (ScriptedImporter) -> (artifact id: '0d913175eb46cdef9179aaa3e7cecec7') in 0.0118578 seconds
Number of updated asset objects reloaded before import = 0Number of asset objects unloaded after import = 1

========================================================================
Received Import Request.
  Time since last request: 0.000029 seconds.
  path: Assets/PolygonSciFiSpace/Models/Collision/Convex/SM_Bld_Ceiling_Pipes_Straight_Broken_01_Convex.asset
  artifactKey: Guid(93b3dbb249766004facf23ad02c4e685) Importer(2089858483,192608db42251d675da83286b1cce702)
Start importing Assets/PolygonSciFiSpace/Models/Collision/Convex/SM_Bld_Ceiling_Pipes_Straight_Broken_01_Convex.asset using Guid(93b3dbb249766004facf23ad02c4e685) Importer(2089858483,192608db42251d675da83286b1cce702) (ScriptedImporter) -> (artifact id: '97dda2f50b15bf589f9a8bfe95371ad1') in 0.0154348 seconds
Number of updated asset objects reloaded before import = 0Number of asset objects unloaded after import = 1

========================================================================
Received Import Request.
  Time since last request: 0.000036 seconds.
  path: Assets/PolygonSciFiSpace/Models/Collision/Convex/SM_Bld_Corridor_Double_Arch_01_Convex.asset
  artifactKey: Guid(1836325b886c82144b3d09d4a8e8bc77) Importer(2089858483,192608db42251d675da83286b1cce702)
Start importing Assets/PolygonSciFiSpace/Models/Collision/Convex/SM_Bld_Corridor_Double_Arch_01_Convex.asset using Guid(1836325b886c82144b3d09d4a8e8bc77) Importer(2089858483,192608db42251d675da83286b1cce702) (ScriptedImporter) -> (artifact id: 'bb2cceb48c3f36267979668e6b14cf2f') in 0.0112129 seconds
Number of updated asset objects reloaded before import = 0Number of asset objects unloaded after import = 1

========================================================================
Received Import Request.
  Time since last request: 0.000026 seconds.
  path: Assets/PolygonSciFiSpace/Models/Collision/Convex/SM_Bld_Crew_Shower_01_Convex.asset
  artifactKey: Guid(062b800a97b44764c93c0a1769cdedb6) Importer(2089858483,192608db42251d675da83286b1cce702)
Start importing Assets/PolygonSciFiSpace/Models/Collision/Convex/SM_Bld_Crew_Shower_01_Convex.asset using Guid(062b800a97b44764c93c0a1769cdedb6) Importer(2089858483,192608db42251d675da83286b1cce702) (ScriptedImporter) -> (artifact id: '9c153e1a589f60ee5555251a079141a0') in 0.0084474 seconds
Number of updated asset objects reloaded before import = 0Number of asset objects unloaded after import = 1

========================================================================
Received Import Request.
  Time since last request: 0.000060 seconds.
  path: Assets/PolygonSciFiSpace/Models/Collision/Convex/SM_Bld_Lift_01_Convex.asset
  artifactKey: Guid(1c5db4f7de263ad4ca2a8e690298190c) Importer(2089858483,192608db42251d675da83286b1cce702)
Start importing Assets/PolygonSciFiSpace/Models/Collision/Convex/SM_Bld_Lift_01_Convex.asset using Guid(1c5db4f7de263ad4ca2a8e690298190c) Importer(2089858483,192608db42251d675da83286b1cce702) (ScriptedImporter) -> (artifact id: '57ce3b41945aed3a52d6b2560c198671') in 0.0083466 seconds
Number of updated asset objects reloaded before import = 0Number of asset objects unloaded after import = 1

========================================================================
Received Import Request.
  Time since last request: 0.000024 seconds.
  path: Assets/PolygonSciFiSpace/Models/Collision/Convex/SM_Bld_Floor_Small_07_Convex.asset
  artifactKey: Guid(a6f88e8723d7b9c4eb301d69ec01142b) Importer(2089858483,192608db42251d675da83286b1cce702)
Start importing Assets/PolygonSciFiSpace/Models/Collision/Convex/SM_Bld_Floor_Small_07_Convex.asset using Guid(a6f88e8723d7b9c4eb301d69ec01142b) Importer(2089858483,192608db42251d675da83286b1cce702) (ScriptedImporter) -> (artifact id: '822157a634dc09cf4c296368a4b438b5') in 0.0090129 seconds
Number of updated asset objects reloaded before import = 0Number of asset objects unloaded after import = 1

========================================================================
Received Import Request.
  Time since last request: 0.000037 seconds.
  path: Assets/PolygonSciFiSpace/Models/Collision/Convex/SM_Bld_Bridge_Walls_01_Convex.asset
  artifactKey: Guid(994609fc91555e34e9eaaccac55a1073) Importer(2089858483,192608db42251d675da83286b1cce702)
Start importing Assets/PolygonSciFiSpace/Models/Collision/Convex/SM_Bld_Bridge_Walls_01_Convex.asset using Guid(994609fc91555e34e9eaaccac55a1073) Importer(2089858483,192608db42251d675da83286b1cce702) (ScriptedImporter) -> (artifact id: '727f8466238d1b4aed861c79d675fc46') in 0.0081657 seconds
Number of updated asset objects reloaded before import = 0Number of asset objects unloaded after import = 1

========================================================================
Received Import Request.
  Time since last request: 0.000027 seconds.
  path: Assets/PolygonSciFiSpace/Models/Collision/Convex/SM_Bld_Bridge_Platform_01_Convex.asset
  artifactKey: Guid(f0f5bf7cd47ed2840b0ad2dca2d37354) Importer(2089858483,192608db42251d675da83286b1cce702)
Start importing Assets/PolygonSciFiSpace/Models/Collision/Convex/SM_Bld_Bridge_Platform_01_Convex.asset using Guid(f0f5bf7cd47ed2840b0ad2dca2d37354) Importer(2089858483,192608db42251d675da83286b1cce702) (ScriptedImporter) -> (artifact id: '8ca8b5fdb543060c57c5204af05e7192') in 0.0092137 seconds
Number of updated asset objects reloaded before import = 0Number of asset objects unloaded after import = 1

========================================================================
Received Import Request.
  Time since last request: 0.000050 seconds.
  path: Assets/PolygonSciFiSpace/Models/Collision/Convex/SM_Bld_Wall_Corner_Pillar_01_Convex 1.asset
  artifactKey: Guid(3431d2d22f0c7e942a8074b1e6a2d78f) Importer(2089858483,192608db42251d675da83286b1cce702)
Start importing Assets/PolygonSciFiSpace/Models/Collision/Convex/SM_Bld_Wall_Corner_Pillar_01_Convex 1.asset using Guid(3431d2d22f0c7e942a8074b1e6a2d78f) Importer(2089858483,192608db42251d675da83286b1cce702) (ScriptedImporter) -> (artifact id: '88c3cf6da58104a74215e866cff9f3b1') in 0.0150161 seconds
Number of updated asset objects reloaded before import = 0Number of asset objects unloaded after import = 2

========================================================================
Received Import Request.
  Time since last request: 0.000024 seconds.
  path: Assets/PolygonSciFiSpace/Models/Collision/Convex/SM_Bld_Roof_Exterior_02_Convex.asset
  artifactKey: Guid(4fd7f20b9dbcde946afc0b505b831a92) Importer(2089858483,192608db42251d675da83286b1cce702)
Start importing Assets/PolygonSciFiSpace/Models/Collision/Convex/SM_Bld_Roof_Exterior_02_Convex.asset using Guid(4fd7f20b9dbcde946afc0b505b831a92) Importer(2089858483,192608db42251d675da83286b1cce702) (ScriptedImporter) -> (artifact id: '9868d703fabb52e764c513394892f6d4') in 0.0100546 seconds
Number of updated asset objects reloaded before import = 0Number of asset objects unloaded after import = 1

========================================================================
Received Import Request.
  Time since last request: 0.000030 seconds.
  path: Assets/PolygonSciFiSpace/Models/Collision/Convex/SM_Bld_Floor_Large_Walkway_02_Convex.asset
  artifactKey: Guid(adf47dcb4ecc69747a36a2f37997fcb7) Importer(2089858483,192608db42251d675da83286b1cce702)
Start importing Assets/PolygonSciFiSpace/Models/Collision/Convex/SM_Bld_Floor_Large_Walkway_02_Convex.asset using Guid(adf47dcb4ecc69747a36a2f37997fcb7) Importer(2089858483,192608db42251d675da83286b1cce702) (ScriptedImporter) -> (artifact id: 'b1c75a6b65b8996546e1574633254e2e') in 0.0153346 seconds
Number of updated asset objects reloaded before import = 0Number of asset objects unloaded after import = 1

========================================================================
Received Import Request.
  Time since last request: 0.000038 seconds.
  path: Assets/PolygonSciFiSpace/Models/Collision/Convex/SM_Bld_Wall_04_Convex.asset
  artifactKey: Guid(84fc0fdf966f79646a91bd05a13d2f27) Importer(2089858483,192608db42251d675da83286b1cce702)
Start importing Assets/PolygonSciFiSpace/Models/Collision/Convex/SM_Bld_Wall_04_Convex.asset using Guid(84fc0fdf966f79646a91bd05a13d2f27) Importer(2089858483,192608db42251d675da83286b1cce702) (ScriptedImporter) -> (artifact id: '979dc05aed5eb86862fc068e4997cef2') in 0.0095524 seconds
Number of updated asset objects reloaded before import = 0Number of asset objects unloaded after import = 1

========================================================================
Received Import Request.
  Time since last request: 0.000049 seconds.
  path: Assets/PolygonSciFiSpace/Models/Collision/Convex/SM_Bld_Ceiling_Pipes_Turn_R_01_Convex.asset
  artifactKey: Guid(5c45d4d8258ba4b43b4f32a5e268842e) Importer(2089858483,192608db42251d675da83286b1cce702)
Start importing Assets/PolygonSciFiSpace/Models/Collision/Convex/SM_Bld_Ceiling_Pipes_Turn_R_01_Convex.asset using Guid(5c45d4d8258ba4b43b4f32a5e268842e) Importer(2089858483,192608db42251d675da83286b1cce702) (ScriptedImporter) -> (artifact id: '58659755580bd3c93bd9266ee3922d8b') in 0.0103742 seconds
Number of updated asset objects reloaded before import = 0Number of asset objects unloaded after import = 1

========================================================================
Received Import Request.
  Time since last request: 0.000027 seconds.
  path: Assets/Polygon Arsenal/Demo/Missile Prefabs/Proton/ProtonBlueOBJ.prefab
  artifactKey: Guid(9294e4757f430f9469719976d6c0ddfd) Importer(2089858483,192608db42251d675da83286b1cce702)
Start importing Assets/Polygon Arsenal/Demo/Missile Prefabs/Proton/ProtonBlueOBJ.prefab using Guid(9294e4757f430f9469719976d6c0ddfd) Importer(2089858483,192608db42251d675da83286b1cce702) (ScriptedImporter) -> (artifact id: '9323c564a230d99a2f3aee870f42c24d') in 0.0559004 seconds
Number of updated asset objects reloaded before import = 0Number of asset objects unloaded after import = 82

========================================================================
Received Import Request.
  Time since last request: 0.000043 seconds.
  path: Assets/Polygon Arsenal/Prefabs/Combat/Wall/WallShadow.prefab
  artifactKey: Guid(a8c843154dabeef459140e6eed9824e1) Importer(2089858483,192608db42251d675da83286b1cce702)
Start importing Assets/Polygon Arsenal/Prefabs/Combat/Wall/WallShadow.prefab using Guid(a8c843154dabeef459140e6eed9824e1) Importer(2089858483,192608db42251d675da83286b1cce702) (ScriptedImporter) -> (artifact id: 'b8b130ffc0373535cc4ea175a7f78f84') in 0.1391169 seconds
Number of updated asset objects reloaded before import = 0Number of asset objects unloaded after import = 16

========================================================================
Received Import Request.
  Time since last request: 0.000051 seconds.
  path: Assets/Polygon Arsenal/Demo/Demo Prefabs/Scene/DemoImpactFX.prefab
  artifactKey: Guid(5b9bb3076baf14345929345c1ef13d0c) Importer(2089858483,192608db42251d675da83286b1cce702)
Start importing Assets/Polygon Arsenal/Demo/Demo Prefabs/Scene/DemoImpactFX.prefab using Guid(5b9bb3076baf14345929345c1ef13d0c) Importer(2089858483,192608db42251d675da83286b1cce702) (ScriptedImporter) -> (artifact id: 'a56e096ac003741c5cc1f8f3294441f2') in 0.1200069 seconds
Number of updated asset objects reloaded before import = 0Number of asset objects unloaded after import = 13

========================================================================
Received Import Request.
  Time since last request: 0.000033 seconds.
  path: Assets/Polygon Arsenal/Prefabs/Combat/Nova/HolyNova.prefab
  artifactKey: Guid(d2f3cec10b80b5449919efee295cbb11) Importer(2089858483,192608db42251d675da83286b1cce702)
Start importing Assets/Polygon Arsenal/Prefabs/Combat/Nova/HolyNova.prefab using Guid(d2f3cec10b80b5449919efee295cbb11) Importer(2089858483,192608db42251d675da83286b1cce702) (ScriptedImporter) -> (artifact id: 'fd7de99033d8e033ea567dbac0ec1df3') in 0.1371939 seconds
Number of updated asset objects reloaded before import = 0Number of asset objects unloaded after import = 20

========================================================================
Received Import Request.
  Time since last request: 0.000046 seconds.
  path: Assets/Polygon Arsenal/Demo/Scenes/Environment/PolyFireflies.unity
  artifactKey: Guid(4f371ce6ded51b64b8e3e1ce38ef638d) Importer(2089858483,192608db42251d675da83286b1cce702)
Start importing Assets/Polygon Arsenal/Demo/Scenes/Environment/PolyFireflies.unity using Guid(4f371ce6ded51b64b8e3e1ce38ef638d) Importer(2089858483,192608db42251d675da83286b1cce702) (ScriptedImporter) -> (artifact id: 'd11991dfd286da8bc1f1385a503cad5b') in 0.0249383 seconds
Number of updated asset objects reloaded before import = 0Number of asset objects unloaded after import = 1

========================================================================
Received Import Request.
  Time since last request: 0.000044 seconds.
  path: Assets/PolygonSciFiSpace/Models/Collision/Convex/SM_Bld_Wall_01_Alt_Convex.asset
  artifactKey: Guid(9944508d41600f342823106147977066) Importer(2089858483,192608db42251d675da83286b1cce702)
Start importing Assets/PolygonSciFiSpace/Models/Collision/Convex/SM_Bld_Wall_01_Alt_Convex.asset using Guid(9944508d41600f342823106147977066) Importer(2089858483,192608db42251d675da83286b1cce702) (ScriptedImporter) -> (artifact id: 'cca2afdc05d18910cdf635b0564b8487') in 0.0147837 seconds
Number of updated asset objects reloaded before import = 0Number of asset objects unloaded after import = 1

========================================================================
Received Import Request.
  Time since last request: 0.000037 seconds.
  path: Assets/PolygonSciFiSpace/Models/Collision/Convex/SM_Bld_Wall_Corner_Pillar_Wide_04_Convex 2.asset
  artifactKey: Guid(bdd94b635f2deba4ca2638232a356dea) Importer(2089858483,192608db42251d675da83286b1cce702)
Start importing Assets/PolygonSciFiSpace/Models/Collision/Convex/SM_Bld_Wall_Corner_Pillar_Wide_04_Convex 2.asset using Guid(bdd94b635f2deba4ca2638232a356dea) Importer(2089858483,192608db42251d675da83286b1cce702) (ScriptedImporter) -> (artifact id: '91fc9be8f215658aa6f6377c7ade358b') in 0.0117992 seconds
Number of updated asset objects reloaded before import = 0Number of asset objects unloaded after import = 2

========================================================================
Received Import Request.
  Time since last request: 0.000033 seconds.
  path: Assets/PolygonSciFiSpace/Models/Collision/Convex/SM_Bld_Wall_Pillar_05_Convex.asset
  artifactKey: Guid(23502449a99420941a67346813f4215b) Importer(2089858483,192608db42251d675da83286b1cce702)
Start importing Assets/PolygonSciFiSpace/Models/Collision/Convex/SM_Bld_Wall_Pillar_05_Convex.asset using Guid(23502449a99420941a67346813f4215b) Importer(2089858483,192608db42251d675da83286b1cce702) (ScriptedImporter) -> (artifact id: 'b275ee6f9c8d8322599cf4031a1b7806') in 0.012348 seconds
Number of updated asset objects reloaded before import = 0Number of asset objects unloaded after import = 1

========================================================================
Received Import Request.
  Time since last request: 0.000037 seconds.
  path: Assets/PolygonSciFiSpace/Models/Collision/Convex/SM_Bld_Wall_Pillar_01_Convex.asset
  artifactKey: Guid(33cd65267bdffed4f8984567691c8e4e) Importer(2089858483,192608db42251d675da83286b1cce702)
Start importing Assets/PolygonSciFiSpace/Models/Collision/Convex/SM_Bld_Wall_Pillar_01_Convex.asset using Guid(33cd65267bdffed4f8984567691c8e4e) Importer(2089858483,192608db42251d675da83286b1cce702) (ScriptedImporter) -> (artifact id: '9e1e6f6915339f27c2e2b8a5e48e2406') in 0.0091084 seconds
Number of updated asset objects reloaded before import = 0Number of asset objects unloaded after import = 1

========================================================================
Received Import Request.
  Time since last request: 0.000056 seconds.
  path: Assets/PolygonSciFiSpace/Models/Collision/Convex/SM_Bld_Wall_Pillar_06_Convex 2.asset
  artifactKey: Guid(6c4e5cb55f4fd604e90dcc945fb2157a) Importer(2089858483,192608db42251d675da83286b1cce702)
Start importing Assets/PolygonSciFiSpace/Models/Collision/Convex/SM_Bld_Wall_Pillar_06_Convex 2.asset using Guid(6c4e5cb55f4fd604e90dcc945fb2157a) Importer(2089858483,192608db42251d675da83286b1cce702) (ScriptedImporter) -> (artifact id: '48aff4a1f81e4fabd4834631c1677185') in 0.0144849 seconds
Number of updated asset objects reloaded before import = 0Number of asset objects unloaded after import = 2

========================================================================
Received Import Request.
  Time since last request: 0.000023 seconds.
  path: Assets/PolygonSciFiSpace/Models/Collision/Convex/SM_Prop_Bed_01_Convex.asset
  artifactKey: Guid(fc05883a5e9b6be4e86a0c4885dd21b1) Importer(2089858483,192608db42251d675da83286b1cce702)
Start importing Assets/PolygonSciFiSpace/Models/Collision/Convex/SM_Prop_Bed_01_Convex.asset using Guid(fc05883a5e9b6be4e86a0c4885dd21b1) Importer(2089858483,192608db42251d675da83286b1cce702) (ScriptedImporter) -> (artifact id: '7f2436fe05a9bf431cfa7d7007e36c80') in 0.0091031 seconds
Number of updated asset objects reloaded before import = 0Number of asset objects unloaded after import = 1

========================================================================
Received Import Request.
  Time since last request: 0.000028 seconds.
  path: Assets/PolygonSciFiSpace/Models/Collision/Convex/SM_Bld_Wall_Doorframe_Outer_01_Convex.asset
  artifactKey: Guid(af4fa2c5ebc98884fa050f8522e33333) Importer(2089858483,192608db42251d675da83286b1cce702)
Start importing Assets/PolygonSciFiSpace/Models/Collision/Convex/SM_Bld_Wall_Doorframe_Outer_01_Convex.asset using Guid(af4fa2c5ebc98884fa050f8522e33333) Importer(2089858483,192608db42251d675da83286b1cce702) (ScriptedImporter) -> (artifact id: 'a9d74467813344748009b70c2aa82539') in 0.0099474 seconds
Number of updated asset objects reloaded before import = 0Number of asset objects unloaded after import = 1

========================================================================
Received Import Request.
  Time since last request: 0.000037 seconds.
  path: Assets/PolygonSciFiSpace/Models/Collision/Convex/SM_Bld_Wall_Doorframe_Outer_02_Convex.asset
  artifactKey: Guid(a24e911bd2f265546afb929fc07fa9f8) Importer(2089858483,192608db42251d675da83286b1cce702)
Start importing Assets/PolygonSciFiSpace/Models/Collision/Convex/SM_Bld_Wall_Doorframe_Outer_02_Convex.asset using Guid(a24e911bd2f265546afb929fc07fa9f8) Importer(2089858483,192608db42251d675da83286b1cce702) (ScriptedImporter) -> (artifact id: 'f46c7ad0a7feae6605c0237f53967dd7') in 0.0109473 seconds
Number of updated asset objects reloaded before import = 0Number of asset objects unloaded after import = 1

========================================================================
Received Import Request.
  Time since last request: 0.000051 seconds.
  path: Assets/PolygonSciFiSpace/Models/Collision/Convex/SM_Bld_Wall_Pillar_02_Convex 1.asset
  artifactKey: Guid(ebb4074e6aa5fcc4c85eac44a2e3b2ec) Importer(2089858483,192608db42251d675da83286b1cce702)
Start importing Assets/PolygonSciFiSpace/Models/Collision/Convex/SM_Bld_Wall_Pillar_02_Convex 1.asset using Guid(ebb4074e6aa5fcc4c85eac44a2e3b2ec) Importer(2089858483,192608db42251d675da83286b1cce702) (ScriptedImporter) -> (artifact id: '111f39a3e067f36decb681b4b4c5c075') in 0.0097897 seconds
Number of updated asset objects reloaded before import = 0Number of asset objects unloaded after import = 1

========================================================================
Received Import Request.
  Time since last request: 0.000029 seconds.
  path: Assets/PolygonSciFiSpace/Models/Collision/Convex/SM_Bld_Wall_Exterior_02_Convex.asset
  artifactKey: Guid(77b7b7360301eb44a9d05dc25f2aecba) Importer(2089858483,192608db42251d675da83286b1cce702)
Start importing Assets/PolygonSciFiSpace/Models/Collision/Convex/SM_Bld_Wall_Exterior_02_Convex.asset using Guid(77b7b7360301eb44a9d05dc25f2aecba) Importer(2089858483,192608db42251d675da83286b1cce702) (ScriptedImporter) -> (artifact id: 'd3eac1195cfdd4c26dae63e790bbf6b6') in 0.0103629 seconds
Number of updated asset objects reloaded before import = 0Number of asset objects unloaded after import = 1

========================================================================
Received Import Request.
  Time since last request: 0.000032 seconds.
  path: Assets/PolygonSciFiSpace/Models/Collision/Convex/SM_Bld_Wall_Corner_Pillar_Wide_05_Convex.asset
  artifactKey: Guid(e1f697aea159ad04bae7b376987f38f9) Importer(2089858483,192608db42251d675da83286b1cce702)
Start importing Assets/PolygonSciFiSpace/Models/Collision/Convex/SM_Bld_Wall_Corner_Pillar_Wide_05_Convex.asset using Guid(e1f697aea159ad04bae7b376987f38f9) Importer(2089858483,192608db42251d675da83286b1cce702) (ScriptedImporter) -> (artifact id: 'e69eea7dc306f3c90d49d26d1b844886') in 0.0094813 seconds
Number of updated asset objects reloaded before import = 0Number of asset objects unloaded after import = 1

========================================================================
Received Import Request.
  Time since last request: 0.000034 seconds.
  path: Assets/PolygonSciFiSpace/Models/Collision/Convex/SM_Bld_Wall_Tube_01_Convex.asset
  artifactKey: Guid(4173a231ba11644479ac8e0ec352b0cf) Importer(2089858483,192608db42251d675da83286b1cce702)
Start importing Assets/PolygonSciFiSpace/Models/Collision/Convex/SM_Bld_Wall_Tube_01_Convex.asset using Guid(4173a231ba11644479ac8e0ec352b0cf) Importer(2089858483,192608db42251d675da83286b1cce702) (ScriptedImporter) -> (artifact id: 'd45c712fd83f157a6199b9c24e2bb188') in 0.0116711 seconds
Number of updated asset objects reloaded before import = 0Number of asset objects unloaded after import = 1

========================================================================
Received Import Request.
  Time since last request: 0.000052 seconds.
  path: Assets/PolygonSciFiSpace/Models/Collision/Convex/SM_Bld_Wall_Pillar_07_Convex 2.asset
  artifactKey: Guid(d1918ca8d7c769d4c93a8e796b8989d7) Importer(2089858483,192608db42251d675da83286b1cce702)
Start importing Assets/PolygonSciFiSpace/Models/Collision/Convex/SM_Bld_Wall_Pillar_07_Convex 2.asset using Guid(d1918ca8d7c769d4c93a8e796b8989d7) Importer(2089858483,192608db42251d675da83286b1cce702) (ScriptedImporter) -> (artifact id: 'd591a641da7fcc4ff302d6f09541df91') in 0.0147648 seconds
Number of updated asset objects reloaded before import = 0Number of asset objects unloaded after import = 2

========================================================================
Received Import Request.
  Time since last request: 0.000024 seconds.
  path: Assets/PolygonSciFiSpace/Models/Collision/Convex/SM_Bld_Wall_Pillar_03_Convex 3.asset
  artifactKey: Guid(99ec76d74dfa2a54594163a8c794a50f) Importer(2089858483,192608db42251d675da83286b1cce702)
Start importing Assets/PolygonSciFiSpace/Models/Collision/Convex/SM_Bld_Wall_Pillar_03_Convex 3.asset using Guid(99ec76d74dfa2a54594163a8c794a50f) Importer(2089858483,192608db42251d675da83286b1cce702) (ScriptedImporter) -> (artifact id: '871edd15e12f2880d9867e4d77574f31') in 0.0132264 seconds
Number of updated asset objects reloaded before import = 0Number of asset objects unloaded after import = 3

========================================================================
Received Import Request.
  Time since last request: 0.000024 seconds.
  path: Assets/PolygonSciFiSpace/Models/Collision/Convex/SM_Prop_Bed_03_Convex.asset
  artifactKey: Guid(64df5715338dd5a4f94263fb7b601ab8) Importer(2089858483,192608db42251d675da83286b1cce702)
Start importing Assets/PolygonSciFiSpace/Models/Collision/Convex/SM_Prop_Bed_03_Convex.asset using Guid(64df5715338dd5a4f94263fb7b601ab8) Importer(2089858483,192608db42251d675da83286b1cce702) (ScriptedImporter) -> (artifact id: '1747db4103d2f06bf17fe6bc3184893b') in 0.0095377 seconds
Number of updated asset objects reloaded before import = 0Number of asset objects unloaded after import = 1

========================================================================
Received Import Request.
  Time since last request: 0.000031 seconds.
  path: Assets/PolygonSciFiSpace/Models/Collision/Convex/SM_Prop_Battery_02_Convex.asset
  artifactKey: Guid(08120df7307664245a9b6624e5c6fe0a) Importer(2089858483,192608db42251d675da83286b1cce702)
Start importing Assets/PolygonSciFiSpace/Models/Collision/Convex/SM_Prop_Battery_02_Convex.asset using Guid(08120df7307664245a9b6624e5c6fe0a) Importer(2089858483,192608db42251d675da83286b1cce702) (ScriptedImporter) -> (artifact id: 'd9c4c19d2673a3df97fdec4bd0b6824c') in 0.0089089 seconds
Number of updated asset objects reloaded before import = 0Number of asset objects unloaded after import = 1

========================================================================
Received Import Request.
  Time since last request: 0.000048 seconds.
  path: Assets/PolygonSciFiSpace/Models/Collision/Convex/SM_Bld_Wall_Doorframe_03_Convex.asset
  artifactKey: Guid(3a8bc4f1726f49248869254144f73e06) Importer(2089858483,192608db42251d675da83286b1cce702)
Start importing Assets/PolygonSciFiSpace/Models/Collision/Convex/SM_Bld_Wall_Doorframe_03_Convex.asset using Guid(3a8bc4f1726f49248869254144f73e06) Importer(2089858483,192608db42251d675da83286b1cce702) (ScriptedImporter) -> (artifact id: '6bafb7b0a3b25382309a5bb75ffe57f2') in 0.010626 seconds
Number of updated asset objects reloaded before import = 0Number of asset objects unloaded after import = 1

========================================================================
Received Import Request.
  Time since last request: 0.000029 seconds.
  path: Assets/PolygonSciFiSpace/Models/Collision/Convex/SM_Env_Debris_Structure_03_Convex.asset
  artifactKey: Guid(9a2ef1b38adae0841a236ad5a6adf3de) Importer(2089858483,192608db42251d675da83286b1cce702)
Start importing Assets/PolygonSciFiSpace/Models/Collision/Convex/SM_Env_Debris_Structure_03_Convex.asset using Guid(9a2ef1b38adae0841a236ad5a6adf3de) Importer(2089858483,192608db42251d675da83286b1cce702) (ScriptedImporter) -> (artifact id: 'a1772e343cd3a6aade742715d10bd8e1') in 0.0090769 seconds
Number of updated asset objects reloaded before import = 0Number of asset objects unloaded after import = 1

========================================================================
Received Import Request.
  Time since last request: 0.000033 seconds.
  path: Assets/PolygonSciFiSpace/Models/Collision/Convex/SM_Bld_Wall_Pillar_01_Convex 2.asset
  artifactKey: Guid(47f40283329ac294492b79f6d4fc4ef8) Importer(2089858483,192608db42251d675da83286b1cce702)
Start importing Assets/PolygonSciFiSpace/Models/Collision/Convex/SM_Bld_Wall_Pillar_01_Convex 2.asset using Guid(47f40283329ac294492b79f6d4fc4ef8) Importer(2089858483,192608db42251d675da83286b1cce702) (ScriptedImporter) -> (artifact id: '2d6e0f395fcc4018a91f0ed683b499dc') in 0.0107248 seconds
Number of updated asset objects reloaded before import = 0Number of asset objects unloaded after import = 1

========================================================================
Received Import Request.
  Time since last request: 0.000039 seconds.
  path: Assets/PolygonSciFiSpace/Models/Collision/Convex/SM_Bld_Wall_Corner_Pillar_04_Convex 3.asset
  artifactKey: Guid(9c7c9cb730f9ee9418fd6628ba305dd7) Importer(2089858483,192608db42251d675da83286b1cce702)
Start importing Assets/PolygonSciFiSpace/Models/Collision/Convex/SM_Bld_Wall_Corner_Pillar_04_Convex 3.asset using Guid(9c7c9cb730f9ee9418fd6628ba305dd7) Importer(2089858483,192608db42251d675da83286b1cce702) (ScriptedImporter) -> (artifact id: 'd1536d6d65f88a9c4bed79797be45ed9') in 0.0211577 seconds
Number of updated asset objects reloaded before import = 0Number of asset objects unloaded after import = 3

========================================================================
Received Import Request.
  Time since last request: 0.000043 seconds.
  path: Assets/PolygonSciFiSpace/Models/Collision/Convex/SM_Env_Debris_Structure_02_Convex.asset
  artifactKey: Guid(3dad18cbe9e88284dbfbf12fece5eec8) Importer(2089858483,192608db42251d675da83286b1cce702)
Start importing Assets/PolygonSciFiSpace/Models/Collision/Convex/SM_Env_Debris_Structure_02_Convex.asset using Guid(3dad18cbe9e88284dbfbf12fece5eec8) Importer(2089858483,192608db42251d675da83286b1cce702) (ScriptedImporter) -> (artifact id: '8879322e5a4a6d1f68f5474ece3386fd') in 0.0133004 seconds
Number of updated asset objects reloaded before import = 0Number of asset objects unloaded after import = 1

========================================================================
Received Import Request.
  Time since last request: 0.000036 seconds.
  path: Assets/PolygonSciFiSpace/Models/Collision/Convex/SM_Bld_Wall_Pods_01_Convex 1.asset
  artifactKey: Guid(5fdf83c819a2c404e9bc52ee32d15d8a) Importer(2089858483,192608db42251d675da83286b1cce702)
Start importing Assets/PolygonSciFiSpace/Models/Collision/Convex/SM_Bld_Wall_Pods_01_Convex 1.asset using Guid(5fdf83c819a2c404e9bc52ee32d15d8a) Importer(2089858483,192608db42251d675da83286b1cce702) (ScriptedImporter) -> (artifact id: '522733f81c1754eec554b9a01d2e13ea') in 0.0121923 seconds
Number of updated asset objects reloaded before import = 0Number of asset objects unloaded after import = 1

========================================================================
Received Import Request.
  Time since last request: 0.000034 seconds.
  path: Assets/PolygonSciFiSpace/Models/Collision/Convex/SM_Bld_Wall_Corner_Pillar_Wide_01_Convex 2.asset
  artifactKey: Guid(b48d1f86f38a4664d9bdb27947e1efcb) Importer(2089858483,192608db42251d675da83286b1cce702)
Start importing Assets/PolygonSciFiSpace/Models/Collision/Convex/SM_Bld_Wall_Corner_Pillar_Wide_01_Convex 2.asset using Guid(b48d1f86f38a4664d9bdb27947e1efcb) Importer(2089858483,192608db42251d675da83286b1cce702) (ScriptedImporter) -> (artifact id: '8cc67be0efd1efa9d4a99d3d3e24898c') in 0.0253391 seconds
Number of updated asset objects reloaded before import = 0Number of asset objects unloaded after import = 3

========================================================================
Received Import Request.
  Time since last request: 0.000039 seconds.
  path: Assets/PolygonSciFiSpace/Models/Collision/Convex/SM_Bld_Wall_Corner_Pillar_Wide_02_Convex 2.asset
  artifactKey: Guid(9c01fab2d7988f946b2fc04b391bfcce) Importer(2089858483,192608db42251d675da83286b1cce702)
Start importing Assets/PolygonSciFiSpace/Models/Collision/Convex/SM_Bld_Wall_Corner_Pillar_Wide_02_Convex 2.asset using Guid(9c01fab2d7988f946b2fc04b391bfcce) Importer(2089858483,192608db42251d675da83286b1cce702) (ScriptedImporter) -> (artifact id: '8cc312321c407fd36b724ca95efb573e') in 0.0144453 seconds
Number of updated asset objects reloaded before import = 0Number of asset objects unloaded after import = 2

========================================================================
Received Import Request.
  Time since last request: 0.000045 seconds.
  path: Assets/Polygon Arsenal/Demo/Missile Prefabs/Lightning/LightningMissilePinkOBJ.prefab
  artifactKey: Guid(77390ac2d09481045b2f4a250e2f038d) Importer(2089858483,192608db42251d675da83286b1cce702)
Start importing Assets/Polygon Arsenal/Demo/Missile Prefabs/Lightning/LightningMissilePinkOBJ.prefab using Guid(77390ac2d09481045b2f4a250e2f038d) Importer(2089858483,192608db42251d675da83286b1cce702) (ScriptedImporter) -> (artifact id: 'cf665e45f2b24766dfbd7bd61307fea3') in 0.052694 seconds
Number of updated asset objects reloaded before import = 0Number of asset objects unloaded after import = 61

========================================================================
Received Import Request.
  Time since last request: 0.000036 seconds.
  path: Assets/PolygonSciFiSpace/Models/Collision/Convex/SM_Prop_CenterTube_01_Convex.asset
  artifactKey: Guid(1a09ba3aa442ad44c9216d16d9567cdf) Importer(2089858483,192608db42251d675da83286b1cce702)
Start importing Assets/PolygonSciFiSpace/Models/Collision/Convex/SM_Prop_CenterTube_01_Convex.asset using Guid(1a09ba3aa442ad44c9216d16d9567cdf) Importer(2089858483,192608db42251d675da83286b1cce702) (ScriptedImporter) -> (artifact id: '4f281b6e32aaf45f54f52360cd447e19') in 0.0081427 seconds
Number of updated asset objects reloaded before import = 0Number of asset objects unloaded after import = 1

========================================================================
Received Import Request.
  Time since last request: 0.000037 seconds.
  path: Assets/PolygonSciFiSpace/Models/Collision/Convex/SM_Prop_Buttons_05_Convex.asset
  artifactKey: Guid(48c70c9b62c2cbd4a9d70a8143c65b4b) Importer(2089858483,192608db42251d675da83286b1cce702)
Start importing Assets/PolygonSciFiSpace/Models/Collision/Convex/SM_Prop_Buttons_05_Convex.asset using Guid(48c70c9b62c2cbd4a9d70a8143c65b4b) Importer(2089858483,192608db42251d675da83286b1cce702) (ScriptedImporter) -> (artifact id: 'eaae7e14885044f4e7d7ab4d1d9da2e7') in 0.0174341 seconds
Number of updated asset objects reloaded before import = 0Number of asset objects unloaded after import = 1

========================================================================
Received Import Request.
  Time since last request: 0.000063 seconds.
  path: Assets/PolygonSciFiSpace/Models/Collision/Convex/SM_Prop_Detail_Panel_01_Convex.asset
  artifactKey: Guid(789087e9126dcfa4b8167f6d81243c4c) Importer(2089858483,192608db42251d675da83286b1cce702)
Start importing Assets/PolygonSciFiSpace/Models/Collision/Convex/SM_Prop_Detail_Panel_01_Convex.asset using Guid(789087e9126dcfa4b8167f6d81243c4c) Importer(2089858483,192608db42251d675da83286b1cce702) (ScriptedImporter) -> (artifact id: '051836012cfa489649e5f272255a48b3') in 0.0143706 seconds
Number of updated asset objects reloaded before import = 0Number of asset objects unloaded after import = 1

========================================================================
Received Import Request.
  Time since last request: 0.000038 seconds.
  path: Assets/PolygonSciFiSpace/Models/Collision/Convex/SM_Prop_Detail_Pipe_Straight_01_Convex.asset
  artifactKey: Guid(324d689aa012b7349b3ead8f6a863f4a) Importer(2089858483,192608db42251d675da83286b1cce702)
Start importing Assets/PolygonSciFiSpace/Models/Collision/Convex/SM_Prop_Detail_Pipe_Straight_01_Convex.asset using Guid(324d689aa012b7349b3ead8f6a863f4a) Importer(2089858483,192608db42251d675da83286b1cce702) (ScriptedImporter) -> (artifact id: 'b54008f4a9f8d8d159431e50e874cf5a') in 0.0096448 seconds
Number of updated asset objects reloaded before import = 0Number of asset objects unloaded after import = 1

========================================================================
Received Import Request.
  Time since last request: 0.000037 seconds.
  path: Assets/PolygonSciFiSpace/Models/Collision/Convex/SM_Prop_Crate_health_02_Convex.asset
  artifactKey: Guid(422d391cc4bef1f4685de1a23cb78a6f) Importer(2089858483,192608db42251d675da83286b1cce702)
Start importing Assets/PolygonSciFiSpace/Models/Collision/Convex/SM_Prop_Crate_health_02_Convex.asset using Guid(422d391cc4bef1f4685de1a23cb78a6f) Importer(2089858483,192608db42251d675da83286b1cce702) (ScriptedImporter) -> (artifact id: 'd1df046de51b73891f28b5eedb58ffe5') in 0.0090683 seconds
Number of updated asset objects reloaded before import = 0Number of asset objects unloaded after import = 1

========================================================================
Received Import Request.
  Time since last request: 0.000039 seconds.
  path: Assets/PolygonSciFiSpace/Models/Collision/Convex/SM_Prop_Chr_Female_Cryo_01_Convex.asset
  artifactKey: Guid(954865e3ec51af048a5a19c409c079b5) Importer(2089858483,192608db42251d675da83286b1cce702)
Start importing Assets/PolygonSciFiSpace/Models/Collision/Convex/SM_Prop_Chr_Female_Cryo_01_Convex.asset using Guid(954865e3ec51af048a5a19c409c079b5) Importer(2089858483,192608db42251d675da83286b1cce702) (ScriptedImporter) -> (artifact id: 'bb2b795b6a8ddc635a64a655f8c88635') in 0.0121321 seconds
Number of updated asset objects reloaded before import = 0Number of asset objects unloaded after import = 1

========================================================================
Received Import Request.
  Time since last request: 0.000047 seconds.
  path: Assets/PolygonSciFiSpace/Models/Collision/Convex/SM_Prop_DeadZub_01_Convex.asset
  artifactKey: Guid(9df5e291992cd2a469baee0ed3e589e2) Importer(2089858483,192608db42251d675da83286b1cce702)
Start importing Assets/PolygonSciFiSpace/Models/Collision/Convex/SM_Prop_DeadZub_01_Convex.asset using Guid(9df5e291992cd2a469baee0ed3e589e2) Importer(2089858483,192608db42251d675da83286b1cce702) (ScriptedImporter) -> (artifact id: '4ee1062b7cf65f116834961cb9e6c861') in 0.0139338 seconds
Number of updated asset objects reloaded before import = 0Number of asset objects unloaded after import = 1

========================================================================
Received Import Request.
  Time since last request: 0.000055 seconds.
  path: Assets/PolygonSciFiSpace/Models/Collision/Convex/SM_Prop_FoodPacket_04_Convex.asset
  artifactKey: Guid(63b23645b92fca94bae9bb5ce55cc038) Importer(2089858483,192608db42251d675da83286b1cce702)
Start importing Assets/PolygonSciFiSpace/Models/Collision/Convex/SM_Prop_FoodPacket_04_Convex.asset using Guid(63b23645b92fca94bae9bb5ce55cc038) Importer(2089858483,192608db42251d675da83286b1cce702) (ScriptedImporter) -> (artifact id: '9ccc2f907259358de04aa8f219aaf042') in 0.0142123 seconds
Number of updated asset objects reloaded before import = 0Number of asset objects unloaded after import = 1

========================================================================
Received Import Request.
  Time since last request: 0.000036 seconds.
  path: Assets/PolygonSciFiSpace/Models/Collision/Convex/SM_Prop_Detail_Box_06_Convex.asset
  artifactKey: Guid(aad9a2ea4ebb4f44785c72ff744e0eb5) Importer(2089858483,192608db42251d675da83286b1cce702)
Start importing Assets/PolygonSciFiSpace/Models/Collision/Convex/SM_Prop_Detail_Box_06_Convex.asset using Guid(aad9a2ea4ebb4f44785c72ff744e0eb5) Importer(2089858483,192608db42251d675da83286b1cce702) (ScriptedImporter) -> (artifact id: '36470c868482fc7dfdaa008262df0f0f') in 0.0111296 seconds
Number of updated asset objects reloaded before import = 0Number of asset objects unloaded after import = 1

========================================================================
Received Import Request.
  Time since last request: 0.000065 seconds.
  path: Assets/PolygonSciFiSpace/Models/Collision/Convex/SM_Prop_Desk_End_01_Convex.asset
  artifactKey: Guid(226c2712e7b090940b699f9ef2d7aa81) Importer(2089858483,192608db42251d675da83286b1cce702)
Start importing Assets/PolygonSciFiSpace/Models/Collision/Convex/SM_Prop_Desk_End_01_Convex.asset using Guid(226c2712e7b090940b699f9ef2d7aa81) Importer(2089858483,192608db42251d675da83286b1cce702) (ScriptedImporter) -> (artifact id: '8065a2c5e519a52c8c1f96add4957e50') in 0.0117287 seconds
Number of updated asset objects reloaded before import = 0Number of asset objects unloaded after import = 1

========================================================================
Received Import Request.
  Time since last request: 0.000053 seconds.
  path: Assets/PolygonSciFiSpace/Models/Collision/Convex/SM_Prop_CornerTable_01_Convex.asset
  artifactKey: Guid(c610277849c0b454f98b183910801cbc) Importer(2089858483,192608db42251d675da83286b1cce702)
Start importing Assets/PolygonSciFiSpace/Models/Collision/Convex/SM_Prop_CornerTable_01_Convex.asset using Guid(c610277849c0b454f98b183910801cbc) Importer(2089858483,192608db42251d675da83286b1cce702) (ScriptedImporter) -> (artifact id: '112f95545cf9067b4158e776107b5a2a') in 0.0118569 seconds
Number of updated asset objects reloaded before import = 0Number of asset objects unloaded after import = 1

========================================================================
Received Import Request.
  Time since last request: 0.000029 seconds.
  path: Assets/PolygonSciFiSpace/Models/Collision/Convex/SM_Prop_ControlPanel_01_Convex.asset
  artifactKey: Guid(a85bf393eb2442e4bb50dc03b2a67d27) Importer(2089858483,192608db42251d675da83286b1cce702)
Start importing Assets/PolygonSciFiSpace/Models/Collision/Convex/SM_Prop_ControlPanel_01_Convex.asset using Guid(a85bf393eb2442e4bb50dc03b2a67d27) Importer(2089858483,192608db42251d675da83286b1cce702) (ScriptedImporter) -> (artifact id: '2c807f3f2d19a86c44cc6680d7790806') in 0.0138968 seconds
Number of updated asset objects reloaded before import = 0Number of asset objects unloaded after import = 1

========================================================================
Received Import Request.
  Time since last request: 0.000038 seconds.
  path: Assets/PolygonSciFiSpace/Models/Collision/Convex/SM_Prop_Buttons_09_Convex.asset
  artifactKey: Guid(fddb0d5fefe5eb143a1fd3bcda466391) Importer(2089858483,192608db42251d675da83286b1cce702)
Start importing Assets/PolygonSciFiSpace/Models/Collision/Convex/SM_Prop_Buttons_09_Convex.asset using Guid(fddb0d5fefe5eb143a1fd3bcda466391) Importer(2089858483,192608db42251d675da83286b1cce702) (ScriptedImporter) -> (artifact id: '19cad2778868d9e0ba4060cf04f94c91') in 0.0112464 seconds
Number of updated asset objects reloaded before import = 0Number of asset objects unloaded after import = 1

========================================================================
Received Import Request.
  Time since last request: 0.000056 seconds.
  path: Assets/PolygonSciFiSpace/Models/Collision/Convex/SM_Prop_Detail_Keypad_01_Convex.asset
  artifactKey: Guid(7f65918ae5598514b981022762119733) Importer(2089858483,192608db42251d675da83286b1cce702)
Start importing Assets/PolygonSciFiSpace/Models/Collision/Convex/SM_Prop_Detail_Keypad_01_Convex.asset using Guid(7f65918ae5598514b981022762119733) Importer(2089858483,192608db42251d675da83286b1cce702) (ScriptedImporter) -> (artifact id: 'd4eaf512c5a7b81265cee3a7c53af2bf') in 0.0133754 seconds
Number of updated asset objects reloaded before import = 0Number of asset objects unloaded after import = 1

========================================================================
Received Import Request.
  Time since last request: 0.000038 seconds.
  path: Assets/PolygonSciFiSpace/Models/Collision/Convex/SM_Prop_Detail_Wirebox_01_Convex.asset
  artifactKey: Guid(e255317e3936b3342a8644b6e8fbd069) Importer(2089858483,192608db42251d675da83286b1cce702)
Start importing Assets/PolygonSciFiSpace/Models/Collision/Convex/SM_Prop_Detail_Wirebox_01_Convex.asset using Guid(e255317e3936b3342a8644b6e8fbd069) Importer(2089858483,192608db42251d675da83286b1cce702) (ScriptedImporter) -> (artifact id: '5daddbfb71d90fbc5229bef1c0db9686') in 0.0433576 seconds
Number of updated asset objects reloaded before import = 0Number of asset objects unloaded after import = 1

========================================================================
Received Import Request.
  Time since last request: 0.000038 seconds.
  path: Assets/PolygonSciFiSpace/Models/Collision/Convex/SM_Prop_Detail_Wire_02_Convex.asset
  artifactKey: Guid(237a78cfe8f34cf489a203ed3fe3f184) Importer(2089858483,192608db42251d675da83286b1cce702)
Start importing Assets/PolygonSciFiSpace/Models/Collision/Convex/SM_Prop_Detail_Wire_02_Convex.asset using Guid(237a78cfe8f34cf489a203ed3fe3f184) Importer(2089858483,192608db42251d675da83286b1cce702) (ScriptedImporter) -> (artifact id: 'dc348b37fcaf9ed1207b9a027227d531') in 0.0134652 seconds
Number of updated asset objects reloaded before import = 0Number of asset objects unloaded after import = 1

========================================================================
Received Import Request.
  Time since last request: 0.000074 seconds.
  path: Assets/PolygonSciFiSpace/Models/Collision/Convex/SM_Prop_Crate_Ammo_02_Convex.asset
  artifactKey: Guid(20c3b5313c8dafb47ba8d805d3b437cd) Importer(2089858483,192608db42251d675da83286b1cce702)
Start importing Assets/PolygonSciFiSpace/Models/Collision/Convex/SM_Prop_Crate_Ammo_02_Convex.asset using Guid(20c3b5313c8dafb47ba8d805d3b437cd) Importer(2089858483,192608db42251d675da83286b1cce702) (ScriptedImporter) -> (artifact id: '0a56caa3aa576d46b8cffcbc2a096a34') in 0.0136071 seconds
Number of updated asset objects reloaded before import = 0Number of asset objects unloaded after import = 1

========================================================================
Received Import Request.
  Time since last request: 0.000030 seconds.
  path: Assets/PolygonSciFiSpace/Models/Collision/Convex/SM_Prop_Detail_CeilingBox_01_Convex.asset
  artifactKey: Guid(7cfad0ec1aa916748848c2949cc46b8d) Importer(2089858483,192608db42251d675da83286b1cce702)
Start importing Assets/PolygonSciFiSpace/Models/Collision/Convex/SM_Prop_Detail_CeilingBox_01_Convex.asset using Guid(7cfad0ec1aa916748848c2949cc46b8d) Importer(2089858483,192608db42251d675da83286b1cce702) (ScriptedImporter) -> (artifact id: 'f36b831eb18b7c2192f2187cdfaffbe4') in 0.0108187 seconds
Number of updated asset objects reloaded before import = 0Number of asset objects unloaded after import = 1

========================================================================
Received Import Request.
  Time since last request: 0.000032 seconds.
  path: Assets/PolygonSciFiSpace/Models/Collision/Convex/SM_Prop_Detail_Pipe_02_Convex.asset
  artifactKey: Guid(3f7ec6cef72eb5444b5d666d2b81598a) Importer(2089858483,192608db42251d675da83286b1cce702)
Start importing Assets/PolygonSciFiSpace/Models/Collision/Convex/SM_Prop_Detail_Pipe_02_Convex.asset using Guid(3f7ec6cef72eb5444b5d666d2b81598a) Importer(2089858483,192608db42251d675da83286b1cce702) (ScriptedImporter) -> (artifact id: '00b53f656b9e6dccb926be5edf04b920') in 0.0126897 seconds
Number of updated asset objects reloaded before import = 0Number of asset objects unloaded after import = 1

========================================================================
Received Import Request.
  Time since last request: 0.000043 seconds.
  path: Assets/PolygonSciFiSpace/Models/Collision/Convex/SM_Prop_Detail_Wire_01_Convex.asset
  artifactKey: Guid(70db9ce6ca5ed4a4fb29f3c98acbefc8) Importer(2089858483,192608db42251d675da83286b1cce702)
Start importing Assets/PolygonSciFiSpace/Models/Collision/Convex/SM_Prop_Detail_Wire_01_Convex.asset using Guid(70db9ce6ca5ed4a4fb29f3c98acbefc8) Importer(2089858483,192608db42251d675da83286b1cce702) (ScriptedImporter) -> (artifact id: '125adb37ec442a3aa214bcba2d086168') in 0.0112886 seconds
Number of updated asset objects reloaded before import = 0Number of asset objects unloaded after import = 1

========================================================================
Received Import Request.
  Time since last request: 0.000049 seconds.
  path: Assets/PolygonSciFiSpace/Models/Collision/Convex/SM_Prop_Medical_Tube_01_Convex.asset
  artifactKey: Guid(e9f62b5224c91a24897d772a6eedb659) Importer(2089858483,192608db42251d675da83286b1cce702)
Start importing Assets/PolygonSciFiSpace/Models/Collision/Convex/SM_Prop_Medical_Tube_01_Convex.asset using Guid(e9f62b5224c91a24897d772a6eedb659) Importer(2089858483,192608db42251d675da83286b1cce702) (ScriptedImporter) -> (artifact id: '6bc3c6799b3cb681e7980238a4586e66') in 0.0151985 seconds
Number of updated asset objects reloaded before import = 0Number of asset objects unloaded after import = 1

========================================================================
Received Import Request.
  Time since last request: 0.000034 seconds.
  path: Assets/PolygonSciFiSpace/Models/Collision/Convex/SM_Prop_Screen_10_Convex.asset
  artifactKey: Guid(d00563d57ea1c0a419a7fc3bd7b73358) Importer(2089858483,192608db42251d675da83286b1cce702)
Start importing Assets/PolygonSciFiSpace/Models/Collision/Convex/SM_Prop_Screen_10_Convex.asset using Guid(d00563d57ea1c0a419a7fc3bd7b73358) Importer(2089858483,192608db42251d675da83286b1cce702) (ScriptedImporter) -> (artifact id: '44a12757ddaa0e4d181e50e900d94a08') in 0.0113573 seconds
Number of updated asset objects reloaded before import = 0Number of asset objects unloaded after import = 1

========================================================================
Received Import Request.
  Time since last request: 0.000031 seconds.
  path: Assets/PolygonSciFiSpace/Models/Collision/Convex/SM_Prop_Satellite_Stand_01_Convex.asset
  artifactKey: Guid(58128dfaa5c25b649a4383cf85218bce) Importer(2089858483,192608db42251d675da83286b1cce702)
Start importing Assets/PolygonSciFiSpace/Models/Collision/Convex/SM_Prop_Satellite_Stand_01_Convex.asset using Guid(58128dfaa5c25b649a4383cf85218bce) Importer(2089858483,192608db42251d675da83286b1cce702) (ScriptedImporter) -> (artifact id: '5c62e20b19673611c8d9c085040a138f') in 0.0124472 seconds
Number of updated asset objects reloaded before import = 0Number of asset objects unloaded after import = 1

========================================================================
Received Import Request.
  Time since last request: 0.000043 seconds.
  path: Assets/PolygonSciFiSpace/Models/Collision/Convex/SM_Prop_Medical_Scanner_01_Convex.asset
  artifactKey: Guid(7c912e29b7fb9c74d9819f1766d759f3) Importer(2089858483,192608db42251d675da83286b1cce702)
Start importing Assets/PolygonSciFiSpace/Models/Collision/Convex/SM_Prop_Medical_Scanner_01_Convex.asset using Guid(7c912e29b7fb9c74d9819f1766d759f3) Importer(2089858483,192608db42251d675da83286b1cce702) (ScriptedImporter) -> (artifact id: '443e6e9592168fa40067b8768c63c100') in 0.0116892 seconds
Number of updated asset objects reloaded before import = 0Number of asset objects unloaded after import = 1

========================================================================
Received Import Request.
  Time since last request: 0.000051 seconds.
  path: Assets/PolygonSciFiSpace/Models/Collision/Convex/SM_Prop_Medical_Cart_01_Convex.asset
  artifactKey: Guid(a959be3362992f44096451f1f59a37b7) Importer(2089858483,192608db42251d675da83286b1cce702)
Start importing Assets/PolygonSciFiSpace/Models/Collision/Convex/SM_Prop_Medical_Cart_01_Convex.asset using Guid(a959be3362992f44096451f1f59a37b7) Importer(2089858483,192608db42251d675da83286b1cce702) (ScriptedImporter) -> (artifact id: '186c4c5c9b30868d56b0c70db6e26003') in 0.0082488 seconds
Number of updated asset objects reloaded before import = 0Number of asset objects unloaded after import = 1

========================================================================
Received Import Request.
  Time since last request: 0.000030 seconds.
  path: Assets/PolygonSciFiSpace/Models/Collision/Convex/SM_Prop_Hose_01_Convex.asset
  artifactKey: Guid(8c5aa3ae977ac2f4b9c8c9b19d3ce938) Importer(2089858483,192608db42251d675da83286b1cce702)
Start importing Assets/PolygonSciFiSpace/Models/Collision/Convex/SM_Prop_Hose_01_Convex.asset using Guid(8c5aa3ae977ac2f4b9c8c9b19d3ce938) Importer(2089858483,192608db42251d675da83286b1cce702) (ScriptedImporter) -> (artifact id: 'c500b9f082bf12ecc3dc8c34101b2cb6') in 0.0113384 seconds
Number of updated asset objects reloaded before import = 0Number of asset objects unloaded after import = 1

========================================================================
Received Import Request.
  Time since last request: 0.000034 seconds.
  path: Assets/PolygonSciFiSpace/Models/Collision/Convex/SM_Prop_Medical_Cart_Bare_01_Convex.asset
  artifactKey: Guid(e6b83eb8e712d4d45bece56f57bc1c09) Importer(2089858483,192608db42251d675da83286b1cce702)
Start importing Assets/PolygonSciFiSpace/Models/Collision/Convex/SM_Prop_Medical_Cart_Bare_01_Convex.asset using Guid(e6b83eb8e712d4d45bece56f57bc1c09) Importer(2089858483,192608db42251d675da83286b1cce702) (ScriptedImporter) -> (artifact id: 'aed83625edc03b2fecda8aee3f767501') in 0.0117327 seconds
Number of updated asset objects reloaded before import = 0Number of asset objects unloaded after import = 1

========================================================================
Received Import Request.
  Time since last request: 0.000046 seconds.
  path: Assets/PolygonSciFiSpace/Models/Collision/Convex/SM_Prop_Greeble_Panel_07_Convex.asset
  artifactKey: Guid(6c555c11ec8449e40a0b8535e7f91833) Importer(2089858483,192608db42251d675da83286b1cce702)
Start importing Assets/PolygonSciFiSpace/Models/Collision/Convex/SM_Prop_Greeble_Panel_07_Convex.asset using Guid(6c555c11ec8449e40a0b8535e7f91833) Importer(2089858483,192608db42251d675da83286b1cce702) (ScriptedImporter) -> (artifact id: 'a8e27356eead8ef148aaef5711ff7225') in 0.0105542 seconds
Number of updated asset objects reloaded before import = 0Number of asset objects unloaded after import = 1

========================================================================
Received Import Request.
  Time since last request: 0.000046 seconds.
  path: Assets/PolygonSciFiSpace/Models/Collision/Convex/SM_Prop_Plant_Container_01_Convex.asset
  artifactKey: Guid(3d2e4eb69b1aa614187c74376e903778) Importer(2089858483,192608db42251d675da83286b1cce702)
Start importing Assets/PolygonSciFiSpace/Models/Collision/Convex/SM_Prop_Plant_Container_01_Convex.asset using Guid(3d2e4eb69b1aa614187c74376e903778) Importer(2089858483,192608db42251d675da83286b1cce702) (ScriptedImporter) -> (artifact id: '06da2c8df5f285c703b7d4d63af0c1cd') in 0.0109653 seconds
Number of updated asset objects reloaded before import = 0Number of asset objects unloaded after import = 1

========================================================================
Received Import Request.
  Time since last request: 0.000031 seconds.
  path: Assets/PolygonSciFiSpace/Models/Collision/Convex/SM_Prop_Greeble_Panel_04_Convex.asset
  artifactKey: Guid(175042fd7dcc2c44b88aab7ba636c9dc) Importer(2089858483,192608db42251d675da83286b1cce702)
Start importing Assets/PolygonSciFiSpace/Models/Collision/Convex/SM_Prop_Greeble_Panel_04_Convex.asset using Guid(175042fd7dcc2c44b88aab7ba636c9dc) Importer(2089858483,192608db42251d675da83286b1cce702) (ScriptedImporter) -> (artifact id: '8fea1296b016923245f41b45c62a5ea0') in 0.0124837 seconds
Number of updated asset objects reloaded before import = 0Number of asset objects unloaded after import = 1

========================================================================
Received Import Request.
  Time since last request: 0.000031 seconds.
  path: Assets/PolygonSciFiSpace/Models/Collision/Convex/SM_Prop_Missile_05_Convex.asset
  artifactKey: Guid(1e96819e89db9af4ebee9c4e79a36cdd) Importer(2089858483,192608db42251d675da83286b1cce702)
Start importing Assets/PolygonSciFiSpace/Models/Collision/Convex/SM_Prop_Missile_05_Convex.asset using Guid(1e96819e89db9af4ebee9c4e79a36cdd) Importer(2089858483,192608db42251d675da83286b1cce702) (ScriptedImporter) -> (artifact id: 'd9fed4f35b6827599245f9d1904ccb40') in 0.0134015 seconds
Number of updated asset objects reloaded before import = 0Number of asset objects unloaded after import = 1

========================================================================
Received Import Request.
  Time since last request: 0.000036 seconds.
  path: Assets/PolygonSciFiSpace/Models/Collision/Convex/SM_Prop_Screen_02_Convex.asset
  artifactKey: Guid(a9899192ae3eadd43b83ceb5cbe2dbc3) Importer(2089858483,192608db42251d675da83286b1cce702)
Start importing Assets/PolygonSciFiSpace/Models/Collision/Convex/SM_Prop_Screen_02_Convex.asset using Guid(a9899192ae3eadd43b83ceb5cbe2dbc3) Importer(2089858483,192608db42251d675da83286b1cce702) (ScriptedImporter) -> (artifact id: '2bcf18d53ec3bc14ade78caa8f3e020b') in 0.0103633 seconds
Number of updated asset objects reloaded before import = 0Number of asset objects unloaded after import = 1

========================================================================
Received Import Request.
  Time since last request: 0.000054 seconds.
  path: Assets/PolygonSciFiSpace/Models/Collision/Convex/SM_Prop_Missile_01_Convex.asset
  artifactKey: Guid(67a57f3fc06b8f449997b00d8d396431) Importer(2089858483,192608db42251d675da83286b1cce702)
Start importing Assets/PolygonSciFiSpace/Models/Collision/Convex/SM_Prop_Missile_01_Convex.asset using Guid(67a57f3fc06b8f449997b00d8d396431) Importer(2089858483,192608db42251d675da83286b1cce702) (ScriptedImporter) -> (artifact id: 'ecc89c8912102dc98668ffb4072460b7') in 0.0125486 seconds
Number of updated asset objects reloaded before import = 0Number of asset objects unloaded after import = 1

========================================================================
Received Import Request.
  Time since last request: 0.000034 seconds.
  path: Assets/PolygonSciFiSpace/Models/Collision/Convex/SM_Prop_Joystick_01_Convex.asset
  artifactKey: Guid(8a56db59b47f8bd40bce134e6394ee6f) Importer(2089858483,192608db42251d675da83286b1cce702)
Start importing Assets/PolygonSciFiSpace/Models/Collision/Convex/SM_Prop_Joystick_01_Convex.asset using Guid(8a56db59b47f8bd40bce134e6394ee6f) Importer(2089858483,192608db42251d675da83286b1cce702) (ScriptedImporter) -> (artifact id: 'ac527e9f07fe1ee0c1bc3af7a5ab332a') in 0.0129134 seconds
Number of updated asset objects reloaded before import = 0Number of asset objects unloaded after import = 1

========================================================================
Received Import Request.
  Time since last request: 0.000027 seconds.
  path: Assets/PolygonSciFiSpace/Models/Collision/Convex/SM_Prop_Screen_01_Convex.asset
  artifactKey: Guid(94ff961f983c04f44b9139d9f9ae79d9) Importer(2089858483,192608db42251d675da83286b1cce702)
Start importing Assets/PolygonSciFiSpace/Models/Collision/Convex/SM_Prop_Screen_01_Convex.asset using Guid(94ff961f983c04f44b9139d9f9ae79d9) Importer(2089858483,192608db42251d675da83286b1cce702) (ScriptedImporter) -> (artifact id: '1ccee84bff498a9650c8f19aeda0e256') in 0.0081063 seconds
Number of updated asset objects reloaded before import = 0Number of asset objects unloaded after import = 1

========================================================================
Received Import Request.
  Time since last request: 0.000036 seconds.
  path: Assets/PolygonSciFiSpace/Models/Collision/Convex/SM_Prop_Keycard_02_Convex.asset
  artifactKey: Guid(7e0c6d7692eac92458bdb3c9d7209e08) Importer(2089858483,192608db42251d675da83286b1cce702)
Start importing Assets/PolygonSciFiSpace/Models/Collision/Convex/SM_Prop_Keycard_02_Convex.asset using Guid(7e0c6d7692eac92458bdb3c9d7209e08) Importer(2089858483,192608db42251d675da83286b1cce702) (ScriptedImporter) -> (artifact id: '28947c55b32da9e5be5d928dd357d1c1') in 0.0131013 seconds
Number of updated asset objects reloaded before import = 0Number of asset objects unloaded after import = 1

========================================================================
Received Import Request.
  Time since last request: 0.000070 seconds.
  path: Assets/PolygonSciFiSpace/Models/Collision/Convex/SM_Prop_Detail_Handle_02_Convex.asset
  artifactKey: Guid(c1a76c30c71a6b34ab8b1208b94f09d5) Importer(2089858483,192608db42251d675da83286b1cce702)
Start importing Assets/PolygonSciFiSpace/Models/Collision/Convex/SM_Prop_Detail_Handle_02_Convex.asset using Guid(c1a76c30c71a6b34ab8b1208b94f09d5) Importer(2089858483,192608db42251d675da83286b1cce702) (ScriptedImporter) -> (artifact id: 'b79a91316004350ae34f6c4d5412f2e7') in 0.0107864 seconds
Number of updated asset objects reloaded before import = 0Number of asset objects unloaded after import = 1

========================================================================
Received Import Request.
  Time since last request: 0.000034 seconds.
  path: Assets/PolygonSciFiSpace/Models/Collision/Convex/SM_Prop_Detail_Pipe_Corner_01_Convex.asset
  artifactKey: Guid(6f3d5774ceb47944994fb9487e90ede5) Importer(2089858483,192608db42251d675da83286b1cce702)
Start importing Assets/PolygonSciFiSpace/Models/Collision/Convex/SM_Prop_Detail_Pipe_Corner_01_Convex.asset using Guid(6f3d5774ceb47944994fb9487e90ede5) Importer(2089858483,192608db42251d675da83286b1cce702) (ScriptedImporter) -> (artifact id: '43ee2f650c69a3167b510a939fa908c8') in 0.0097815 seconds
Number of updated asset objects reloaded before import = 0Number of asset objects unloaded after import = 1

========================================================================
Received Import Request.
  Time since last request: 0.000037 seconds.
  path: Assets/PolygonSciFiSpace/Models/Collision/Convex/SM_Prop_CornerSeat_01_Convex 1.asset
  artifactKey: Guid(8c30db8086a174841be2817662fb704d) Importer(2089858483,192608db42251d675da83286b1cce702)
Start importing Assets/PolygonSciFiSpace/Models/Collision/Convex/SM_Prop_CornerSeat_01_Convex 1.asset using Guid(8c30db8086a174841be2817662fb704d) Importer(2089858483,192608db42251d675da83286b1cce702) (ScriptedImporter) -> (artifact id: 'b7b6a732b523dcd628281455449a52ef') in 0.0189895 seconds
Number of updated asset objects reloaded before import = 0Number of asset objects unloaded after import = 3

========================================================================
Received Import Request.
  Time since last request: 0.000029 seconds.
  path: Assets/PolygonSciFiSpace/Models/Collision/Convex/SM_Prop_Chr_Female_Cryo_02_Convex.asset
  artifactKey: Guid(c84a4fb4131a75042a057e7074ed319c) Importer(2089858483,192608db42251d675da83286b1cce702)
Start importing Assets/PolygonSciFiSpace/Models/Collision/Convex/SM_Prop_Chr_Female_Cryo_02_Convex.asset using Guid(c84a4fb4131a75042a057e7074ed319c) Importer(2089858483,192608db42251d675da83286b1cce702) (ScriptedImporter) -> (artifact id: 'a57fab6dd8a10c75ad816c7f35a5a16d') in 0.0100293 seconds
Number of updated asset objects reloaded before import = 0Number of asset objects unloaded after import = 1

========================================================================
Received Import Request.
  Time since last request: 0.000058 seconds.
  path: Assets/Polygon Arsenal/Demo/Missile Prefabs/Grenade/GrenadeYellowOBJ.prefab
  artifactKey: Guid(aefb32dafbe5ad24d85beb89de334187) Importer(2089858483,192608db42251d675da83286b1cce702)
Start importing Assets/Polygon Arsenal/Demo/Missile Prefabs/Grenade/GrenadeYellowOBJ.prefab using Guid(aefb32dafbe5ad24d85beb89de334187) Importer(2089858483,192608db42251d675da83286b1cce702) (ScriptedImporter) -> (artifact id: 'fb773f985416417a37155b4ced8247f0') in 0.0625713 seconds
Number of updated asset objects reloaded before import = 0Number of asset objects unloaded after import = 74

========================================================================
Received Import Request.
  Time since last request: 0.000034 seconds.
  path: Assets/PolygonSciFiSpace/Models/Collision/Convex/SM_Prop_Table_01_Convex.asset
  artifactKey: Guid(bc68cc82315b7ef4cbacc69dd21095eb) Importer(2089858483,192608db42251d675da83286b1cce702)
Start importing Assets/PolygonSciFiSpace/Models/Collision/Convex/SM_Prop_Table_01_Convex.asset using Guid(bc68cc82315b7ef4cbacc69dd21095eb) Importer(2089858483,192608db42251d675da83286b1cce702) (ScriptedImporter) -> (artifact id: 'e4dc98ee3f0d14d4ab5c3e99c0eb93bd') in 0.0111856 seconds
Number of updated asset objects reloaded before import = 0Number of asset objects unloaded after import = 1

========================================================================
Received Import Request.
  Time since last request: 0.000047 seconds.
  path: Assets/PolygonSciFiSpace/Models/Collision/Convex/SM_Prop_Wall_Panel_Small_03_Convex.asset
  artifactKey: Guid(29b2b074ab6031143b26047052956fda) Importer(2089858483,192608db42251d675da83286b1cce702)
Start importing Assets/PolygonSciFiSpace/Models/Collision/Convex/SM_Prop_Wall_Panel_Small_03_Convex.asset using Guid(29b2b074ab6031143b26047052956fda) Importer(2089858483,192608db42251d675da83286b1cce702) (ScriptedImporter) -> (artifact id: '67f571952ccfe5e14ddfb6fa1a981636') in 0.011319 seconds
Number of updated asset objects reloaded before import = 0Number of asset objects unloaded after import = 1

========================================================================
Received Import Request.
  Time since last request: 0.000056 seconds.
  path: Assets/PolygonSciFiSpace/Models/Collision/Convex/SM_Prop_Wires_03_Convex.asset
  artifactKey: Guid(bcb2f691858b5ae4591f17b9d0c90788) Importer(2089858483,192608db42251d675da83286b1cce702)
Start importing Assets/PolygonSciFiSpace/Models/Collision/Convex/SM_Prop_Wires_03_Convex.asset using Guid(bcb2f691858b5ae4591f17b9d0c90788) Importer(2089858483,192608db42251d675da83286b1cce702) (ScriptedImporter) -> (artifact id: '6d442c5a5e22a4b6b921c1a318e54996') in 0.0115201 seconds
Number of updated asset objects reloaded before import = 0Number of asset objects unloaded after import = 1

========================================================================
Received Import Request.
  Time since last request: 0.000025 seconds.
  path: Assets/PolygonSciFiSpace/Models/Collision/Convex/SM_Prop_Test_Tube_02_Convex.asset
  artifactKey: Guid(c1b227c3bc6766a4581e5a049d6c421f) Importer(2089858483,192608db42251d675da83286b1cce702)
Start importing Assets/PolygonSciFiSpace/Models/Collision/Convex/SM_Prop_Test_Tube_02_Convex.asset using Guid(c1b227c3bc6766a4581e5a049d6c421f) Importer(2089858483,192608db42251d675da83286b1cce702) (ScriptedImporter) -> (artifact id: '342e5ba1577f4a6588ba2147a075c46b') in 0.0089757 seconds
Number of updated asset objects reloaded before import = 0Number of asset objects unloaded after import = 1

========================================================================
Received Import Request.
  Time since last request: 0.000032 seconds.
  path: Assets/PolygonSciFiSpace/Models/Collision/Convex/SM_Veh_Part_Cockpit_01_Convex.asset
  artifactKey: Guid(ebcacdeb9be754849b059cee782a0624) Importer(2089858483,192608db42251d675da83286b1cce702)
Start importing Assets/PolygonSciFiSpace/Models/Collision/Convex/SM_Veh_Part_Cockpit_01_Convex.asset using Guid(ebcacdeb9be754849b059cee782a0624) Importer(2089858483,192608db42251d675da83286b1cce702) (ScriptedImporter) -> (artifact id: '11634ec213fb462764c83812c9b157c7') in 0.0108544 seconds
Number of updated asset objects reloaded before import = 0Number of asset objects unloaded after import = 1

========================================================================
Received Import Request.
  Time since last request: 0.000043 seconds.
  path: Assets/PolygonSciFiSpace/Models/Collision/Convex/SM_Prop_Turret_Base_Double_010_Convex.asset
  artifactKey: Guid(7c0fa09cbf5490c4d82f1d7435b402f5) Importer(2089858483,192608db42251d675da83286b1cce702)
Start importing Assets/PolygonSciFiSpace/Models/Collision/Convex/SM_Prop_Turret_Base_Double_010_Convex.asset using Guid(7c0fa09cbf5490c4d82f1d7435b402f5) Importer(2089858483,192608db42251d675da83286b1cce702) (ScriptedImporter) -> (artifact id: '343d2309752758656e395d9e684c2774') in 0.0120226 seconds
Number of updated asset objects reloaded before import = 0Number of asset objects unloaded after import = 1

========================================================================
Received Import Request.
  Time since last request: 0.000048 seconds.
  path: Assets/PolygonSciFiSpace/Models/Collision/Convex/SM_Prop_Wires_01_Convex.asset
  artifactKey: Guid(f1a73a2bd5359f249a861fd22c10502a) Importer(2089858483,192608db42251d675da83286b1cce702)
Start importing Assets/PolygonSciFiSpace/Models/Collision/Convex/SM_Prop_Wires_01_Convex.asset using Guid(f1a73a2bd5359f249a861fd22c10502a) Importer(2089858483,192608db42251d675da83286b1cce702) (ScriptedImporter) -> (artifact id: '176735de33791dfa69f26ad988d9411a') in 0.0087736 seconds
Number of updated asset objects reloaded before import = 0Number of asset objects unloaded after import = 1

========================================================================
Received Import Request.
  Time since last request: 0.000030 seconds.
  path: Assets/PolygonSciFiSpace/Models/Collision/Convex/SM_Prop_Turret_Base_Double_01_Convex.asset
  artifactKey: Guid(f655f3a9a6a34774fbdb99d93dc3d657) Importer(2089858483,192608db42251d675da83286b1cce702)
Start importing Assets/PolygonSciFiSpace/Models/Collision/Convex/SM_Prop_Turret_Base_Double_01_Convex.asset using Guid(f655f3a9a6a34774fbdb99d93dc3d657) Importer(2089858483,192608db42251d675da83286b1cce702) (ScriptedImporter) -> (artifact id: 'e09281fbc70e023f868d49a0fa3da85b') in 0.0090829 seconds
Number of updated asset objects reloaded before import = 0Number of asset objects unloaded after import = 1

========================================================================
Received Import Request.
  Time since last request: 0.000029 seconds.
  path: Assets/PolygonSciFiSpace/Models/Collision/Convex/SM_Prop_Turret_Large_01_Convex 2.asset
  artifactKey: Guid(68381cc577c754c47a6b749dd59ef8fa) Importer(2089858483,192608db42251d675da83286b1cce702)
Start importing Assets/PolygonSciFiSpace/Models/Collision/Convex/SM_Prop_Turret_Large_01_Convex 2.asset using Guid(68381cc577c754c47a6b749dd59ef8fa) Importer(2089858483,192608db42251d675da83286b1cce702) (ScriptedImporter) -> (artifact id: '45ae445ad3f79c2ee8fc9b2e08e14fc3') in 0.0125305 seconds
Number of updated asset objects reloaded before import = 0Number of asset objects unloaded after import = 1

========================================================================
Received Import Request.
  Time since last request: 0.000039 seconds.
  path: Assets/PolygonSciFiSpace/Models/Collision/Convex/SM_Veh_Part_Engine_01_Convex.asset
  artifactKey: Guid(fff38f2daae191947b4b03806a96adef) Importer(2089858483,192608db42251d675da83286b1cce702)
Start importing Assets/PolygonSciFiSpace/Models/Collision/Convex/SM_Veh_Part_Engine_01_Convex.asset using Guid(fff38f2daae191947b4b03806a96adef) Importer(2089858483,192608db42251d675da83286b1cce702) (ScriptedImporter) -> (artifact id: 'e98e35824ca91409d5f94d583a81a3de') in 0.0146932 seconds
Number of updated asset objects reloaded before import = 0Number of asset objects unloaded after import = 1

========================================================================
Received Import Request.
  Time since last request: 0.000056 seconds.
  path: Assets/PolygonSciFiSpace/Models/Collision/Convex/SM_Veh_Part_Cockpit_02_Convex.asset
  artifactKey: Guid(277abfafc326dff449859a74059ebc99) Importer(2089858483,192608db42251d675da83286b1cce702)
Start importing Assets/PolygonSciFiSpace/Models/Collision/Convex/SM_Veh_Part_Cockpit_02_Convex.asset using Guid(277abfafc326dff449859a74059ebc99) Importer(2089858483,192608db42251d675da83286b1cce702) (ScriptedImporter) -> (artifact id: 'c1bf7660f50105088388f6613e388cc0') in 0.0114525 seconds
Number of updated asset objects reloaded before import = 0Number of asset objects unloaded after import = 1

========================================================================
Received Import Request.
  Time since last request: 0.000031 seconds.
  path: Assets/PolygonSciFiSpace/Models/Collision/Convex/SM_Veh_Part_Misc_015_Convex.asset
  artifactKey: Guid(14a01cf0e5d609e44bcd40c95c09fce1) Importer(2089858483,192608db42251d675da83286b1cce702)
Start importing Assets/PolygonSciFiSpace/Models/Collision/Convex/SM_Veh_Part_Misc_015_Convex.asset using Guid(14a01cf0e5d609e44bcd40c95c09fce1) Importer(2089858483,192608db42251d675da83286b1cce702) (ScriptedImporter) -> (artifact id: 'b90b77596ce71912f3856793c06b6968') in 0.0134117 seconds
Number of updated asset objects reloaded before import = 0Number of asset objects unloaded after import = 1

========================================================================
Received Import Request.
  Time since last request: 0.000029 seconds.
  path: Assets/PolygonSciFiSpace/Models/Collision/Convex/SM_Prop_Turret_Base_Double_04_Convex 2.asset
  artifactKey: Guid(97f1915a6b08a4c4e83c63d6fc5f14de) Importer(2089858483,192608db42251d675da83286b1cce702)
Start importing Assets/PolygonSciFiSpace/Models/Collision/Convex/SM_Prop_Turret_Base_Double_04_Convex 2.asset using Guid(97f1915a6b08a4c4e83c63d6fc5f14de) Importer(2089858483,192608db42251d675da83286b1cce702) (ScriptedImporter) -> (artifact id: '51f1fad4eca7fea52274e2dd04a8a909') in 0.0115035 seconds
Number of updated asset objects reloaded before import = 0Number of asset objects unloaded after import = 1

========================================================================
Received Import Request.
  Time since last request: 0.000035 seconds.
  path: Assets/PolygonSciFiSpace/Models/Collision/Convex/SM_Prop_Turret_Base_Single_09_Convex.asset
  artifactKey: Guid(c6570ed4684c2bf4eabd44c00b4ef15c) Importer(2089858483,192608db42251d675da83286b1cce702)
Start importing Assets/PolygonSciFiSpace/Models/Collision/Convex/SM_Prop_Turret_Base_Single_09_Convex.asset using Guid(c6570ed4684c2bf4eabd44c00b4ef15c) Importer(2089858483,192608db42251d675da83286b1cce702) (ScriptedImporter) -> (artifact id: 'f037bbcd3a6a73569e26ac36fca414ee') in 0.0097273 seconds
Number of updated asset objects reloaded before import = 0Number of asset objects unloaded after import = 1

========================================================================
Received Import Request.
  Time since last request: 0.000044 seconds.
  path: Assets/PolygonSciFiSpace/Models/Collision/Convex/SM_Veh_Part_Cockpit_05_Convex.asset
  artifactKey: Guid(300cab2473ab9ee439a1d67570a33177) Importer(2089858483,192608db42251d675da83286b1cce702)
Start importing Assets/PolygonSciFiSpace/Models/Collision/Convex/SM_Veh_Part_Cockpit_05_Convex.asset using Guid(300cab2473ab9ee439a1d67570a33177) Importer(2089858483,192608db42251d675da83286b1cce702) (ScriptedImporter) -> (artifact id: '5b91f4365cb7d47c4d3f744afd73a774') in 0.0121615 seconds
Number of updated asset objects reloaded before import = 0Number of asset objects unloaded after import = 1

========================================================================
Received Import Request.
  Time since last request: 0.000026 seconds.
  path: Assets/PolygonSciFiSpace/Models/Collision/Convex/SM_Veh_Part_Body_02_Convex.asset
  artifactKey: Guid(42f3d9fa1409ccf46ad17a1b0789e21a) Importer(2089858483,192608db42251d675da83286b1cce702)
Start importing Assets/PolygonSciFiSpace/Models/Collision/Convex/SM_Veh_Part_Body_02_Convex.asset using Guid(42f3d9fa1409ccf46ad17a1b0789e21a) Importer(2089858483,192608db42251d675da83286b1cce702) (ScriptedImporter) -> (artifact id: '4a0bc2f2d359effdeb397913ae804efa') in 0.0091824 seconds
Number of updated asset objects reloaded before import = 0Number of asset objects unloaded after import = 1

========================================================================
Received Import Request.
  Time since last request: 0.000036 seconds.
  path: Assets/PolygonSciFiSpace/Models/Collision/Convex/SM_Prop_Turret_Base_Double_03_Convex 2.asset
  artifactKey: Guid(642f4af675f7a9e4fbc0b17975185fa2) Importer(2089858483,192608db42251d675da83286b1cce702)
Start importing Assets/PolygonSciFiSpace/Models/Collision/Convex/SM_Prop_Turret_Base_Double_03_Convex 2.asset using Guid(642f4af675f7a9e4fbc0b17975185fa2) Importer(2089858483,192608db42251d675da83286b1cce702) (ScriptedImporter) -> (artifact id: '093e1a891d6d4a836bc7f40a333a1950') in 0.0134989 seconds
Number of updated asset objects reloaded before import = 0Number of asset objects unloaded after import = 1

========================================================================
Received Import Request.
  Time since last request: 0.000038 seconds.
  path: Assets/PolygonSciFiSpace/Models/Collision/Convex/SM_Veh_MissleRack_01_Convex.asset
  artifactKey: Guid(343e557994db9d1479f027a073894319) Importer(2089858483,192608db42251d675da83286b1cce702)
Start importing Assets/PolygonSciFiSpace/Models/Collision/Convex/SM_Veh_MissleRack_01_Convex.asset using Guid(343e557994db9d1479f027a073894319) Importer(2089858483,192608db42251d675da83286b1cce702) (ScriptedImporter) -> (artifact id: '4ad5d9ec961513fe115d6780b711d744') in 0.0091297 seconds
Number of updated asset objects reloaded before import = 0Number of asset objects unloaded after import = 1

========================================================================
Received Import Request.
  Time since last request: 0.000048 seconds.
  path: Assets/PolygonSciFiSpace/Models/Collision/Convex/SM_Prop_TestTubes_01_Convex.asset
  artifactKey: Guid(6e93e20e10959724dbe42e070007a33f) Importer(2089858483,192608db42251d675da83286b1cce702)
Start importing Assets/PolygonSciFiSpace/Models/Collision/Convex/SM_Prop_TestTubes_01_Convex.asset using Guid(6e93e20e10959724dbe42e070007a33f) Importer(2089858483,192608db42251d675da83286b1cce702) (ScriptedImporter) -> (artifact id: '030488b95d86bef48cc62261ff23a2b3') in 0.0118303 seconds
Number of updated asset objects reloaded before import = 0Number of asset objects unloaded after import = 1

========================================================================
Received Import Request.
  Time since last request: 0.000026 seconds.
  path: Assets/PolygonSciFiSpace/Models/Collision/Convex/SM_Prop_Tank_01_Convex.asset
  artifactKey: Guid(23b453ad7a205a34184507d3defdeed0) Importer(2089858483,192608db42251d675da83286b1cce702)
Start importing Assets/PolygonSciFiSpace/Models/Collision/Convex/SM_Prop_Tank_01_Convex.asset using Guid(23b453ad7a205a34184507d3defdeed0) Importer(2089858483,192608db42251d675da83286b1cce702) (ScriptedImporter) -> (artifact id: '7a69b97fc44e52a697195cfa5e64bb28') in 0.0114334 seconds
Number of updated asset objects reloaded before import = 0Number of asset objects unloaded after import = 1

========================================================================
Received Import Request.
  Time since last request: 0.000041 seconds.
  path: Assets/PolygonSciFiSpace/Models/Collision/Convex/SM_Prop_Stairs_03_Convex.asset
  artifactKey: Guid(ab00c21562258924c9de59382bbc4296) Importer(2089858483,192608db42251d675da83286b1cce702)
Start importing Assets/PolygonSciFiSpace/Models/Collision/Convex/SM_Prop_Stairs_03_Convex.asset using Guid(ab00c21562258924c9de59382bbc4296) Importer(2089858483,192608db42251d675da83286b1cce702) (ScriptedImporter) -> (artifact id: 'd99d27e801e3240845c99e174b766b06') in 0.0112873 seconds
Number of updated asset objects reloaded before import = 0Number of asset objects unloaded after import = 1

========================================================================
Received Import Request.
  Time since last request: 0.000041 seconds.
  path: Assets/PolygonSciFiSpace/Models/Collision/Convex/SM_Veh_Part_Misc_08_Convex.asset
  artifactKey: Guid(5b135e11b1361f44e878fe8d6065f6a2) Importer(2089858483,192608db42251d675da83286b1cce702)
Start importing Assets/PolygonSciFiSpace/Models/Collision/Convex/SM_Veh_Part_Misc_08_Convex.asset using Guid(5b135e11b1361f44e878fe8d6065f6a2) Importer(2089858483,192608db42251d675da83286b1cce702) (ScriptedImporter) -> (artifact id: '3bd950444efb023a8250d79d9a82ae06') in 0.0113077 seconds
Number of updated asset objects reloaded before import = 0Number of asset objects unloaded after import = 1

========================================================================
Received Import Request.
  Time since last request: 0.000063 seconds.
  path: Assets/FishNet/CodeGenerating/cecil-0.11.4/rocks/Mono.Cecil.Rocks/TypeDefinitionRocks.cs
  artifactKey: Guid(b4d5393ac3307a84ca5babfbdcad9eea) Importer(2089858483,192608db42251d675da83286b1cce702)
Start importing Assets/FishNet/CodeGenerating/cecil-0.11.4/rocks/Mono.Cecil.Rocks/TypeDefinitionRocks.cs using Guid(b4d5393ac3307a84ca5babfbdcad9eea) Importer(2089858483,192608db42251d675da83286b1cce702) (ScriptedImporter) -> (artifact id: 'f84072086a6f9b88bddbe3dfbb927f03') in 0.012577 seconds
Number of updated asset objects reloaded before import = 0Number of asset objects unloaded after import = 0

========================================================================
Received Import Request.
  Time since last request: 0.000031 seconds.
  path: Assets/FishNet/Demos/Benchmarks/NetworkTransform/Prefabs/NetworkTransform Benchmark 3D Normal.prefab
  artifactKey: Guid(fe2b65b02f0484b41aa8cfa9fbbb0e1d) Importer(2089858483,192608db42251d675da83286b1cce702)
Start importing Assets/FishNet/Demos/Benchmarks/NetworkTransform/Prefabs/NetworkTransform Benchmark 3D Normal.prefab using Guid(fe2b65b02f0484b41aa8cfa9fbbb0e1d) Importer(2089858483,192608db42251d675da83286b1cce702) (ScriptedImporter) -> (artifact id: 'fbb4c53e76b06a2dd9855a539565c2ff') in 0.1611054 seconds
Number of updated asset objects reloaded before import = 0Number of asset objects unloaded after import = 11

========================================================================
Received Import Request.
  Time since last request: 0.000042 seconds.
  path: Assets/PolygonSciFiSpace/Prefabs/Characters/Attachments/SM_Chr_Attach_Male_Hair_02.prefab
  artifactKey: Guid(2cbb81687aa6a43419d5196a04db42d4) Importer(2089858483,192608db42251d675da83286b1cce702)
Start importing Assets/PolygonSciFiSpace/Prefabs/Characters/Attachments/SM_Chr_Attach_Male_Hair_02.prefab using Guid(2cbb81687aa6a43419d5196a04db42d4) Importer(2089858483,192608db42251d675da83286b1cce702) (ScriptedImporter) -> (artifact id: 'b8e3110ebbc6e51aed0377bf55fa2251') in 0.035785 seconds
Number of updated asset objects reloaded before import = 0Number of asset objects unloaded after import = 8

========================================================================
Received Import Request.
  Time since last request: 0.000054 seconds.
  path: Assets/PolygonSciFiSpace/Prefabs/Characters/Attachments/SM_Chr_Attach_Male_Hair_05.prefab
  artifactKey: Guid(d7362ef966a92c54785b94d605deffaf) Importer(2089858483,192608db42251d675da83286b1cce702)
Start importing Assets/PolygonSciFiSpace/Prefabs/Characters/Attachments/SM_Chr_Attach_Male_Hair_05.prefab using Guid(d7362ef966a92c54785b94d605deffaf) Importer(2089858483,192608db42251d675da83286b1cce702) (ScriptedImporter) -> (artifact id: 'f65eb038ff90ba71ec0308737632ac95') in 0.0295952 seconds
Number of updated asset objects reloaded before import = 0Number of asset objects unloaded after import = 8

========================================================================
Received Import Request.
  Time since last request: 0.000032 seconds.
  path: Assets/PolygonSciFiSpace/Prefabs/Characters/Attachments/SM_Chr_Attach_Junker_Helmet_Glass_01.prefab
  artifactKey: Guid(c9c3db5c6ea4cc74a9671ce068b4ca99) Importer(2089858483,192608db42251d675da83286b1cce702)
Start importing Assets/PolygonSciFiSpace/Prefabs/Characters/Attachments/SM_Chr_Attach_Junker_Helmet_Glass_01.prefab using Guid(c9c3db5c6ea4cc74a9671ce068b4ca99) Importer(2089858483,192608db42251d675da83286b1cce702) (ScriptedImporter) -> (artifact id: 'afebe58cfb2b063b083cc134de4ee60f') in 0.0223573 seconds
Number of updated asset objects reloaded before import = 0Number of asset objects unloaded after import = 8

========================================================================
Received Import Request.
  Time since last request: 0.000029 seconds.
  path: Assets/PolygonSciFiSpace/Models/Collision/Convex/SM_Wep_Sword_01_Convex.asset
  artifactKey: Guid(262cbeaaaa95e534292fa70756848776) Importer(2089858483,192608db42251d675da83286b1cce702)
Start importing Assets/PolygonSciFiSpace/Models/Collision/Convex/SM_Wep_Sword_01_Convex.asset using Guid(262cbeaaaa95e534292fa70756848776) Importer(2089858483,192608db42251d675da83286b1cce702) (ScriptedImporter) -> (artifact id: 'c0ea441ab04fc802a5ac1e95c152a660') in 0.0097625 seconds
Number of updated asset objects reloaded before import = 0Number of asset objects unloaded after import = 1

========================================================================
Received Import Request.
  Time since last request: 0.000048 seconds.
  path: Assets/PolygonSciFiSpace/Models/Collision/Convex/SM_Veh_Part_Wing_010_Convex.asset
  artifactKey: Guid(0706ee08879f77a4f90fb9e75f6b1af5) Importer(2089858483,192608db42251d675da83286b1cce702)
Start importing Assets/PolygonSciFiSpace/Models/Collision/Convex/SM_Veh_Part_Wing_010_Convex.asset using Guid(0706ee08879f77a4f90fb9e75f6b1af5) Importer(2089858483,192608db42251d675da83286b1cce702) (ScriptedImporter) -> (artifact id: '537348e5e470fcc1bc3136591cac6473') in 0.015845 seconds
Number of updated asset objects reloaded before import = 0Number of asset objects unloaded after import = 1

========================================================================
Received Import Request.
  Time since last request: 0.000033 seconds.
  path: Assets/PolygonSciFiSpace/Prefabs/Characters/Attachments/SM_Chr_Attach_EVA_Cover_Clear_01.prefab
  artifactKey: Guid(2fbc0582be54a634197582b3ad91f203) Importer(2089858483,192608db42251d675da83286b1cce702)
Start importing Assets/PolygonSciFiSpace/Prefabs/Characters/Attachments/SM_Chr_Attach_EVA_Cover_Clear_01.prefab using Guid(2fbc0582be54a634197582b3ad91f203) Importer(2089858483,192608db42251d675da83286b1cce702) (ScriptedImporter) -> (artifact id: '9129be22b6d71566b8dcea060aef7766') in 0.0341079 seconds
Number of updated asset objects reloaded before import = 0Number of asset objects unloaded after import = 13

========================================================================
Received Import Request.
  Time since last request: 0.000039 seconds.
  path: Assets/PolygonSciFiSpace/Models/Collision/Convex/SM_Veh_Part_Misc_01_Convex.asset
  artifactKey: Guid(277ed1d4e7dbebe4ba870d1a188dd376) Importer(2089858483,192608db42251d675da83286b1cce702)
Start importing Assets/PolygonSciFiSpace/Models/Collision/Convex/SM_Veh_Part_Misc_01_Convex.asset using Guid(277ed1d4e7dbebe4ba870d1a188dd376) Importer(2089858483,192608db42251d675da83286b1cce702) (ScriptedImporter) -> (artifact id: 'c5fa76ac728d0c359327b01d13bddc59') in 0.0111811 seconds
Number of updated asset objects reloaded before import = 0Number of asset objects unloaded after import = 1

========================================================================
Received Import Request.
  Time since last request: 0.000059 seconds.
  path: Assets/PolygonSciFiSpace/Models/Collision/Convex/SM_Wep_Shield_01_Convex.asset
  artifactKey: Guid(cb9eac18c1d90474e91078808dcf7d2a) Importer(2089858483,192608db42251d675da83286b1cce702)
Start importing Assets/PolygonSciFiSpace/Models/Collision/Convex/SM_Wep_Shield_01_Convex.asset using Guid(cb9eac18c1d90474e91078808dcf7d2a) Importer(2089858483,192608db42251d675da83286b1cce702) (ScriptedImporter) -> (artifact id: '1016089a510e7e450036342458d04920') in 0.0120706 seconds
Number of updated asset objects reloaded before import = 0Number of asset objects unloaded after import = 1

========================================================================
Received Import Request.
  Time since last request: 0.000034 seconds.
  path: Assets/PolygonSciFiSpace/Models/Collision/Convex/SM_Veh_Part_Misc_018_Convex.asset
  artifactKey: Guid(5308919f9e327a14da4be18615fb257b) Importer(2089858483,192608db42251d675da83286b1cce702)
Start importing Assets/PolygonSciFiSpace/Models/Collision/Convex/SM_Veh_Part_Misc_018_Convex.asset using Guid(5308919f9e327a14da4be18615fb257b) Importer(2089858483,192608db42251d675da83286b1cce702) (ScriptedImporter) -> (artifact id: 'a4a855408f4df7ad9e77609c4b7fbae9') in 0.010972 seconds
Number of updated asset objects reloaded before import = 0Number of asset objects unloaded after import = 1

========================================================================
Received Import Request.
  Time since last request: 0.000039 seconds.
  path: Assets/PolygonSciFiSpace/Models/Collision/Convex/SM_Veh_POV_Cockpit_01_Convex.asset
  artifactKey: Guid(295b45f86ad7e734bb49249093de9816) Importer(2089858483,192608db42251d675da83286b1cce702)
Start importing Assets/PolygonSciFiSpace/Models/Collision/Convex/SM_Veh_POV_Cockpit_01_Convex.asset using Guid(295b45f86ad7e734bb49249093de9816) Importer(2089858483,192608db42251d675da83286b1cce702) (ScriptedImporter) -> (artifact id: 'a98e7e9732c9257794835fa06ed72a9b') in 0.0131922 seconds
Number of updated asset objects reloaded before import = 0Number of asset objects unloaded after import = 1

========================================================================
Received Import Request.
  Time since last request: 0.000036 seconds.
  path: Assets/PolygonSciFiSpace/Prefabs/Characters/Attachments/SM_Chr_Attach_Hat_Captain_01.prefab
  artifactKey: Guid(ff77c148fb49225429bd91f4a99e7999) Importer(2089858483,192608db42251d675da83286b1cce702)
Start importing Assets/PolygonSciFiSpace/Prefabs/Characters/Attachments/SM_Chr_Attach_Hat_Captain_01.prefab using Guid(ff77c148fb49225429bd91f4a99e7999) Importer(2089858483,192608db42251d675da83286b1cce702) (ScriptedImporter) -> (artifact id: 'e819e3ac09bce181a22a12554b5d9e9f') in 0.0340106 seconds
Number of updated asset objects reloaded before import = 0Number of asset objects unloaded after import = 8

========================================================================
Received Import Request.
  Time since last request: 0.000051 seconds.
  path: Assets/PolygonSciFiSpace/Models/Collision/Convex/SM_Veh_Part_Misc_019_Convex.asset
  artifactKey: Guid(c9db288fadcaec74499acc9900e26b4f) Importer(2089858483,192608db42251d675da83286b1cce702)
Start importing Assets/PolygonSciFiSpace/Models/Collision/Convex/SM_Veh_Part_Misc_019_Convex.asset using Guid(c9db288fadcaec74499acc9900e26b4f) Importer(2089858483,192608db42251d675da83286b1cce702) (ScriptedImporter) -> (artifact id: '0c1271c5aaa01688abd839f0dd6e549f') in 0.0097948 seconds
Number of updated asset objects reloaded before import = 0Number of asset objects unloaded after import = 1

========================================================================
Received Import Request.
  Time since last request: 0.000038 seconds.
  path: Assets/PolygonSciFiSpace/Models/Collision/Convex/SM_Veh_Part_Wing_09_Convex.asset
  artifactKey: Guid(09bdfc782b9596347935e5e09f8c11b3) Importer(2089858483,192608db42251d675da83286b1cce702)
Start importing Assets/PolygonSciFiSpace/Models/Collision/Convex/SM_Veh_Part_Wing_09_Convex.asset using Guid(09bdfc782b9596347935e5e09f8c11b3) Importer(2089858483,192608db42251d675da83286b1cce702) (ScriptedImporter) -> (artifact id: 'fd1a22518e69b1c885a80f6e96d57633') in 0.0096904 seconds
Number of updated asset objects reloaded before import = 0Number of asset objects unloaded after import = 1

========================================================================
Received Import Request.
  Time since last request: 0.000030 seconds.
  path: Assets/FishNet/CodeGenerating/cecil-0.11.4/rocks/Mono.Cecil.Rocks/MethodDefinitionRocks.cs
  artifactKey: Guid(7a5d7596633ddb043b9785a7fa7bfa6f) Importer(2089858483,192608db42251d675da83286b1cce702)
Start importing Assets/FishNet/CodeGenerating/cecil-0.11.4/rocks/Mono.Cecil.Rocks/MethodDefinitionRocks.cs using Guid(7a5d7596633ddb043b9785a7fa7bfa6f) Importer(2089858483,192608db42251d675da83286b1cce702) (ScriptedImporter) -> (artifact id: 'accc44d58c21b84ef63968e69abece25') in 0.0155644 seconds
Number of updated asset objects reloaded before import = 0Number of asset objects unloaded after import = 0

========================================================================
Received Import Request.
  Time since last request: 0.000039 seconds.
  path: Assets/FishNet/Demos/ColliderRollback/Models/Weapons/Glock.obj
  artifactKey: Guid(c1232b0a1b78ddf44bd877453fb7a84c) Importer(2089858483,192608db42251d675da83286b1cce702)
Start importing Assets/FishNet/Demos/ColliderRollback/Models/Weapons/Glock.obj using Guid(c1232b0a1b78ddf44bd877453fb7a84c) Importer(2089858483,192608db42251d675da83286b1cce702) (ScriptedImporter) -> (artifact id: '385b83204fd743dbf76c4628abc76bbe') in 0.0492596 seconds
Number of updated asset objects reloaded before import = 0Number of asset objects unloaded after import = 14

========================================================================
Received Import Request.
  Time since last request: 0.000046 seconds.
  path: Assets/FishNet/Demos/ColliderRollback/Textures/Particles/circle.png
  artifactKey: Guid(155f67fd8750f8e4e83c8efb1731f3a0) Importer(2089858483,192608db42251d675da83286b1cce702)
Start importing Assets/FishNet/Demos/ColliderRollback/Textures/Particles/circle.png using Guid(155f67fd8750f8e4e83c8efb1731f3a0) Importer(2089858483,192608db42251d675da83286b1cce702) (ScriptedImporter) -> (artifact id: '5d706f80ea055a95df880f3bfbd0340b') in 0.0386829 seconds
Number of updated asset objects reloaded before import = 0Number of asset objects unloaded after import = 1

========================================================================
Received Import Request.
  Time since last request: 0.000034 seconds.
  path: Assets/FishNet/Demos/ColliderRollback/Scripts/Player/Fire.cs
  artifactKey: Guid(9d3558aad46c24549bea48d0e3938264) Importer(2089858483,192608db42251d675da83286b1cce702)
Start importing Assets/FishNet/Demos/ColliderRollback/Scripts/Player/Fire.cs using Guid(9d3558aad46c24549bea48d0e3938264) Importer(2089858483,192608db42251d675da83286b1cce702) (ScriptedImporter) -> (artifact id: '22d05ed73969290482ab37d657f40835') in 0.0197773 seconds
Number of updated asset objects reloaded before import = 0Number of asset objects unloaded after import = 0

========================================================================
Received Import Request.
  Time since last request: 0.000039 seconds.
  path: Assets/FishNet/Runtime/Generated/Component/NetworkTransform/NetworkTransform.cs
  artifactKey: Guid(a2836e36774ca1c4bbbee976e17b649c) Importer(2089858483,192608db42251d675da83286b1cce702)
Start importing Assets/FishNet/Runtime/Generated/Component/NetworkTransform/NetworkTransform.cs using Guid(a2836e36774ca1c4bbbee976e17b649c) Importer(2089858483,192608db42251d675da83286b1cce702) (ScriptedImporter) -> (artifact id: '67a095f99d42047d8d05948826584fad') in 0.0160187 seconds
Number of updated asset objects reloaded before import = 0Number of asset objects unloaded after import = 1

========================================================================
Received Import Request.
  Time since last request: 0.000059 seconds.
  path: Assets/FishNet/Demos/Prediction/Rigidbody/Materials/BlueMat.mat
  artifactKey: Guid(67717b2583b1d8644a7ed4857736c9cd) Importer(2089858483,192608db42251d675da83286b1cce702)
Start importing Assets/FishNet/Demos/Prediction/Rigidbody/Materials/BlueMat.mat using Guid(67717b2583b1d8644a7ed4857736c9cd) Importer(2089858483,192608db42251d675da83286b1cce702) (ScriptedImporter) -> (artifact id: '9d7a35a390cb375171fd39d1f405023d') in 0.0142487 seconds
Number of updated asset objects reloaded before import = 0Number of asset objects unloaded after import = 1

========================================================================
Received Import Request.
  Time since last request: 0.000034 seconds.
  path: Assets/FishNet/Demos/ColliderRollback/Prefabs/Particles/Pistol Muzzle Flash.prefab
  artifactKey: Guid(4385a793e032d634bb912f84a23d6db1) Importer(2089858483,192608db42251d675da83286b1cce702)
Start importing Assets/FishNet/Demos/ColliderRollback/Prefabs/Particles/Pistol Muzzle Flash.prefab using Guid(4385a793e032d634bb912f84a23d6db1) Importer(2089858483,192608db42251d675da83286b1cce702) (ScriptedImporter) -> (artifact id: '46c0ad890347d9f2977150070fb9d5a2') in 0.0170582 seconds
Number of updated asset objects reloaded before import = 0Number of asset objects unloaded after import = 9

========================================================================
Received Import Request.
  Time since last request: 0.000036 seconds.
  path: Assets/FishNet/Runtime/Editor/Textures/Icon/fishnet_light.png
  artifactKey: Guid(bf9191e2e07d29749bca3a1ae44e4bc8) Importer(2089858483,192608db42251d675da83286b1cce702)
Start importing Assets/FishNet/Runtime/Editor/Textures/Icon/fishnet_light.png using Guid(bf9191e2e07d29749bca3a1ae44e4bc8) Importer(2089858483,192608db42251d675da83286b1cce702) (ScriptedImporter) -> (artifact id: 'a6fc56d491d06a826a59c09ddd1e5d7f') in 0.0329485 seconds
Number of updated asset objects reloaded before import = 0Number of asset objects unloaded after import = 1

========================================================================
Received Import Request.
  Time since last request: 0.000036 seconds.
  path: Assets/FishNet/Demos/SceneManager (Old Examples)/Scenes/Replace/ReplaceGlobal.unity
  artifactKey: Guid(fddd81e62368fe9448b0eb0a80da6bb4) Importer(2089858483,192608db42251d675da83286b1cce702)
Start importing Assets/FishNet/Demos/SceneManager (Old Examples)/Scenes/Replace/ReplaceGlobal.unity using Guid(fddd81e62368fe9448b0eb0a80da6bb4) Importer(2089858483,192608db42251d675da83286b1cce702) (ScriptedImporter) -> (artifact id: '0cfc018e87b57e6de1869fbe43d171fc') in 0.0131599 seconds
Number of updated asset objects reloaded before import = 0Number of asset objects unloaded after import = 1

========================================================================
Received Import Request.
  Time since last request: 0.000057 seconds.
  path: Assets/FishNet/Demos/SceneManager/Additive Scenes/Materials/TreeGrowth.mat
  artifactKey: Guid(92aa8b0f5f5816f4cae8c6f2091860d4) Importer(2089858483,192608db42251d675da83286b1cce702)
Start importing Assets/FishNet/Demos/SceneManager/Additive Scenes/Materials/TreeGrowth.mat using Guid(92aa8b0f5f5816f4cae8c6f2091860d4) Importer(2089858483,192608db42251d675da83286b1cce702) (ScriptedImporter) -> (artifact id: '0c6ee8e1475ce022fdca8f9a68e68ff3') in 0.0162687 seconds
Number of updated asset objects reloaded before import = 0Number of asset objects unloaded after import = 1

========================================================================
Received Import Request.
  Time since last request: 0.000034 seconds.
  path: Assets/FishNet/Demos/SceneManager/Additive Scenes/Scripts/LevelLoader.cs
  artifactKey: Guid(02e5160f1a9b4d047a6cbdb3f094a86d) Importer(2089858483,192608db42251d675da83286b1cce702)
Start importing Assets/FishNet/Demos/SceneManager/Additive Scenes/Scripts/LevelLoader.cs using Guid(02e5160f1a9b4d047a6cbdb3f094a86d) Importer(2089858483,192608db42251d675da83286b1cce702) (ScriptedImporter) -> (artifact id: '5b1a3a699fdf8aa01c8330a6c16aba27') in 0.0141272 seconds
Number of updated asset objects reloaded before import = 0Number of asset objects unloaded after import = 0

========================================================================
Received Import Request.
  Time since last request: 0.000029 seconds.
  path: Assets/FishNet/Demos/ColliderRollback/Prefabs/Rollback Visualization/TextCanvas.prefab
  artifactKey: Guid(a7bbd13c7452746409efbaeae6a0d8e3) Importer(2089858483,192608db42251d675da83286b1cce702)
Start importing Assets/FishNet/Demos/ColliderRollback/Prefabs/Rollback Visualization/TextCanvas.prefab using Guid(a7bbd13c7452746409efbaeae6a0d8e3) Importer(2089858483,192608db42251d675da83286b1cce702) (ScriptedImporter) -> (artifact id: '5a597f95404f77d54fb0bb176a0bcdf3') in 0.0659432 seconds
Number of updated asset objects reloaded before import = 0Number of asset objects unloaded after import = 17

========================================================================
Received Import Request.
  Time since last request: 0.000046 seconds.
  path: Assets/FishNet/Demos/SceneManager/Additive Scenes/Scripts/ServerScenePrewarmer.cs
  artifactKey: Guid(b06d5bb8c7e0da04581df0b9454b81b7) Importer(2089858483,192608db42251d675da83286b1cce702)
Start importing Assets/FishNet/Demos/SceneManager/Additive Scenes/Scripts/ServerScenePrewarmer.cs using Guid(b06d5bb8c7e0da04581df0b9454b81b7) Importer(2089858483,192608db42251d675da83286b1cce702) (ScriptedImporter) -> (artifact id: 'e33f592560690acaa30c8359ce07a03f') in 0.0093589 seconds
Number of updated asset objects reloaded before import = 0Number of asset objects unloaded after import = 0

========================================================================
Received Import Request.
  Time since last request: 0.000052 seconds.
  path: Assets/FishNet/Demos/SceneManager/Additive Scenes/Scenes/AdditiveScenes_3.unity
  artifactKey: Guid(8ac819f926d1e914e9552e79c147082d) Importer(2089858483,192608db42251d675da83286b1cce702)
Start importing Assets/FishNet/Demos/SceneManager/Additive Scenes/Scenes/AdditiveScenes_3.unity using Guid(8ac819f926d1e914e9552e79c147082d) Importer(2089858483,192608db42251d675da83286b1cce702) (ScriptedImporter) -> (artifact id: 'c24a9b7b028a022e8c957d5b9a8a8dfe') in 0.0156283 seconds
Number of updated asset objects reloaded before import = 0Number of asset objects unloaded after import = 1

========================================================================
Received Import Request.
  Time since last request: 0.000032 seconds.
  path: Assets/FishNet/Demos/ColliderRollback/Scripts/Rollback Visualization/RollbackVisualizer.cs
  artifactKey: Guid(6c5d5c9fcdb14704d9c64b18dc05a809) Importer(2089858483,192608db42251d675da83286b1cce702)
Start importing Assets/FishNet/Demos/ColliderRollback/Scripts/Rollback Visualization/RollbackVisualizer.cs using Guid(6c5d5c9fcdb14704d9c64b18dc05a809) Importer(2089858483,192608db42251d675da83286b1cce702) (ScriptedImporter) -> (artifact id: '64d66d654363fd942f40eed74dc33988') in 0.0089116 seconds
Number of updated asset objects reloaded before import = 0Number of asset objects unloaded after import = 0

========================================================================
Received Import Request.
  Time since last request: 0.000052 seconds.
  path: Assets/FishNet/Demos/ColliderRollback/Prefabs/Rollback Visualization/ServerPosition.prefab
  artifactKey: Guid(85cfddb33a414594490116dc8e2a91f4) Importer(2089858483,192608db42251d675da83286b1cce702)
Start importing Assets/FishNet/Demos/ColliderRollback/Prefabs/Rollback Visualization/ServerPosition.prefab using Guid(85cfddb33a414594490116dc8e2a91f4) Importer(2089858483,192608db42251d675da83286b1cce702) (ScriptedImporter) -> (artifact id: 'd9ea176eb1beaaa2d44906e419ba8c21') in 0.0234654 seconds
Number of updated asset objects reloaded before import = 0Number of asset objects unloaded after import = 8

========================================================================
Received Import Request.
  Time since last request: 0.000043 seconds.
  path: Assets/FishNet/CodeGenerating/cecil-0.11.4/rocks/Mono.Cecil.Rocks/DocCommentId.cs
  artifactKey: Guid(370e40931a1b9cf478e08e66fd2a9eac) Importer(2089858483,192608db42251d675da83286b1cce702)
Start importing Assets/FishNet/CodeGenerating/cecil-0.11.4/rocks/Mono.Cecil.Rocks/DocCommentId.cs using Guid(370e40931a1b9cf478e08e66fd2a9eac) Importer(2089858483,192608db42251d675da83286b1cce702) (ScriptedImporter) -> (artifact id: 'b5dd757d03d8cc568d617a56b58958d1') in 0.0126609 seconds
Number of updated asset objects reloaded before import = 0Number of asset objects unloaded after import = 0

========================================================================
Received Import Request.
  Time since last request: 0.000052 seconds.
  path: Assets/PolygonSciFiSpace/Models/Collision/Convex/SM_Veh_Part_Misc_07_Convex.asset
  artifactKey: Guid(7003736e9760ddb4b96e862e53bf8cd4) Importer(2089858483,192608db42251d675da83286b1cce702)
Start importing Assets/PolygonSciFiSpace/Models/Collision/Convex/SM_Veh_Part_Misc_07_Convex.asset using Guid(7003736e9760ddb4b96e862e53bf8cd4) Importer(2089858483,192608db42251d675da83286b1cce702) (ScriptedImporter) -> (artifact id: 'dc9845687774b82e635c3db4032abdb1') in 0.0107169 seconds
Number of updated asset objects reloaded before import = 0Number of asset objects unloaded after import = 1

========================================================================
Received Import Request.
  Time since last request: 0.000035 seconds.
  path: Assets/FishNet/Runtime/Observing/Conditions/GridCondition/GridCondition.asset
  artifactKey: Guid(cc503f7541ebd424c94541e6a767efee) Importer(2089858483,192608db42251d675da83286b1cce702)
Start importing Assets/FishNet/Runtime/Observing/Conditions/GridCondition/GridCondition.asset using Guid(cc503f7541ebd424c94541e6a767efee) Importer(2089858483,192608db42251d675da83286b1cce702) (ScriptedImporter) -> (artifact id: '78baa2790ab22e510a2877a635aa327e') in 0.0135927 seconds
Number of updated asset objects reloaded before import = 0Number of asset objects unloaded after import = 1

========================================================================
Received Import Request.
  Time since last request: 0.000032 seconds.
  path: Assets/FishNet/Runtime/Managing/Scened/Events/UnloadSceneEventArgs.cs
  artifactKey: Guid(2c24765fea85b564aa331b529f324f92) Importer(2089858483,192608db42251d675da83286b1cce702)
Start importing Assets/FishNet/Runtime/Managing/Scened/Events/UnloadSceneEventArgs.cs using Guid(2c24765fea85b564aa331b529f324f92) Importer(2089858483,192608db42251d675da83286b1cce702) (ScriptedImporter) -> (artifact id: '2f7c50ab9bbc9037bb755811e393f270') in 0.0125653 seconds
Number of updated asset objects reloaded before import = 0Number of asset objects unloaded after import = 0

========================================================================
Received Import Request.
  Time since last request: 0.000036 seconds.
  path: Assets/FishNet/Runtime/Generated/Component/Prediction/NetworkTrigger.cs
  artifactKey: Guid(3dc97a8b9e628044e83004c93095c14d) Importer(2089858483,192608db42251d675da83286b1cce702)
Start importing Assets/FishNet/Runtime/Generated/Component/Prediction/NetworkTrigger.cs using Guid(3dc97a8b9e628044e83004c93095c14d) Importer(2089858483,192608db42251d675da83286b1cce702) (ScriptedImporter) -> (artifact id: 'b55c255a9d938225eade740fd9c84aac') in 0.014037 seconds
Number of updated asset objects reloaded before import = 0Number of asset objects unloaded after import = 0

========================================================================
Received Import Request.
  Time since last request: 0.000128 seconds.
  path: Assets/FishNet/Runtime/Generated/Component/TickSmoothing/TickSmoothingManager.Types.cs
  artifactKey: Guid(59458bff2dda41a46a1b86c5512f9ff4) Importer(2089858483,192608db42251d675da83286b1cce702)
Start importing Assets/FishNet/Runtime/Generated/Component/TickSmoothing/TickSmoothingManager.Types.cs using Guid(59458bff2dda41a46a1b86c5512f9ff4) Importer(2089858483,192608db42251d675da83286b1cce702) (ScriptedImporter) -> (artifact id: 'cc1a8f2a2bf29ee816d94f7dce051819') in 0.0104293 seconds
Number of updated asset objects reloaded before import = 0Number of asset objects unloaded after import = 0

========================================================================
Received Import Request.
  Time since last request: 0.000040 seconds.
  path: Assets/FishNet/Runtime/Managing/Server/Object/ServerObjects.Parsing.cs
  artifactKey: Guid(3cb6cef520a4ff44bb8c4814e566c5ff) Importer(2089858483,192608db42251d675da83286b1cce702)
Start importing Assets/FishNet/Runtime/Managing/Server/Object/ServerObjects.Parsing.cs using Guid(3cb6cef520a4ff44bb8c4814e566c5ff) Importer(2089858483,192608db42251d675da83286b1cce702) (ScriptedImporter) -> (artifact id: '4ceff74af2fffabde5cf1159dc3a7b37') in 0.0137881 seconds
Number of updated asset objects reloaded before import = 0Number of asset objects unloaded after import = 0

========================================================================
Received Import Request.
  Time since last request: 0.000038 seconds.
  path: Assets/FishNet/Runtime/Managing/Logging/Editor/LevelLoggingConfigurationEditor.cs
  artifactKey: Guid(b815d3a75a4bcc54b907a07e83c7b7cb) Importer(2089858483,192608db42251d675da83286b1cce702)
Start importing Assets/FishNet/Runtime/Managing/Logging/Editor/LevelLoggingConfigurationEditor.cs using Guid(b815d3a75a4bcc54b907a07e83c7b7cb) Importer(2089858483,192608db42251d675da83286b1cce702) (ScriptedImporter) -> (artifact id: '5eef0f7e2e83fb62c37e53067e9f1f34') in 0.0087546 seconds
Number of updated asset objects reloaded before import = 0Number of asset objects unloaded after import = 0

========================================================================
Received Import Request.
  Time since last request: 0.000036 seconds.
  path: Assets/FishNet/Runtime/Generated/Component/TickSmoothing/UniversalTickSmoother.cs
  artifactKey: Guid(3c9b47c92bed992428c9dbcb60f80916) Importer(2089858483,192608db42251d675da83286b1cce702)
Start importing Assets/FishNet/Runtime/Generated/Component/TickSmoothing/UniversalTickSmoother.cs using Guid(3c9b47c92bed992428c9dbcb60f80916) Importer(2089858483,192608db42251d675da83286b1cce702) (ScriptedImporter) -> (artifact id: 'b74504116d60813b046f1d213a6ff3fc') in 0.0110445 seconds
Number of updated asset objects reloaded before import = 0Number of asset objects unloaded after import = 0

========================================================================
Received Import Request.
  Time since last request: 0.000056 seconds.
  path: Assets/FishNet/Runtime/Managing/Server/Object/ServerObjects.cs
  artifactKey: Guid(d5e7f3005cbc7924f99819311c58651a) Importer(2089858483,192608db42251d675da83286b1cce702)
Start importing Assets/FishNet/Runtime/Managing/Server/Object/ServerObjects.cs using Guid(d5e7f3005cbc7924f99819311c58651a) Importer(2089858483,192608db42251d675da83286b1cce702) (ScriptedImporter) -> (artifact id: '591a7f4578c3e32f6b60bdfef7177465') in 0.0131853 seconds
Number of updated asset objects reloaded before import = 0Number of asset objects unloaded after import = 0

========================================================================
Received Import Request.
  Time since last request: 0.000035 seconds.
  path: Assets/FishNet/Runtime/Generated/Component/NetworkTransform/SynchronizedProperty.cs
  artifactKey: Guid(3e6005ee9abfdd542ad27023114bbe04) Importer(2089858483,192608db42251d675da83286b1cce702)
Start importing Assets/FishNet/Runtime/Generated/Component/NetworkTransform/SynchronizedProperty.cs using Guid(3e6005ee9abfdd542ad27023114bbe04) Importer(2089858483,192608db42251d675da83286b1cce702) (ScriptedImporter) -> (artifact id: 'bba3d597d20ddfad13bbe6ecd71775f8') in 0.0096007 seconds
Number of updated asset objects reloaded before import = 0Number of asset objects unloaded after import = 0

========================================================================
Received Import Request.
  Time since last request: 0.000032 seconds.
  path: Assets/FishNet/Runtime/Managing/Scened/Events/ClientPresenceChangeEventArgs.cs
  artifactKey: Guid(fa91039d4ab1c6445af72881af122b0a) Importer(2089858483,192608db42251d675da83286b1cce702)
Start importing Assets/FishNet/Runtime/Managing/Scened/Events/ClientPresenceChangeEventArgs.cs using Guid(fa91039d4ab1c6445af72881af122b0a) Importer(2089858483,192608db42251d675da83286b1cce702) (ScriptedImporter) -> (artifact id: '102d1daefbcdf30de0d0585b0fb96262') in 0.0105481 seconds
Number of updated asset objects reloaded before import = 0Number of asset objects unloaded after import = 0

========================================================================
Received Import Request.
  Time since last request: 0.000040 seconds.
  path: Assets/FishNet/Runtime/Managing/Scened/LoadUnloadDatas/LoadParams.cs
  artifactKey: Guid(d8b395f67f61b4e45830a70289a1901d) Importer(2089858483,192608db42251d675da83286b1cce702)
Start importing Assets/FishNet/Runtime/Managing/Scened/LoadUnloadDatas/LoadParams.cs using Guid(d8b395f67f61b4e45830a70289a1901d) Importer(2089858483,192608db42251d675da83286b1cce702) (ScriptedImporter) -> (artifact id: '450dac2e63c9358de77f38b28d390f45') in 0.010579 seconds
Number of updated asset objects reloaded before import = 0Number of asset objects unloaded after import = 0

========================================================================
Received Import Request.
  Time since last request: 0.000053 seconds.
  path: Assets/FishNet/Runtime/Generated/Component/Utility/MonoTickSmoother.cs
  artifactKey: Guid(b3c0f5e921f9d784986ee1c8d311ccba) Importer(2089858483,192608db42251d675da83286b1cce702)
Start importing Assets/FishNet/Runtime/Generated/Component/Utility/MonoTickSmoother.cs using Guid(b3c0f5e921f9d784986ee1c8d311ccba) Importer(2089858483,192608db42251d675da83286b1cce702) (ScriptedImporter) -> (artifact id: 'cd763212b1d1e428dd0c6efa8bc83614') in 0.0117374 seconds
Number of updated asset objects reloaded before import = 0Number of asset objects unloaded after import = 0

========================================================================
Received Import Request.
  Time since last request: 0.000031 seconds.
  path: Assets/FishNet/Runtime/Managing/Scened/LoadUnloadDatas/LoadOptions.cs
  artifactKey: Guid(1614453d3786b2a4eb18b69297da7dc9) Importer(2089858483,192608db42251d675da83286b1cce702)
Start importing Assets/FishNet/Runtime/Managing/Scened/LoadUnloadDatas/LoadOptions.cs using Guid(1614453d3786b2a4eb18b69297da7dc9) Importer(2089858483,192608db42251d675da83286b1cce702) (ScriptedImporter) -> (artifact id: '6da5d27751fcf7961b452d138c195abe') in 0.0111087 seconds
Number of updated asset objects reloaded before import = 0Number of asset objects unloaded after import = 0

========================================================================
Received Import Request.
  Time since last request: 0.000032 seconds.
  path: Assets/FishNet/Runtime/Generated/Component/Prediction/RigidbodyPauser.cs
  artifactKey: Guid(9536377524ca5db43aae431f983ab21f) Importer(2089858483,192608db42251d675da83286b1cce702)
Start importing Assets/FishNet/Runtime/Generated/Component/Prediction/RigidbodyPauser.cs using Guid(9536377524ca5db43aae431f983ab21f) Importer(2089858483,192608db42251d675da83286b1cce702) (ScriptedImporter) -> (artifact id: 'b774ac2a0b6d00d36c49a7dcda71bfd5') in 0.0115775 seconds
Number of updated asset objects reloaded before import = 0Number of asset objects unloaded after import = 0

========================================================================
Received Import Request.
  Time since last request: 0.000039 seconds.
  path: Assets/PolygonSciFiSpace/Models/Collision/Convex/SM_Veh_Part_Misc_017_Convex.asset
  artifactKey: Guid(47fc39e56d7a0934aaa7e90d617134b2) Importer(2089858483,192608db42251d675da83286b1cce702)
Start importing Assets/PolygonSciFiSpace/Models/Collision/Convex/SM_Veh_Part_Misc_017_Convex.asset using Guid(47fc39e56d7a0934aaa7e90d617134b2) Importer(2089858483,192608db42251d675da83286b1cce702) (ScriptedImporter) -> (artifact id: '0b44d6ebfe99ba1153babafe16aa1376') in 0.0092115 seconds
Number of updated asset objects reloaded before import = 0Number of asset objects unloaded after import = 1

========================================================================
Received Import Request.
  Time since last request: 0.000062 seconds.
  path: Assets/FishNet/Runtime/Managing/Scened/Broadcast/SceneBroadcasts.cs
  artifactKey: Guid(698a94b4f8664ac4ab108deae0ba3b7c) Importer(2089858483,192608db42251d675da83286b1cce702)
Start importing Assets/FishNet/Runtime/Managing/Scened/Broadcast/SceneBroadcasts.cs using Guid(698a94b4f8664ac4ab108deae0ba3b7c) Importer(2089858483,192608db42251d675da83286b1cce702) (ScriptedImporter) -> (artifact id: '21da4484cd9f4d4740967566de8e1b44') in 0.0104892 seconds
Number of updated asset objects reloaded before import = 0Number of asset objects unloaded after import = 0

========================================================================
Received Import Request.
  Time since last request: 0.000035 seconds.
  path: Assets/PolygonSciFiSpace/Models/Collision/Convex/SM_Bld_Crew_Toilet_01_Convex.asset
  artifactKey: Guid(57227b50f7ad2654ead776ef598dbd22) Importer(2089858483,192608db42251d675da83286b1cce702)
Start importing Assets/PolygonSciFiSpace/Models/Collision/Convex/SM_Bld_Crew_Toilet_01_Convex.asset using Guid(57227b50f7ad2654ead776ef598dbd22) Importer(2089858483,192608db42251d675da83286b1cce702) (ScriptedImporter) -> (artifact id: '416049d1978bfb17f449c8d4e47b0f87') in 0.0097261 seconds
Number of updated asset objects reloaded before import = 0Number of asset objects unloaded after import = 1

========================================================================
Received Import Request.
  Time since last request: 0.000031 seconds.
  path: Assets/FishNet/Runtime/Managing/Scened/LoadUnloadDatas/SceneUnloadData.cs
  artifactKey: Guid(77cbfeea232e4ab44a4315b003ce6742) Importer(2089858483,192608db42251d675da83286b1cce702)
Start importing Assets/FishNet/Runtime/Managing/Scened/LoadUnloadDatas/SceneUnloadData.cs using Guid(77cbfeea232e4ab44a4315b003ce6742) Importer(2089858483,192608db42251d675da83286b1cce702) (ScriptedImporter) -> (artifact id: '302336f88e35622103c3d7199bdcdfa5') in 0.0166225 seconds
Number of updated asset objects reloaded before import = 0Number of asset objects unloaded after import = 0

========================================================================
Received Import Request.
  Time since last request: 0.000033 seconds.
  path: Assets/Polygon Arsenal/Sound/Prefabs/Missile/PolyFireballMissileSND.prefab
  artifactKey: Guid(42f4d35ea48960f4cbadc373e47bdc4d) Importer(2089858483,192608db42251d675da83286b1cce702)
Start importing Assets/Polygon Arsenal/Sound/Prefabs/Missile/PolyFireballMissileSND.prefab using Guid(42f4d35ea48960f4cbadc373e47bdc4d) Importer(2089858483,192608db42251d675da83286b1cce702) (ScriptedImporter) -> (artifact id: '0aae0816e97a827864ca269fbff97425') in 0.0387602 seconds
Number of updated asset objects reloaded before import = 0Number of asset objects unloaded after import = 6

========================================================================
Received Import Request.
  Time since last request: 0.000060 seconds.
  path: Assets/Polygon Arsenal/Materials/Rimlight/Solid/Crystals/PolyCrystalDark.mat
  artifactKey: Guid(d1d4da0ae32d2d148874d8e1c826359e) Importer(2089858483,192608db42251d675da83286b1cce702)
Start importing Assets/Polygon Arsenal/Materials/Rimlight/Solid/Crystals/PolyCrystalDark.mat using Guid(d1d4da0ae32d2d148874d8e1c826359e) Importer(2089858483,192608db42251d675da83286b1cce702) (ScriptedImporter) -> (artifact id: 'd50019f2a0c9c418c96ea26304fb2eac') in 0.0218159 seconds
Number of updated asset objects reloaded before import = 0Number of asset objects unloaded after import = 1

========================================================================
Received Import Request.
  Time since last request: 0.000028 seconds.
  path: Assets/Online_FPS_TPS_KIT/Scripts/v3.2/RIG/LocalRigs/BodySlopeRig.cs
  artifactKey: Guid(2be65b3cf479bc9419608f6f49faa951) Importer(2089858483,192608db42251d675da83286b1cce702)
Start importing Assets/Online_FPS_TPS_KIT/Scripts/v3.2/RIG/LocalRigs/BodySlopeRig.cs using Guid(2be65b3cf479bc9419608f6f49faa951) Importer(2089858483,192608db42251d675da83286b1cce702) (ScriptedImporter) -> (artifact id: '0e4502567c74a1f7cebd53862f3dea75') in 0.0174791 seconds
Number of updated asset objects reloaded before import = 0Number of asset objects unloaded after import = 0

========================================================================
Received Import Request.
  Time since last request: 0.000035 seconds.
  path: Assets/Polygon Arsenal/Materials/Rimlight/Solid/Treasure/PolySolidTrsSilver.mat
  artifactKey: Guid(0609c613e186b034686c952b38c0846d) Importer(2089858483,192608db42251d675da83286b1cce702)
Start importing Assets/Polygon Arsenal/Materials/Rimlight/Solid/Treasure/PolySolidTrsSilver.mat using Guid(0609c613e186b034686c952b38c0846d) Importer(2089858483,192608db42251d675da83286b1cce702) (ScriptedImporter) -> (artifact id: 'f3e9af512f1159b73b3a0b6867da2831') in 0.0261091 seconds
Number of updated asset objects reloaded before import = 0Number of asset objects unloaded after import = 1

========================================================================
Received Import Request.
  Time since last request: 0.000036 seconds.
  path: Assets/FishNet/Runtime/Transporting/Transports/Multipass/CHANGELOG.txt
  artifactKey: Guid(9b339dd67a0ce7f458236a3ad1d97322) Importer(2089858483,192608db42251d675da83286b1cce702)
Start importing Assets/FishNet/Runtime/Transporting/Transports/Multipass/CHANGELOG.txt using Guid(9b339dd67a0ce7f458236a3ad1d97322) Importer(2089858483,192608db42251d675da83286b1cce702) (ScriptedImporter) -> (artifact id: 'b7c790f8e76faaf9416deff37a57f04a') in 0.013554 seconds
Number of updated asset objects reloaded before import = 0Number of asset objects unloaded after import = 1

========================================================================
Received Import Request.
  Time since last request: 0.000044 seconds.
  path: Assets/FishNet/Runtime/Plugins/ColliderRollback/Scripts/RollbackPhysicsType.cs
  artifactKey: Guid(82b31e74d64a0c44d8fa2f3b6b08ebca) Importer(2089858483,192608db42251d675da83286b1cce702)
Start importing Assets/FishNet/Runtime/Plugins/ColliderRollback/Scripts/RollbackPhysicsType.cs using Guid(82b31e74d64a0c44d8fa2f3b6b08ebca) Importer(2089858483,192608db42251d675da83286b1cce702) (ScriptedImporter) -> (artifact id: '7b31807503d4c47de90e1c8e88aab19f') in 0.0114205 seconds
Number of updated asset objects reloaded before import = 0Number of asset objects unloaded after import = 0

========================================================================
Received Import Request.
  Time since last request: 0.000027 seconds.
  path: Assets/FishNet/Runtime/Plugins/GameKit/Dependencies/GameKit.Dependencies.asmdef
  artifactKey: Guid(1d82bdf40e2465b44b34adf79595e74c) Importer(2089858483,192608db42251d675da83286b1cce702)
Start importing Assets/FishNet/Runtime/Plugins/GameKit/Dependencies/GameKit.Dependencies.asmdef using Guid(1d82bdf40e2465b44b34adf79595e74c) Importer(2089858483,192608db42251d675da83286b1cce702) (ScriptedImporter) -> (artifact id: '5deba67eeed536bf89c8a265416b3561') in 0.0150934 seconds
Number of updated asset objects reloaded before import = 0Number of asset objects unloaded after import = 1

========================================================================
Received Import Request.
  Time since last request: 0.000034 seconds.
  path: Assets/Online_FPS_TPS_KIT/Scripts/v3.2/RIG/Extensions/PositionReturn_Extension.cs
  artifactKey: Guid(875da0c6b3bebbe4b87fb406f4dc570d) Importer(2089858483,192608db42251d675da83286b1cce702)
Start importing Assets/Online_FPS_TPS_KIT/Scripts/v3.2/RIG/Extensions/PositionReturn_Extension.cs using Guid(875da0c6b3bebbe4b87fb406f4dc570d) Importer(2089858483,192608db42251d675da83286b1cce702) (ScriptedImporter) -> (artifact id: 'd47b2631130fb91f6d753c162352e96d') in 0.0113088 seconds
Number of updated asset objects reloaded before import = 0Number of asset objects unloaded after import = 0

========================================================================
Received Import Request.
  Time since last request: 0.000051 seconds.
  path: Assets/Polygon Arsenal/Materials/Rimlight/Solid/Crystals/PolyCrystalPurple.mat
  artifactKey: Guid(c9faf21f0d7dd9e4684967bf5c6ef846) Importer(2089858483,192608db42251d675da83286b1cce702)
Start importing Assets/Polygon Arsenal/Materials/Rimlight/Solid/Crystals/PolyCrystalPurple.mat using Guid(c9faf21f0d7dd9e4684967bf5c6ef846) Importer(2089858483,192608db42251d675da83286b1cce702) (ScriptedImporter) -> (artifact id: 'ec39ce9765785d73f172d0feb30caa2a') in 0.0247385 seconds
Number of updated asset objects reloaded before import = 0Number of asset objects unloaded after import = 1

========================================================================
Received Import Request.
  Time since last request: 0.000077 seconds.
  path: Assets/Polygon Arsenal/Materials/Rimlight/Solid/BlackHole/PolyBlackHolePink.mat
  artifactKey: Guid(0f800fa6a92a5364e8219e32ffe7d469) Importer(2089858483,192608db42251d675da83286b1cce702)
Start importing Assets/Polygon Arsenal/Materials/Rimlight/Solid/BlackHole/PolyBlackHolePink.mat using Guid(0f800fa6a92a5364e8219e32ffe7d469) Importer(2089858483,192608db42251d675da83286b1cce702) (ScriptedImporter) -> (artifact id: '86e3bef87154ccf84b7699d8d2a9226c') in 0.0160648 seconds
Number of updated asset objects reloaded before import = 0Number of asset objects unloaded after import = 1

========================================================================
Received Import Request.
  Time since last request: 0.000033 seconds.
  path: Assets/Polygon Arsenal/Materials/Rimlight/Solid/BlackHole/PolyBlackHoleGreen.mat
  artifactKey: Guid(9715a63126301c44c802305e5c9ac158) Importer(2089858483,192608db42251d675da83286b1cce702)
Start importing Assets/Polygon Arsenal/Materials/Rimlight/Solid/BlackHole/PolyBlackHoleGreen.mat using Guid(9715a63126301c44c802305e5c9ac158) Importer(2089858483,192608db42251d675da83286b1cce702) (ScriptedImporter) -> (artifact id: '98293545e1d9646f37792809ef0eddd9') in 0.0137789 seconds
Number of updated asset objects reloaded before import = 0Number of asset objects unloaded after import = 1

========================================================================
Received Import Request.
  Time since last request: 0.000029 seconds.
  path: Assets/Polygon Arsenal/Materials/Rimlight/Solid/Crystals/PolyCrystalBlue.mat
  artifactKey: Guid(730712a269da3f54682e64cf17acabd7) Importer(2089858483,192608db42251d675da83286b1cce702)
Start importing Assets/Polygon Arsenal/Materials/Rimlight/Solid/Crystals/PolyCrystalBlue.mat using Guid(730712a269da3f54682e64cf17acabd7) Importer(2089858483,192608db42251d675da83286b1cce702) (ScriptedImporter) -> (artifact id: '64e73fef10e7996e118adb474fa8a75e') in 0.0140856 seconds
Number of updated asset objects reloaded before import = 0Number of asset objects unloaded after import = 1

========================================================================
Received Import Request.
  Time since last request: 0.000041 seconds.
  path: Assets/FishNet/Runtime/Plugins/Yak/Core/ServerSocket.cs
  artifactKey: Guid(9181ba25449c96446b966d0bd62e5813) Importer(2089858483,192608db42251d675da83286b1cce702)
Start importing Assets/FishNet/Runtime/Plugins/Yak/Core/ServerSocket.cs using Guid(9181ba25449c96446b966d0bd62e5813) Importer(2089858483,192608db42251d675da83286b1cce702) (ScriptedImporter) -> (artifact id: 'f09538e3d2214880dbae3f5c852ea7b4') in 0.0096947 seconds
Number of updated asset objects reloaded before import = 0Number of asset objects unloaded after import = 0

========================================================================
Received Import Request.
  Time since last request: 0.000080 seconds.
  path: Assets/Online_FPS_TPS_KIT/Scripts/v3.2/RIG/LocalRigs/PositionConstrained.cs
  artifactKey: Guid(99fe9f8b62dac084aa9444415014bca5) Importer(2089858483,192608db42251d675da83286b1cce702)
Start importing Assets/Online_FPS_TPS_KIT/Scripts/v3.2/RIG/LocalRigs/PositionConstrained.cs using Guid(99fe9f8b62dac084aa9444415014bca5) Importer(2089858483,192608db42251d675da83286b1cce702) (ScriptedImporter) -> (artifact id: '14cdde353758642679e9ada3e1e138fc') in 0.0129056 seconds
Number of updated asset objects reloaded before import = 0Number of asset objects unloaded after import = 0

========================================================================
Received Import Request.
  Time since last request: 0.000034 seconds.
  path: Assets/Polygon Arsenal/Materials/Rimlight/Solid/Crystals/PolyCrystalYellow.mat
  artifactKey: Guid(21c592a9649ccd0438af6a84280404bf) Importer(2089858483,192608db42251d675da83286b1cce702)
Start importing Assets/Polygon Arsenal/Materials/Rimlight/Solid/Crystals/PolyCrystalYellow.mat using Guid(21c592a9649ccd0438af6a84280404bf) Importer(2089858483,192608db42251d675da83286b1cce702) (ScriptedImporter) -> (artifact id: 'e126fad0772e8df66e16687473d16e6a') in 0.0118202 seconds
Number of updated asset objects reloaded before import = 0Number of asset objects unloaded after import = 1

========================================================================
Received Import Request.
  Time since last request: 0.000032 seconds.
  path: Assets/Polygon Arsenal/Materials/Rimlight/Solid/Crystals/PolyCrystalGreen.mat
  artifactKey: Guid(52a1cc4366fd94b4e9316e4f45dede60) Importer(2089858483,192608db42251d675da83286b1cce702)
Start importing Assets/Polygon Arsenal/Materials/Rimlight/Solid/Crystals/PolyCrystalGreen.mat using Guid(52a1cc4366fd94b4e9316e4f45dede60) Importer(2089858483,192608db42251d675da83286b1cce702) (ScriptedImporter) -> (artifact id: 'e07ca8345194e65134b987903274d89a') in 0.0141312 seconds
Number of updated asset objects reloaded before import = 0Number of asset objects unloaded after import = 1

========================================================================
Received Import Request.
  Time since last request: 0.000038 seconds.
  path: Assets/Online_FPS_TPS_KIT/Scripts/v3.2/RIG/Editor/RigList_EDITOR.cs
  artifactKey: Guid(5754af36b7edca04aa52a299cbd9b4d0) Importer(2089858483,192608db42251d675da83286b1cce702)
Start importing Assets/Online_FPS_TPS_KIT/Scripts/v3.2/RIG/Editor/RigList_EDITOR.cs using Guid(5754af36b7edca04aa52a299cbd9b4d0) Importer(2089858483,192608db42251d675da83286b1cce702) (ScriptedImporter) -> (artifact id: '4e08e0eae664a33a3f1cd6784ad50d07') in 0.0127739 seconds
Number of updated asset objects reloaded before import = 0Number of asset objects unloaded after import = 0

========================================================================
Received Import Request.
  Time since last request: 0.000045 seconds.
  path: Assets/PolygonSciFiSpace/Models/Collision/Convex/SM_Bld_Floor_04_Convex.asset
  artifactKey: Guid(d85fe29df9cbb26419cb54a49b18effc) Importer(2089858483,192608db42251d675da83286b1cce702)
Start importing Assets/PolygonSciFiSpace/Models/Collision/Convex/SM_Bld_Floor_04_Convex.asset using Guid(d85fe29df9cbb26419cb54a49b18effc) Importer(2089858483,192608db42251d675da83286b1cce702) (ScriptedImporter) -> (artifact id: '113c99e7d8023b518aaabf65a66beb54') in 0.012767 seconds
Number of updated asset objects reloaded before import = 0Number of asset objects unloaded after import = 1

========================================================================
Received Import Request.
  Time since last request: 0.000041 seconds.
  path: Assets/Polygon Arsenal/Materials/Rimlight/Transparent/Shield/PolyShieldPurple.mat
  artifactKey: Guid(4cbb6216b894c3444b23c64f01d8d9e6) Importer(2089858483,192608db42251d675da83286b1cce702)
Start importing Assets/Polygon Arsenal/Materials/Rimlight/Transparent/Shield/PolyShieldPurple.mat using Guid(4cbb6216b894c3444b23c64f01d8d9e6) Importer(2089858483,192608db42251d675da83286b1cce702) (ScriptedImporter) -> (artifact id: '42f525bf83e7ae24f7772a4574c63fad') in 0.0144681 seconds
Number of updated asset objects reloaded before import = 0Number of asset objects unloaded after import = 1

========================================================================
Received Import Request.
  Time since last request: 0.000035 seconds.
  path: Assets/Polygon Arsenal/Prefabs/Combat/Aura/ShieldAura/ShieldDefenseYellow.prefab
  artifactKey: Guid(bbd867942d583ab4aa0562ac58146b0f) Importer(2089858483,192608db42251d675da83286b1cce702)
Start importing Assets/Polygon Arsenal/Prefabs/Combat/Aura/ShieldAura/ShieldDefenseYellow.prefab using Guid(bbd867942d583ab4aa0562ac58146b0f) Importer(2089858483,192608db42251d675da83286b1cce702) (ScriptedImporter) -> (artifact id: '743b0882722d478f30cd580d29427ae5') in 0.1344389 seconds
Number of updated asset objects reloaded before import = 0Number of asset objects unloaded after import = 18

========================================================================
Received Import Request.
  Time since last request: 0.000048 seconds.
  path: Assets/Polygon Arsenal/Prefabs/Combat/Aura/ElementalAura/ElementalAuraFrost.prefab
  artifactKey: Guid(3cadb0a0d4593f24d9af97fd7ce193ec) Importer(2089858483,192608db42251d675da83286b1cce702)
Start importing Assets/Polygon Arsenal/Prefabs/Combat/Aura/ElementalAura/ElementalAuraFrost.prefab using Guid(3cadb0a0d4593f24d9af97fd7ce193ec) Importer(2089858483,192608db42251d675da83286b1cce702) (ScriptedImporter) -> (artifact id: '263d9580d95cd7cfb00a8cb3b91719a0') in 0.1295226 seconds
Number of updated asset objects reloaded before import = 0Number of asset objects unloaded after import = 11

========================================================================
Received Import Request.
  Time since last request: 0.000066 seconds.
  path: Assets/Polygon Arsenal/Prefabs/Combat/Aura/SwirlAura/SwirlAuraGreen.prefab
  artifactKey: Guid(4fbfef7c85393bf49abebf02c7056691) Importer(2089858483,192608db42251d675da83286b1cce702)
Start importing Assets/Polygon Arsenal/Prefabs/Combat/Aura/SwirlAura/SwirlAuraGreen.prefab using Guid(4fbfef7c85393bf49abebf02c7056691) Importer(2089858483,192608db42251d675da83286b1cce702) (ScriptedImporter) -> (artifact id: 'aa602de07576dff57d41b98b1c4cf6b1') in 0.1317834 seconds
Number of updated asset objects reloaded before import = 0Number of asset objects unloaded after import = 20

========================================================================
Received Import Request.
  Time since last request: 0.000048 seconds.
  path: Assets/Polygon Arsenal/Prefabs/Combat/Aura/ElementalAura/ElementalAuraShadow.prefab
  artifactKey: Guid(9cc8c345b8d4c464aaadb8423b26fa60) Importer(2089858483,192608db42251d675da83286b1cce702)
Start importing Assets/Polygon Arsenal/Prefabs/Combat/Aura/ElementalAura/ElementalAuraShadow.prefab using Guid(9cc8c345b8d4c464aaadb8423b26fa60) Importer(2089858483,192608db42251d675da83286b1cce702) (ScriptedImporter) -> (artifact id: '77dab05c90a6798fa68ef19e377a8570') in 0.1288974 seconds
Number of updated asset objects reloaded before import = 0Number of asset objects unloaded after import = 16

========================================================================
Received Import Request.
  Time since last request: 0.000061 seconds.
  path: Assets/Polygon Arsenal/Prefabs/Combat/Aura/ShieldAura/ShieldDefenseRed.prefab
  artifactKey: Guid(c197ab70a609e494eb306b3f81cb5166) Importer(2089858483,192608db42251d675da83286b1cce702)
Start importing Assets/Polygon Arsenal/Prefabs/Combat/Aura/ShieldAura/ShieldDefenseRed.prefab using Guid(c197ab70a609e494eb306b3f81cb5166) Importer(2089858483,192608db42251d675da83286b1cce702) (ScriptedImporter) -> (artifact id: '08371e0c0cebbb31df353126d7dd2fb4') in 0.1243356 seconds
Number of updated asset objects reloaded before import = 0Number of asset objects unloaded after import = 18

========================================================================
Received Import Request.
  Time since last request: 0.000031 seconds.
  path: Assets/Polygon Arsenal/Prefabs/Combat/Aura/SwirlAura/SwirlAuraPurple.prefab
  artifactKey: Guid(a968112194abc8f40b4c04a190e0816e) Importer(2089858483,192608db42251d675da83286b1cce702)
Start importing Assets/Polygon Arsenal/Prefabs/Combat/Aura/SwirlAura/SwirlAuraPurple.prefab using Guid(a968112194abc8f40b4c04a190e0816e) Importer(2089858483,192608db42251d675da83286b1cce702) (ScriptedImporter) -> (artifact id: '812be9e3fb117e024dc12b9d99bd5437') in 0.1256945 seconds
Number of updated asset objects reloaded before import = 0Number of asset objects unloaded after import = 20

========================================================================
Received Import Request.
  Time since last request: 0.000036 seconds.
  path: Assets/Polygon Arsenal/Prefabs/Combat/Aura/ShieldAura/ShieldDefenseBlue.prefab
  artifactKey: Guid(606949094cec9e941b3cb9ea21b238cc) Importer(2089858483,192608db42251d675da83286b1cce702)
Start importing Assets/Polygon Arsenal/Prefabs/Combat/Aura/ShieldAura/ShieldDefenseBlue.prefab using Guid(606949094cec9e941b3cb9ea21b238cc) Importer(2089858483,192608db42251d675da83286b1cce702) (ScriptedImporter) -> (artifact id: '06e6420325d24f0cafe4eccc5fff0478') in 0.1375213 seconds
Number of updated asset objects reloaded before import = 0Number of asset objects unloaded after import = 18

========================================================================
Received Import Request.
  Time since last request: 0.000062 seconds.
  path: Assets/Polygon Arsenal/Prefabs/Combat/Barrage/Nova/BarrageNovaSwordLightningBlue.prefab
  artifactKey: Guid(7df4f25f992a550468e1cd990d16ccfe) Importer(2089858483,192608db42251d675da83286b1cce702)
Start importing Assets/Polygon Arsenal/Prefabs/Combat/Barrage/Nova/BarrageNovaSwordLightningBlue.prefab using Guid(7df4f25f992a550468e1cd990d16ccfe) Importer(2089858483,192608db42251d675da83286b1cce702) (ScriptedImporter) -> (artifact id: 'b17d73fa220a5f436e3e7fef236d433b') in 0.171484 seconds
Number of updated asset objects reloaded before import = 0Number of asset objects unloaded after import = 30

========================================================================
Received Import Request.
  Time since last request: 0.000051 seconds.
  path: Assets/Polygon Arsenal/Prefabs/Combat/Beams/Setup/BeamPurpleStart.prefab
  artifactKey: Guid(70fc113bb2609c544ba484a8da40dae1) Importer(2089858483,192608db42251d675da83286b1cce702)
Start importing Assets/Polygon Arsenal/Prefabs/Combat/Beams/Setup/BeamPurpleStart.prefab using Guid(70fc113bb2609c544ba484a8da40dae1) Importer(2089858483,192608db42251d675da83286b1cce702) (ScriptedImporter) -> (artifact id: '8ae9865842fd59bb4e86fda547b4f357') in 0.2246923 seconds
Number of updated asset objects reloaded before import = 0Number of asset objects unloaded after import = 28

========================================================================
Received Import Request.
  Time since last request: 0.000064 seconds.
  path: Assets/Polygon Arsenal/Prefabs/Combat/Barrage/Rain/BarrageArrowPoison.prefab
  artifactKey: Guid(e7ff6cf9862cc5446bee21d0a4ec8c37) Importer(2089858483,192608db42251d675da83286b1cce702)
Start importing Assets/Polygon Arsenal/Prefabs/Combat/Barrage/Rain/BarrageArrowPoison.prefab using Guid(e7ff6cf9862cc5446bee21d0a4ec8c37) Importer(2089858483,192608db42251d675da83286b1cce702) (ScriptedImporter) -> (artifact id: '0ef604563a4da4372617da79b9ce689e') in 0.2315647 seconds
Number of updated asset objects reloaded before import = 0Number of asset objects unloaded after import = 30

========================================================================
Received Import Request.
  Time since last request: 0.000049 seconds.
  path: Assets/Polygon Arsenal/Prefabs/Combat/Beams/Setup/BeamGreenEnd.prefab
  artifactKey: Guid(631f9239758639b48be226d4a7d5906f) Importer(2089858483,192608db42251d675da83286b1cce702)
Start importing Assets/Polygon Arsenal/Prefabs/Combat/Beams/Setup/BeamGreenEnd.prefab using Guid(631f9239758639b48be226d4a7d5906f) Importer(2089858483,192608db42251d675da83286b1cce702) (ScriptedImporter) -> (artifact id: 'b1e82b7e22bfcb9cf03e8491fa6c9b68') in 0.2262009 seconds
Number of updated asset objects reloaded before import = 0Number of asset objects unloaded after import = 30

========================================================================
Received Import Request.
  Time since last request: 0.000068 seconds.
  path: Assets/Polygon Arsenal/Prefabs/Combat/Beams/Setup/BeamGreenStart.prefab
  artifactKey: Guid(5e7208caf31b2934389f454c23e1f31f) Importer(2089858483,192608db42251d675da83286b1cce702)
Start importing Assets/Polygon Arsenal/Prefabs/Combat/Beams/Setup/BeamGreenStart.prefab using Guid(5e7208caf31b2934389f454c23e1f31f) Importer(2089858483,192608db42251d675da83286b1cce702) (ScriptedImporter) -> (artifact id: 'f92516962e8047e4eba0495f8d20ba87') in 0.2431293 seconds
Number of updated asset objects reloaded before import = 0Number of asset objects unloaded after import = 28

========================================================================
Received Import Request.
  Time since last request: 0.000061 seconds.
  path: Assets/Polygon Arsenal/Prefabs/Combat/Chains/Chained/ChainedLife.prefab
  artifactKey: Guid(562c7d057cbf9bc42ad41930a27a2be3) Importer(2089858483,192608db42251d675da83286b1cce702)
Start importing Assets/Polygon Arsenal/Prefabs/Combat/Chains/Chained/ChainedLife.prefab using Guid(562c7d057cbf9bc42ad41930a27a2be3) Importer(2089858483,192608db42251d675da83286b1cce702) (ScriptedImporter) -> (artifact id: '7b1c1c9122b1e8e418eadd05262c8b7c') in 0.17173 seconds
Number of updated asset objects reloaded before import = 0Number of asset objects unloaded after import = 24

========================================================================
Received Import Request.
  Time since last request: 0.000071 seconds.
  path: Assets/Polygon Arsenal/Prefabs/Combat/Beams/Static Beam/PolyBeamStaticGreen.prefab
  artifactKey: Guid(3039c2ebcd61c884ab9c9d97efbdf8d8) Importer(2089858483,192608db42251d675da83286b1cce702)
Start importing Assets/Polygon Arsenal/Prefabs/Combat/Beams/Static Beam/PolyBeamStaticGreen.prefab using Guid(3039c2ebcd61c884ab9c9d97efbdf8d8) Importer(2089858483,192608db42251d675da83286b1cce702) (ScriptedImporter) -> (artifact id: 'bf4d9ab9daa8f8d6453ba5f17a0de98d') in 0.0616537 seconds
Number of updated asset objects reloaded before import = 0Number of asset objects unloaded after import = 52

========================================================================
Received Import Request.
  Time since last request: 0.000039 seconds.
  path: Assets/Polygon Arsenal/Prefabs/Combat/Chains/ChainTarget/ChainTargetFrost.prefab
  artifactKey: Guid(4e3f11d7440e9c947b5c3a26f30659c4) Importer(2089858483,192608db42251d675da83286b1cce702)
Start importing Assets/Polygon Arsenal/Prefabs/Combat/Chains/ChainTarget/ChainTargetFrost.prefab using Guid(4e3f11d7440e9c947b5c3a26f30659c4) Importer(2089858483,192608db42251d675da83286b1cce702) (ScriptedImporter) -> (artifact id: 'a52b59735104cc285aed6df727952e25') in 0.1909031 seconds
Number of updated asset objects reloaded before import = 0Number of asset objects unloaded after import = 31

========================================================================
Received Import Request.
  Time since last request: 0.000067 seconds.
  path: Assets/Polygon Arsenal/Prefabs/Combat/Barrage/Rain/BarrageShuriken.prefab
  artifactKey: Guid(bf51ab4c986310b4a990d553738b1742) Importer(2089858483,192608db42251d675da83286b1cce702)
Start importing Assets/Polygon Arsenal/Prefabs/Combat/Barrage/Rain/BarrageShuriken.prefab using Guid(bf51ab4c986310b4a990d553738b1742) Importer(2089858483,192608db42251d675da83286b1cce702) (ScriptedImporter) -> (artifact id: '1a9edf0de1a3a7df48756584b0362f1a') in 0.1811783 seconds
Number of updated asset objects reloaded before import = 0Number of asset objects unloaded after import = 30

========================================================================
Received Import Request.
  Time since last request: 0.000072 seconds.
  path: Assets/Polygon Arsenal/Prefabs/Combat/Barrage/Nova/BarrageNovaDaggerPoison.prefab
  artifactKey: Guid(0156f8db4bcfa8b40bebc9dcbf862b0f) Importer(2089858483,192608db42251d675da83286b1cce702)
Start importing Assets/Polygon Arsenal/Prefabs/Combat/Barrage/Nova/BarrageNovaDaggerPoison.prefab using Guid(0156f8db4bcfa8b40bebc9dcbf862b0f) Importer(2089858483,192608db42251d675da83286b1cce702) (ScriptedImporter) -> (artifact id: '2a823a93e68632dad21fa7ba19ea557f') in 0.1874297 seconds
Number of updated asset objects reloaded before import = 0Number of asset objects unloaded after import = 26

========================================================================
Received Import Request.
  Time since last request: 0.000049 seconds.
  path: Assets/Polygon Arsenal/Prefabs/Combat/Charge/V1/ChargeSphereGreen.prefab
  artifactKey: Guid(e6df0018d6bf0bb45b335181161b5006) Importer(2089858483,192608db42251d675da83286b1cce702)
Start importing Assets/Polygon Arsenal/Prefabs/Combat/Charge/V1/ChargeSphereGreen.prefab using Guid(e6df0018d6bf0bb45b335181161b5006) Importer(2089858483,192608db42251d675da83286b1cce702) (ScriptedImporter) -> (artifact id: '21c6edc2425c38dcfeae6667f088c791') in 0.1513487 seconds
Number of updated asset objects reloaded before import = 0Number of asset objects unloaded after import = 17

========================================================================
Received Import Request.
  Time since last request: 0.000064 seconds.
  path: Assets/Polygon Arsenal/Prefabs/Combat/Curses & Debuffs/Curse/BlindCurse.prefab
  artifactKey: Guid(1bef0b9b025e4244db282bd5c8c379eb) Importer(2089858483,192608db42251d675da83286b1cce702)
Start importing Assets/Polygon Arsenal/Prefabs/Combat/Curses & Debuffs/Curse/BlindCurse.prefab using Guid(1bef0b9b025e4244db282bd5c8c379eb) Importer(2089858483,192608db42251d675da83286b1cce702) (ScriptedImporter) -> (artifact id: 'a1c7748dd302e3a7dc23dd53fedba8b7') in 0.1724594 seconds
Number of updated asset objects reloaded before import = 0Number of asset objects unloaded after import = 16

========================================================================
Received Import Request.
  Time since last request: 0.000043 seconds.
  path: Assets/Polygon Arsenal/Prefabs/Combat/Charge/V1/ChargeSpherePink.prefab
  artifactKey: Guid(370d2c907afc8324b93b38547dc92299) Importer(2089858483,192608db42251d675da83286b1cce702)
Start importing Assets/Polygon Arsenal/Prefabs/Combat/Charge/V1/ChargeSpherePink.prefab using Guid(370d2c907afc8324b93b38547dc92299) Importer(2089858483,192608db42251d675da83286b1cce702) (ScriptedImporter) -> (artifact id: '2ea7ee6cc53d092ff9e355b9ea627cd2') in 0.1638722 seconds
Number of updated asset objects reloaded before import = 0Number of asset objects unloaded after import = 17

========================================================================
Received Import Request.
  Time since last request: 0.000063 seconds.
  path: Assets/Polygon Arsenal/Prefabs/Combat/Barrage/Nova/BarrageNovaShuriken.prefab
  artifactKey: Guid(5c07f2853b7259e438de0c554d6cde7c) Importer(2089858483,192608db42251d675da83286b1cce702)
Start importing Assets/Polygon Arsenal/Prefabs/Combat/Barrage/Nova/BarrageNovaShuriken.prefab using Guid(5c07f2853b7259e438de0c554d6cde7c) Importer(2089858483,192608db42251d675da83286b1cce702) (ScriptedImporter) -> (artifact id: '5a44e593ce7e7fdb1b488690f3be8422') in 0.1442152 seconds
Number of updated asset objects reloaded before import = 0Number of asset objects unloaded after import = 26

========================================================================
Received Import Request.
  Time since last request: 0.000040 seconds.
  path: Assets/Polygon Arsenal/Prefabs/Combat/Aura/ElementalAura/ElementalAuraHoly.prefab
  artifactKey: Guid(04802550e55f9984598226d7da5da5f8) Importer(2089858483,192608db42251d675da83286b1cce702)
Start importing Assets/Polygon Arsenal/Prefabs/Combat/Aura/ElementalAura/ElementalAuraHoly.prefab using Guid(04802550e55f9984598226d7da5da5f8) Importer(2089858483,192608db42251d675da83286b1cce702) (ScriptedImporter) -> (artifact id: '6f913a8fc8e42e6a3fb424898e2a5f66') in 0.1190769 seconds
Number of updated asset objects reloaded before import = 0Number of asset objects unloaded after import = 12

========================================================================
Received Import Request.
  Time since last request: 0.000048 seconds.
  path: Assets/Polygon Arsenal/Prefabs/Combat/Aura/ChargeAura/AuraChargePurple.prefab
  artifactKey: Guid(27bfc8d28fb0d8f428cc00cd7bc30930) Importer(2089858483,192608db42251d675da83286b1cce702)
Start importing Assets/Polygon Arsenal/Prefabs/Combat/Aura/ChargeAura/AuraChargePurple.prefab using Guid(27bfc8d28fb0d8f428cc00cd7bc30930) Importer(2089858483,192608db42251d675da83286b1cce702) (ScriptedImporter) -> (artifact id: '4dab2afdb399cfc46a23e6ec204c07f7') in 0.1547685 seconds
Number of updated asset objects reloaded before import = 0Number of asset objects unloaded after import = 25

========================================================================
Received Import Request.
  Time since last request: 0.000028 seconds.
  path: Assets/Polygon Arsenal/Prefabs/Combat/Curses & Debuffs/Debuffs/MesmerizeDebuff.prefab
  artifactKey: Guid(078f516767aec7946a49c9671b330c7a) Importer(2089858483,192608db42251d675da83286b1cce702)
Start importing Assets/Polygon Arsenal/Prefabs/Combat/Curses & Debuffs/Debuffs/MesmerizeDebuff.prefab using Guid(078f516767aec7946a49c9671b330c7a) Importer(2089858483,192608db42251d675da83286b1cce702) (ScriptedImporter) -> (artifact id: '024d43e8727a0bcfe05e5c2b4a7e2b93') in 0.1012804 seconds
Number of updated asset objects reloaded before import = 0Number of asset objects unloaded after import = 12

========================================================================
Received Import Request.
  Time since last request: 0.000048 seconds.
  path: Assets/Polygon Arsenal/Prefabs/Combat/Explosions/Mini/MiniExploHoly.prefab
  artifactKey: Guid(76edcec65ef4c1b489754f64e6a7c147) Importer(2089858483,192608db42251d675da83286b1cce702)
Start importing Assets/Polygon Arsenal/Prefabs/Combat/Explosions/Mini/MiniExploHoly.prefab using Guid(76edcec65ef4c1b489754f64e6a7c147) Importer(2089858483,192608db42251d675da83286b1cce702) (ScriptedImporter) -> (artifact id: '0160b930b71f79bb40a88c8a66af6aa0') in 0.1020195 seconds
Number of updated asset objects reloaded before import = 0Number of asset objects unloaded after import = 17

========================================================================
Received Import Request.
  Time since last request: 0.000034 seconds.
  path: Assets/Polygon Arsenal/Prefabs/Combat/Explosions/Mini/MiniExploLightningPurple.prefab
  artifactKey: Guid(c364037f01fe3bb40bf912d85c17034e) Importer(2089858483,192608db42251d675da83286b1cce702)
Start importing Assets/Polygon Arsenal/Prefabs/Combat/Explosions/Mini/MiniExploLightningPurple.prefab using Guid(c364037f01fe3bb40bf912d85c17034e) Importer(2089858483,192608db42251d675da83286b1cce702) (ScriptedImporter) -> (artifact id: '82441b09172e90d81c83c7e1e301f676') in 0.147732 seconds
Number of updated asset objects reloaded before import = 0Number of asset objects unloaded after import = 17

========================================================================
Received Import Request.
  Time since last request: 0.000071 seconds.
  path: Assets/Polygon Arsenal/Prefabs/Combat/Curses & Debuffs/Debuffs/PoisonDebuff.prefab
  artifactKey: Guid(fd94a3d788e448b44950c34c19ad609c) Importer(2089858483,192608db42251d675da83286b1cce702)
Start importing Assets/Polygon Arsenal/Prefabs/Combat/Curses & Debuffs/Debuffs/PoisonDebuff.prefab using Guid(fd94a3d788e448b44950c34c19ad609c) Importer(2089858483,192608db42251d675da83286b1cce702) (ScriptedImporter) -> (artifact id: '97931e1c940fe71bc83ef5c305b34b1f') in 0.1135825 seconds
Number of updated asset objects reloaded before import = 0Number of asset objects unloaded after import = 21

========================================================================
Received Import Request.
  Time since last request: 0.000054 seconds.
  path: Assets/Polygon Arsenal/Prefabs/Combat/Charge/V2/ChargeSphere2Pink.prefab
  artifactKey: Guid(3bfcbee26cc0f4c468c4c64eb4ad4433) Importer(2089858483,192608db42251d675da83286b1cce702)
Start importing Assets/Polygon Arsenal/Prefabs/Combat/Charge/V2/ChargeSphere2Pink.prefab using Guid(3bfcbee26cc0f4c468c4c64eb4ad4433) Importer(2089858483,192608db42251d675da83286b1cce702) (ScriptedImporter) -> (artifact id: '2d08b4330c597509dbf6d54c7ae5c2da') in 0.1193473 seconds
Number of updated asset objects reloaded before import = 0Number of asset objects unloaded after import = 21

========================================================================
Received Import Request.
  Time since last request: 0.000045 seconds.
  path: Assets/Polygon Arsenal/Prefabs/Combat/Curses & Debuffs/Curse/HealCurse.prefab
  artifactKey: Guid(a8037da7e0841e647860a1446373b07c) Importer(2089858483,192608db42251d675da83286b1cce702)
Start importing Assets/Polygon Arsenal/Prefabs/Combat/Curses & Debuffs/Curse/HealCurse.prefab using Guid(a8037da7e0841e647860a1446373b07c) Importer(2089858483,192608db42251d675da83286b1cce702) (ScriptedImporter) -> (artifact id: 'b9250238098760be4da24e218a39966f') in 0.1222154 seconds
Number of updated asset objects reloaded before import = 0Number of asset objects unloaded after import = 16

========================================================================
Received Import Request.
  Time since last request: 0.000059 seconds.
  path: Assets/Polygon Arsenal/Prefabs/Combat/Beams/Setup/BeamPinkEnd.prefab
  artifactKey: Guid(78b3fbc82488dd94d8ac44349f181abf) Importer(2089858483,192608db42251d675da83286b1cce702)
Start importing Assets/Polygon Arsenal/Prefabs/Combat/Beams/Setup/BeamPinkEnd.prefab using Guid(78b3fbc82488dd94d8ac44349f181abf) Importer(2089858483,192608db42251d675da83286b1cce702) (ScriptedImporter) -> (artifact id: '0fe4478214fe93dec43efbd6eab1a84c') in 0.129698 seconds
Number of updated asset objects reloaded before import = 0Number of asset objects unloaded after import = 30

========================================================================
Received Import Request.
  Time since last request: 0.000041 seconds.
  path: Assets/Polygon Arsenal/Prefabs/Combat/Flamethrower/Spray/FlamethrowerSprayRed.prefab
  artifactKey: Guid(331112423ef363d449931466a775e3dd) Importer(2089858483,192608db42251d675da83286b1cce702)
Start importing Assets/Polygon Arsenal/Prefabs/Combat/Flamethrower/Spray/FlamethrowerSprayRed.prefab using Guid(331112423ef363d449931466a775e3dd) Importer(2089858483,192608db42251d675da83286b1cce702) (ScriptedImporter) -> (artifact id: '29721e41da32dd502dc39679d78d8e4d') in 0.1090744 seconds
Number of updated asset objects reloaded before import = 0Number of asset objects unloaded after import = 20

========================================================================
Received Import Request.
  Time since last request: 0.000047 seconds.
  path: Assets/Polygon Arsenal/Prefabs/Combat/Flamethrower/Pointy/FlamethrowerPointyYellow.prefab
  artifactKey: Guid(f62e2eab5a18c094d89cf569687558f9) Importer(2089858483,192608db42251d675da83286b1cce702)
Start importing Assets/Polygon Arsenal/Prefabs/Combat/Flamethrower/Pointy/FlamethrowerPointyYellow.prefab using Guid(f62e2eab5a18c094d89cf569687558f9) Importer(2089858483,192608db42251d675da83286b1cce702) (ScriptedImporter) -> (artifact id: '3269cf69eb8f3c4eecac791208b8916e') in 0.1194468 seconds
Number of updated asset objects reloaded before import = 0Number of asset objects unloaded after import = 21

========================================================================
Received Import Request.
  Time since last request: 0.000047 seconds.
  path: Assets/Polygon Arsenal/Prefabs/Combat/Explosions/Standard/PistolExplosionStandard.prefab
  artifactKey: Guid(a3e599a9a05588f48b01a8de1a048882) Importer(2089858483,192608db42251d675da83286b1cce702)
Start importing Assets/Polygon Arsenal/Prefabs/Combat/Explosions/Standard/PistolExplosionStandard.prefab using Guid(a3e599a9a05588f48b01a8de1a048882) Importer(2089858483,192608db42251d675da83286b1cce702) (ScriptedImporter) -> (artifact id: 'bb51d17b3660ad3cc79858220a267354') in 0.0964584 seconds
Number of updated asset objects reloaded before import = 0Number of asset objects unloaded after import = 21

========================================================================
Received Import Request.
  Time since last request: 0.000053 seconds.
  path: Assets/Polygon Arsenal/Prefabs/Combat/Gore/Green/BloodDripG.prefab
  artifactKey: Guid(94953040e144b1640bffa2ee1e86555b) Importer(2089858483,192608db42251d675da83286b1cce702)
Start importing Assets/Polygon Arsenal/Prefabs/Combat/Gore/Green/BloodDripG.prefab using Guid(94953040e144b1640bffa2ee1e86555b) Importer(2089858483,192608db42251d675da83286b1cce702) (ScriptedImporter) -> (artifact id: '44d7760a0677bdbf69ac2338bbcf5c26') in 0.105619 seconds
Number of updated asset objects reloaded before import = 0Number of asset objects unloaded after import = 12

========================================================================
Received Import Request.
  Time since last request: 0.000046 seconds.
  path: Assets/Polygon Arsenal/Prefabs/Combat/Flamethrower/Spray/FlamethrowerSprayYellow.prefab
  artifactKey: Guid(d6a462d82d6f1c74aa92df92874b16a9) Importer(2089858483,192608db42251d675da83286b1cce702)
Start importing Assets/Polygon Arsenal/Prefabs/Combat/Flamethrower/Spray/FlamethrowerSprayYellow.prefab using Guid(d6a462d82d6f1c74aa92df92874b16a9) Importer(2089858483,192608db42251d675da83286b1cce702) (ScriptedImporter) -> (artifact id: 'd1b748a62bd6c3f351ac2f719dbdf0ac') in 0.094745 seconds
Number of updated asset objects reloaded before import = 0Number of asset objects unloaded after import = 20

========================================================================
Received Import Request.
  Time since last request: 0.000029 seconds.
  path: Assets/Polygon Arsenal/Prefabs/Combat/Gore/Green/BloodFountainG.prefab
  artifactKey: Guid(835abeb88a820c04d94dc5597f74759a) Importer(2089858483,192608db42251d675da83286b1cce702)
Start importing Assets/Polygon Arsenal/Prefabs/Combat/Gore/Green/BloodFountainG.prefab using Guid(835abeb88a820c04d94dc5597f74759a) Importer(2089858483,192608db42251d675da83286b1cce702) (ScriptedImporter) -> (artifact id: 'ae692343068b8f706ba9b60ae32924e5') in 0.0939596 seconds
Number of updated asset objects reloaded before import = 0Number of asset objects unloaded after import = 16

========================================================================
Received Import Request.
  Time since last request: 0.000035 seconds.
  path: Assets/Polygon Arsenal/Prefabs/Combat/Gore/Green/BloodBoneExplosionSimpleG.prefab
  artifactKey: Guid(76e7725504aec8b4785817ed756bc82d) Importer(2089858483,192608db42251d675da83286b1cce702)
Start importing Assets/Polygon Arsenal/Prefabs/Combat/Gore/Green/BloodBoneExplosionSimpleG.prefab using Guid(76e7725504aec8b4785817ed756bc82d) Importer(2089858483,192608db42251d675da83286b1cce702) (ScriptedImporter) -> (artifact id: 'a2ce112de06859d4e8c5b2bc747ff100') in 0.1332635 seconds
Number of updated asset objects reloaded before import = 0Number of asset objects unloaded after import = 29

========================================================================
Received Import Request.
  Time since last request: 0.000054 seconds.
  path: Assets/Polygon Arsenal/Prefabs/Combat/Charge/V1/ChargeSpherePurple.prefab
  artifactKey: Guid(5b2e7b50862c92d4392440f5c44590b0) Importer(2089858483,192608db42251d675da83286b1cce702)
Start importing Assets/Polygon Arsenal/Prefabs/Combat/Charge/V1/ChargeSpherePurple.prefab using Guid(5b2e7b50862c92d4392440f5c44590b0) Importer(2089858483,192608db42251d675da83286b1cce702) (ScriptedImporter) -> (artifact id: 'ef6524343af91e253573b463ad3b16f3') in 0.1047751 seconds
Number of updated asset objects reloaded before import = 0Number of asset objects unloaded after import = 17

========================================================================
Received Import Request.
  Time since last request: 0.000026 seconds.
  path: Assets/Polygon Arsenal/Prefabs/Combat/Gore/Red/BloodExplosionDirectional.prefab
  artifactKey: Guid(7194f88f26921dc489edd7e75ef73d5d) Importer(2089858483,192608db42251d675da83286b1cce702)
Start importing Assets/Polygon Arsenal/Prefabs/Combat/Gore/Red/BloodExplosionDirectional.prefab using Guid(7194f88f26921dc489edd7e75ef73d5d) Importer(2089858483,192608db42251d675da83286b1cce702) (ScriptedImporter) -> (artifact id: '74a84478da7ce71148c2171beeb5d897') in 0.1152451 seconds
Number of updated asset objects reloaded before import = 0Number of asset objects unloaded after import = 26

========================================================================
Received Import Request.
  Time since last request: 0.000042 seconds.
  path: Assets/Polygon Arsenal/Prefabs/Combat/GroundSpikes/SpikeCleave/CleaveIce.prefab
  artifactKey: Guid(54520612a98a86f4b8050756b9c232df) Importer(2089858483,192608db42251d675da83286b1cce702)
Start importing Assets/Polygon Arsenal/Prefabs/Combat/GroundSpikes/SpikeCleave/CleaveIce.prefab using Guid(54520612a98a86f4b8050756b9c232df) Importer(2089858483,192608db42251d675da83286b1cce702) (ScriptedImporter) -> (artifact id: 'b8bbbbf43079e94f7fd8531642947f15') in 0.1190582 seconds
Number of updated asset objects reloaded before import = 0Number of asset objects unloaded after import = 28

========================================================================
Received Import Request.
  Time since last request: 0.000048 seconds.
  path: Assets/Polygon Arsenal/Prefabs/Combat/GroundSpikes/Spike/SpikeEmerald.prefab
  artifactKey: Guid(0f38af4bd5ede2145bcbee5d4f23ff14) Importer(2089858483,192608db42251d675da83286b1cce702)
Start importing Assets/Polygon Arsenal/Prefabs/Combat/GroundSpikes/Spike/SpikeEmerald.prefab using Guid(0f38af4bd5ede2145bcbee5d4f23ff14) Importer(2089858483,192608db42251d675da83286b1cce702) (ScriptedImporter) -> (artifact id: 'fb83b41ce820b4f89fa9c04f28401785') in 0.1056071 seconds
Number of updated asset objects reloaded before import = 0Number of asset objects unloaded after import = 29

========================================================================
Received Import Request.
  Time since last request: 0.000028 seconds.
  path: Assets/Polygon Arsenal/Prefabs/Combat/GroundSpikes/Spike/SpikeDark.prefab
  artifactKey: Guid(7ecfe9a10ddb8744dac441d5097aa512) Importer(2089858483,192608db42251d675da83286b1cce702)
Start importing Assets/Polygon Arsenal/Prefabs/Combat/GroundSpikes/Spike/SpikeDark.prefab using Guid(7ecfe9a10ddb8744dac441d5097aa512) Importer(2089858483,192608db42251d675da83286b1cce702) (ScriptedImporter) -> (artifact id: '188602f15442a4d0b535392cd7402d19') in 0.1261225 seconds
Number of updated asset objects reloaded before import = 0Number of asset objects unloaded after import = 30

========================================================================
Received Import Request.
  Time since last request: 0.000048 seconds.
  path: Assets/Polygon Arsenal/Prefabs/Combat/Gore/Red/BloodExplosion.prefab
  artifactKey: Guid(04f6f308bd2d35947a3a6b2a626d1980) Importer(2089858483,192608db42251d675da83286b1cce702)
Start importing Assets/Polygon Arsenal/Prefabs/Combat/Gore/Red/BloodExplosion.prefab using Guid(04f6f308bd2d35947a3a6b2a626d1980) Importer(2089858483,192608db42251d675da83286b1cce702) (ScriptedImporter) -> (artifact id: 'fc94665d4ef1fdbc81f05a6442b0d2be') in 0.153643 seconds
Number of updated asset objects reloaded before import = 0Number of asset objects unloaded after import = 26

========================================================================
Received Import Request.
  Time since last request: 0.000063 seconds.
  path: Assets/Polygon Arsenal/Prefabs/Combat/GroundSpikes/Spike/SpikeMolten.prefab
  artifactKey: Guid(efd5e16cdffe1ce45bf5c401811b06a0) Importer(2089858483,192608db42251d675da83286b1cce702)
Start importing Assets/Polygon Arsenal/Prefabs/Combat/GroundSpikes/Spike/SpikeMolten.prefab using Guid(efd5e16cdffe1ce45bf5c401811b06a0) Importer(2089858483,192608db42251d675da83286b1cce702) (ScriptedImporter) -> (artifact id: '86b0e01f87e9e53ce8e9d9e5afa877f7') in 0.1343145 seconds
Number of updated asset objects reloaded before import = 0Number of asset objects unloaded after import = 44

========================================================================
Received Import Request.
  Time since last request: 0.000072 seconds.
  path: Assets/Polygon Arsenal/Prefabs/Combat/Gore/Red/BloodGoreExplosionBig.prefab
  artifactKey: Guid(d41045928ffb47049910a6d4e3fdb02d) Importer(2089858483,192608db42251d675da83286b1cce702)
Start importing Assets/Polygon Arsenal/Prefabs/Combat/Gore/Red/BloodGoreExplosionBig.prefab using Guid(d41045928ffb47049910a6d4e3fdb02d) Importer(2089858483,192608db42251d675da83286b1cce702) (ScriptedImporter) -> (artifact id: 'ed3141a92e00e448bc390137d99a029c') in 0.176724 seconds
Number of updated asset objects reloaded before import = 0Number of asset objects unloaded after import = 52

========================================================================
Received Import Request.
  Time since last request: 0.000091 seconds.
  path: Assets/Polygon Arsenal/Prefabs/Combat/GroundSpikes/SpikeField/SpikeFieldDark.prefab
  artifactKey: Guid(9b66c575cca07f64281a679630821ddd) Importer(2089858483,192608db42251d675da83286b1cce702)
Start importing Assets/Polygon Arsenal/Prefabs/Combat/GroundSpikes/SpikeField/SpikeFieldDark.prefab using Guid(9b66c575cca07f64281a679630821ddd) Importer(2089858483,192608db42251d675da83286b1cce702) (ScriptedImporter) -> (artifact id: 'd3cf37380b8de3df802fcb466ff656a4') in 0.1223631 seconds
Number of updated asset objects reloaded before import = 0Number of asset objects unloaded after import = 33

========================================================================
Received Import Request.
  Time since last request: 0.000046 seconds.
  path: Assets/Polygon Arsenal/Prefabs/Combat/GroundSpikes/SpikeField/SpikeFieldAmethyst.prefab
  artifactKey: Guid(4c0fb7c2081deb84e98b155f7cd3287a) Importer(2089858483,192608db42251d675da83286b1cce702)
Start importing Assets/Polygon Arsenal/Prefabs/Combat/GroundSpikes/SpikeField/SpikeFieldAmethyst.prefab using Guid(4c0fb7c2081deb84e98b155f7cd3287a) Importer(2089858483,192608db42251d675da83286b1cce702) (ScriptedImporter) -> (artifact id: 'f9407c2a0cb4420abd2083b11c76c165') in 0.13373 seconds
Number of updated asset objects reloaded before import = 0Number of asset objects unloaded after import = 42

========================================================================
Received Import Request.
  Time since last request: 0.000046 seconds.
  path: Assets/Polygon Arsenal/Prefabs/Combat/GroundSpikes/SpikeField/SpikeFieldIce.prefab
  artifactKey: Guid(f3c00913d9be67a4fabd82ec5b0c37e6) Importer(2089858483,192608db42251d675da83286b1cce702)
Start importing Assets/Polygon Arsenal/Prefabs/Combat/GroundSpikes/SpikeField/SpikeFieldIce.prefab using Guid(f3c00913d9be67a4fabd82ec5b0c37e6) Importer(2089858483,192608db42251d675da83286b1cce702) (ScriptedImporter) -> (artifact id: 'b84fff297e0f50c2b4022cddc2372f82') in 0.1106287 seconds
Number of updated asset objects reloaded before import = 0Number of asset objects unloaded after import = 33

========================================================================
Received Import Request.
  Time since last request: 0.000049 seconds.
  path: Assets/Polygon Arsenal/Prefabs/Combat/GroundSpikes/SpikeWave/SpikeWaveAmethyst.prefab
  artifactKey: Guid(334df1225587c454fa189da1584a4d1f) Importer(2089858483,192608db42251d675da83286b1cce702)
Start importing Assets/Polygon Arsenal/Prefabs/Combat/GroundSpikes/SpikeWave/SpikeWaveAmethyst.prefab using Guid(334df1225587c454fa189da1584a4d1f) Importer(2089858483,192608db42251d675da83286b1cce702) (ScriptedImporter) -> (artifact id: '318add65001a99383d5115773f9d68aa') in 0.1058299 seconds
Number of updated asset objects reloaded before import = 0Number of asset objects unloaded after import = 33

========================================================================
Received Import Request.
  Time since last request: 0.000035 seconds.
  path: Assets/Polygon Arsenal/Prefabs/Combat/GroundSpikes/SpikeCleaveFast/CleaveSapphireFast.prefab
  artifactKey: Guid(31c0bbd41aba4d04e8dd33be7f2b5dfe) Importer(2089858483,192608db42251d675da83286b1cce702)
Start importing Assets/Polygon Arsenal/Prefabs/Combat/GroundSpikes/SpikeCleaveFast/CleaveSapphireFast.prefab using Guid(31c0bbd41aba4d04e8dd33be7f2b5dfe) Importer(2089858483,192608db42251d675da83286b1cce702) (ScriptedImporter) -> (artifact id: 'ed8f33c96801d1abf8718c13c0eaa69d') in 0.0942712 seconds
Number of updated asset objects reloaded before import = 0Number of asset objects unloaded after import = 20

========================================================================
Received Import Request.
  Time since last request: 0.000045 seconds.
  path: Assets/Polygon Arsenal/Prefabs/Combat/Barrage/Nova/BarrageNovaArrowFire.prefab
  artifactKey: Guid(fbe71c6123776024e865793cd93859a2) Importer(2089858483,192608db42251d675da83286b1cce702)
Start importing Assets/Polygon Arsenal/Prefabs/Combat/Barrage/Nova/BarrageNovaArrowFire.prefab using Guid(fbe71c6123776024e865793cd93859a2) Importer(2089858483,192608db42251d675da83286b1cce702) (ScriptedImporter) -> (artifact id: '6eb9870cda66c5ba5e7ff66375804d2c') in 0.1085993 seconds
Number of updated asset objects reloaded before import = 0Number of asset objects unloaded after import = 26

========================================================================
Received Import Request.
  Time since last request: 0.000048 seconds.
  path: Assets/Polygon Arsenal/Prefabs/Combat/Aura/ShieldAura/ShieldAuraYellow.prefab
  artifactKey: Guid(25f13de2c9f513d43916fdf80821d244) Importer(2089858483,192608db42251d675da83286b1cce702)
Start importing Assets/Polygon Arsenal/Prefabs/Combat/Aura/ShieldAura/ShieldAuraYellow.prefab using Guid(25f13de2c9f513d43916fdf80821d244) Importer(2089858483,192608db42251d675da83286b1cce702) (ScriptedImporter) -> (artifact id: '713ccccd2a93ae9a1fb076dea4ad6f01') in 0.1056932 seconds
Number of updated asset objects reloaded before import = 0Number of asset objects unloaded after import = 22

========================================================================
Received Import Request.
  Time since last request: 0.000039 seconds.
  path: Assets/Polygon Arsenal/Prefabs/Combat/Melee & Sword/Sword Enchantment/LightningEnchantmentBlue.prefab
  artifactKey: Guid(8a7af30d5fcf6024f84ba38117ff448d) Importer(2089858483,192608db42251d675da83286b1cce702)
Start importing Assets/Polygon Arsenal/Prefabs/Combat/Melee & Sword/Sword Enchantment/LightningEnchantmentBlue.prefab using Guid(8a7af30d5fcf6024f84ba38117ff448d) Importer(2089858483,192608db42251d675da83286b1cce702) (ScriptedImporter) -> (artifact id: 'aeece65bad2fb2a4bd5ae2dd3d97a6aa') in 0.1071366 seconds
Number of updated asset objects reloaded before import = 0Number of asset objects unloaded after import = 8

========================================================================
Received Import Request.
  Time since last request: 0.000042 seconds.
  path: Assets/Polygon Arsenal/Prefabs/Combat/Melee & Sword/Stun/Stun1.prefab
  artifactKey: Guid(77dfa976b5a9d234c8b135193c9aec2b) Importer(2089858483,192608db42251d675da83286b1cce702)
Start importing Assets/Polygon Arsenal/Prefabs/Combat/Melee & Sword/Stun/Stun1.prefab using Guid(77dfa976b5a9d234c8b135193c9aec2b) Importer(2089858483,192608db42251d675da83286b1cce702) (ScriptedImporter) -> (artifact id: '4e5738a65fa6067ffc1fd9b524b68d8e') in 0.0895171 seconds
Number of updated asset objects reloaded before import = 0Number of asset objects unloaded after import = 21

========================================================================
Received Import Request.
  Time since last request: 0.000062 seconds.
  path: Assets/Polygon Arsenal/Prefabs/Combat/GroundSpikes/SpikeWave/SpikeWaveRuby.prefab
  artifactKey: Guid(37a511e974cb5404c93125bcad9dc69a) Importer(2089858483,192608db42251d675da83286b1cce702)
Start importing Assets/Polygon Arsenal/Prefabs/Combat/GroundSpikes/SpikeWave/SpikeWaveRuby.prefab using Guid(37a511e974cb5404c93125bcad9dc69a) Importer(2089858483,192608db42251d675da83286b1cce702) (ScriptedImporter) -> (artifact id: '3d196cdb6c72b04fb774c29e152e042e') in 0.1150232 seconds
Number of updated asset objects reloaded before import = 0Number of asset objects unloaded after import = 34

========================================================================
Received Import Request.
  Time since last request: 0.000136 seconds.
  path: Assets/Polygon Arsenal/Prefabs/Combat/GroundSpikes/SpikeWaveBig/SpikeWaveVolcanicBig.prefab
  artifactKey: Guid(8607a93bd10fc9349b3b962fe1fc88b6) Importer(2089858483,192608db42251d675da83286b1cce702)
Start importing Assets/Polygon Arsenal/Prefabs/Combat/GroundSpikes/SpikeWaveBig/SpikeWaveVolcanicBig.prefab using Guid(8607a93bd10fc9349b3b962fe1fc88b6) Importer(2089858483,192608db42251d675da83286b1cce702) (ScriptedImporter) -> (artifact id: '5ddce21bd22c4eb82a51b028d4ad6b22') in 0.1619265 seconds
Number of updated asset objects reloaded before import = 0Number of asset objects unloaded after import = 75

========================================================================
Received Import Request.
  Time since last request: 0.000049 seconds.
  path: Assets/Polygon Arsenal/Prefabs/Combat/GroundSpikes/SpikeWaveBig/SpikeWaveRubyBig.prefab
  artifactKey: Guid(9209ad58d7c7ef0499b7157483ffeb9b) Importer(2089858483,192608db42251d675da83286b1cce702)
Start importing Assets/Polygon Arsenal/Prefabs/Combat/GroundSpikes/SpikeWaveBig/SpikeWaveRubyBig.prefab using Guid(9209ad58d7c7ef0499b7157483ffeb9b) Importer(2089858483,192608db42251d675da83286b1cce702) (ScriptedImporter) -> (artifact id: 'c52c0c54547e0809386838d5c839a2ad') in 0.1778657 seconds
Number of updated asset objects reloaded before import = 0Number of asset objects unloaded after import = 76

========================================================================
Received Import Request.
  Time since last request: 0.000064 seconds.
  path: Assets/Polygon Arsenal/Prefabs/Combat/Aura/SwirlAura/SwirlAuraPink.prefab
  artifactKey: Guid(4aa33d1e112e7e64f997982c61e04a91) Importer(2089858483,192608db42251d675da83286b1cce702)
Start importing Assets/Polygon Arsenal/Prefabs/Combat/Aura/SwirlAura/SwirlAuraPink.prefab using Guid(4aa33d1e112e7e64f997982c61e04a91) Importer(2089858483,192608db42251d675da83286b1cce702) (ScriptedImporter) -> (artifact id: 'a455c7337732506bba1c68eb8f83937b') in 0.1157196 seconds
Number of updated asset objects reloaded before import = 0Number of asset objects unloaded after import = 20

========================================================================
Received Import Request.
  Time since last request: 0.000036 seconds.
  path: Assets/Polygon Arsenal/Prefabs/Combat/Melee & Sword/Sword Trail/SwordTrailFire.prefab
  artifactKey: Guid(c815695427461ec42ba6c7c8d44131fe) Importer(2089858483,192608db42251d675da83286b1cce702)
Start importing Assets/Polygon Arsenal/Prefabs/Combat/Melee & Sword/Sword Trail/SwordTrailFire.prefab using Guid(c815695427461ec42ba6c7c8d44131fe) Importer(2089858483,192608db42251d675da83286b1cce702) (ScriptedImporter) -> (artifact id: '0b8fa4fed622d813c49d4e151d92e6e8') in 0.1133569 seconds
Number of updated asset objects reloaded before import = 0Number of asset objects unloaded after import = 11

========================================================================
Received Import Request.
  Time since last request: 0.000044 seconds.
  path: Assets/Polygon Arsenal/Prefabs/Combat/Melee & Sword/Sword Trail/SwordTrailStandard.prefab
  artifactKey: Guid(2539beaae4ed94b42a9b806431b5d255) Importer(2089858483,192608db42251d675da83286b1cce702)
Start importing Assets/Polygon Arsenal/Prefabs/Combat/Melee & Sword/Sword Trail/SwordTrailStandard.prefab using Guid(2539beaae4ed94b42a9b806431b5d255) Importer(2089858483,192608db42251d675da83286b1cce702) (ScriptedImporter) -> (artifact id: 'a5254d15949d388eb736c3bfccdb6374') in 0.1025839 seconds
Number of updated asset objects reloaded before import = 0Number of asset objects unloaded after import = 11

========================================================================
Received Import Request.
  Time since last request: 0.000056 seconds.
  path: Assets/Polygon Arsenal/Prefabs/Combat/Melee & Sword/Sword Magic/SwordVolleyGold.prefab
  artifactKey: Guid(f3d93242ac3f17641860eb87f370a093) Importer(2089858483,192608db42251d675da83286b1cce702)
Start importing Assets/Polygon Arsenal/Prefabs/Combat/Melee & Sword/Sword Magic/SwordVolleyGold.prefab using Guid(f3d93242ac3f17641860eb87f370a093) Importer(2089858483,192608db42251d675da83286b1cce702) (ScriptedImporter) -> (artifact id: '61c491ff373b3b905ecd52377f4210f2') in 0.1148496 seconds
Number of updated asset objects reloaded before import = 0Number of asset objects unloaded after import = 35

========================================================================
Received Import Request.
  Time since last request: 0.000028 seconds.
  path: Assets/Polygon Arsenal/Prefabs/Combat/Melee & Sword/Sword Magic/SwordVolleyGreen.prefab
  artifactKey: Guid(2337ff7d41534fb4f9432719f0bc1e1a) Importer(2089858483,192608db42251d675da83286b1cce702)
Start importing Assets/Polygon Arsenal/Prefabs/Combat/Melee & Sword/Sword Magic/SwordVolleyGreen.prefab using Guid(2337ff7d41534fb4f9432719f0bc1e1a) Importer(2089858483,192608db42251d675da83286b1cce702) (ScriptedImporter) -> (artifact id: '4496682478c1998512836b76d90d4e74') in 0.1311964 seconds
Number of updated asset objects reloaded before import = 0Number of asset objects unloaded after import = 35

========================================================================
Received Import Request.
  Time since last request: 0.000039 seconds.
  path: Assets/Polygon Arsenal/Prefabs/Combat/Melee & Sword/Sword Impact/SwordImpactGreen.prefab
  artifactKey: Guid(6ab2cce488ea2ba4e85b49984cf4d47a) Importer(2089858483,192608db42251d675da83286b1cce702)
Start importing Assets/Polygon Arsenal/Prefabs/Combat/Melee & Sword/Sword Impact/SwordImpactGreen.prefab using Guid(6ab2cce488ea2ba4e85b49984cf4d47a) Importer(2089858483,192608db42251d675da83286b1cce702) (ScriptedImporter) -> (artifact id: '5190fd44a0040e4f16f31fae2d3d233e') in 0.0951776 seconds
Number of updated asset objects reloaded before import = 0Number of asset objects unloaded after import = 21

========================================================================
Received Import Request.
  Time since last request: 0.000045 seconds.
  path: Assets/Polygon Arsenal/Prefabs/Combat/Melee & Sword/Sword Impact/SwordImpactBlue.prefab
  artifactKey: Guid(d7456e1f6e5242540b63b9042a2e3915) Importer(2089858483,192608db42251d675da83286b1cce702)
Start importing Assets/Polygon Arsenal/Prefabs/Combat/Melee & Sword/Sword Impact/SwordImpactBlue.prefab using Guid(d7456e1f6e5242540b63b9042a2e3915) Importer(2089858483,192608db42251d675da83286b1cce702) (ScriptedImporter) -> (artifact id: '45db77ab5d1e956e20c8dc4e0805ad83') in 0.1147297 seconds
Number of updated asset objects reloaded before import = 0Number of asset objects unloaded after import = 21

========================================================================
Received Import Request.
  Time since last request: 0.000028 seconds.
  path: Assets/Polygon Arsenal/Prefabs/Combat/Melee & Sword/Sword Enchantment/FrostEnchantment.prefab
  artifactKey: Guid(b739199761e71d84badd2135e6747d57) Importer(2089858483,192608db42251d675da83286b1cce702)
Start importing Assets/Polygon Arsenal/Prefabs/Combat/Melee & Sword/Sword Enchantment/FrostEnchantment.prefab using Guid(b739199761e71d84badd2135e6747d57) Importer(2089858483,192608db42251d675da83286b1cce702) (ScriptedImporter) -> (artifact id: '309d8d6a795e504fa360dbaf910791fe') in 0.091429 seconds
Number of updated asset objects reloaded before import = 0Number of asset objects unloaded after import = 8

========================================================================
Received Import Request.
  Time since last request: 0.000033 seconds.
  path: Assets/Polygon Arsenal/Prefabs/Combat/Aura/ElementalAura/ElementalAuraLife.prefab
  artifactKey: Guid(6308217b73b776542af138d659feeb79) Importer(2089858483,192608db42251d675da83286b1cce702)
Start importing Assets/Polygon Arsenal/Prefabs/Combat/Aura/ElementalAura/ElementalAuraLife.prefab using Guid(6308217b73b776542af138d659feeb79) Importer(2089858483,192608db42251d675da83286b1cce702) (ScriptedImporter) -> (artifact id: '5810715f3e3bdba973c6901ef740c470') in 0.1155105 seconds
Number of updated asset objects reloaded before import = 0Number of asset objects unloaded after import = 24

========================================================================
Received Import Request.
  Time since last request: 0.000051 seconds.
  path: Assets/Polygon Arsenal/Prefabs/Combat/Nova/EnergyNova/EnergyNovaRed.prefab
  artifactKey: Guid(8f3c02ba3c9011548a07d00d0a95cfbb) Importer(2089858483,192608db42251d675da83286b1cce702)
Start importing Assets/Polygon Arsenal/Prefabs/Combat/Nova/EnergyNova/EnergyNovaRed.prefab using Guid(8f3c02ba3c9011548a07d00d0a95cfbb) Importer(2089858483,192608db42251d675da83286b1cce702) (ScriptedImporter) -> (artifact id: '228b5b8b55c3b18a1ef1a58c7f0a13c6') in 0.1009607 seconds
Number of updated asset objects reloaded before import = 0Number of asset objects unloaded after import = 38

========================================================================
Received Import Request.
  Time since last request: 0.000028 seconds.
  path: Assets/Polygon Arsenal/Prefabs/Combat/Necromancy/BoneField/BoneFieldDirectional.prefab
  artifactKey: Guid(9c40b1cbde811e5418fd99d42836f075) Importer(2089858483,192608db42251d675da83286b1cce702)
Start importing Assets/Polygon Arsenal/Prefabs/Combat/Necromancy/BoneField/BoneFieldDirectional.prefab using Guid(9c40b1cbde811e5418fd99d42836f075) Importer(2089858483,192608db42251d675da83286b1cce702) (ScriptedImporter) -> (artifact id: 'ef78a727bff3860fcdc9e7a54e895a30') in 0.1050279 seconds
Number of updated asset objects reloaded before import = 0Number of asset objects unloaded after import = 13

========================================================================
Received Import Request.
  Time since last request: 0.000039 seconds.
  path: Assets/Polygon Arsenal/Prefabs/Combat/Necromancy/BonePrison/BonePrison.prefab
  artifactKey: Guid(e6621a9e0c9668e40b97e136a88748b8) Importer(2089858483,192608db42251d675da83286b1cce702)
Start importing Assets/Polygon Arsenal/Prefabs/Combat/Necromancy/BonePrison/BonePrison.prefab using Guid(e6621a9e0c9668e40b97e136a88748b8) Importer(2089858483,192608db42251d675da83286b1cce702) (ScriptedImporter) -> (artifact id: '0e3cccccabc6ce8cf59cecd8c826a395') in 0.1300122 seconds
Number of updated asset objects reloaded before import = 0Number of asset objects unloaded after import = 41

========================================================================
Received Import Request.
  Time since last request: 0.000074 seconds.
  path: Assets/Polygon Arsenal/Prefabs/Combat/Nova/EnergyNova/EnergyNovaBlue.prefab
  artifactKey: Guid(19049f66439229f46b40c22549c6e40f) Importer(2089858483,192608db42251d675da83286b1cce702)
Start importing Assets/Polygon Arsenal/Prefabs/Combat/Nova/EnergyNova/EnergyNovaBlue.prefab using Guid(19049f66439229f46b40c22549c6e40f) Importer(2089858483,192608db42251d675da83286b1cce702) (ScriptedImporter) -> (artifact id: 'bb3348586420f4b35f0981c6b5a37752') in 0.130395 seconds
Number of updated asset objects reloaded before import = 0Number of asset objects unloaded after import = 38

========================================================================
Received Import Request.
  Time since last request: 0.000035 seconds.
  path: Assets/Polygon Arsenal/Prefabs/Combat/Necromancy/BoneCleave/CleaveBoneBig.prefab
  artifactKey: Guid(39d9958756681c142b696fc53d807cf2) Importer(2089858483,192608db42251d675da83286b1cce702)
Start importing Assets/Polygon Arsenal/Prefabs/Combat/Necromancy/BoneCleave/CleaveBoneBig.prefab using Guid(39d9958756681c142b696fc53d807cf2) Importer(2089858483,192608db42251d675da83286b1cce702) (ScriptedImporter) -> (artifact id: '1acd3c10515238e715d04c0852d08977') in 0.1048463 seconds
Number of updated asset objects reloaded before import = 0Number of asset objects unloaded after import = 30

========================================================================
Received Import Request.
  Time since last request: 0.000033 seconds.
  path: Assets/Polygon Arsenal/Prefabs/Combat/Nova/EnergyNova/EnergyNovaPink.prefab
  artifactKey: Guid(89d8eba36632a5f42b35a281327955dc) Importer(2089858483,192608db42251d675da83286b1cce702)
Start importing Assets/Polygon Arsenal/Prefabs/Combat/Nova/EnergyNova/EnergyNovaPink.prefab using Guid(89d8eba36632a5f42b35a281327955dc) Importer(2089858483,192608db42251d675da83286b1cce702) (ScriptedImporter) -> (artifact id: 'ad7e2d778eacab7a7eaa86d63e307927') in 0.109745 seconds
Number of updated asset objects reloaded before import = 0Number of asset objects unloaded after import = 38

========================================================================
Received Import Request.
  Time since last request: 0.000066 seconds.
  path: Assets/Polygon Arsenal/Prefabs/Combat/Aura/ElementalAura/ElementalAuraStorm2.prefab
  artifactKey: Guid(05f78e81ece0b22478931e139dcd522a) Importer(2089858483,192608db42251d675da83286b1cce702)
Start importing Assets/Polygon Arsenal/Prefabs/Combat/Aura/ElementalAura/ElementalAuraStorm2.prefab using Guid(05f78e81ece0b22478931e139dcd522a) Importer(2089858483,192608db42251d675da83286b1cce702) (ScriptedImporter) -> (artifact id: 'e7dc11eb4605adfeaf874a225bcb46ce') in 0.1035767 seconds
Number of updated asset objects reloaded before import = 0Number of asset objects unloaded after import = 12

========================================================================
Received Import Request.
  Time since last request: 0.000044 seconds.
  path: Assets/Polygon Arsenal/Prefabs/Combat/Regenerate/Normal/RegenerateGreen.prefab
  artifactKey: Guid(7bff99983099c01499ec904e0d3a28e6) Importer(2089858483,192608db42251d675da83286b1cce702)
Start importing Assets/Polygon Arsenal/Prefabs/Combat/Regenerate/Normal/RegenerateGreen.prefab using Guid(7bff99983099c01499ec904e0d3a28e6) Importer(2089858483,192608db42251d675da83286b1cce702) (ScriptedImporter) -> (artifact id: '930b7491679671b593e0bff4894c7b31') in 0.1178696 seconds
Number of updated asset objects reloaded before import = 0Number of asset objects unloaded after import = 16

========================================================================
Received Import Request.
  Time since last request: 0.000046 seconds.
  path: Assets/Polygon Arsenal/Prefabs/Combat/Regenerate/Normal/RegenerateScarlet.prefab
  artifactKey: Guid(5f5411433c9e1b1429017680d74314a7) Importer(2089858483,192608db42251d675da83286b1cce702)
Start importing Assets/Polygon Arsenal/Prefabs/Combat/Regenerate/Normal/RegenerateScarlet.prefab using Guid(5f5411433c9e1b1429017680d74314a7) Importer(2089858483,192608db42251d675da83286b1cce702) (ScriptedImporter) -> (artifact id: '121714366c2f6b245bd1f13b77962c80') in 0.1352459 seconds
Number of updated asset objects reloaded before import = 0Number of asset objects unloaded after import = 16

========================================================================
Received Import Request.
  Time since last request: 0.000063 seconds.
  path: Assets/Polygon Arsenal/Prefabs/Combat/Nova/SpikeNova/SpikeNovaPurple.prefab
  artifactKey: Guid(1adef0ed8db18a84bb0ba62e0066e091) Importer(2089858483,192608db42251d675da83286b1cce702)
Start importing Assets/Polygon Arsenal/Prefabs/Combat/Nova/SpikeNova/SpikeNovaPurple.prefab using Guid(1adef0ed8db18a84bb0ba62e0066e091) Importer(2089858483,192608db42251d675da83286b1cce702) (ScriptedImporter) -> (artifact id: 'f88ca4abf3c3f70ad6daabe140a5f26b') in 0.1721448 seconds
Number of updated asset objects reloaded before import = 0Number of asset objects unloaded after import = 20

========================================================================
Received Import Request.
  Time since last request: 0.000040 seconds.
  path: Assets/Polygon Arsenal/Prefabs/Combat/Nova/LightningNova/LightningNovaYellow.prefab
  artifactKey: Guid(9a7d8516faab84249bfcc1a148a69ffa) Importer(2089858483,192608db42251d675da83286b1cce702)
Start importing Assets/Polygon Arsenal/Prefabs/Combat/Nova/LightningNova/LightningNovaYellow.prefab using Guid(9a7d8516faab84249bfcc1a148a69ffa) Importer(2089858483,192608db42251d675da83286b1cce702) (ScriptedImporter) -> (artifact id: '0b624c946029addb478f984fa8a47e77') in 0.1395453 seconds
Number of updated asset objects reloaded before import = 0Number of asset objects unloaded after import = 38

========================================================================
Received Import Request.
  Time since last request: 0.000058 seconds.
  path: Assets/Polygon Arsenal/Prefabs/Combat/Nova/LightningNova/LightningNovaBlue.prefab
  artifactKey: Guid(fd7479ae42c89b8489cd245efd958097) Importer(2089858483,192608db42251d675da83286b1cce702)
Start importing Assets/Polygon Arsenal/Prefabs/Combat/Nova/LightningNova/LightningNovaBlue.prefab using Guid(fd7479ae42c89b8489cd245efd958097) Importer(2089858483,192608db42251d675da83286b1cce702) (ScriptedImporter) -> (artifact id: '2a20f0a6c08088180841f1b0f949b07a') in 0.1797013 seconds
Number of updated asset objects reloaded before import = 0Number of asset objects unloaded after import = 38

========================================================================
Received Import Request.
  Time since last request: 0.000048 seconds.
  path: Assets/Polygon Arsenal/Prefabs/Combat/Regenerate/Tube/RegenerateTubeRed.prefab
  artifactKey: Guid(e5062850e7491254a87664da7d7ccc1e) Importer(2089858483,192608db42251d675da83286b1cce702)
Start importing Assets/Polygon Arsenal/Prefabs/Combat/Regenerate/Tube/RegenerateTubeRed.prefab using Guid(e5062850e7491254a87664da7d7ccc1e) Importer(2089858483,192608db42251d675da83286b1cce702) (ScriptedImporter) -> (artifact id: 'a9a90059527d835a8712f2aa077c31ce') in 0.1452178 seconds
Number of updated asset objects reloaded before import = 0Number of asset objects unloaded after import = 17

========================================================================
Received Import Request.
  Time since last request: 0.000067 seconds.
  path: Assets/Polygon Arsenal/Prefabs/Environment/Bubbles/Explosion/BubbleWaterExplosion.prefab
  artifactKey: Guid(10e14da85c58bbb43872a1271a2ba618) Importer(2089858483,192608db42251d675da83286b1cce702)
Start importing Assets/Polygon Arsenal/Prefabs/Environment/Bubbles/Explosion/BubbleWaterExplosion.prefab using Guid(10e14da85c58bbb43872a1271a2ba618) Importer(2089858483,192608db42251d675da83286b1cce702) (ScriptedImporter) -> (artifact id: '2f151f2a8cacdcb9e3eca4cf63f74f2e') in 0.1236141 seconds
Number of updated asset objects reloaded before import = 0Number of asset objects unloaded after import = 30

========================================================================
Received Import Request.
  Time since last request: 0.000031 seconds.
  path: Assets/Polygon Arsenal/Prefabs/Combat/Regenerate/Tube/RegenerateTubeYellow.prefab
  artifactKey: Guid(1040a7ea402035742b422b8f8e173943) Importer(2089858483,192608db42251d675da83286b1cce702)
Start importing Assets/Polygon Arsenal/Prefabs/Combat/Regenerate/Tube/RegenerateTubeYellow.prefab using Guid(1040a7ea402035742b422b8f8e173943) Importer(2089858483,192608db42251d675da83286b1cce702) (ScriptedImporter) -> (artifact id: '446d62469a72177c235255cf00454c7a') in 0.1375632 seconds
Number of updated asset objects reloaded before import = 0Number of asset objects unloaded after import = 17

========================================================================
Received Import Request.
  Time since last request: 0.000051 seconds.
  path: Assets/Polygon Arsenal/Prefabs/Combat/Regenerate/Tube/RegenerateTubePurple.prefab
  artifactKey: Guid(d5db5928307bb9446aed23230bbf1500) Importer(2089858483,192608db42251d675da83286b1cce702)
Start importing Assets/Polygon Arsenal/Prefabs/Combat/Regenerate/Tube/RegenerateTubePurple.prefab using Guid(d5db5928307bb9446aed23230bbf1500) Importer(2089858483,192608db42251d675da83286b1cce702) (ScriptedImporter) -> (artifact id: '62b7b391133bba61df78fdac3b0e351b') in 0.1152403 seconds
Number of updated asset objects reloaded before import = 0Number of asset objects unloaded after import = 17

========================================================================
Received Import Request.
  Time since last request: 0.000055 seconds.
  path: Assets/Polygon Arsenal/Prefabs/Environment/Bubbles/Rising/BubblesRisingLava.prefab
  artifactKey: Guid(23f4662c1f0264c4a80c549db9a43787) Importer(2089858483,192608db42251d675da83286b1cce702)
Start importing Assets/Polygon Arsenal/Prefabs/Environment/Bubbles/Rising/BubblesRisingLava.prefab using Guid(23f4662c1f0264c4a80c549db9a43787) Importer(2089858483,192608db42251d675da83286b1cce702) (ScriptedImporter) -> (artifact id: 'c3f6f299051580b3d41207f7cf4f7eac') in 0.1048535 seconds
Number of updated asset objects reloaded before import = 0Number of asset objects unloaded after import = 22

========================================================================
Received Import Request.
  Time since last request: 0.000044 seconds.
  path: Assets/Polygon Arsenal/Prefabs/Environment/Bubbles/Rising/BubblesRisingAcid.prefab
  artifactKey: Guid(4614205d8418b1e4bab377f9dd50e336) Importer(2089858483,192608db42251d675da83286b1cce702)
Start importing Assets/Polygon Arsenal/Prefabs/Environment/Bubbles/Rising/BubblesRisingAcid.prefab using Guid(4614205d8418b1e4bab377f9dd50e336) Importer(2089858483,192608db42251d675da83286b1cce702) (ScriptedImporter) -> (artifact id: '96daab6aeb22eb31d5f143d1caea2e9e') in 0.1226494 seconds
Number of updated asset objects reloaded before import = 0Number of asset objects unloaded after import = 22

========================================================================
Received Import Request.
  Time since last request: 0.000036 seconds.
  path: Assets/Polygon Arsenal/Prefabs/Environment/Fire/Big v2/FireBigYellowV2.prefab
  artifactKey: Guid(4d6b7c5c1b8a74646b8e5fca7bf4f88d) Importer(2089858483,192608db42251d675da83286b1cce702)
Start importing Assets/Polygon Arsenal/Prefabs/Environment/Fire/Big v2/FireBigYellowV2.prefab using Guid(4d6b7c5c1b8a74646b8e5fca7bf4f88d) Importer(2089858483,192608db42251d675da83286b1cce702) (ScriptedImporter) -> (artifact id: 'de5b913fd785c8fbc221b5abe5d79445') in 0.1277221 seconds
Number of updated asset objects reloaded before import = 0Number of asset objects unloaded after import = 21

========================================================================
Received Import Request.
  Time since last request: 0.000053 seconds.
  path: Assets/Polygon Arsenal/Prefabs/Environment/Fire/Candle/CandleBlue.prefab
  artifactKey: Guid(37d1422d3e0098b42aed03e6f07c5d34) Importer(2089858483,192608db42251d675da83286b1cce702)
Start importing Assets/Polygon Arsenal/Prefabs/Environment/Fire/Candle/CandleBlue.prefab using Guid(37d1422d3e0098b42aed03e6f07c5d34) Importer(2089858483,192608db42251d675da83286b1cce702) (ScriptedImporter) -> (artifact id: 'fdcce9b6201afdfa53bb98a3ac446368') in 0.1081022 seconds
Number of updated asset objects reloaded before import = 0Number of asset objects unloaded after import = 17

========================================================================
Received Import Request.
  Time since last request: 0.000041 seconds.
  path: Assets/Polygon Arsenal/Prefabs/Environment/Fire/Candle/CandleGreen.prefab
  artifactKey: Guid(6bacb20712bb73447b4358bc8f27bb33) Importer(2089858483,192608db42251d675da83286b1cce702)
Start importing Assets/Polygon Arsenal/Prefabs/Environment/Fire/Candle/CandleGreen.prefab using Guid(6bacb20712bb73447b4358bc8f27bb33) Importer(2089858483,192608db42251d675da83286b1cce702) (ScriptedImporter) -> (artifact id: 'fafb6b51f9fd7889066f79d09bf069c5') in 0.1266317 seconds
Number of updated asset objects reloaded before import = 0Number of asset objects unloaded after import = 17

========================================================================
Received Import Request.
  Time since last request: 0.000040 seconds.
  path: Assets/Polygon Arsenal/Prefabs/Environment/Fire/Big v2/FireBigPinkV2.prefab
  artifactKey: Guid(e603ba07d6a1b1046b53d69d200e0905) Importer(2089858483,192608db42251d675da83286b1cce702)
Start importing Assets/Polygon Arsenal/Prefabs/Environment/Fire/Big v2/FireBigPinkV2.prefab using Guid(e603ba07d6a1b1046b53d69d200e0905) Importer(2089858483,192608db42251d675da83286b1cce702) (ScriptedImporter) -> (artifact id: '6d98723eac82c98cd94d01495cb806f1') in 0.1099269 seconds
Number of updated asset objects reloaded before import = 0Number of asset objects unloaded after import = 21

========================================================================
Received Import Request.
  Time since last request: 0.000068 seconds.
  path: Assets/Polygon Arsenal/Prefabs/Environment/Fire/Big/FireBigYellow.prefab
  artifactKey: Guid(4c91d4dd9336f414bb8b5a56d8bff1d2) Importer(2089858483,192608db42251d675da83286b1cce702)
Start importing Assets/Polygon Arsenal/Prefabs/Environment/Fire/Big/FireBigYellow.prefab using Guid(4c91d4dd9336f414bb8b5a56d8bff1d2) Importer(2089858483,192608db42251d675da83286b1cce702) (ScriptedImporter) -> (artifact id: '9b61f8f2219282bfd16541af83514664') in 0.1782812 seconds
Number of updated asset objects reloaded before import = 0Number of asset objects unloaded after import = 25

========================================================================
Received Import Request.
  Time since last request: 0.000036 seconds.
  path: Assets/Polygon Arsenal/Prefabs/Environment/Fire/Big Spiky/FireBigSpikyRed.prefab
  artifactKey: Guid(8b8d108830ac9ee4c8f3d665189a6828) Importer(2089858483,192608db42251d675da83286b1cce702)
Start importing Assets/Polygon Arsenal/Prefabs/Environment/Fire/Big Spiky/FireBigSpikyRed.prefab using Guid(8b8d108830ac9ee4c8f3d665189a6828) Importer(2089858483,192608db42251d675da83286b1cce702) (ScriptedImporter) -> (artifact id: '11d55566aa652786bec703591f3b1ab0') in 0.1722433 seconds
Number of updated asset objects reloaded before import = 0Number of asset objects unloaded after import = 21

========================================================================
Received Import Request.
  Time since last request: 0.000054 seconds.
  path: Assets/Polygon Arsenal/Prefabs/Environment/Fireflies/Simple/FirefliesSimpleGreen.prefab
  artifactKey: Guid(a4a0a377b2dc0de48ad8bf41db3c3c83) Importer(2089858483,192608db42251d675da83286b1cce702)
Start importing Assets/Polygon Arsenal/Prefabs/Environment/Fireflies/Simple/FirefliesSimpleGreen.prefab using Guid(a4a0a377b2dc0de48ad8bf41db3c3c83) Importer(2089858483,192608db42251d675da83286b1cce702) (ScriptedImporter) -> (artifact id: '0457d95c5c405c69ab19ae0ef9fa37d6') in 0.1354686 seconds
Number of updated asset objects reloaded before import = 0Number of asset objects unloaded after import = 13

========================================================================
Received Import Request.
  Time since last request: 0.000045 seconds.
  path: Assets/Polygon Arsenal/Prefabs/Environment/Fireflies/Advanced/FireFliesGreen.prefab
  artifactKey: Guid(7e751cc0510d32a448f4a6fc345e0fec) Importer(2089858483,192608db42251d675da83286b1cce702)
Start importing Assets/Polygon Arsenal/Prefabs/Environment/Fireflies/Advanced/FireFliesGreen.prefab using Guid(7e751cc0510d32a448f4a6fc345e0fec) Importer(2089858483,192608db42251d675da83286b1cce702) (ScriptedImporter) -> (artifact id: 'e93ac531b7ff11efa4fe545cd0eaf75c') in 0.1730125 seconds
Number of updated asset objects reloaded before import = 0Number of asset objects unloaded after import = 21

========================================================================
Received Import Request.
  Time since last request: 0.000068 seconds.
  path: Assets/Polygon Arsenal/Prefabs/Environment/Fireflies/Advanced/FireFliesPurple.prefab
  artifactKey: Guid(fc0baf15a89ac4b45ac2678241761990) Importer(2089858483,192608db42251d675da83286b1cce702)
Start importing Assets/Polygon Arsenal/Prefabs/Environment/Fireflies/Advanced/FireFliesPurple.prefab using Guid(fc0baf15a89ac4b45ac2678241761990) Importer(2089858483,192608db42251d675da83286b1cce702) (ScriptedImporter) -> (artifact id: '53e1eefa1763b08f7cd3008002e64c5e') in 0.1477705 seconds
Number of updated asset objects reloaded before import = 0Number of asset objects unloaded after import = 21

========================================================================
Received Import Request.
  Time since last request: 0.000041 seconds.
  path: Assets/Polygon Arsenal/Prefabs/Environment/Fireflies/Advanced/FireFliesRed.prefab
  artifactKey: Guid(7602027a42a3fbc4e94b5a05c2d2ee76) Importer(2089858483,192608db42251d675da83286b1cce702)
Start importing Assets/Polygon Arsenal/Prefabs/Environment/Fireflies/Advanced/FireFliesRed.prefab using Guid(7602027a42a3fbc4e94b5a05c2d2ee76) Importer(2089858483,192608db42251d675da83286b1cce702) (ScriptedImporter) -> (artifact id: 'ac9216ab076888c767a0453fcfe424a0') in 0.153178 seconds
Number of updated asset objects reloaded before import = 0Number of asset objects unloaded after import = 21

========================================================================
Received Import Request.
  Time since last request: 0.000054 seconds.
  path: Assets/Polygon Arsenal/Prefabs/Environment/Fireworks/Fountain/FireworkFountainOrange.prefab
  artifactKey: Guid(1c7ab51d03e0c024e8f8b7b895a120a9) Importer(2089858483,192608db42251d675da83286b1cce702)
Start importing Assets/Polygon Arsenal/Prefabs/Environment/Fireworks/Fountain/FireworkFountainOrange.prefab using Guid(1c7ab51d03e0c024e8f8b7b895a120a9) Importer(2089858483,192608db42251d675da83286b1cce702) (ScriptedImporter) -> (artifact id: '8fd1dd6b17be0f101d370588f508b32d') in 0.1491188 seconds
Number of updated asset objects reloaded before import = 0Number of asset objects unloaded after import = 21

========================================================================
Received Import Request.
  Time since last request: 0.000046 seconds.
  path: Assets/Polygon Arsenal/Prefabs/Environment/Fireworks/Fountain/FireworkFountainGreen.prefab
  artifactKey: Guid(905feb2b676a5ba4dad24baf9ffc6e07) Importer(2089858483,192608db42251d675da83286b1cce702)
Start importing Assets/Polygon Arsenal/Prefabs/Environment/Fireworks/Fountain/FireworkFountainGreen.prefab using Guid(905feb2b676a5ba4dad24baf9ffc6e07) Importer(2089858483,192608db42251d675da83286b1cce702) (ScriptedImporter) -> (artifact id: 'ec54eecaacdb315de20d9eef60d9d0f8') in 0.1770974 seconds
Number of updated asset objects reloaded before import = 0Number of asset objects unloaded after import = 21

========================================================================
Received Import Request.
  Time since last request: 0.000074 seconds.
  path: Assets/Polygon Arsenal/Prefabs/Environment/Fireworks/Explosion/FireworksBlue.prefab
  artifactKey: Guid(0a9192254fc7d32438b6c4ef5ac41b71) Importer(2089858483,192608db42251d675da83286b1cce702)
Start importing Assets/Polygon Arsenal/Prefabs/Environment/Fireworks/Explosion/FireworksBlue.prefab using Guid(0a9192254fc7d32438b6c4ef5ac41b71) Importer(2089858483,192608db42251d675da83286b1cce702) (ScriptedImporter) -> (artifact id: '45f1947da82c618b5a60134fc0b1088d') in 0.1496044 seconds
Number of updated asset objects reloaded before import = 0Number of asset objects unloaded after import = 16

========================================================================
Received Import Request.
  Time since last request: 0.000044 seconds.
  path: Assets/Polygon Arsenal/Prefabs/Environment/Fireworks/Explosion/FireworksGreen.prefab
  artifactKey: Guid(3f5de61719eb28d49bc89ee7b626ddf5) Importer(2089858483,192608db42251d675da83286b1cce702)
Start importing Assets/Polygon Arsenal/Prefabs/Environment/Fireworks/Explosion/FireworksGreen.prefab using Guid(3f5de61719eb28d49bc89ee7b626ddf5) Importer(2089858483,192608db42251d675da83286b1cce702) (ScriptedImporter) -> (artifact id: '3aac8bc12d33c3beb1fbd0b4d886479d') in 0.1867226 seconds
Number of updated asset objects reloaded before import = 0Number of asset objects unloaded after import = 16

========================================================================
Received Import Request.
  Time since last request: 0.000066 seconds.
  path: Assets/Polygon Arsenal/Prefabs/Environment/Fireworks/Fountain/FireworkFountainPink.prefab
  artifactKey: Guid(56cfa651263fb6d46ac668eb7a9cc6c0) Importer(2089858483,192608db42251d675da83286b1cce702)
Start importing Assets/Polygon Arsenal/Prefabs/Environment/Fireworks/Fountain/FireworkFountainPink.prefab using Guid(56cfa651263fb6d46ac668eb7a9cc6c0) Importer(2089858483,192608db42251d675da83286b1cce702) (ScriptedImporter) -> (artifact id: 'ea67f0aed7549976b3a30f47e3ab4340') in 0.1543602 seconds
Number of updated asset objects reloaded before import = 0Number of asset objects unloaded after import = 21

========================================================================
Received Import Request.
  Time since last request: 0.000048 seconds.
  path: Assets/Polygon Arsenal/Prefabs/Environment/Liquid/Faucet/WaterSimpleFaucet.prefab
  artifactKey: Guid(475e102bb25f42c4ab36d56df148217f) Importer(2089858483,192608db42251d675da83286b1cce702)
Start importing Assets/Polygon Arsenal/Prefabs/Environment/Liquid/Faucet/WaterSimpleFaucet.prefab using Guid(475e102bb25f42c4ab36d56df148217f) Importer(2089858483,192608db42251d675da83286b1cce702) (ScriptedImporter) -> (artifact id: '54a73eb25065c2c90368602c942a03c9') in 0.1470526 seconds
Number of updated asset objects reloaded before import = 0Number of asset objects unloaded after import = 16

========================================================================
Received Import Request.
  Time since last request: 0.000056 seconds.
  path: Assets/Polygon Arsenal/Prefabs/Environment/Fireworks/Fountain/FireworkFountainPurple.prefab
  artifactKey: Guid(b12fea3f9c466bd4aa5f166f1b3d9d58) Importer(2089858483,192608db42251d675da83286b1cce702)
Start importing Assets/Polygon Arsenal/Prefabs/Environment/Fireworks/Fountain/FireworkFountainPurple.prefab using Guid(b12fea3f9c466bd4aa5f166f1b3d9d58) Importer(2089858483,192608db42251d675da83286b1cce702) (ScriptedImporter) -> (artifact id: '17c2cf75c1b1c8ca2df778bcb9ce013a') in 0.1537594 seconds
Number of updated asset objects reloaded before import = 0Number of asset objects unloaded after import = 21

========================================================================
Received Import Request.
  Time since last request: 0.000055 seconds.
  path: Assets/Polygon Arsenal/Prefabs/Environment/Liquid/Flow/SlimeFlowing.prefab
  artifactKey: Guid(ce50c0d669751724fa6ffe6158937849) Importer(2089858483,192608db42251d675da83286b1cce702)
Start importing Assets/Polygon Arsenal/Prefabs/Environment/Liquid/Flow/SlimeFlowing.prefab using Guid(ce50c0d669751724fa6ffe6158937849) Importer(2089858483,192608db42251d675da83286b1cce702) (ScriptedImporter) -> (artifact id: '698311cc7ece025f07f0c9e24026be2a') in 0.1693837 seconds
Number of updated asset objects reloaded before import = 0Number of asset objects unloaded after import = 21

========================================================================
Received Import Request.
  Time since last request: 0.000088 seconds.
  path: Assets/Polygon Arsenal/Prefabs/Environment/Fireworks/Explosion/FireworksPurple.prefab
  artifactKey: Guid(ecf4dd9e709cc3b4187ff35f7fa97825) Importer(2089858483,192608db42251d675da83286b1cce702)
Start importing Assets/Polygon Arsenal/Prefabs/Environment/Fireworks/Explosion/FireworksPurple.prefab using Guid(ecf4dd9e709cc3b4187ff35f7fa97825) Importer(2089858483,192608db42251d675da83286b1cce702) (ScriptedImporter) -> (artifact id: '6dbea2de4171e3987e80563c2eaec84c') in 0.1787777 seconds
Number of updated asset objects reloaded before import = 0Number of asset objects unloaded after import = 16

========================================================================
Received Import Request.
  Time since last request: 0.000050 seconds.
  path: Assets/Polygon Arsenal/Prefabs/Environment/Smoke/Explosion/SmokeExplosionDark.prefab
  artifactKey: Guid(0e6ac7cf58b220f4ab5a63bb2248853d) Importer(2089858483,192608db42251d675da83286b1cce702)
Start importing Assets/Polygon Arsenal/Prefabs/Environment/Smoke/Explosion/SmokeExplosionDark.prefab using Guid(0e6ac7cf58b220f4ab5a63bb2248853d) Importer(2089858483,192608db42251d675da83286b1cce702) (ScriptedImporter) -> (artifact id: '68a6792be3681e6f0526517b0082e59f') in 0.1822489 seconds
Number of updated asset objects reloaded before import = 0Number of asset objects unloaded after import = 12

========================================================================
Received Import Request.
  Time since last request: 0.000351 seconds.
  path: Assets/Polygon Arsenal/Prefabs/Environment/Liquid/Shower/WaterSimpleShower.prefab
  artifactKey: Guid(8ec717f87a9b15840aa9e13a347e5e8b) Importer(2089858483,192608db42251d675da83286b1cce702)
Start importing Assets/Polygon Arsenal/Prefabs/Environment/Liquid/Shower/WaterSimpleShower.prefab using Guid(8ec717f87a9b15840aa9e13a347e5e8b) Importer(2089858483,192608db42251d675da83286b1cce702) (ScriptedImporter) -> (artifact id: '0bf882ad74bdcdb7996fa39c5114f1c1') in 0.1523712 seconds
Number of updated asset objects reloaded before import = 0Number of asset objects unloaded after import = 12

========================================================================
Received Import Request.
  Time since last request: 0.000036 seconds.
  path: Assets/Polygon Arsenal/Prefabs/Environment/Liquid/Fountain/WaterFountain.prefab
  artifactKey: Guid(0c0b454342e1bb34cb8ab8978c04edba) Importer(2089858483,192608db42251d675da83286b1cce702)
Start importing Assets/Polygon Arsenal/Prefabs/Environment/Liquid/Fountain/WaterFountain.prefab using Guid(0c0b454342e1bb34cb8ab8978c04edba) Importer(2089858483,192608db42251d675da83286b1cce702) (ScriptedImporter) -> (artifact id: '2320747658d0fb3a986f84a1de9a418f') in 0.1244816 seconds
Number of updated asset objects reloaded before import = 0Number of asset objects unloaded after import = 12

========================================================================
Received Import Request.
  Time since last request: 0.000060 seconds.
  path: Assets/Polygon Arsenal/Prefabs/Environment/Liquid/Flow/WaterFlowing.prefab
  artifactKey: Guid(71f685a0a0322a647b323f5f10a1f10e) Importer(2089858483,192608db42251d675da83286b1cce702)
Start importing Assets/Polygon Arsenal/Prefabs/Environment/Liquid/Flow/WaterFlowing.prefab using Guid(71f685a0a0322a647b323f5f10a1f10e) Importer(2089858483,192608db42251d675da83286b1cce702) (ScriptedImporter) -> (artifact id: '1bf07c2fa0b32f6b4b3464e67790ac2c') in 0.1667115 seconds
Number of updated asset objects reloaded before import = 0Number of asset objects unloaded after import = 35

========================================================================
Received Import Request.
  Time since last request: 0.000043 seconds.
  path: Assets/Polygon Arsenal/Prefabs/Environment/Sparks/Explosion/SparkExplosionEpic.prefab
  artifactKey: Guid(9deec30e5bac4d645b6a75d1949b3315) Importer(2089858483,192608db42251d675da83286b1cce702)
Start importing Assets/Polygon Arsenal/Prefabs/Environment/Sparks/Explosion/SparkExplosionEpic.prefab using Guid(9deec30e5bac4d645b6a75d1949b3315) Importer(2089858483,192608db42251d675da83286b1cce702) (ScriptedImporter) -> (artifact id: '08b728c4282d3581bc20148b76604b31') in 0.1358783 seconds
Number of updated asset objects reloaded before import = 0Number of asset objects unloaded after import = 13

========================================================================
Received Import Request.
  Time since last request: 0.000067 seconds.
  path: Assets/Polygon Arsenal/Prefabs/Environment/Sparks/Explosion/SparkExplosionNormal.prefab
  artifactKey: Guid(83944fc6f233ce44cbd4b5996505404b) Importer(2089858483,192608db42251d675da83286b1cce702)
Start importing Assets/Polygon Arsenal/Prefabs/Environment/Sparks/Explosion/SparkExplosionNormal.prefab using Guid(83944fc6f233ce44cbd4b5996505404b) Importer(2089858483,192608db42251d675da83286b1cce702) (ScriptedImporter) -> (artifact id: '91c7415d76a4c0bc05bdb1de074028e8') in 0.1367462 seconds
Number of updated asset objects reloaded before import = 0Number of asset objects unloaded after import = 13

========================================================================
Received Import Request.
  Time since last request: 0.000042 seconds.
  path: Assets/Polygon Arsenal/Prefabs/Environment/Sparks/Explosion/SparkDuoDirectionalMega.prefab
  artifactKey: Guid(f48c7539f3ceef84f83278bbf6dbe50c) Importer(2089858483,192608db42251d675da83286b1cce702)
Start importing Assets/Polygon Arsenal/Prefabs/Environment/Sparks/Explosion/SparkDuoDirectionalMega.prefab using Guid(f48c7539f3ceef84f83278bbf6dbe50c) Importer(2089858483,192608db42251d675da83286b1cce702) (ScriptedImporter) -> (artifact id: 'ca04b5522cc4e94fdc0eafd44ae19ce8') in 0.1413679 seconds
Number of updated asset objects reloaded before import = 0Number of asset objects unloaded after import = 13

========================================================================
Received Import Request.
  Time since last request: 0.000060 seconds.
  path: Assets/Polygon Arsenal/Prefabs/Environment/Bubbles/Surface/BubblesSurfaceWater.prefab
  artifactKey: Guid(bbda4a69f40328d49abd034f23bfbbda) Importer(2089858483,192608db42251d675da83286b1cce702)
Start importing Assets/Polygon Arsenal/Prefabs/Environment/Bubbles/Surface/BubblesSurfaceWater.prefab using Guid(bbda4a69f40328d49abd034f23bfbbda) Importer(2089858483,192608db42251d675da83286b1cce702) (ScriptedImporter) -> (artifact id: '4624ca2faddbcc63b7dee77377bf94b6') in 0.1621486 seconds
Number of updated asset objects reloaded before import = 0Number of asset objects unloaded after import = 31

========================================================================
Received Import Request.
  Time since last request: 0.000043 seconds.
  path: Assets/Polygon Arsenal/Prefabs/Combat/Melee & Sword/Sword Trail/SwordTrailFrost.prefab
  artifactKey: Guid(776947545b81acf4bb27642d84104f12) Importer(2089858483,192608db42251d675da83286b1cce702)
Start importing Assets/Polygon Arsenal/Prefabs/Combat/Melee & Sword/Sword Trail/SwordTrailFrost.prefab using Guid(776947545b81acf4bb27642d84104f12) Importer(2089858483,192608db42251d675da83286b1cce702) (ScriptedImporter) -> (artifact id: '9b85e836fc396bee20efde6f14fba72e') in 0.1170978 seconds
Number of updated asset objects reloaded before import = 0Number of asset objects unloaded after import = 11

========================================================================
Received Import Request.
  Time since last request: 0.000049 seconds.
  path: Assets/Polygon Arsenal/Prefabs/Interactive/BeamUp/Chargeup/BeamupChargeupGreen.prefab
  artifactKey: Guid(fa4a4b8cfb8c5db4eae3b57a6eafc8dd) Importer(2089858483,192608db42251d675da83286b1cce702)
Start importing Assets/Polygon Arsenal/Prefabs/Interactive/BeamUp/Chargeup/BeamupChargeupGreen.prefab using Guid(fa4a4b8cfb8c5db4eae3b57a6eafc8dd) Importer(2089858483,192608db42251d675da83286b1cce702) (ScriptedImporter) -> (artifact id: 'd323f7ccfd5f547758160a457a753ee6') in 0.1577456 seconds
Number of updated asset objects reloaded before import = 0Number of asset objects unloaded after import = 29

========================================================================
Received Import Request.
  Time since last request: 0.000046 seconds.
  path: Assets/Polygon Arsenal/Prefabs/Interactive/BeamUp/Chargeup/BeamupChargeupRed.prefab
  artifactKey: Guid(a76836f6ecbd6394d8d8732740c2c985) Importer(2089858483,192608db42251d675da83286b1cce702)
Start importing Assets/Polygon Arsenal/Prefabs/Interactive/BeamUp/Chargeup/BeamupChargeupRed.prefab using Guid(a76836f6ecbd6394d8d8732740c2c985) Importer(2089858483,192608db42251d675da83286b1cce702) (ScriptedImporter) -> (artifact id: 'fc52be022a4953b01a491f1df26e5644') in 0.1489752 seconds
Number of updated asset objects reloaded before import = 0Number of asset objects unloaded after import = 29

========================================================================
Received Import Request.
  Time since last request: 0.000067 seconds.
  path: Assets/Polygon Arsenal/Prefabs/Interactive/BlackHole/Mega/MegaBlackHoleGreen.prefab
  artifactKey: Guid(7955edb459c0fff4a96ebce56e58c72d) Importer(2089858483,192608db42251d675da83286b1cce702)
Start importing Assets/Polygon Arsenal/Prefabs/Interactive/BlackHole/Mega/MegaBlackHoleGreen.prefab using Guid(7955edb459c0fff4a96ebce56e58c72d) Importer(2089858483,192608db42251d675da83286b1cce702) (ScriptedImporter) -> (artifact id: 'c2eba5233a9c6744244b4afdb2ea85b0') in 0.1238182 seconds
Number of updated asset objects reloaded before import = 0Number of asset objects unloaded after import = 33

========================================================================
Received Import Request.
  Time since last request: 0.000038 seconds.
  path: Assets/Polygon Arsenal/Prefabs/Interactive/BeamUp/Cloud/BeamupCloudGreen.prefab
  artifactKey: Guid(d81c730377f4a3347a0e9b78b63e7232) Importer(2089858483,192608db42251d675da83286b1cce702)
Start importing Assets/Polygon Arsenal/Prefabs/Interactive/BeamUp/Cloud/BeamupCloudGreen.prefab using Guid(d81c730377f4a3347a0e9b78b63e7232) Importer(2089858483,192608db42251d675da83286b1cce702) (ScriptedImporter) -> (artifact id: '73b5ccc8be4bdc27960fc2d185d4bd70') in 0.1279922 seconds
Number of updated asset objects reloaded before import = 0Number of asset objects unloaded after import = 17

========================================================================
Received Import Request.
  Time since last request: 0.000034 seconds.
  path: Assets/Polygon Arsenal/Prefabs/Combat/Aura/ShieldAura/ShieldAuraPurple.prefab
  artifactKey: Guid(c8d5401f73e27b548aec1e31852cea39) Importer(2089858483,192608db42251d675da83286b1cce702)
Start importing Assets/Polygon Arsenal/Prefabs/Combat/Aura/ShieldAura/ShieldAuraPurple.prefab using Guid(c8d5401f73e27b548aec1e31852cea39) Importer(2089858483,192608db42251d675da83286b1cce702) (ScriptedImporter) -> (artifact id: '1de82116cc6dffdf0e47aa3c026609cc') in 0.1329658 seconds
Number of updated asset objects reloaded before import = 0Number of asset objects unloaded after import = 22

========================================================================
Received Import Request.
  Time since last request: 0.000051 seconds.
  path: Assets/Polygon Arsenal/Prefabs/Interactive/Jets/Jet02/Jet02Blue.prefab
  artifactKey: Guid(1a997cb02aa03604bb99fa3da6e3dd47) Importer(2089858483,192608db42251d675da83286b1cce702)
Start importing Assets/Polygon Arsenal/Prefabs/Interactive/Jets/Jet02/Jet02Blue.prefab using Guid(1a997cb02aa03604bb99fa3da6e3dd47) Importer(2089858483,192608db42251d675da83286b1cce702) (ScriptedImporter) -> (artifact id: 'c35da45f974a7cfbffdb8efa69e646a9') in 0.1406334 seconds
Number of updated asset objects reloaded before import = 0Number of asset objects unloaded after import = 29

========================================================================
Received Import Request.
  Time since last request: 0.000039 seconds.
  path: Assets/Polygon Arsenal/Prefabs/Interactive/Jets/Jet01/Jet01Red.prefab
  artifactKey: Guid(3be2c15a47eb22247ac5abdeef2847fa) Importer(2089858483,192608db42251d675da83286b1cce702)
Start importing Assets/Polygon Arsenal/Prefabs/Interactive/Jets/Jet01/Jet01Red.prefab using Guid(3be2c15a47eb22247ac5abdeef2847fa) Importer(2089858483,192608db42251d675da83286b1cce702) (ScriptedImporter) -> (artifact id: '74ec149bd987211812b9fbd80788d058') in 0.1238879 seconds
Number of updated asset objects reloaded before import = 0Number of asset objects unloaded after import = 29

========================================================================
Received Import Request.
  Time since last request: 0.000058 seconds.
  path: Assets/Polygon Arsenal/Prefabs/Interactive/BlackHole/Normal/BlackHoleRed.prefab
  artifactKey: Guid(16264a5b407da1145afcbde56a0436ab) Importer(2089858483,192608db42251d675da83286b1cce702)
Start importing Assets/Polygon Arsenal/Prefabs/Interactive/BlackHole/Normal/BlackHoleRed.prefab using Guid(16264a5b407da1145afcbde56a0436ab) Importer(2089858483,192608db42251d675da83286b1cce702) (ScriptedImporter) -> (artifact id: 'e08a70d474b81e42a17fbc89f404e2dd') in 0.1361704 seconds
Number of updated asset objects reloaded before import = 0Number of asset objects unloaded after import = 29

========================================================================
Received Import Request.
  Time since last request: 0.000045 seconds.
  path: Assets/Polygon Arsenal/Prefabs/Interactive/Jets/Jet02/Jet02Purple.prefab
  artifactKey: Guid(c32ee695d960abb4c8152f21c3749a49) Importer(2089858483,192608db42251d675da83286b1cce702)
Start importing Assets/Polygon Arsenal/Prefabs/Interactive/Jets/Jet02/Jet02Purple.prefab using Guid(c32ee695d960abb4c8152f21c3749a49) Importer(2089858483,192608db42251d675da83286b1cce702) (ScriptedImporter) -> (artifact id: '7a0cd9b9790166fd10e00f7c52b21e9b') in 0.1366174 seconds
Number of updated asset objects reloaded before import = 0Number of asset objects unloaded after import = 29

========================================================================
Received Import Request.
  Time since last request: 0.000071 seconds.
  path: Assets/Polygon Arsenal/Prefabs/Interactive/BlackHole/Mega/MegaBlackHoleYellow.prefab
  artifactKey: Guid(63be1772170fa96449abb9d5e08cc91b) Importer(2089858483,192608db42251d675da83286b1cce702)
Start importing Assets/Polygon Arsenal/Prefabs/Interactive/BlackHole/Mega/MegaBlackHoleYellow.prefab using Guid(63be1772170fa96449abb9d5e08cc91b) Importer(2089858483,192608db42251d675da83286b1cce702) (ScriptedImporter) -> (artifact id: 'fb5684dabb1b17222de41d1ac9337378') in 0.154043 seconds
Number of updated asset objects reloaded before import = 0Number of asset objects unloaded after import = 33

========================================================================
Received Import Request.
  Time since last request: 0.000043 seconds.
  path: Assets/Polygon Arsenal/Prefabs/Interactive/Jets/Jet04/Jet04Purple.prefab
  artifactKey: Guid(7e2433bd51703af4d8535ebac74a3370) Importer(2089858483,192608db42251d675da83286b1cce702)
Start importing Assets/Polygon Arsenal/Prefabs/Interactive/Jets/Jet04/Jet04Purple.prefab using Guid(7e2433bd51703af4d8535ebac74a3370) Importer(2089858483,192608db42251d675da83286b1cce702) (ScriptedImporter) -> (artifact id: '721bb45c1a463f33039fd345e9102bb8') in 0.1464816 seconds
Number of updated asset objects reloaded before import = 0Number of asset objects unloaded after import = 29

========================================================================
Received Import Request.
  Time since last request: 0.000060 seconds.
  path: Assets/Polygon Arsenal/Prefabs/Interactive/Jets/JetIdle/JetIdlePurple.prefab
  artifactKey: Guid(2b436608ff9e4614eb724bc0ac1ffff0) Importer(2089858483,192608db42251d675da83286b1cce702)
Start importing Assets/Polygon Arsenal/Prefabs/Interactive/Jets/JetIdle/JetIdlePurple.prefab using Guid(2b436608ff9e4614eb724bc0ac1ffff0) Importer(2089858483,192608db42251d675da83286b1cce702) (ScriptedImporter) -> (artifact id: '90e97e1c72da0b84e1abd8a0a8b96278') in 0.1308809 seconds
Number of updated asset objects reloaded before import = 0Number of asset objects unloaded after import = 16

========================================================================
Received Import Request.
  Time since last request: 0.000030 seconds.
  path: Assets/Polygon Arsenal/Prefabs/Interactive/Jets/Jet03/Jet03Green.prefab
  artifactKey: Guid(2566abd85eb5d8d48acc5b93f78322d2) Importer(2089858483,192608db42251d675da83286b1cce702)
Start importing Assets/Polygon Arsenal/Prefabs/Interactive/Jets/Jet03/Jet03Green.prefab using Guid(2566abd85eb5d8d48acc5b93f78322d2) Importer(2089858483,192608db42251d675da83286b1cce702) (ScriptedImporter) -> (artifact id: '21e29092271c9a329e52d6533d0a00fc') in 0.1344847 seconds
Number of updated asset objects reloaded before import = 0Number of asset objects unloaded after import = 29

========================================================================
Received Import Request.
  Time since last request: 0.000042 seconds.
  path: Assets/Polygon Arsenal/Prefabs/Interactive/Jets/Jet03/Jet03Blue.prefab
  artifactKey: Guid(66372c492b16b4c45a9015db09c517a9) Importer(2089858483,192608db42251d675da83286b1cce702)
Start importing Assets/Polygon Arsenal/Prefabs/Interactive/Jets/Jet03/Jet03Blue.prefab using Guid(66372c492b16b4c45a9015db09c517a9) Importer(2089858483,192608db42251d675da83286b1cce702) (ScriptedImporter) -> (artifact id: '82707ce7851bd0f2e5dfebcd5500dac3') in 0.1537387 seconds
Number of updated asset objects reloaded before import = 0Number of asset objects unloaded after import = 29

========================================================================
Received Import Request.
  Time since last request: 0.000067 seconds.
  path: Assets/Polygon Arsenal/Prefabs/Interactive/Jets/JetIdle/JetIdleYellow.prefab
  artifactKey: Guid(55860325153358842b2dacd8f5474dc2) Importer(2089858483,192608db42251d675da83286b1cce702)
Start importing Assets/Polygon Arsenal/Prefabs/Interactive/Jets/JetIdle/JetIdleYellow.prefab using Guid(55860325153358842b2dacd8f5474dc2) Importer(2089858483,192608db42251d675da83286b1cce702) (ScriptedImporter) -> (artifact id: 'c5d98898da85506270d0924597995972') in 0.1257458 seconds
Number of updated asset objects reloaded before import = 0Number of asset objects unloaded after import = 16

========================================================================
Received Import Request.
  Time since last request: 0.000035 seconds.
  path: Assets/Polygon Arsenal/Prefabs/Interactive/Loot/LootEssence/LootEssenceBlue.prefab
  artifactKey: Guid(63dc5e2ffc203ad459a1141a21bd66d0) Importer(2089858483,192608db42251d675da83286b1cce702)
Start importing Assets/Polygon Arsenal/Prefabs/Interactive/Loot/LootEssence/LootEssenceBlue.prefab using Guid(63dc5e2ffc203ad459a1141a21bd66d0) Importer(2089858483,192608db42251d675da83286b1cce702) (ScriptedImporter) -> (artifact id: '64b67d0bb13f06e0e13cd2a9eb328f4c') in 0.1185672 seconds
Number of updated asset objects reloaded before import = 0Number of asset objects unloaded after import = 12

========================================================================
Received Import Request.
  Time since last request: 0.000040 seconds.
  path: Assets/Polygon Arsenal/Prefabs/Interactive/Loot/LootRaySimple/LootRaySimplePink.prefab
  artifactKey: Guid(381e47c45c0398d47bcbacb8ab93ce89) Importer(2089858483,192608db42251d675da83286b1cce702)
Start importing Assets/Polygon Arsenal/Prefabs/Interactive/Loot/LootRaySimple/LootRaySimplePink.prefab using Guid(381e47c45c0398d47bcbacb8ab93ce89) Importer(2089858483,192608db42251d675da83286b1cce702) (ScriptedImporter) -> (artifact id: '7a67090f17e920718c45ec6284ff2dd0') in 0.1067545 seconds
Number of updated asset objects reloaded before import = 0Number of asset objects unloaded after import = 16

========================================================================
Received Import Request.
  Time since last request: 0.000063 seconds.
  path: Assets/Polygon Arsenal/Prefabs/Interactive/Loot/LootRay/LootRayRed.prefab
  artifactKey: Guid(d69ca65b234b2bc479a6da823ca47801) Importer(2089858483,192608db42251d675da83286b1cce702)
Start importing Assets/Polygon Arsenal/Prefabs/Interactive/Loot/LootRay/LootRayRed.prefab using Guid(d69ca65b234b2bc479a6da823ca47801) Importer(2089858483,192608db42251d675da83286b1cce702) (ScriptedImporter) -> (artifact id: '9fc7a28da53e8af96808beea1419bc1f') in 0.1620291 seconds
Number of updated asset objects reloaded before import = 0Number of asset objects unloaded after import = 21

========================================================================
Received Import Request.
  Time since last request: 0.000040 seconds.
  path: Assets/Polygon Arsenal/Prefabs/Interactive/Loot/LootEssence/LootEssencePurple.prefab
  artifactKey: Guid(e13806dc3dca5994293923ff011c6845) Importer(2089858483,192608db42251d675da83286b1cce702)
Start importing Assets/Polygon Arsenal/Prefabs/Interactive/Loot/LootEssence/LootEssencePurple.prefab using Guid(e13806dc3dca5994293923ff011c6845) Importer(2089858483,192608db42251d675da83286b1cce702) (ScriptedImporter) -> (artifact id: 'fe0f4b4be5dbe2dfd094a1c21f95265e') in 0.1470061 seconds
Number of updated asset objects reloaded before import = 0Number of asset objects unloaded after import = 12

========================================================================
Received Import Request.
  Time since last request: 0.000049 seconds.
  path: Assets/Polygon Arsenal/Prefabs/Interactive/Portal/Basic/PortalBasicPink.prefab
  artifactKey: Guid(3ccd79e3f28aa88489c56fcb3845d443) Importer(2089858483,192608db42251d675da83286b1cce702)
Start importing Assets/Polygon Arsenal/Prefabs/Interactive/Portal/Basic/PortalBasicPink.prefab using Guid(3ccd79e3f28aa88489c56fcb3845d443) Importer(2089858483,192608db42251d675da83286b1cce702) (ScriptedImporter) -> (artifact id: '2d141e00856a2f9e6368f9ea5b1ef0fc') in 0.1410007 seconds
Number of updated asset objects reloaded before import = 0Number of asset objects unloaded after import = 28

========================================================================
Received Import Request.
  Time since last request: 0.000046 seconds.
  path: Assets/Polygon Arsenal/Prefabs/Interactive/Loot/LootRaySimple/LootRaySimpleRed.prefab
  artifactKey: Guid(bdcfeb8672d996f40ba6a9d5895248f3) Importer(2089858483,192608db42251d675da83286b1cce702)
Start importing Assets/Polygon Arsenal/Prefabs/Interactive/Loot/LootRaySimple/LootRaySimpleRed.prefab using Guid(bdcfeb8672d996f40ba6a9d5895248f3) Importer(2089858483,192608db42251d675da83286b1cce702) (ScriptedImporter) -> (artifact id: '22917f15c1ecab9a61730be3e8149915') in 0.1419619 seconds
Number of updated asset objects reloaded before import = 0Number of asset objects unloaded after import = 16

========================================================================
Received Import Request.
  Time since last request: 0.000051 seconds.
  path: Assets/Polygon Arsenal/Prefabs/Interactive/Portal/Glow/GlowPortalGreen.prefab
  artifactKey: Guid(17f532a65893d5344a822d8f697bfdfa) Importer(2089858483,192608db42251d675da83286b1cce702)
Start importing Assets/Polygon Arsenal/Prefabs/Interactive/Portal/Glow/GlowPortalGreen.prefab using Guid(17f532a65893d5344a822d8f697bfdfa) Importer(2089858483,192608db42251d675da83286b1cce702) (ScriptedImporter) -> (artifact id: '40526947fba2a2df3c881a781fbd0822') in 0.1126654 seconds
Number of updated asset objects reloaded before import = 0Number of asset objects unloaded after import = 21

========================================================================
Received Import Request.
  Time since last request: 0.000032 seconds.
  path: Assets/Polygon Arsenal/Prefabs/Interactive/Loot/LootRing/LootRingWhite.prefab
  artifactKey: Guid(09b7b468476634c40bdcac5a83566798) Importer(2089858483,192608db42251d675da83286b1cce702)
Start importing Assets/Polygon Arsenal/Prefabs/Interactive/Loot/LootRing/LootRingWhite.prefab using Guid(09b7b468476634c40bdcac5a83566798) Importer(2089858483,192608db42251d675da83286b1cce702) (ScriptedImporter) -> (artifact id: 'b099944ce5e83565e4b3eeab8d99d231') in 0.1105767 seconds
Number of updated asset objects reloaded before import = 0Number of asset objects unloaded after import = 22

========================================================================
Received Import Request.
  Time since last request: 0.000091 seconds.
  path: Assets/Polygon Arsenal/Prefabs/Interactive/Portal/Basic/PortalBasicRed.prefab
  artifactKey: Guid(36ab3ee164b5e41449d613c0d003e569) Importer(2089858483,192608db42251d675da83286b1cce702)
Start importing Assets/Polygon Arsenal/Prefabs/Interactive/Portal/Basic/PortalBasicRed.prefab using Guid(36ab3ee164b5e41449d613c0d003e569) Importer(2089858483,192608db42251d675da83286b1cce702) (ScriptedImporter) -> (artifact id: 'e12f0fb0990aed6aadb605134c9e129f') in 0.1045957 seconds
Number of updated asset objects reloaded before import = 0Number of asset objects unloaded after import = 28

========================================================================
Received Import Request.
  Time since last request: 0.000045 seconds.
  path: Assets/Polygon Arsenal/Prefabs/Interactive/Powerups/Icons Bright/PowerIconAmmoTriplev3.prefab
  artifactKey: Guid(325b1eb62c1df9245b45d2b54acd22ee) Importer(2089858483,192608db42251d675da83286b1cce702)
Start importing Assets/Polygon Arsenal/Prefabs/Interactive/Powerups/Icons Bright/PowerIconAmmoTriplev3.prefab using Guid(325b1eb62c1df9245b45d2b54acd22ee) Importer(2089858483,192608db42251d675da83286b1cce702) (ScriptedImporter) -> (artifact id: '1b75c3336e37351087575f9c7e0dcba6') in 0.1458525 seconds
Number of updated asset objects reloaded before import = 0Number of asset objects unloaded after import = 13

========================================================================
Received Import Request.
  Time since last request: 0.000056 seconds.
  path: Assets/Polygon Arsenal/Prefabs/Interactive/Portal/Spiky/PortalSpikyYellow.prefab
  artifactKey: Guid(594cb25adc9d5e046b2a29e96bcf5f77) Importer(2089858483,192608db42251d675da83286b1cce702)
Start importing Assets/Polygon Arsenal/Prefabs/Interactive/Portal/Spiky/PortalSpikyYellow.prefab using Guid(594cb25adc9d5e046b2a29e96bcf5f77) Importer(2089858483,192608db42251d675da83286b1cce702) (ScriptedImporter) -> (artifact id: 'd25ad46d9f298f90be020e5041d8220f') in 0.1022961 seconds
Number of updated asset objects reloaded before import = 0Number of asset objects unloaded after import = 29

========================================================================
Received Import Request.
  Time since last request: 0.000051 seconds.
  path: Assets/Polygon Arsenal/Prefabs/Interactive/Portal/Vortex/VortexPortalYellow.prefab
  artifactKey: Guid(745ed47f41b405d44bc5c65d7e995f6a) Importer(2089858483,192608db42251d675da83286b1cce702)
Start importing Assets/Polygon Arsenal/Prefabs/Interactive/Portal/Vortex/VortexPortalYellow.prefab using Guid(745ed47f41b405d44bc5c65d7e995f6a) Importer(2089858483,192608db42251d675da83286b1cce702) (ScriptedImporter) -> (artifact id: 'e4f4597015c6288418d64bda925c1ddf') in 0.1074209 seconds
Number of updated asset objects reloaded before import = 0Number of asset objects unloaded after import = 15

========================================================================
Received Import Request.
  Time since last request: 0.000027 seconds.
  path: Assets/Polygon Arsenal/Prefabs/Interactive/Portal/Spiky/PortalSpikyBlue.prefab
  artifactKey: Guid(4984e49b4b0ea374abe1a01dfcd8e9df) Importer(2089858483,192608db42251d675da83286b1cce702)
Start importing Assets/Polygon Arsenal/Prefabs/Interactive/Portal/Spiky/PortalSpikyBlue.prefab using Guid(4984e49b4b0ea374abe1a01dfcd8e9df) Importer(2089858483,192608db42251d675da83286b1cce702) (ScriptedImporter) -> (artifact id: '01d58889dfe8d207b779578cd4387dfe') in 0.1232472 seconds
Number of updated asset objects reloaded before import = 0Number of asset objects unloaded after import = 29

========================================================================
Received Import Request.
  Time since last request: 0.000035 seconds.
  path: Assets/Polygon Arsenal/Prefabs/Environment/Liquid/Fountain/AcidFountain.prefab
  artifactKey: Guid(88aeb9ba8c772f7458df84b90793f499) Importer(2089858483,192608db42251d675da83286b1cce702)
Start importing Assets/Polygon Arsenal/Prefabs/Environment/Liquid/Fountain/AcidFountain.prefab using Guid(88aeb9ba8c772f7458df84b90793f499) Importer(2089858483,192608db42251d675da83286b1cce702) (ScriptedImporter) -> (artifact id: '2dc5a9631ce7e8167422c197f2f3dc6c') in 0.1100055 seconds
Number of updated asset objects reloaded before import = 0Number of asset objects unloaded after import = 12

========================================================================
Received Import Request.
  Time since last request: 0.000046 seconds.
  path: Assets/Polygon Arsenal/Prefabs/Interactive/Powerups/Icons Bright/PowerIconSpeedv3.prefab
  artifactKey: Guid(12c8e6d47c1e5344683ca9f0ddddbbde) Importer(2089858483,192608db42251d675da83286b1cce702)
Start importing Assets/Polygon Arsenal/Prefabs/Interactive/Powerups/Icons Bright/PowerIconSpeedv3.prefab using Guid(12c8e6d47c1e5344683ca9f0ddddbbde) Importer(2089858483,192608db42251d675da83286b1cce702) (ScriptedImporter) -> (artifact id: '3b95b4a19b30bc81e73dfcc6d241426c') in 0.103506 seconds
Number of updated asset objects reloaded before import = 0Number of asset objects unloaded after import = 13

========================================================================
Received Import Request.
  Time since last request: 0.000032 seconds.
  path: Assets/Polygon Arsenal/Prefabs/Interactive/Powerups/Icons Solid/PowerIconRandomv2.prefab
  artifactKey: Guid(dfa88b163ebe1dc41b2d41ef939de73d) Importer(2089858483,192608db42251d675da83286b1cce702)
Start importing Assets/Polygon Arsenal/Prefabs/Interactive/Powerups/Icons Solid/PowerIconRandomv2.prefab using Guid(dfa88b163ebe1dc41b2d41ef939de73d) Importer(2089858483,192608db42251d675da83286b1cce702) (ScriptedImporter) -> (artifact id: '1ec202b575d0f1fcd1d668555d5ea873') in 0.1124042 seconds
Number of updated asset objects reloaded before import = 0Number of asset objects unloaded after import = 17

========================================================================
Received Import Request.
  Time since last request: 0.000036 seconds.
  path: Assets/Polygon Arsenal/Prefabs/Interactive/Powerups/Icons Holo/PowerIconAmmoSingle.prefab
  artifactKey: Guid(c5105fee68938f24faf7096d22c87b5d) Importer(2089858483,192608db42251d675da83286b1cce702)
Start importing Assets/Polygon Arsenal/Prefabs/Interactive/Powerups/Icons Holo/PowerIconAmmoSingle.prefab using Guid(c5105fee68938f24faf7096d22c87b5d) Importer(2089858483,192608db42251d675da83286b1cce702) (ScriptedImporter) -> (artifact id: '212cd4b4059abea26e0e394ea94ea528') in 0.0983706 seconds
Number of updated asset objects reloaded before import = 0Number of asset objects unloaded after import = 17

========================================================================
Received Import Request.
  Time since last request: 0.000055 seconds.
  path: Assets/Polygon Arsenal/Prefabs/Interactive/Powerups/Icons Holo/PowerIconSkull.prefab
  artifactKey: Guid(4cf75ecdc7e91594aa3732734a81dfc5) Importer(2089858483,192608db42251d675da83286b1cce702)
Start importing Assets/Polygon Arsenal/Prefabs/Interactive/Powerups/Icons Holo/PowerIconSkull.prefab using Guid(4cf75ecdc7e91594aa3732734a81dfc5) Importer(2089858483,192608db42251d675da83286b1cce702) (ScriptedImporter) -> (artifact id: '4fd374162d923561188691334d9ba3f8') in 0.0931333 seconds
Number of updated asset objects reloaded before import = 0Number of asset objects unloaded after import = 17

========================================================================
Received Import Request.
  Time since last request: 0.000037 seconds.
  path: Assets/Polygon Arsenal/Prefabs/Interactive/Powerups/Icons Solid/PowerIconAmmoTriplev2.prefab
  artifactKey: Guid(4a79c8ba55221be478e4ef109a43756d) Importer(2089858483,192608db42251d675da83286b1cce702)
Start importing Assets/Polygon Arsenal/Prefabs/Interactive/Powerups/Icons Solid/PowerIconAmmoTriplev2.prefab using Guid(4a79c8ba55221be478e4ef109a43756d) Importer(2089858483,192608db42251d675da83286b1cce702) (ScriptedImporter) -> (artifact id: 'baa1ecf93a83ef2cda6b8b87fa33fc63') in 0.1007263 seconds
Number of updated asset objects reloaded before import = 0Number of asset objects unloaded after import = 17

========================================================================
Received Import Request.
  Time since last request: 0.000087 seconds.
  path: Assets/Polygon Arsenal/Prefabs/Interactive/Powerups/Icons Bright/PowerIconShieldv3.prefab
  artifactKey: Guid(731e4f16f6855b04f884e4103946763f) Importer(2089858483,192608db42251d675da83286b1cce702)
Start importing Assets/Polygon Arsenal/Prefabs/Interactive/Powerups/Icons Bright/PowerIconShieldv3.prefab using Guid(731e4f16f6855b04f884e4103946763f) Importer(2089858483,192608db42251d675da83286b1cce702) (ScriptedImporter) -> (artifact id: 'e20afd890eff41e55689ef5373bb04c2') in 0.1054962 seconds
Number of updated asset objects reloaded before import = 0Number of asset objects unloaded after import = 13

========================================================================
Received Import Request.
  Time since last request: 0.000069 seconds.
  path: Assets/Polygon Arsenal/Prefabs/Interactive/Trails/AirTrails/BubbleAcidTrail.prefab
  artifactKey: Guid(baa1d1ee2111d9f438be3cf66cb2b81b) Importer(2089858483,192608db42251d675da83286b1cce702)
Start importing Assets/Polygon Arsenal/Prefabs/Interactive/Trails/AirTrails/BubbleAcidTrail.prefab using Guid(baa1d1ee2111d9f438be3cf66cb2b81b) Importer(2089858483,192608db42251d675da83286b1cce702) (ScriptedImporter) -> (artifact id: '7a56b7080457a53de483c0bfac8cfa27') in 0.1108502 seconds
Number of updated asset objects reloaded before import = 0Number of asset objects unloaded after import = 22

========================================================================
Received Import Request.
  Time since last request: 0.000033 seconds.
  path: Assets/Polygon Arsenal/Prefabs/Interactive/Trails/AirTrails/LightningPurpleTrail.prefab
  artifactKey: Guid(118d5bf24ff9b084687b84980a210e79) Importer(2089858483,192608db42251d675da83286b1cce702)
Start importing Assets/Polygon Arsenal/Prefabs/Interactive/Trails/AirTrails/LightningPurpleTrail.prefab using Guid(118d5bf24ff9b084687b84980a210e79) Importer(2089858483,192608db42251d675da83286b1cce702) (ScriptedImporter) -> (artifact id: '4880e13abb336ffc92386be4c64fd6dd') in 0.1063067 seconds
Number of updated asset objects reloaded before import = 0Number of asset objects unloaded after import = 20

========================================================================
Received Import Request.
  Time since last request: 0.000048 seconds.
  path: Assets/Polygon Arsenal/Prefabs/Interactive/Spawn/Simple/SpawnSimpleBlue.prefab
  artifactKey: Guid(a96dad5c46057fa41a6581f9d89465ca) Importer(2089858483,192608db42251d675da83286b1cce702)
Start importing Assets/Polygon Arsenal/Prefabs/Interactive/Spawn/Simple/SpawnSimpleBlue.prefab using Guid(a96dad5c46057fa41a6581f9d89465ca) Importer(2089858483,192608db42251d675da83286b1cce702) (ScriptedImporter) -> (artifact id: '43bd54dda2e4993f1f0c7767f1d6f933') in 0.1216119 seconds
Number of updated asset objects reloaded before import = 0Number of asset objects unloaded after import = 21

========================================================================
Received Import Request.
  Time since last request: 0.000051 seconds.
  path: Assets/Polygon Arsenal/Prefabs/Interactive/Spawn/Nova/SpawnNovaPink.prefab
  artifactKey: Guid(08860686744dee44ab69ca38418fd9d7) Importer(2089858483,192608db42251d675da83286b1cce702)
Start importing Assets/Polygon Arsenal/Prefabs/Interactive/Spawn/Nova/SpawnNovaPink.prefab using Guid(08860686744dee44ab69ca38418fd9d7) Importer(2089858483,192608db42251d675da83286b1cce702) (ScriptedImporter) -> (artifact id: '118980cc059716e94d57c73d2d3d7ac8') in 0.1131104 seconds
Number of updated asset objects reloaded before import = 0Number of asset objects unloaded after import = 29

========================================================================
Received Import Request.
  Time since last request: 0.000038 seconds.
  path: Assets/Polygon Arsenal/Prefabs/Interactive/Spawn/Nova/SpawnNovaYellow.prefab
  artifactKey: Guid(3f26293dfafa1e447ab052cf7502a03e) Importer(2089858483,192608db42251d675da83286b1cce702)
Start importing Assets/Polygon Arsenal/Prefabs/Interactive/Spawn/Nova/SpawnNovaYellow.prefab using Guid(3f26293dfafa1e447ab052cf7502a03e) Importer(2089858483,192608db42251d675da83286b1cce702) (ScriptedImporter) -> (artifact id: '82cef83b43ef3c4af53437c4e5d53c5f') in 0.1208471 seconds
Number of updated asset objects reloaded before import = 0Number of asset objects unloaded after import = 29

========================================================================
Received Import Request.
  Time since last request: 0.000041 seconds.
  path: Assets/Polygon Arsenal/Prefabs/Interactive/Trails/FloorTrails/IceFloorTrail.prefab
  artifactKey: Guid(56356f76f3765db4ca0625216c1e37da) Importer(2089858483,192608db42251d675da83286b1cce702)
Start importing Assets/Polygon Arsenal/Prefabs/Interactive/Trails/FloorTrails/IceFloorTrail.prefab using Guid(56356f76f3765db4ca0625216c1e37da) Importer(2089858483,192608db42251d675da83286b1cce702) (ScriptedImporter) -> (artifact id: '5fa3b97fa42735b0d449b1f3edd06357') in 0.1154175 seconds
Number of updated asset objects reloaded before import = 0Number of asset objects unloaded after import = 20

========================================================================
Received Import Request.
  Time since last request: 0.000050 seconds.
  path: Assets/Polygon Arsenal/Prefabs/Interactive/Treasure/Grab/TreasureGrabWhite.prefab
  artifactKey: Guid(ea79148c596fc10418e17c6932da516a) Importer(2089858483,192608db42251d675da83286b1cce702)
Start importing Assets/Polygon Arsenal/Prefabs/Interactive/Treasure/Grab/TreasureGrabWhite.prefab using Guid(ea79148c596fc10418e17c6932da516a) Importer(2089858483,192608db42251d675da83286b1cce702) (ScriptedImporter) -> (artifact id: '14fecf5736c56a6270a40f892a0fa4fa') in 0.1129515 seconds
Number of updated asset objects reloaded before import = 0Number of asset objects unloaded after import = 21

========================================================================
Received Import Request.
  Time since last request: 0.000034 seconds.
  path: Assets/Polygon Arsenal/Prefabs/Interactive/Zone/Glow/GlowZoneBlue.prefab
  artifactKey: Guid(d01a7b49ea71d0a47bb667a590616946) Importer(2089858483,192608db42251d675da83286b1cce702)
Start importing Assets/Polygon Arsenal/Prefabs/Interactive/Zone/Glow/GlowZoneBlue.prefab using Guid(d01a7b49ea71d0a47bb667a590616946) Importer(2089858483,192608db42251d675da83286b1cce702) (ScriptedImporter) -> (artifact id: '06656435f1014f59a04b3d38b01bdb91') in 0.119524 seconds
Number of updated asset objects reloaded before import = 0Number of asset objects unloaded after import = 24

========================================================================
Received Import Request.
  Time since last request: 0.000039 seconds.
  path: Assets/Polygon Arsenal/Prefabs/Interactive/Treasure/Grab/TreasureGrabEpic.prefab
  artifactKey: Guid(30b7d03015c747f49abcdcf534eadf32) Importer(2089858483,192608db42251d675da83286b1cce702)
Start importing Assets/Polygon Arsenal/Prefabs/Interactive/Treasure/Grab/TreasureGrabEpic.prefab using Guid(30b7d03015c747f49abcdcf534eadf32) Importer(2089858483,192608db42251d675da83286b1cce702) (ScriptedImporter) -> (artifact id: '88b83dc73459d08aa8537f6951ea8779') in 0.1199048 seconds
Number of updated asset objects reloaded before import = 0Number of asset objects unloaded after import = 29

========================================================================
Received Import Request.
  Time since last request: 0.000053 seconds.
  path: Assets/Polygon Arsenal/Prefabs/Interactive/Powerups/Icons Solid/PowerIconAmmoSinglev2.prefab
  artifactKey: Guid(2f2ae6eef526af840be3a03e5a4399a6) Importer(2089858483,192608db42251d675da83286b1cce702)
Start importing Assets/Polygon Arsenal/Prefabs/Interactive/Powerups/Icons Solid/PowerIconAmmoSinglev2.prefab using Guid(2f2ae6eef526af840be3a03e5a4399a6) Importer(2089858483,192608db42251d675da83286b1cce702) (ScriptedImporter) -> (artifact id: 'd1849059618b127da8db56f3122c0882') in 0.1040819 seconds
Number of updated asset objects reloaded before import = 0Number of asset objects unloaded after import = 17

========================================================================
Received Import Request.
  Time since last request: 0.000029 seconds.
  path: Assets/FishNet/Runtime/Generated/Component/TickSmoothing/Editor/MovementSettingsDrawer.Threaded.cs
  artifactKey: Guid(4cb0116961f72144f83da97d61e3aa2d) Importer(2089858483,192608db42251d675da83286b1cce702)
Start importing Assets/FishNet/Runtime/Generated/Component/TickSmoothing/Editor/MovementSettingsDrawer.Threaded.cs using Guid(4cb0116961f72144f83da97d61e3aa2d) Importer(2089858483,192608db42251d675da83286b1cce702) (ScriptedImporter) -> (artifact id: 'dd82e1e4608de233bbdd659cb80a76f2') in 0.0093327 seconds
Number of updated asset objects reloaded before import = 0Number of asset objects unloaded after import = 0

========================================================================
Received Import Request.
  Time since last request: 0.000037 seconds.
  path: Assets/Polygon Arsenal/Prefabs/Interactive/Zone/Simple/SimpleZoneWhite.prefab
  artifactKey: Guid(dfb5c4a4f9642b84d9240f74882b1bda) Importer(2089858483,192608db42251d675da83286b1cce702)
Start importing Assets/Polygon Arsenal/Prefabs/Interactive/Zone/Simple/SimpleZoneWhite.prefab using Guid(dfb5c4a4f9642b84d9240f74882b1bda) Importer(2089858483,192608db42251d675da83286b1cce702) (ScriptedImporter) -> (artifact id: 'ff34484a349e72a00256c1150d72bb24') in 0.1106631 seconds
Number of updated asset objects reloaded before import = 0Number of asset objects unloaded after import = 16

========================================================================
Received Import Request.
  Time since last request: 0.000054 seconds.
  path: Assets/FishNet/Demos/SceneManager/Additive Scenes/Scenes/AdditiveScenes_0/ReflectionProbe-0.exr
  artifactKey: Guid(8f9333d1d50759749b86feeaf8c086f3) Importer(2089858483,192608db42251d675da83286b1cce702)
Start importing Assets/FishNet/Demos/SceneManager/Additive Scenes/Scenes/AdditiveScenes_0/ReflectionProbe-0.exr using Guid(8f9333d1d50759749b86feeaf8c086f3) Importer(2089858483,192608db42251d675da83286b1cce702) (ScriptedImporter) -> (artifact id: '25a2e6bd1798d370e1f31a5e3dfbb547') in 0.0390768 seconds
Number of updated asset objects reloaded before import = 0Number of asset objects unloaded after import = 1

========================================================================
Received Import Request.
  Time since last request: 0.000043 seconds.
  path: Assets/Polygon Arsenal/Prefabs/Combat/GroundSpikes/SpikeWaveBig/SpikeWaveEmeraldBig.prefab
  artifactKey: Guid(eb163ede20984ce4fb61acb79a5e8cf9) Importer(2089858483,192608db42251d675da83286b1cce702)
Start importing Assets/Polygon Arsenal/Prefabs/Combat/GroundSpikes/SpikeWaveBig/SpikeWaveEmeraldBig.prefab using Guid(eb163ede20984ce4fb61acb79a5e8cf9) Importer(2089858483,192608db42251d675da83286b1cce702) (ScriptedImporter) -> (artifact id: 'd1e9e087e8ef6674f2149e72a08fd8bd') in 0.229227 seconds
Number of updated asset objects reloaded before import = 0Number of asset objects unloaded after import = 77

========================================================================
Received Import Request.
  Time since last request: 0.000044 seconds.
  path: Assets/Polygon Arsenal/Prefabs/Interactive/Zone/Glow/GlowZonePink.prefab
  artifactKey: Guid(41ea21e7838930946b6a59a693850dc8) Importer(2089858483,192608db42251d675da83286b1cce702)
Start importing Assets/Polygon Arsenal/Prefabs/Interactive/Zone/Glow/GlowZonePink.prefab using Guid(41ea21e7838930946b6a59a693850dc8) Importer(2089858483,192608db42251d675da83286b1cce702) (ScriptedImporter) -> (artifact id: '7da9a8cae33467bd98e12a1d645c4603') in 0.1563192 seconds
Number of updated asset objects reloaded before import = 0Number of asset objects unloaded after import = 24

========================================================================
Received Import Request.
  Time since last request: 0.000051 seconds.
  path: Assets/Polygon Arsenal/Sound/Prefabs/Missile/PolyStoneMissileSND.prefab
  artifactKey: Guid(d0db2ed5808dafa44a58583c86aa54e8) Importer(2089858483,192608db42251d675da83286b1cce702)
Start importing Assets/Polygon Arsenal/Sound/Prefabs/Missile/PolyStoneMissileSND.prefab using Guid(d0db2ed5808dafa44a58583c86aa54e8) Importer(2089858483,192608db42251d675da83286b1cce702) (ScriptedImporter) -> (artifact id: 'd4c978ebd0a2c28a1d0819f4c3df0fe6') in 0.0325848 seconds
Number of updated asset objects reloaded before import = 0Number of asset objects unloaded after import = 6

========================================================================
Received Import Request.
  Time since last request: 0.000036 seconds.
  path: Assets/FishNet/Runtime/Plugins/GameKit/Dependencies/Utilities/Materials.cs
  artifactKey: Guid(27a618c551d5fdb4ca70bf07e1905580) Importer(2089858483,192608db42251d675da83286b1cce702)
Start importing Assets/FishNet/Runtime/Plugins/GameKit/Dependencies/Utilities/Materials.cs using Guid(27a618c551d5fdb4ca70bf07e1905580) Importer(2089858483,192608db42251d675da83286b1cce702) (ScriptedImporter) -> (artifact id: '5efe6235a9bf5ab740a44dfda321af35') in 0.0094572 seconds
Number of updated asset objects reloaded before import = 0Number of asset objects unloaded after import = 0

========================================================================
Received Import Request.
  Time since last request: 0.000026 seconds.
  path: Assets/FishNet/Runtime/Plugins/GameKit/Dependencies/Utilities/Colliders.cs
  artifactKey: Guid(29e69fa855dd3634d9e66313e7748db4) Importer(2089858483,192608db42251d675da83286b1cce702)
Start importing Assets/FishNet/Runtime/Plugins/GameKit/Dependencies/Utilities/Colliders.cs using Guid(29e69fa855dd3634d9e66313e7748db4) Importer(2089858483,192608db42251d675da83286b1cce702) (ScriptedImporter) -> (artifact id: '70f59d44a2b95d48aad7e754f7018e89') in 0.0085985 seconds
Number of updated asset objects reloaded before import = 0Number of asset objects unloaded after import = 0

========================================================================
Received Import Request.
  Time since last request: 0.000040 seconds.
  path: Assets/FishNet/Runtime/Plugins/GameKit/Dependencies/Utilities/IOs.cs
  artifactKey: Guid(b1994e262a1e963479497289602e4461) Importer(2089858483,192608db42251d675da83286b1cce702)
Start importing Assets/FishNet/Runtime/Plugins/GameKit/Dependencies/Utilities/IOs.cs using Guid(b1994e262a1e963479497289602e4461) Importer(2089858483,192608db42251d675da83286b1cce702) (ScriptedImporter) -> (artifact id: 'cc6843f971b41b1b50ea94dc57a4a6b8') in 0.0076068 seconds
Number of updated asset objects reloaded before import = 0Number of asset objects unloaded after import = 0

========================================================================
Received Import Request.
  Time since last request: 0.000050 seconds.
  path: Assets/FishNet/Runtime/Plugins/GameKit/Dependencies/Utilities/Particles.cs
  artifactKey: Guid(5f3d973dcfa06554998575e8eef0938a) Importer(2089858483,192608db42251d675da83286b1cce702)
Start importing Assets/FishNet/Runtime/Plugins/GameKit/Dependencies/Utilities/Particles.cs using Guid(5f3d973dcfa06554998575e8eef0938a) Importer(2089858483,192608db42251d675da83286b1cce702) (ScriptedImporter) -> (artifact id: '4356192c408e875fbb181835d6c65682') in 0.007822 seconds
Number of updated asset objects reloaded before import = 0Number of asset objects unloaded after import = 0

========================================================================
Received Import Request.
  Time since last request: 0.000030 seconds.
  path: Assets/FishNet/Runtime/Plugins/GameKit/Dependencies/Utilities/HashSets.cs
  artifactKey: Guid(552af765f3c527b4bb6d72c672044024) Importer(2089858483,192608db42251d675da83286b1cce702)
Start importing Assets/FishNet/Runtime/Plugins/GameKit/Dependencies/Utilities/HashSets.cs using Guid(552af765f3c527b4bb6d72c672044024) Importer(2089858483,192608db42251d675da83286b1cce702) (ScriptedImporter) -> (artifact id: 'd204602d7cf7dcb6675e6a4693e6ccaf') in 0.0127787 seconds
Number of updated asset objects reloaded before import = 0Number of asset objects unloaded after import = 0

========================================================================
Received Import Request.
  Time since last request: 0.000033 seconds.
  path: Assets/Polygon Arsenal/Prefabs/Combat/GroundSpikes/SpikeWave/SpikeWaveSapphire.prefab
  artifactKey: Guid(c5659c61b8c2ef54d94f6f9ad7f396d8) Importer(2089858483,192608db42251d675da83286b1cce702)
Start importing Assets/Polygon Arsenal/Prefabs/Combat/GroundSpikes/SpikeWave/SpikeWaveSapphire.prefab using Guid(c5659c61b8c2ef54d94f6f9ad7f396d8) Importer(2089858483,192608db42251d675da83286b1cce702) (ScriptedImporter) -> (artifact id: '75b994e76ee930a618eaa3f3d6846da9') in 0.1409263 seconds
Number of updated asset objects reloaded before import = 0Number of asset objects unloaded after import = 33

========================================================================
Received Import Request.
  Time since last request: 0.000040 seconds.
  path: Assets/FishNet/Runtime/Transporting/Transports/Tugboat/LiteNetLib/NetPacket.cs
  artifactKey: Guid(e7ddd322169be074f870f73db1a55255) Importer(2089858483,192608db42251d675da83286b1cce702)
Start importing Assets/FishNet/Runtime/Transporting/Transports/Tugboat/LiteNetLib/NetPacket.cs using Guid(e7ddd322169be074f870f73db1a55255) Importer(2089858483,192608db42251d675da83286b1cce702) (ScriptedImporter) -> (artifact id: 'a22492e8b14b01f9456fc65e1350d81a') in 0.0143023 seconds
Number of updated asset objects reloaded before import = 0Number of asset objects unloaded after import = 0

========================================================================
Received Import Request.
  Time since last request: 0.000056 seconds.
  path: Assets/FishNet/Runtime/Transporting/Transports/Tugboat/Core/ClientSocket.cs
  artifactKey: Guid(7944de5e4da77594db036e276174ee60) Importer(2089858483,192608db42251d675da83286b1cce702)
Start importing Assets/FishNet/Runtime/Transporting/Transports/Tugboat/Core/ClientSocket.cs using Guid(7944de5e4da77594db036e276174ee60) Importer(2089858483,192608db42251d675da83286b1cce702) (ScriptedImporter) -> (artifact id: '618eecb2df877b42f1cec786d509b0f2') in 0.0122772 seconds
Number of updated asset objects reloaded before import = 0Number of asset objects unloaded after import = 0

========================================================================
Received Import Request.
  Time since last request: 0.000026 seconds.
  path: Assets/FishNet/Runtime/Transporting/Transports/Tugboat/LiteNetLib/PausedSocketFix.cs
  artifactKey: Guid(85ea50adb87db074c9a1c587f35aebb2) Importer(2089858483,192608db42251d675da83286b1cce702)
Start importing Assets/FishNet/Runtime/Transporting/Transports/Tugboat/LiteNetLib/PausedSocketFix.cs using Guid(85ea50adb87db074c9a1c587f35aebb2) Importer(2089858483,192608db42251d675da83286b1cce702) (ScriptedImporter) -> (artifact id: '8dd952a15cad1998005ca3e2f58e4e08') in 0.0114124 seconds
Number of updated asset objects reloaded before import = 0Number of asset objects unloaded after import = 0

========================================================================
Received Import Request.
  Time since last request: 0.000032 seconds.
  path: Assets/FishNet/Runtime/Transporting/Transports/Tugboat/LiteNetLib/NetManager.PacketPool.cs
  artifactKey: Guid(d384bada29340e542945f001cad348ac) Importer(2089858483,192608db42251d675da83286b1cce702)
Start importing Assets/FishNet/Runtime/Transporting/Transports/Tugboat/LiteNetLib/NetManager.PacketPool.cs using Guid(d384bada29340e542945f001cad348ac) Importer(2089858483,192608db42251d675da83286b1cce702) (ScriptedImporter) -> (artifact id: '7fd8a0a8194e802ee4d84c076df5ab11') in 0.0110974 seconds
Number of updated asset objects reloaded before import = 0Number of asset objects unloaded after import = 0

========================================================================
Received Import Request.
  Time since last request: 0.000029 seconds.
  path: Assets/FishNet/Runtime/Transporting/Transports/Tugboat/LiteNetLib/NativeSocket.cs
  artifactKey: Guid(12cfcf4490f2b8f4db979ee833ecf5af) Importer(2089858483,192608db42251d675da83286b1cce702)
Start importing Assets/FishNet/Runtime/Transporting/Transports/Tugboat/LiteNetLib/NativeSocket.cs using Guid(12cfcf4490f2b8f4db979ee833ecf5af) Importer(2089858483,192608db42251d675da83286b1cce702) (ScriptedImporter) -> (artifact id: 'df2e8948c389b3007428239a34193035') in 0.0122705 seconds
Number of updated asset objects reloaded before import = 0Number of asset objects unloaded after import = 0

========================================================================
Received Import Request.
  Time since last request: 0.000060 seconds.
  path: Assets/FishNet/Runtime/Transporting/Transports/Tugboat/LiteNetLib/ConnectionRequest.cs
  artifactKey: Guid(5e609855f95e9034889c882b51aaec68) Importer(2089858483,192608db42251d675da83286b1cce702)
Start importing Assets/FishNet/Runtime/Transporting/Transports/Tugboat/LiteNetLib/ConnectionRequest.cs using Guid(5e609855f95e9034889c882b51aaec68) Importer(2089858483,192608db42251d675da83286b1cce702) (ScriptedImporter) -> (artifact id: '9cd3710613a07a74feffffacd74aff8c') in 0.0168497 seconds
Number of updated asset objects reloaded before import = 0Number of asset objects unloaded after import = 0

========================================================================
Received Import Request.
  Time since last request: 0.000028 seconds.
  path: Assets/FishNet/Runtime/Transporting/Transports/Tugboat/LiteNetLib/NetDebug.cs
  artifactKey: Guid(9f50ae51c124bf1439e339eee1fcd6f5) Importer(2089858483,192608db42251d675da83286b1cce702)
Start importing Assets/FishNet/Runtime/Transporting/Transports/Tugboat/LiteNetLib/NetDebug.cs using Guid(9f50ae51c124bf1439e339eee1fcd6f5) Importer(2089858483,192608db42251d675da83286b1cce702) (ScriptedImporter) -> (artifact id: 'f7e9e976078c58da5a802486c226e921') in 0.0089997 seconds
Number of updated asset objects reloaded before import = 0Number of asset objects unloaded after import = 0

========================================================================
Received Import Request.
  Time since last request: 0.000036 seconds.
  path: Assets/Polygon Arsenal/Prefabs/Combat/Curses & Debuffs/Debuffs/BlindDebuff.prefab
  artifactKey: Guid(1eaa54098a9db9142b0b2ad655b02f49) Importer(2089858483,192608db42251d675da83286b1cce702)
Start importing Assets/Polygon Arsenal/Prefabs/Combat/Curses & Debuffs/Debuffs/BlindDebuff.prefab using Guid(1eaa54098a9db9142b0b2ad655b02f49) Importer(2089858483,192608db42251d675da83286b1cce702) (ScriptedImporter) -> (artifact id: 'a8e1fdc7dcc807eb6886ebfe8ec16dbd') in 0.0880542 seconds
Number of updated asset objects reloaded before import = 0Number of asset objects unloaded after import = 16

========================================================================
Received Import Request.
  Time since last request: 0.000035 seconds.
  path: Assets/Polygon Arsenal/Prefabs/Interactive/BeamUp/Cylinder/BeamupCylinderRed.prefab
  artifactKey: Guid(9d5288040bd507f40b5ac26c11f27540) Importer(2089858483,192608db42251d675da83286b1cce702)
Start importing Assets/Polygon Arsenal/Prefabs/Interactive/BeamUp/Cylinder/BeamupCylinderRed.prefab using Guid(9d5288040bd507f40b5ac26c11f27540) Importer(2089858483,192608db42251d675da83286b1cce702) (ScriptedImporter) -> (artifact id: '2f5d1c7ebce5f62e7a4dadf19e11025f') in 0.1259479 seconds
Number of updated asset objects reloaded before import = 0Number of asset objects unloaded after import = 25

========================================================================
Received Import Request.
  Time since last request: 0.000088 seconds.
  path: Assets/Polygon Arsenal/Prefabs/Combat/Explosions/Magic/CritSpike/CritSpikeExplosionPink.prefab
  artifactKey: Guid(d0a3b10df531a7c4582e5392b4ca8378) Importer(2089858483,192608db42251d675da83286b1cce702)
Start importing Assets/Polygon Arsenal/Prefabs/Combat/Explosions/Magic/CritSpike/CritSpikeExplosionPink.prefab using Guid(d0a3b10df531a7c4582e5392b4ca8378) Importer(2089858483,192608db42251d675da83286b1cce702) (ScriptedImporter) -> (artifact id: '46309d3d85a9f6db5b22809b076927b6') in 0.1533855 seconds
Number of updated asset objects reloaded before import = 0Number of asset objects unloaded after import = 29

========================================================================
Received Import Request.
  Time since last request: 0.000041 seconds.
  path: Assets/Polygon Arsenal/Prefabs/Combat/Explosions/Magic/Fireball/FireballExplosionRed.prefab
  artifactKey: Guid(8c988011ae9fc604a8a3761a0ac3d8a8) Importer(2089858483,192608db42251d675da83286b1cce702)
Start importing Assets/Polygon Arsenal/Prefabs/Combat/Explosions/Magic/Fireball/FireballExplosionRed.prefab using Guid(8c988011ae9fc604a8a3761a0ac3d8a8) Importer(2089858483,192608db42251d675da83286b1cce702) (ScriptedImporter) -> (artifact id: 'f0a5161bb5ae6d045d2316e013221282') in 0.1392228 seconds
Number of updated asset objects reloaded before import = 0Number of asset objects unloaded after import = 31

========================================================================
Received Import Request.
  Time since last request: 0.000065 seconds.
  path: Assets/Polygon Arsenal/Prefabs/Combat/Explosions/Magic/Crystals/MoltenExplosion.prefab
  artifactKey: Guid(9a5139e1e3cf01344b3c6cb1cf3c5a50) Importer(2089858483,192608db42251d675da83286b1cce702)
Start importing Assets/Polygon Arsenal/Prefabs/Combat/Explosions/Magic/Crystals/MoltenExplosion.prefab using Guid(9a5139e1e3cf01344b3c6cb1cf3c5a50) Importer(2089858483,192608db42251d675da83286b1cce702) (ScriptedImporter) -> (artifact id: 'd6523f6f42432030a5c40e58f41bb99e') in 0.1684003 seconds
Number of updated asset objects reloaded before import = 0Number of asset objects unloaded after import = 36

========================================================================
Received Import Request.
  Time since last request: 0.000037 seconds.
  path: Assets/Polygon Arsenal/Prefabs/Combat/Explosions/Magic/Liquid/LavaExplosion.prefab
  artifactKey: Guid(42b2be83411cbf94ca6d79b70ebd31c5) Importer(2089858483,192608db42251d675da83286b1cce702)
Start importing Assets/Polygon Arsenal/Prefabs/Combat/Explosions/Magic/Liquid/LavaExplosion.prefab using Guid(42b2be83411cbf94ca6d79b70ebd31c5) Importer(2089858483,192608db42251d675da83286b1cce702) (ScriptedImporter) -> (artifact id: 'fedba31db098563a0f59c16703c8f226') in 0.1534596 seconds
Number of updated asset objects reloaded before import = 0Number of asset objects unloaded after import = 36

========================================================================
Received Import Request.
  Time since last request: 0.000066 seconds.
  path: Assets/Polygon Arsenal/Prefabs/Combat/Explosions/Magic/Magic/MagicExplosionGreen.prefab
  artifactKey: Guid(71074f0309a402843916f26ab3d640bd) Importer(2089858483,192608db42251d675da83286b1cce702)
Start importing Assets/Polygon Arsenal/Prefabs/Combat/Explosions/Magic/Magic/MagicExplosionGreen.prefab using Guid(71074f0309a402843916f26ab3d640bd) Importer(2089858483,192608db42251d675da83286b1cce702) (ScriptedImporter) -> (artifact id: '05004bf1ce34a66845567fb3b491b347') in 0.1580374 seconds
Number of updated asset objects reloaded before import = 0Number of asset objects unloaded after import = 31

========================================================================
Received Import Request.
  Time since last request: 0.000046 seconds.
  path: Assets/Polygon Arsenal/Prefabs/Combat/Explosions/Magic/Magic/MagicExplosionPurple.prefab
  artifactKey: Guid(01347e568ab6f924abe2062bf358e9da) Importer(2089858483,192608db42251d675da83286b1cce702)
Start importing Assets/Polygon Arsenal/Prefabs/Combat/Explosions/Magic/Magic/MagicExplosionPurple.prefab using Guid(01347e568ab6f924abe2062bf358e9da) Importer(2089858483,192608db42251d675da83286b1cce702) (ScriptedImporter) -> (artifact id: '1933781b71e992edb15d5b60fd4d6ba9') in 0.1690043 seconds
Number of updated asset objects reloaded before import = 0Number of asset objects unloaded after import = 31

========================================================================
Received Import Request.
  Time since last request: 0.000132 seconds.
  path: Assets/Polygon Arsenal/Prefabs/Combat/Explosions/Magic/Skull/SkullExplosionBlue.prefab
  artifactKey: Guid(620910651b8723a4ebbd9d78e6d38448) Importer(2089858483,192608db42251d675da83286b1cce702)
Start importing Assets/Polygon Arsenal/Prefabs/Combat/Explosions/Magic/Skull/SkullExplosionBlue.prefab using Guid(620910651b8723a4ebbd9d78e6d38448) Importer(2089858483,192608db42251d675da83286b1cce702) (ScriptedImporter) -> (artifact id: 'c6867d08aaca6c89dfdca9478d02db5e') in 0.2356766 seconds
Number of updated asset objects reloaded before import = 0Number of asset objects unloaded after import = 31

========================================================================
Received Import Request.
  Time since last request: 0.000048 seconds.
  path: Assets/Polygon Arsenal/Prefabs/Combat/Explosions/Magic/Skull/SkullExplosionDark.prefab
  artifactKey: Guid(c67838b06f8273243b8eca2f929b8395) Importer(2089858483,192608db42251d675da83286b1cce702)
Start importing Assets/Polygon Arsenal/Prefabs/Combat/Explosions/Magic/Skull/SkullExplosionDark.prefab using Guid(c67838b06f8273243b8eca2f929b8395) Importer(2089858483,192608db42251d675da83286b1cce702) (ScriptedImporter) -> (artifact id: '98d8cfc29537d2471abe038196a6b53f') in 0.1928374 seconds
Number of updated asset objects reloaded before import = 0Number of asset objects unloaded after import = 31

========================================================================
Received Import Request.
  Time since last request: 0.000055 seconds.
  path: Assets/Polygon Arsenal/Prefabs/Combat/Explosions/Magic/Sharp/SharpExplosionRed.prefab
  artifactKey: Guid(592d06350487a0942a84222a68acfd27) Importer(2089858483,192608db42251d675da83286b1cce702)
Start importing Assets/Polygon Arsenal/Prefabs/Combat/Explosions/Magic/Sharp/SharpExplosionRed.prefab using Guid(592d06350487a0942a84222a68acfd27) Importer(2089858483,192608db42251d675da83286b1cce702) (ScriptedImporter) -> (artifact id: 'e648f3314382c8d87c50244934444fa7') in 0.2035058 seconds
Number of updated asset objects reloaded before import = 0Number of asset objects unloaded after import = 30

========================================================================
Received Import Request.
  Time since last request: 0.000048 seconds.
  path: Assets/Polygon Arsenal/Prefabs/Combat/Explosions/Sci-Fi/Antimatter/AntimatterExplosionGreen.prefab
  artifactKey: Guid(696d859b6f0b06345a0b34645dc6b05b) Importer(2089858483,192608db42251d675da83286b1cce702)
Start importing Assets/Polygon Arsenal/Prefabs/Combat/Explosions/Sci-Fi/Antimatter/AntimatterExplosionGreen.prefab using Guid(696d859b6f0b06345a0b34645dc6b05b) Importer(2089858483,192608db42251d675da83286b1cce702) (ScriptedImporter) -> (artifact id: '4884e8b7e002ae10f0407df3a0e80361') in 0.2288717 seconds
Number of updated asset objects reloaded before import = 0Number of asset objects unloaded after import = 40

========================================================================
Received Import Request.
  Time since last request: 0.000060 seconds.
  path: Assets/Polygon Arsenal/Prefabs/Combat/Explosions/Magic/Stone/StoneExplosion.prefab
  artifactKey: Guid(59514b9b1a530464099a6d8ed7dc1d93) Importer(2089858483,192608db42251d675da83286b1cce702)
Start importing Assets/Polygon Arsenal/Prefabs/Combat/Explosions/Magic/Stone/StoneExplosion.prefab using Guid(59514b9b1a530464099a6d8ed7dc1d93) Importer(2089858483,192608db42251d675da83286b1cce702) (ScriptedImporter) -> (artifact id: '2c3df49d9933de1df15cf0ba365ba00a') in 0.2242624 seconds
Number of updated asset objects reloaded before import = 0Number of asset objects unloaded after import = 37

========================================================================
Received Import Request.
  Time since last request: 0.000047 seconds.
  path: Assets/Polygon Arsenal/Prefabs/Combat/Explosions/Sci-Fi/BlackHole/BlackHoleExplosionRed.prefab
  artifactKey: Guid(5507d9119dc28354b83167ec7c2cfe03) Importer(2089858483,192608db42251d675da83286b1cce702)
Start importing Assets/Polygon Arsenal/Prefabs/Combat/Explosions/Sci-Fi/BlackHole/BlackHoleExplosionRed.prefab using Guid(5507d9119dc28354b83167ec7c2cfe03) Importer(2089858483,192608db42251d675da83286b1cce702) (ScriptedImporter) -> (artifact id: 'f746df7e9ee5492baf4cf1ce427d357f') in 0.1856558 seconds
Number of updated asset objects reloaded before import = 0Number of asset objects unloaded after import = 48

========================================================================
Received Import Request.
  Time since last request: 0.000063 seconds.
  path: Assets/Polygon Arsenal/Prefabs/Combat/Explosions/Sci-Fi/BlackHole/BlackHoleExplosionGreen.prefab
  artifactKey: Guid(c0d0cc4cd3b55534bbb335c598fd15ef) Importer(2089858483,192608db42251d675da83286b1cce702)
Start importing Assets/Polygon Arsenal/Prefabs/Combat/Explosions/Sci-Fi/BlackHole/BlackHoleExplosionGreen.prefab using Guid(c0d0cc4cd3b55534bbb335c598fd15ef) Importer(2089858483,192608db42251d675da83286b1cce702) (ScriptedImporter) -> (artifact id: '8aa265f372e6fd6009804cb7c37f2c17') in 0.1932671 seconds
Number of updated asset objects reloaded before import = 0Number of asset objects unloaded after import = 48

========================================================================
Received Import Request.
  Time since last request: 0.000050 seconds.
  path: Assets/Polygon Arsenal/Prefabs/Combat/Explosions/Sci-Fi/Bullet/BulletExplosionYellow.prefab
  artifactKey: Guid(d1e27766830781946b7e50a599bfaaac) Importer(2089858483,192608db42251d675da83286b1cce702)
Start importing Assets/Polygon Arsenal/Prefabs/Combat/Explosions/Sci-Fi/Bullet/BulletExplosionYellow.prefab using Guid(d1e27766830781946b7e50a599bfaaac) Importer(2089858483,192608db42251d675da83286b1cce702) (ScriptedImporter) -> (artifact id: '953c1d846c6b49ad0e55632e04fb2db5') in 0.1716161 seconds
Number of updated asset objects reloaded before import = 0Number of asset objects unloaded after import = 32

========================================================================
Received Import Request.
  Time since last request: 0.000055 seconds.
  path: Assets/Polygon Arsenal/Prefabs/Combat/Explosions/Sci-Fi/Energy/EnergyExplosionGreen.prefab
  artifactKey: Guid(8b68b2096fc964141bd59abbb535b595) Importer(2089858483,192608db42251d675da83286b1cce702)
Start importing Assets/Polygon Arsenal/Prefabs/Combat/Explosions/Sci-Fi/Energy/EnergyExplosionGreen.prefab using Guid(8b68b2096fc964141bd59abbb535b595) Importer(2089858483,192608db42251d675da83286b1cce702) (ScriptedImporter) -> (artifact id: 'd033e56c8d3e7f40a2b0977bad1131fc') in 0.1798627 seconds
Number of updated asset objects reloaded before import = 0Number of asset objects unloaded after import = 30

========================================================================
Received Import Request.
  Time since last request: 0.000044 seconds.
  path: Assets/Polygon Arsenal/Prefabs/Combat/Explosions/Magic/Magic/MagicExplosionYellow.prefab
  artifactKey: Guid(a55a957cafe973b43ae48b3c1a81a4f0) Importer(2089858483,192608db42251d675da83286b1cce702)
Start importing Assets/Polygon Arsenal/Prefabs/Combat/Explosions/Magic/Magic/MagicExplosionYellow.prefab using Guid(a55a957cafe973b43ae48b3c1a81a4f0) Importer(2089858483,192608db42251d675da83286b1cce702) (ScriptedImporter) -> (artifact id: 'f980f7539c55b5857646143574d71e08') in 0.1408279 seconds
Number of updated asset objects reloaded before import = 0Number of asset objects unloaded after import = 31

========================================================================
Received Import Request.
  Time since last request: 0.000073 seconds.
  path: Assets/Polygon Arsenal/Prefabs/Combat/Explosions/Sci-Fi/Grenade/GrenadeExplosionBlue.prefab
  artifactKey: Guid(106913ce1654d0b438bc171bad4fd783) Importer(2089858483,192608db42251d675da83286b1cce702)
Start importing Assets/Polygon Arsenal/Prefabs/Combat/Explosions/Sci-Fi/Grenade/GrenadeExplosionBlue.prefab using Guid(106913ce1654d0b438bc171bad4fd783) Importer(2089858483,192608db42251d675da83286b1cce702) (ScriptedImporter) -> (artifact id: '0dec72d5c6f8231d1ea2c1a042a0e1dd') in 0.1963034 seconds
Number of updated asset objects reloaded before import = 0Number of asset objects unloaded after import = 39

========================================================================
Received Import Request.
  Time since last request: 0.000035 seconds.
  path: Assets/Polygon Arsenal/Prefabs/Combat/Explosions/Sci-Fi/Grenade/GrenadeExplosionRed.prefab
  artifactKey: Guid(8aea2a892ad46aa439b8be49adccdcad) Importer(2089858483,192608db42251d675da83286b1cce702)
Start importing Assets/Polygon Arsenal/Prefabs/Combat/Explosions/Sci-Fi/Grenade/GrenadeExplosionRed.prefab using Guid(8aea2a892ad46aa439b8be49adccdcad) Importer(2089858483,192608db42251d675da83286b1cce702) (ScriptedImporter) -> (artifact id: 'fe845fec49219183c263bfbbb012e46e') in 0.1792152 seconds
Number of updated asset objects reloaded before import = 0Number of asset objects unloaded after import = 39

========================================================================
Received Import Request.
  Time since last request: 0.000043 seconds.
  path: Assets/Polygon Arsenal/Prefabs/Combat/Explosions/Magic/Liquid/AcidExplosion.prefab
  artifactKey: Guid(f59a2181e7715914bb2ee531a43afc1f) Importer(2089858483,192608db42251d675da83286b1cce702)
Start importing Assets/Polygon Arsenal/Prefabs/Combat/Explosions/Magic/Liquid/AcidExplosion.prefab using Guid(f59a2181e7715914bb2ee531a43afc1f) Importer(2089858483,192608db42251d675da83286b1cce702) (ScriptedImporter) -> (artifact id: '7317a0e4d3bee6bde2b5357b1951ac83') in 0.1698479 seconds
Number of updated asset objects reloaded before import = 0Number of asset objects unloaded after import = 36

========================================================================
Received Import Request.
  Time since last request: 0.000047 seconds.
  path: Assets/Polygon Arsenal/Prefabs/Combat/Explosions/Sci-Fi/NukeDome/DomeNukePink.prefab
  artifactKey: Guid(6b6d1707cddb8944496870821106c218) Importer(2089858483,192608db42251d675da83286b1cce702)
Start importing Assets/Polygon Arsenal/Prefabs/Combat/Explosions/Sci-Fi/NukeDome/DomeNukePink.prefab using Guid(6b6d1707cddb8944496870821106c218) Importer(2089858483,192608db42251d675da83286b1cce702) (ScriptedImporter) -> (artifact id: '40b2b678f00c8e355ec2aece4dabf46e') in 0.1505464 seconds
Number of updated asset objects reloaded before import = 0Number of asset objects unloaded after import = 41

========================================================================
Received Import Request.
  Time since last request: 0.000058 seconds.
  path: Assets/Polygon Arsenal/Prefabs/Combat/Explosions/Sci-Fi/Nuke/NukeExplosionYellow.prefab
  artifactKey: Guid(3eefdf7ca6be6574fb3d409c10e05249) Importer(2089858483,192608db42251d675da83286b1cce702)
Start importing Assets/Polygon Arsenal/Prefabs/Combat/Explosions/Sci-Fi/Nuke/NukeExplosionYellow.prefab using Guid(3eefdf7ca6be6574fb3d409c10e05249) Importer(2089858483,192608db42251d675da83286b1cce702) (ScriptedImporter) -> (artifact id: '0031ecd54956cf095514f0f8ee828982') in 0.1405252 seconds
Number of updated asset objects reloaded before import = 0Number of asset objects unloaded after import = 48

========================================================================
Received Prepare
Begin MonoManager ReloadAssembly
- Loaded All Assemblies, in  1.695 seconds
Refreshing native plugins compatible for Editor in 0.93 ms, found 3 plugins.
Native extension for LinuxStandalone target not found
Native extension for Android target not found
Native extension for WindowsStandalone target not found
Mono: successfully reloaded assembly
- Finished resetting the current domain, in  2.267 seconds
Domain Reload Profiling: 3962ms
	BeginReloadAssembly (452ms)
		ExecutionOrderSort (0ms)
		DisableScriptedObjects (11ms)
		BackupInstance (0ms)
		ReleaseScriptingObjects (0ms)
		CreateAndSetChildDomain (144ms)
	RebuildCommonClasses (81ms)
	RebuildNativeTypeToScriptingClass (37ms)
	initialDomainReloadingComplete (61ms)
	LoadAllAssembliesAndSetupDomain (1063ms)
		LoadAssemblies (752ms)
		RebuildTransferFunctionScriptingTraits (0ms)
		AnalyzeDomain (493ms)
			TypeCache.Refresh (28ms)
				TypeCache.ScanAssembly (3ms)
			BuildScriptInfoCaches (425ms)
			ResolveRequiredComponents (32ms)
	FinalizeReload (2268ms)
		ReleaseScriptCaches (0ms)
		RebuildScriptCaches (0ms)
		SetupLoadedEditorAssemblies (1908ms)
			LogAssemblyErrors (0ms)
			InitializePlatformSupportModulesInManaged (42ms)
			SetLoadedEditorAssemblies (14ms)
			BeforeProcessingInitializeOnLoad (512ms)
			ProcessInitializeOnLoadAttributes (1211ms)
			ProcessInitializeOnLoadMethodAttributes (120ms)
			AfterProcessingInitializeOnLoad (9ms)
			EditorAssembliesLoaded (1ms)
		ExecutionOrderSort2 (0ms)
		AwakeInstancesAfterBackupRestoration (25ms)
Refreshing native plugins compatible for Editor in 2.06 ms, found 3 plugins.
Preloading 0 native plugins for Editor in 0.00 ms.
Unloading 53 Unused Serialized files (Serialized files now loaded: 0)
Unloading 7291 unused Assets / (8.9 MB). Loaded Objects now: 8016.
Memory consumption went from 246.3 MB to 237.4 MB.
Total: 33.203100 ms (FindLiveObjects: 1.503500 ms CreateObjectMapping: 1.931300 ms MarkObjects: 18.902300 ms  DeleteObjects: 10.863500 ms)

Prepare: number of updated asset objects reloaded= 0
========================================================================
Received Prepare
Begin MonoManager ReloadAssembly
- Loaded All Assemblies, in  1.445 seconds
Refreshing native plugins compatible for Editor in 0.98 ms, found 3 plugins.
Native extension for LinuxStandalone target not found
Native extension for Android target not found
Native extension for WindowsStandalone target not found
Mono: successfully reloaded assembly
- Finished resetting the current domain, in  1.999 seconds
Domain Reload Profiling: 3446ms
	BeginReloadAssembly (380ms)
		ExecutionOrderSort (0ms)
		DisableScriptedObjects (11ms)
		BackupInstance (0ms)
		ReleaseScriptingObjects (1ms)
		CreateAndSetChildDomain (100ms)
	RebuildCommonClasses (75ms)
	RebuildNativeTypeToScriptingClass (25ms)
	initialDomainReloadingComplete (50ms)
	LoadAllAssembliesAndSetupDomain (916ms)
		LoadAssemblies (660ms)
		RebuildTransferFunctionScriptingTraits (0ms)
		AnalyzeDomain (433ms)
			TypeCache.Refresh (24ms)
				TypeCache.ScanAssembly (3ms)
			BuildScriptInfoCaches (378ms)
			ResolveRequiredComponents (26ms)
	FinalizeReload (1999ms)
		ReleaseScriptCaches (0ms)
		RebuildScriptCaches (0ms)
		SetupLoadedEditorAssemblies (1690ms)
			LogAssemblyErrors (0ms)
			InitializePlatformSupportModulesInManaged (42ms)
			SetLoadedEditorAssemblies (13ms)
			BeforeProcessingInitializeOnLoad (450ms)
			ProcessInitializeOnLoadAttributes (1070ms)
			ProcessInitializeOnLoadMethodAttributes (107ms)
			AfterProcessingInitializeOnLoad (7ms)
			EditorAssembliesLoaded (1ms)
		ExecutionOrderSort2 (0ms)
		AwakeInstancesAfterBackupRestoration (21ms)
Refreshing native plugins compatible for Editor in 7.21 ms, found 3 plugins.
Preloading 0 native plugins for Editor in 0.00 ms.
Unloading 44 Unused Serialized files (Serialized files now loaded: 0)
Unloading 7288 unused Assets / (8.8 MB). Loaded Objects now: 8019.
Memory consumption went from 244.7 MB to 235.8 MB.
Total: 27.364500 ms (FindLiveObjects: 1.473700 ms CreateObjectMapping: 1.658200 ms MarkObjects: 13.803500 ms  DeleteObjects: 10.427000 ms)

Prepare: number of updated asset objects reloaded= 0
Editor requested this worker to shutdown with reason: Scaling down because of idle timeout
AssetImportWorker is now disconnected from the server
Process exiting
Exiting without the bug reporter. Application will terminate with return code 0