Using pre-set license
Built from '6000.0/staging' branch; Version is '6000.0.49f1 (840e0a9776d9) revision 8654346'; Using compiler version '193933523'; Build Type 'Release'
OS: 'Windows 11  (10.0.22631) 64bit Professional' Language: 'en' Physical Memory: 32469 MB
BatchMode: 1, IsHumanControllingUs: 0, StartBugReporterOnCrash: 0, Is64bit: 1, IsPro: 1

COMMAND LINE ARGUMENTS:
C:\Program Files\Unity\Hub\Editor\6000.0.49f1\Editor\Unity.exe
-adb2
-batchMode
-noUpm
-name
AssetImportWorker2
-projectPath
D:/Projects/personal/Fate
-logFile
Logs/AssetImportWorker2.log
-srvPort
64836
-job-worker-count
7
-background-job-worker-count
8
-gc-helper-count
1
Successfully changed project path to: D:/Projects/personal/Fate
D:/Projects/personal/Fate
[UnityMemory] Configuration Parameters - Can be set up in boot.config
    "memorysetup-bucket-allocator-granularity=16"
    "memorysetup-bucket-allocator-bucket-count=8"
    "memorysetup-bucket-allocator-block-size=33554432"
    "memorysetup-bucket-allocator-block-count=8"
    "memorysetup-main-allocator-block-size=16777216"
    "memorysetup-thread-allocator-block-size=16777216"
    "memorysetup-gfx-main-allocator-block-size=16777216"
    "memorysetup-gfx-thread-allocator-block-size=16777216"
    "memorysetup-cache-allocator-block-size=4194304"
    "memorysetup-typetree-allocator-block-size=2097152"
    "memorysetup-profiler-bucket-allocator-granularity=16"
    "memorysetup-profiler-bucket-allocator-bucket-count=8"
    "memorysetup-profiler-bucket-allocator-block-size=33554432"
    "memorysetup-profiler-bucket-allocator-block-count=8"
    "memorysetup-profiler-allocator-block-size=16777216"
    "memorysetup-profiler-editor-allocator-block-size=1048576"
    "memorysetup-temp-allocator-size-main=16777216"
    "memorysetup-job-temp-allocator-block-size=2097152"
    "memorysetup-job-temp-allocator-block-size-background=1048576"
    "memorysetup-job-temp-allocator-reduction-small-platforms=262144"
    "memorysetup-allocator-temp-initial-block-size-main=262144"
    "memorysetup-allocator-temp-initial-block-size-worker=262144"
    "memorysetup-temp-allocator-size-background-worker=32768"
    "memorysetup-temp-allocator-size-job-worker=262144"
    "memorysetup-temp-allocator-size-preload-manager=33554432"
    "memorysetup-temp-allocator-size-nav-mesh-worker=65536"
    "memorysetup-temp-allocator-size-audio-worker=65536"
    "memorysetup-temp-allocator-size-cloud-worker=32768"
    "memorysetup-temp-allocator-size-gi-baking-worker=262144"
    "memorysetup-temp-allocator-size-gi-baking-worker=262144"
    "memorysetup-temp-allocator-size-gi-baking-worker=262144"
    "memorysetup-temp-allocator-size-gi-baking-worker=262144"
    "memorysetup-temp-allocator-size-gi-baking-worker=262144"
    "memorysetup-temp-allocator-size-gfx=262144"
Player connection [59500]  Target information:

Player connection [59500]  * "[IP] 192.168.1.215 [Port] 0 [Flags] 2 [Guid] 1917130038 [EditorId] 1917130038 [Version] 1048832 [Id] WindowsEditor(7,LTTechno06) [Debug] 1 [PackageName] WindowsEditor [ProjectName] Editor" 

Player connection [59500] Host joined multi-casting on [225.0.0.222:54997]...
Player connection [59500] Host joined alternative multi-casting on [225.0.0.222:34997]...
JobSystem: Creating JobQueue using job-worker-count value 7
Input System module state changed to: Initialized.
[Physics::Module] Initialized fallback backend.
[Physics::Module] Id: 0xdecafbad
Library Redirect Path: Library/
[Physics::Module] Selected backend.
[Physics::Module] Name: PhysX
[Physics::Module] Id: 0xf2b8ea05
[Physics::Module] SDK Version: 4.1.2
[Physics::Module] Integration Version: 1.0.0
[Physics::Module] Threading Mode: Multi-Threaded
Refreshing native plugins compatible for Editor in 10.10 ms, found 3 plugins.
Preloading 0 native plugins for Editor in 0.00 ms.
Initialize engine version: 6000.0.49f1 (840e0a9776d9)
[Subsystems] Discovering subsystems at path C:/Program Files/Unity/Hub/Editor/6000.0.49f1/Editor/Data/Resources/UnitySubsystems
[Subsystems] Discovering subsystems at path D:/Projects/personal/Fate/Assets
GfxDevice: creating device client; kGfxThreadingModeNonThreaded
Direct3D:
    Version:  Direct3D 11.0 [level 11.1]
    Renderer: NVIDIA GeForce RTX 3070 Laptop GPU (ID=0x249d)
    Vendor:   NVIDIA
    VRAM:     8020 MB
    Driver:   32.0.15.5585
Initialize mono
Mono path[0] = 'C:/Program Files/Unity/Hub/Editor/6000.0.49f1/Editor/Data/Managed'
Mono path[1] = 'C:/Program Files/Unity/Hub/Editor/6000.0.49f1/Editor/Data/MonoBleedingEdge/lib/mono/unityjit-win32'
Mono config path = 'C:/Program Files/Unity/Hub/Editor/6000.0.49f1/Editor/Data/MonoBleedingEdge/etc'
Using monoOptions --debugger-agent=transport=dt_socket,embedding=1,server=y,suspend=n,address=127.0.0.1:56968
Begin MonoManager ReloadAssembly
Registering precompiled unity dll's ...
Register platform support module: C:/Program Files/Unity/Hub/Editor/6000.0.49f1/Editor/Data/PlaybackEngines/WindowsStandaloneSupport/UnityEditor.WindowsStandalone.Extensions.dll
Register platform support module: C:/Program Files/Unity/Hub/Editor/6000.0.49f1/Editor/Data/PlaybackEngines/AndroidPlayer/UnityEditor.Android.Extensions.dll
Register platform support module: C:/Program Files/Unity/Hub/Editor/6000.0.49f1/Editor/Data/PlaybackEngines/LinuxStandaloneSupport/UnityEditor.LinuxStandalone.Extensions.dll
Registered in 0.015715 seconds.
- Loaded All Assemblies, in  0.963 seconds
Native extension for LinuxStandalone target not found
Native extension for Android target not found
Android Extension - Scanning For ADB Devices 1156 ms
Native extension for WindowsStandalone target not found
Mono: successfully reloaded assembly
- Finished resetting the current domain, in  1.989 seconds
Domain Reload Profiling: 2946ms
	BeginReloadAssembly (350ms)
		ExecutionOrderSort (0ms)
		DisableScriptedObjects (0ms)
		BackupInstance (0ms)
		ReleaseScriptingObjects (0ms)
		CreateAndSetChildDomain (2ms)
	RebuildCommonClasses (88ms)
	RebuildNativeTypeToScriptingClass (29ms)
	initialDomainReloadingComplete (110ms)
	LoadAllAssembliesAndSetupDomain (379ms)
		LoadAssemblies (349ms)
		RebuildTransferFunctionScriptingTraits (0ms)
		AnalyzeDomain (367ms)
			TypeCache.Refresh (365ms)
				TypeCache.ScanAssembly (336ms)
			BuildScriptInfoCaches (0ms)
			ResolveRequiredComponents (1ms)
	FinalizeReload (1989ms)
		ReleaseScriptCaches (0ms)
		RebuildScriptCaches (0ms)
		SetupLoadedEditorAssemblies (1882ms)
			LogAssemblyErrors (0ms)
			InitializePlatformSupportModulesInManaged (1412ms)
			SetLoadedEditorAssemblies (9ms)
			BeforeProcessingInitializeOnLoad (116ms)
			ProcessInitializeOnLoadAttributes (225ms)
			ProcessInitializeOnLoadMethodAttributes (120ms)
			AfterProcessingInitializeOnLoad (0ms)
			EditorAssembliesLoaded (0ms)
		ExecutionOrderSort2 (0ms)
		AwakeInstancesAfterBackupRestoration (0ms)
========================================================================
Worker process is ready to serve import requests
Import Worker Mode flag is 0x00
Begin MonoManager ReloadAssembly
- Loaded All Assemblies, in  1.802 seconds
Refreshing native plugins compatible for Editor in 5.88 ms, found 3 plugins.
Native extension for LinuxStandalone target not found
Native extension for Android target not found
Native extension for WindowsStandalone target not found
Mono: successfully reloaded assembly
- Finished resetting the current domain, in  1.910 seconds
Domain Reload Profiling: 3707ms
	BeginReloadAssembly (311ms)
		ExecutionOrderSort (0ms)
		DisableScriptedObjects (12ms)
		BackupInstance (0ms)
		ReleaseScriptingObjects (0ms)
		CreateAndSetChildDomain (57ms)
	RebuildCommonClasses (59ms)
	RebuildNativeTypeToScriptingClass (23ms)
	initialDomainReloadingComplete (78ms)
	LoadAllAssembliesAndSetupDomain (1326ms)
		LoadAssemblies (889ms)
		RebuildTransferFunctionScriptingTraits (0ms)
		AnalyzeDomain (609ms)
			TypeCache.Refresh (452ms)
				TypeCache.ScanAssembly (422ms)
			BuildScriptInfoCaches (116ms)
			ResolveRequiredComponents (33ms)
	FinalizeReload (1910ms)
		ReleaseScriptCaches (0ms)
		RebuildScriptCaches (0ms)
		SetupLoadedEditorAssemblies (1490ms)
			LogAssemblyErrors (0ms)
			InitializePlatformSupportModulesInManaged (42ms)
			SetLoadedEditorAssemblies (14ms)
			BeforeProcessingInitializeOnLoad (374ms)
			ProcessInitializeOnLoadAttributes (965ms)
			ProcessInitializeOnLoadMethodAttributes (87ms)
			AfterProcessingInitializeOnLoad (8ms)
			EditorAssembliesLoaded (0ms)
		ExecutionOrderSort2 (0ms)
		AwakeInstancesAfterBackupRestoration (9ms)
Launched and connected shader compiler UnityShaderCompiler.exe after 0.05 seconds
Refreshing native plugins compatible for Editor in 1.68 ms, found 3 plugins.
Preloading 0 native plugins for Editor in 0.00 ms.
Unloading 253 Unused Serialized files (Serialized files now loaded: 0)
Unloading 7292 unused Assets / (7.5 MB). Loaded Objects now: 7993.
Memory consumption went from 266.7 MB to 259.2 MB.
Total: 28.621000 ms (FindLiveObjects: 2.046200 ms CreateObjectMapping: 1.850000 ms MarkObjects: 14.564500 ms  DeleteObjects: 10.158200 ms)

========================================================================
Received Import Request.
  Time since last request: 70770.595903 seconds.
  path: Assets/PolygonSciFiSpace/Models/SM_Bld_Bridge_Platform_01.fbx
  artifactKey: Guid(8cc56581ad988ba48af11d4f4ae298ab) Importer(2089858483,192608db42251d675da83286b1cce702)
Start importing Assets/PolygonSciFiSpace/Models/SM_Bld_Bridge_Platform_01.fbx using Guid(8cc56581ad988ba48af11d4f4ae298ab) Importer(2089858483,192608db42251d675da83286b1cce702) (ScriptedImporter) -> (artifact id: '7fed9f9c8b9da3f65038f05e631263db') in 1.2478389 seconds
Number of updated asset objects reloaded before import = 0Number of asset objects unloaded after import = 7

========================================================================
Received Import Request.
  Time since last request: 0.000070 seconds.
  path: Assets/PolygonSciFiSpace/Materials/PolygonScifiSpace_SpaceStation_01.mat
  artifactKey: Guid(32325f89619e00e4a8b9d25be264cfdf) Importer(2089858483,192608db42251d675da83286b1cce702)
Start importing Assets/PolygonSciFiSpace/Materials/PolygonScifiSpace_SpaceStation_01.mat using Guid(32325f89619e00e4a8b9d25be264cfdf) Importer(2089858483,192608db42251d675da83286b1cce702) (ScriptedImporter) -> (artifact id: '392353e0cb652bfa9619e50b8bb42ddc') in 0.1420853 seconds
Number of updated asset objects reloaded before import = 0Number of asset objects unloaded after import = 4

========================================================================
Received Import Request.
  Time since last request: 0.000041 seconds.
  path: Assets/PolygonSciFiSpace/Models/SM_Bld_Ceiling_01.fbx
  artifactKey: Guid(2a5a2a9a9489337489fb0458762db8eb) Importer(2089858483,192608db42251d675da83286b1cce702)
Start importing Assets/PolygonSciFiSpace/Models/SM_Bld_Ceiling_01.fbx using Guid(2a5a2a9a9489337489fb0458762db8eb) Importer(2089858483,192608db42251d675da83286b1cce702) (ScriptedImporter) -> (artifact id: '41a4df44a877ea841785c9d5f4cd901f') in 0.0555307 seconds
Number of updated asset objects reloaded before import = 0Number of asset objects unloaded after import = 7

========================================================================
Received Import Request.
  Time since last request: 0.000073 seconds.
  path: Assets/Polygon Arsenal/Scripts/PolygonLightFlicker.cs
  artifactKey: Guid(e700f8e20de2fdf4ab1bf79546b95202) Importer(2089858483,192608db42251d675da83286b1cce702)
Start importing Assets/Polygon Arsenal/Scripts/PolygonLightFlicker.cs using Guid(e700f8e20de2fdf4ab1bf79546b95202) Importer(2089858483,192608db42251d675da83286b1cce702) (ScriptedImporter) -> (artifact id: '6b700d500e717c208fb7e8625efa0671') in 0.0113853 seconds
Number of updated asset objects reloaded before import = 0Number of asset objects unloaded after import = 0

========================================================================
Received Import Request.
  Time since last request: 0.000026 seconds.
  path: Assets/PolygonSciFiSpace/Materials/PolygonScifiSpace_Material_02_A.mat
  artifactKey: Guid(eaee0f11d6e5b7d4db338fedb688937e) Importer(2089858483,192608db42251d675da83286b1cce702)
Start importing Assets/PolygonSciFiSpace/Materials/PolygonScifiSpace_Material_02_A.mat using Guid(eaee0f11d6e5b7d4db338fedb688937e) Importer(2089858483,192608db42251d675da83286b1cce702) (ScriptedImporter) -> (artifact id: '11514fea34cd2ee3cf15eeae6cdee2cd') in 0.0271772 seconds
Number of updated asset objects reloaded before import = 0Number of asset objects unloaded after import = 4

========================================================================
Received Import Request.
  Time since last request: 0.000024 seconds.
  path: Assets/PolygonSciFiSpace/Models/SM_Bld_Bridge_Walls_01.fbx
  artifactKey: Guid(21c222af3ed37cd4b9e7f9b3671ca428) Importer(2089858483,192608db42251d675da83286b1cce702)
Start importing Assets/PolygonSciFiSpace/Models/SM_Bld_Bridge_Walls_01.fbx using Guid(21c222af3ed37cd4b9e7f9b3671ca428) Importer(2089858483,192608db42251d675da83286b1cce702) (ScriptedImporter) -> (artifact id: 'c56f88ca0bcc1f2626ac9bb5acb17384') in 0.0306585 seconds
Number of updated asset objects reloaded before import = 0Number of asset objects unloaded after import = 12

========================================================================
Received Import Request.
  Time since last request: 0.000031 seconds.
  path: Assets/PolygonSciFiSpace/Models/SM_Bld_Floor_02.fbx
  artifactKey: Guid(238df8281b0ce5649b3744f749f0592f) Importer(2089858483,192608db42251d675da83286b1cce702)
Start importing Assets/PolygonSciFiSpace/Models/SM_Bld_Floor_02.fbx using Guid(238df8281b0ce5649b3744f749f0592f) Importer(2089858483,192608db42251d675da83286b1cce702) (ScriptedImporter) -> (artifact id: 'e5baf910e584e9bc5027d029e10ddfa4') in 0.0314923 seconds
Number of updated asset objects reloaded before import = 0Number of asset objects unloaded after import = 7

========================================================================
Received Import Request.
  Time since last request: 0.000049 seconds.
  path: Assets/PolygonSciFiSpace/Models/SM_Bld_Floor_Small_03.fbx
  artifactKey: Guid(b5072ddbc46816e4fa124e1b1d5c5361) Importer(2089858483,192608db42251d675da83286b1cce702)
Start importing Assets/PolygonSciFiSpace/Models/SM_Bld_Floor_Small_03.fbx using Guid(b5072ddbc46816e4fa124e1b1d5c5361) Importer(2089858483,192608db42251d675da83286b1cce702) (ScriptedImporter) -> (artifact id: '870ace47a20b6fa9ce84b7d022bb0b92') in 0.0353722 seconds
Number of updated asset objects reloaded before import = 0Number of asset objects unloaded after import = 7

========================================================================
Received Import Request.
  Time since last request: 0.000025 seconds.
  path: Assets/Polygon Arsenal/Scripts/PolygonSoundSpawn.cs
  artifactKey: Guid(5aa5c1e37409a9344a344c0468db383d) Importer(2089858483,192608db42251d675da83286b1cce702)
Start importing Assets/Polygon Arsenal/Scripts/PolygonSoundSpawn.cs using Guid(5aa5c1e37409a9344a344c0468db383d) Importer(2089858483,192608db42251d675da83286b1cce702) (ScriptedImporter) -> (artifact id: '9e6838f4c28de22bb356ff50edffccfb') in 0.0118475 seconds
Number of updated asset objects reloaded before import = 0Number of asset objects unloaded after import = 0

========================================================================
Received Import Request.
  Time since last request: 0.000040 seconds.
  path: Assets/PolygonSciFiSpace/Models/SM_Bld_Ceiling_03.fbx
  artifactKey: Guid(72c306b79813d604c8d510cbfa8e8560) Importer(2089858483,192608db42251d675da83286b1cce702)
Start importing Assets/PolygonSciFiSpace/Models/SM_Bld_Ceiling_03.fbx using Guid(72c306b79813d604c8d510cbfa8e8560) Importer(2089858483,192608db42251d675da83286b1cce702) (ScriptedImporter) -> (artifact id: 'a96391678f85d61beabf5a402086678a') in 0.0293204 seconds
Number of updated asset objects reloaded before import = 0Number of asset objects unloaded after import = 7

========================================================================
Received Import Request.
  Time since last request: 0.000036 seconds.
  path: Assets/Polygon Arsenal/Textures/polySilence.png
  artifactKey: Guid(a9d92f31fff1ad049a80ae6cff096211) Importer(2089858483,192608db42251d675da83286b1cce702)
Start importing Assets/Polygon Arsenal/Textures/polySilence.png using Guid(a9d92f31fff1ad049a80ae6cff096211) Importer(2089858483,192608db42251d675da83286b1cce702) (ScriptedImporter) -> (artifact id: 'e303ae60778a1ddca77473ab15c0f09f') in 0.1158743 seconds
Number of updated asset objects reloaded before import = 0Number of asset objects unloaded after import = 1

========================================================================
Received Import Request.
  Time since last request: 0.000033 seconds.
  path: Assets/Polygon Arsenal/Upgrades/Polygon Arsenal - 6000.0.23 URP.unitypackage
  artifactKey: Guid(e689b92ba10960e4e90b30493a868816) Importer(2089858483,192608db42251d675da83286b1cce702)
Start importing Assets/Polygon Arsenal/Upgrades/Polygon Arsenal - 6000.0.23 URP.unitypackage using Guid(e689b92ba10960e4e90b30493a868816) Importer(2089858483,192608db42251d675da83286b1cce702) (ScriptedImporter) -> (artifact id: 'd2c36e914312b62115aa3bc91028c508') in 0.0065538 seconds
Number of updated asset objects reloaded before import = 0Number of asset objects unloaded after import = 1

========================================================================
Received Import Request.
  Time since last request: 0.000029 seconds.
  path: Assets/PolygonSciFiSpace/Models/SM_Bld_Crew_Toilet_01.fbx
  artifactKey: Guid(de9981c0e657f0e49bdfa8a3500735c0) Importer(2089858483,192608db42251d675da83286b1cce702)
Start importing Assets/PolygonSciFiSpace/Models/SM_Bld_Crew_Toilet_01.fbx using Guid(de9981c0e657f0e49bdfa8a3500735c0) Importer(2089858483,192608db42251d675da83286b1cce702) (ScriptedImporter) -> (artifact id: 'f3bc1088c913ff92b6392958acba38a4') in 0.0314482 seconds
Number of updated asset objects reloaded before import = 0Number of asset objects unloaded after import = 12

========================================================================
Received Import Request.
  Time since last request: 0.000029 seconds.
  path: Assets/PolygonSciFiSpace/Models/SM_Bld_Crew_Kitchen_01.fbx
  artifactKey: Guid(4ef9196682639854e83d4e2ee3ad52c6) Importer(2089858483,192608db42251d675da83286b1cce702)
Start importing Assets/PolygonSciFiSpace/Models/SM_Bld_Crew_Kitchen_01.fbx using Guid(4ef9196682639854e83d4e2ee3ad52c6) Importer(2089858483,192608db42251d675da83286b1cce702) (ScriptedImporter) -> (artifact id: '9646f7005f0ba43844abd96a89e420cf') in 0.0355688 seconds
Number of updated asset objects reloaded before import = 0Number of asset objects unloaded after import = 7

========================================================================
Received Import Request.
  Time since last request: 0.000034 seconds.
  path: Assets/PolygonSciFiSpace/Models/SM_Bld_Floor_09.fbx
  artifactKey: Guid(f8b631f46a59497458e5ca718da5d132) Importer(2089858483,192608db42251d675da83286b1cce702)
Start importing Assets/PolygonSciFiSpace/Models/SM_Bld_Floor_09.fbx using Guid(f8b631f46a59497458e5ca718da5d132) Importer(2089858483,192608db42251d675da83286b1cce702) (ScriptedImporter) -> (artifact id: 'b0ed9dc51c51dbaffa238f5a2d7430bb') in 0.0453976 seconds
Number of updated asset objects reloaded before import = 0Number of asset objects unloaded after import = 7

========================================================================
Received Import Request.
  Time since last request: 0.000044 seconds.
  path: Assets/PolygonSciFiSpace/Models/SM_Bld_Corridor_Single_Arch_02.fbx
  artifactKey: Guid(8d2e91cd30e25b04a84d17ed3e366223) Importer(2089858483,192608db42251d675da83286b1cce702)
Start importing Assets/PolygonSciFiSpace/Models/SM_Bld_Corridor_Single_Arch_02.fbx using Guid(8d2e91cd30e25b04a84d17ed3e366223) Importer(2089858483,192608db42251d675da83286b1cce702) (ScriptedImporter) -> (artifact id: '3384e84cbd5828213bbfec3822f77c85') in 0.0300048 seconds
Number of updated asset objects reloaded before import = 0Number of asset objects unloaded after import = 7

========================================================================
Received Import Request.
  Time since last request: 0.000019 seconds.
  path: Assets/Polygon Arsenal/Textures/polyColorGradient.png
  artifactKey: Guid(6f9dba0e9ac872743b6aa7eb576840b0) Importer(2089858483,192608db42251d675da83286b1cce702)
Start importing Assets/Polygon Arsenal/Textures/polyColorGradient.png using Guid(6f9dba0e9ac872743b6aa7eb576840b0) Importer(2089858483,192608db42251d675da83286b1cce702) (ScriptedImporter) -> (artifact id: '77ad7fd1d597bcee44353668d96a29c5') in 0.0276409 seconds
Number of updated asset objects reloaded before import = 0Number of asset objects unloaded after import = 1

========================================================================
Received Import Request.
  Time since last request: 0.000024 seconds.
  path: Assets/Polygon Arsenal/Textures/polyEye.png
  artifactKey: Guid(c0842a82cff7a324c892a096bf68149c) Importer(2089858483,192608db42251d675da83286b1cce702)
Start importing Assets/Polygon Arsenal/Textures/polyEye.png using Guid(c0842a82cff7a324c892a096bf68149c) Importer(2089858483,192608db42251d675da83286b1cce702) (ScriptedImporter) -> (artifact id: '87d314b3fabe32496cd425a51c4fcc81') in 0.0249611 seconds
Number of updated asset objects reloaded before import = 0Number of asset objects unloaded after import = 1

========================================================================
Received Import Request.
  Time since last request: 0.000034 seconds.
  path: Assets/PolygonSciFiSpace/Models/SM_Bld_Crew_Shower_01.fbx
  artifactKey: Guid(b0c2e6ee7aac3d04691f446305925806) Importer(2089858483,192608db42251d675da83286b1cce702)
Start importing Assets/PolygonSciFiSpace/Models/SM_Bld_Crew_Shower_01.fbx using Guid(b0c2e6ee7aac3d04691f446305925806) Importer(2089858483,192608db42251d675da83286b1cce702) (ScriptedImporter) -> (artifact id: 'f791fb5ae87659816ac7a267c58533ae') in 0.0311424 seconds
Number of updated asset objects reloaded before import = 0Number of asset objects unloaded after import = 12

========================================================================
Received Import Request.
  Time since last request: 0.000046 seconds.
  path: Assets/Polygon Arsenal/Models/PolyArrow.FBX
  artifactKey: Guid(5e5aee3af2950fa438aacdb9122fb572) Importer(2089858483,192608db42251d675da83286b1cce702)
Start importing Assets/Polygon Arsenal/Models/PolyArrow.FBX using Guid(5e5aee3af2950fa438aacdb9122fb572) Importer(2089858483,192608db42251d675da83286b1cce702) (ScriptedImporter) -> (artifact id: '8085baa16efec2a49012ca65b0e7fa67') in 0.0327155 seconds
Number of updated asset objects reloaded before import = 0Number of asset objects unloaded after import = 7

========================================================================
Received Import Request.
  Time since last request: 0.004177 seconds.
  path: Assets/PolygonSciFiSpace/Models/SM_Bld_Floor_Small_Hand_Rail_01.fbx
  artifactKey: Guid(b3987b6acf41dc643a6332babc3a7dc9) Importer(2089858483,192608db42251d675da83286b1cce702)
Start importing Assets/PolygonSciFiSpace/Models/SM_Bld_Floor_Small_Hand_Rail_01.fbx using Guid(b3987b6acf41dc643a6332babc3a7dc9) Importer(2089858483,192608db42251d675da83286b1cce702) (ScriptedImporter) -> (artifact id: 'e7fdfa1a8597b5c3b5ebf9b0f487f0cc') in 0.026485 seconds
Number of updated asset objects reloaded before import = 0Number of asset objects unloaded after import = 7

========================================================================
Received Import Request.
  Time since last request: 0.000026 seconds.
  path: Assets/PolygonSciFiSpace/Models/SM_Bld_Wall_Exterior_04.fbx
  artifactKey: Guid(47a1cc7bc8241264ba4a8a4b923f419a) Importer(2089858483,192608db42251d675da83286b1cce702)
Start importing Assets/PolygonSciFiSpace/Models/SM_Bld_Wall_Exterior_04.fbx using Guid(47a1cc7bc8241264ba4a8a4b923f419a) Importer(2089858483,192608db42251d675da83286b1cce702) (ScriptedImporter) -> (artifact id: 'dd0053d3411d172ff2ddf617b58f1e4a') in 0.0337153 seconds
Number of updated asset objects reloaded before import = 0Number of asset objects unloaded after import = 7

========================================================================
Received Import Request.
  Time since last request: 0.000050 seconds.
  path: Assets/PolygonSciFiSpace/Models/SM_Bld_Wall_Exterior_03.fbx
  artifactKey: Guid(d9c00cbade1182444ae6c4a00337033b) Importer(2089858483,192608db42251d675da83286b1cce702)
Start importing Assets/PolygonSciFiSpace/Models/SM_Bld_Wall_Exterior_03.fbx using Guid(d9c00cbade1182444ae6c4a00337033b) Importer(2089858483,192608db42251d675da83286b1cce702) (ScriptedImporter) -> (artifact id: '3549de79ad46eb5cc8c70b4ace9ed4df') in 0.0288382 seconds
Number of updated asset objects reloaded before import = 0Number of asset objects unloaded after import = 7

========================================================================
Received Import Request.
  Time since last request: 0.000041 seconds.
  path: Assets/PolygonSciFiSpace/Models/SM_Chr_Attach_EVA_Cover_Clear_01.fbx
  artifactKey: Guid(22348eabd9bbef44c9294226d901f828) Importer(2089858483,192608db42251d675da83286b1cce702)
Start importing Assets/PolygonSciFiSpace/Models/SM_Chr_Attach_EVA_Cover_Clear_01.fbx using Guid(22348eabd9bbef44c9294226d901f828) Importer(2089858483,192608db42251d675da83286b1cce702) (ScriptedImporter) -> (artifact id: 'f535c252998da00578518697321c7697') in 0.0341344 seconds
Number of updated asset objects reloaded before import = 0Number of asset objects unloaded after import = 12

========================================================================
Received Import Request.
  Time since last request: 0.000024 seconds.
  path: Assets/PolygonSciFiSpace/Models/SM_Env_Astroid_05.fbx
  artifactKey: Guid(1d4381c34363cde458743078c5f69835) Importer(2089858483,192608db42251d675da83286b1cce702)
Start importing Assets/PolygonSciFiSpace/Models/SM_Env_Astroid_05.fbx using Guid(1d4381c34363cde458743078c5f69835) Importer(2089858483,192608db42251d675da83286b1cce702) (ScriptedImporter) -> (artifact id: '26b1a442efe1fa27ac95a96ad6a90fcd') in 0.0309201 seconds
Number of updated asset objects reloaded before import = 0Number of asset objects unloaded after import = 7

========================================================================
Received Import Request.
  Time since last request: 0.000026 seconds.
  path: Assets/PolygonSciFiSpace/Models/SM_Bld_Wall_06.fbx
  artifactKey: Guid(fa62e57725e80374f914f93c070f2245) Importer(2089858483,192608db42251d675da83286b1cce702)
Start importing Assets/PolygonSciFiSpace/Models/SM_Bld_Wall_06.fbx using Guid(fa62e57725e80374f914f93c070f2245) Importer(2089858483,192608db42251d675da83286b1cce702) (ScriptedImporter) -> (artifact id: '843595ee5f6bee9e80d4569ff2951d44') in 0.02691 seconds
Number of updated asset objects reloaded before import = 0Number of asset objects unloaded after import = 7

========================================================================
Received Import Request.
  Time since last request: 0.000026 seconds.
  path: Assets/PolygonSciFiSpace/Models/SM_Chr_Attach_EVA_Male_Head_Scaled_01.fbx
  artifactKey: Guid(e53bc09be17b4c746a6e17aeda97c995) Importer(2089858483,192608db42251d675da83286b1cce702)
Start importing Assets/PolygonSciFiSpace/Models/SM_Chr_Attach_EVA_Male_Head_Scaled_01.fbx using Guid(e53bc09be17b4c746a6e17aeda97c995) Importer(2089858483,192608db42251d675da83286b1cce702) (ScriptedImporter) -> (artifact id: 'd34c52ffe2f8e08bced0508238043e37') in 0.0265861 seconds
Number of updated asset objects reloaded before import = 0Number of asset objects unloaded after import = 7

========================================================================
Received Import Request.
  Time since last request: 0.000037 seconds.
  path: Assets/PolygonSciFiSpace/Models/SM_Bld_Wall_Corner_Pillar_Wide_01.fbx
  artifactKey: Guid(7960c160eb486054db09d7d19289e19a) Importer(2089858483,192608db42251d675da83286b1cce702)
Start importing Assets/PolygonSciFiSpace/Models/SM_Bld_Wall_Corner_Pillar_Wide_01.fbx using Guid(7960c160eb486054db09d7d19289e19a) Importer(2089858483,192608db42251d675da83286b1cce702) (ScriptedImporter) -> (artifact id: '0c09cf045f037e0d45d4570831839f4c') in 0.0291963 seconds
Number of updated asset objects reloaded before import = 0Number of asset objects unloaded after import = 7

========================================================================
Received Import Request.
  Time since last request: 0.000020 seconds.
  path: Assets/PolygonSciFiSpace/Models/SM_Chr_Alien_01.fbx
  artifactKey: Guid(d0209e8a01bfad5458f3cbf402c4014a) Importer(2089858483,192608db42251d675da83286b1cce702)
Start importing Assets/PolygonSciFiSpace/Models/SM_Chr_Alien_01.fbx using Guid(d0209e8a01bfad5458f3cbf402c4014a) Importer(2089858483,192608db42251d675da83286b1cce702) (ScriptedImporter) -> (artifact id: '7a4121e192803cd7fb7f4a57abe0544b') in 0.0251058 seconds
Number of updated asset objects reloaded before import = 0Number of asset objects unloaded after import = 7

========================================================================
Received Import Request.
  Time since last request: 0.000021 seconds.
  path: Assets/PolygonSciFiSpace/Models/SM_Bld_Wall_Exterior_Window_01.fbx
  artifactKey: Guid(4f630417843179749aa8ba87d708a645) Importer(2089858483,192608db42251d675da83286b1cce702)
Start importing Assets/PolygonSciFiSpace/Models/SM_Bld_Wall_Exterior_Window_01.fbx using Guid(4f630417843179749aa8ba87d708a645) Importer(2089858483,192608db42251d675da83286b1cce702) (ScriptedImporter) -> (artifact id: 'a2c11a14369411017382e136ee5db091') in 0.0268594 seconds
Number of updated asset objects reloaded before import = 0Number of asset objects unloaded after import = 7

========================================================================
Received Import Request.
  Time since last request: 0.000027 seconds.
  path: Assets/PolygonSciFiSpace/Models/SM_Chr_Attach_Junker_Headset_01.fbx
  artifactKey: Guid(08234a6ba9efc514fb79f4f6b1c2d089) Importer(2089858483,192608db42251d675da83286b1cce702)
Start importing Assets/PolygonSciFiSpace/Models/SM_Chr_Attach_Junker_Headset_01.fbx using Guid(08234a6ba9efc514fb79f4f6b1c2d089) Importer(2089858483,192608db42251d675da83286b1cce702) (ScriptedImporter) -> (artifact id: '3f23457c938be7ad47c2aeddd55623f9') in 0.0288371 seconds
Number of updated asset objects reloaded before import = 0Number of asset objects unloaded after import = 7

========================================================================
Received Import Request.
  Time since last request: 0.000041 seconds.
  path: Assets/PolygonSciFiSpace/Models/SM_Bld_Hangar_01.fbx
  artifactKey: Guid(528b6a3776a25f1449d9e1c7c94aa4df) Importer(2089858483,192608db42251d675da83286b1cce702)
Start importing Assets/PolygonSciFiSpace/Models/SM_Bld_Hangar_01.fbx using Guid(528b6a3776a25f1449d9e1c7c94aa4df) Importer(2089858483,192608db42251d675da83286b1cce702) (ScriptedImporter) -> (artifact id: '5ade7068b37245e9c6e640a57d648622') in 0.093581 seconds
Number of updated asset objects reloaded before import = 0Number of asset objects unloaded after import = 52

========================================================================
Received Import Request.
  Time since last request: 0.000026 seconds.
  path: Assets/PolygonSciFiSpace/Models/SM_Bld_Wall_Pillar_05.fbx
  artifactKey: Guid(0c99e9c07851e0e49b51ce60c76b3b6f) Importer(2089858483,192608db42251d675da83286b1cce702)
Start importing Assets/PolygonSciFiSpace/Models/SM_Bld_Wall_Pillar_05.fbx using Guid(0c99e9c07851e0e49b51ce60c76b3b6f) Importer(2089858483,192608db42251d675da83286b1cce702) (ScriptedImporter) -> (artifact id: '984fb66bfeaae9006f557129d2df10a3') in 0.0263268 seconds
Number of updated asset objects reloaded before import = 0Number of asset objects unloaded after import = 7

========================================================================
Received Import Request.
  Time since last request: 0.000031 seconds.
  path: Assets/PolygonSciFiSpace/Models/SM_Chr_Attach_SpaceHelmet_01.fbx
  artifactKey: Guid(45751386b8734ef4687f296d1f960995) Importer(2089858483,192608db42251d675da83286b1cce702)
Start importing Assets/PolygonSciFiSpace/Models/SM_Chr_Attach_SpaceHelmet_01.fbx using Guid(45751386b8734ef4687f296d1f960995) Importer(2089858483,192608db42251d675da83286b1cce702) (ScriptedImporter) -> (artifact id: '1ab1020fa55b1e3b1cc0d96fcb96baa0') in 0.0372454 seconds
Number of updated asset objects reloaded before import = 0Number of asset objects unloaded after import = 12

========================================================================
Received Import Request.
  Time since last request: 0.000053 seconds.
  path: Assets/PolygonSciFiSpace/Models/SM_Bld_House_Interior_Floor_01.fbx
  artifactKey: Guid(be425570c9790054ea1c12e865e259bf) Importer(2089858483,192608db42251d675da83286b1cce702)
Start importing Assets/PolygonSciFiSpace/Models/SM_Bld_House_Interior_Floor_01.fbx using Guid(be425570c9790054ea1c12e865e259bf) Importer(2089858483,192608db42251d675da83286b1cce702) (ScriptedImporter) -> (artifact id: '75f9b891e74efa43a4ad179eac57f020') in 0.0549263 seconds
Number of updated asset objects reloaded before import = 0Number of asset objects unloaded after import = 9

========================================================================
Received Import Request.
  Time since last request: 0.000027 seconds.
  path: Assets/PolygonSciFiSpace/Models/SM_Chr_Attach_Hunter_Female_Hair_01.fbx
  artifactKey: Guid(0494b74b620153e48a3bbda92894061f) Importer(2089858483,192608db42251d675da83286b1cce702)
Start importing Assets/PolygonSciFiSpace/Models/SM_Chr_Attach_Hunter_Female_Hair_01.fbx using Guid(0494b74b620153e48a3bbda92894061f) Importer(2089858483,192608db42251d675da83286b1cce702) (ScriptedImporter) -> (artifact id: '5862b5c075182ec2224fae45df090341') in 0.0268131 seconds
Number of updated asset objects reloaded before import = 0Number of asset objects unloaded after import = 7

========================================================================
Received Import Request.
  Time since last request: 0.000033 seconds.
  path: Assets/PolygonSciFiSpace/Models/SM_Bld_Wall_Pillar_04.fbx
  artifactKey: Guid(e34f4e130788e364e96adb2d889bc83e) Importer(2089858483,192608db42251d675da83286b1cce702)
Start importing Assets/PolygonSciFiSpace/Models/SM_Bld_Wall_Pillar_04.fbx using Guid(e34f4e130788e364e96adb2d889bc83e) Importer(2089858483,192608db42251d675da83286b1cce702) (ScriptedImporter) -> (artifact id: '3212d0bb30e236ce8ff8412a264d2b59') in 0.0244728 seconds
Number of updated asset objects reloaded before import = 0Number of asset objects unloaded after import = 7

========================================================================
Received Import Request.
  Time since last request: 0.000030 seconds.
  path: Assets/PolygonSciFiSpace/Models/SM_Chr_Attach_Junker_Hair_Female_01.fbx
  artifactKey: Guid(7f161297573aab842996fe72a8cba202) Importer(2089858483,192608db42251d675da83286b1cce702)
Start importing Assets/PolygonSciFiSpace/Models/SM_Chr_Attach_Junker_Hair_Female_01.fbx using Guid(7f161297573aab842996fe72a8cba202) Importer(2089858483,192608db42251d675da83286b1cce702) (ScriptedImporter) -> (artifact id: '375f18b9e7a9416846ddd03be3c5a3ac') in 0.0271611 seconds
Number of updated asset objects reloaded before import = 0Number of asset objects unloaded after import = 7

========================================================================
Received Import Request.
  Time since last request: 0.000040 seconds.
  path: Assets/PolygonSciFiSpace/Models/SM_Bld_Wall_Pillar_02.fbx
  artifactKey: Guid(267dc66543ba3bc479a89a134fdb7196) Importer(2089858483,192608db42251d675da83286b1cce702)
Start importing Assets/PolygonSciFiSpace/Models/SM_Bld_Wall_Pillar_02.fbx using Guid(267dc66543ba3bc479a89a134fdb7196) Importer(2089858483,192608db42251d675da83286b1cce702) (ScriptedImporter) -> (artifact id: '1770049ce923fdc7258c357f3ba54e8a') in 0.0299769 seconds
Number of updated asset objects reloaded before import = 0Number of asset objects unloaded after import = 7

========================================================================
Received Import Request.
  Time since last request: 0.000026 seconds.
  path: Assets/PolygonSciFiSpace/Models/SM_Bld_Wall_Corner_Pillar_05.fbx
  artifactKey: Guid(f179bf3522a40a14d9648038e32ccd91) Importer(2089858483,192608db42251d675da83286b1cce702)
Start importing Assets/PolygonSciFiSpace/Models/SM_Bld_Wall_Corner_Pillar_05.fbx using Guid(f179bf3522a40a14d9648038e32ccd91) Importer(2089858483,192608db42251d675da83286b1cce702) (ScriptedImporter) -> (artifact id: 'ac0a3c8e1b26e12fdc8ec8f31c982b65') in 0.0235231 seconds
Number of updated asset objects reloaded before import = 0Number of asset objects unloaded after import = 7

========================================================================
Received Import Request.
  Time since last request: 0.000023 seconds.
  path: Assets/PolygonSciFiSpace/Models/SM_Bld_Wall_02.fbx
  artifactKey: Guid(8fb1a2ea5fcabd740b1733c9c19cff4c) Importer(2089858483,192608db42251d675da83286b1cce702)
Start importing Assets/PolygonSciFiSpace/Models/SM_Bld_Wall_02.fbx using Guid(8fb1a2ea5fcabd740b1733c9c19cff4c) Importer(2089858483,192608db42251d675da83286b1cce702) (ScriptedImporter) -> (artifact id: 'be6cd844d7adf4284b6f8068626d55db') in 0.0298558 seconds
Number of updated asset objects reloaded before import = 0Number of asset objects unloaded after import = 7

========================================================================
Received Import Request.
  Time since last request: 0.000027 seconds.
  path: Assets/PolygonSciFiSpace/Models/SM_Bld_Wall_Corner_Pillar_02.fbx
  artifactKey: Guid(a67fd12443897d14dbdb6e5844a3d5d9) Importer(2089858483,192608db42251d675da83286b1cce702)
Start importing Assets/PolygonSciFiSpace/Models/SM_Bld_Wall_Corner_Pillar_02.fbx using Guid(a67fd12443897d14dbdb6e5844a3d5d9) Importer(2089858483,192608db42251d675da83286b1cce702) (ScriptedImporter) -> (artifact id: 'e22733d950cdd4339172aa63f995ec59') in 0.0293504 seconds
Number of updated asset objects reloaded before import = 0Number of asset objects unloaded after import = 7

========================================================================
Received Import Request.
  Time since last request: 0.000043 seconds.
  path: Assets/PolygonSciFiSpace/Models/SM_Chr_Attach_Junker_Helmet_Glass_01.fbx
  artifactKey: Guid(5fe974a27d434674d8fb72c95634cc1a) Importer(2089858483,192608db42251d675da83286b1cce702)
Start importing Assets/PolygonSciFiSpace/Models/SM_Chr_Attach_Junker_Helmet_Glass_01.fbx using Guid(5fe974a27d434674d8fb72c95634cc1a) Importer(2089858483,192608db42251d675da83286b1cce702) (ScriptedImporter) -> (artifact id: 'ae8a46db102527c9122f9712e2aaa427') in 0.0291359 seconds
Number of updated asset objects reloaded before import = 0Number of asset objects unloaded after import = 7

========================================================================
Received Import Request.
  Time since last request: 0.000022 seconds.
  path: Assets/PolygonSciFiSpace/Models/SM_Bld_Hydroponics_BaseFloor_01.fbx
  artifactKey: Guid(1a5775d94c0e7c741b3f1d7b803f2ef6) Importer(2089858483,192608db42251d675da83286b1cce702)
Start importing Assets/PolygonSciFiSpace/Models/SM_Bld_Hydroponics_BaseFloor_01.fbx using Guid(1a5775d94c0e7c741b3f1d7b803f2ef6) Importer(2089858483,192608db42251d675da83286b1cce702) (ScriptedImporter) -> (artifact id: '71eeda46ec2876f265d5dd0d423b299d') in 0.0416622 seconds
Number of updated asset objects reloaded before import = 0Number of asset objects unloaded after import = 17

========================================================================
Received Import Request.
  Time since last request: 0.000033 seconds.
  path: Assets/PolygonSciFiSpace/Models/SM_Bld_Wall_Corner_Pillar_Wide_04.fbx
  artifactKey: Guid(e4549bc8e1505ad4cb027f411215dc62) Importer(2089858483,192608db42251d675da83286b1cce702)
Start importing Assets/PolygonSciFiSpace/Models/SM_Bld_Wall_Corner_Pillar_Wide_04.fbx using Guid(e4549bc8e1505ad4cb027f411215dc62) Importer(2089858483,192608db42251d675da83286b1cce702) (ScriptedImporter) -> (artifact id: '506c643850f48009424d22ada2ab87c3') in 0.0330164 seconds
Number of updated asset objects reloaded before import = 0Number of asset objects unloaded after import = 7

========================================================================
Received Import Request.
  Time since last request: 0.909416 seconds.
  path: Assets/PolygonSciFiSpace/Models/SM_Env_Astroid_Field_01.fbx
  artifactKey: Guid(1d5bb9c68dbd29e439b01f6e9c423309) Importer(2089858483,192608db42251d675da83286b1cce702)
Start importing Assets/PolygonSciFiSpace/Models/SM_Env_Astroid_Field_01.fbx using Guid(1d5bb9c68dbd29e439b01f6e9c423309) Importer(2089858483,192608db42251d675da83286b1cce702) (ScriptedImporter) -> (artifact id: '529c2f7e7803cf67027c032245ff9d03') in 0.0305852 seconds
Number of updated asset objects reloaded before import = 0Number of asset objects unloaded after import = 7

========================================================================
Received Import Request.
  Time since last request: 0.000020 seconds.
  path: Assets/PolygonSciFiSpace/Models/SM_Env_Debris_Shell_02.fbx
  artifactKey: Guid(7e109b607917d334d9f72929db34fb29) Importer(2089858483,192608db42251d675da83286b1cce702)
Start importing Assets/PolygonSciFiSpace/Models/SM_Env_Debris_Shell_02.fbx using Guid(7e109b607917d334d9f72929db34fb29) Importer(2089858483,192608db42251d675da83286b1cce702) (ScriptedImporter) -> (artifact id: 'f10df36ee6aef7487aab578b94f7d97b') in 0.0258819 seconds
Number of updated asset objects reloaded before import = 0Number of asset objects unloaded after import = 7

========================================================================
Received Import Request.
  Time since last request: 0.000025 seconds.
  path: Assets/PolygonSciFiSpace/Models/SM_Prop_Crate_Wide_01.fbx
  artifactKey: Guid(a55f02dc0e7db094099dce5795010675) Importer(2089858483,192608db42251d675da83286b1cce702)
Start importing Assets/PolygonSciFiSpace/Models/SM_Prop_Crate_Wide_01.fbx using Guid(a55f02dc0e7db094099dce5795010675) Importer(2089858483,192608db42251d675da83286b1cce702) (ScriptedImporter) -> (artifact id: '9ca416187b4848677baaa18fcce1e473') in 0.0306772 seconds
Number of updated asset objects reloaded before import = 0Number of asset objects unloaded after import = 12

========================================================================
Received Import Request.
  Time since last request: 0.000038 seconds.
  path: Assets/PolygonSciFiSpace/Models/SM_Prop_Detail_Airvent_01.fbx
  artifactKey: Guid(bf6ba99d5d735d648af711ff07c08463) Importer(2089858483,192608db42251d675da83286b1cce702)
Start importing Assets/PolygonSciFiSpace/Models/SM_Prop_Detail_Airvent_01.fbx using Guid(bf6ba99d5d735d648af711ff07c08463) Importer(2089858483,192608db42251d675da83286b1cce702) (ScriptedImporter) -> (artifact id: '1f10585d4ad879a10f610d16fd13996f') in 0.0259115 seconds
Number of updated asset objects reloaded before import = 0Number of asset objects unloaded after import = 7

========================================================================
Received Import Request.
  Time since last request: 0.000021 seconds.
  path: Assets/PolygonSciFiSpace/Models/SM_Env_Rubble_Pebbles_01.fbx
  artifactKey: Guid(21b73adb8c07be5478a39dce180465fe) Importer(2089858483,192608db42251d675da83286b1cce702)
Start importing Assets/PolygonSciFiSpace/Models/SM_Env_Rubble_Pebbles_01.fbx using Guid(21b73adb8c07be5478a39dce180465fe) Importer(2089858483,192608db42251d675da83286b1cce702) (ScriptedImporter) -> (artifact id: 'beadf21c46a4b93f3a3d2a425dd4875c') in 0.0321586 seconds
Number of updated asset objects reloaded before import = 0Number of asset objects unloaded after import = 7

========================================================================
Received Import Request.
  Time since last request: 0.000033 seconds.
  path: Assets/PolygonSciFiSpace/Models/SM_Prop_CornerSeat_01.fbx
  artifactKey: Guid(1bfde720d9372d546b749cad0e389c00) Importer(2089858483,192608db42251d675da83286b1cce702)
Start importing Assets/PolygonSciFiSpace/Models/SM_Prop_CornerSeat_01.fbx using Guid(1bfde720d9372d546b749cad0e389c00) Importer(2089858483,192608db42251d675da83286b1cce702) (ScriptedImporter) -> (artifact id: 'b6d94fc2019d9461188380c6bd7992bb') in 0.027361 seconds
Number of updated asset objects reloaded before import = 0Number of asset objects unloaded after import = 7

========================================================================
Received Import Request.
  Time since last request: 0.000027 seconds.
  path: Assets/PolygonSciFiSpace/Models/SM_Prop_Bed_01.fbx
  artifactKey: Guid(40c262e2cc6145a48a9e456d8cbfeec1) Importer(2089858483,192608db42251d675da83286b1cce702)
Start importing Assets/PolygonSciFiSpace/Models/SM_Prop_Bed_01.fbx using Guid(40c262e2cc6145a48a9e456d8cbfeec1) Importer(2089858483,192608db42251d675da83286b1cce702) (ScriptedImporter) -> (artifact id: 'cb1ab1903407f8a0b4656fc5bf0670f0') in 0.0279473 seconds
Number of updated asset objects reloaded before import = 0Number of asset objects unloaded after import = 7

========================================================================
Received Import Request.
  Time since last request: 0.000032 seconds.
  path: Assets/PolygonSciFiSpace/Models/SM_Env_Astroid_Large_02.fbx
  artifactKey: Guid(e065ba6eae319e944a5fbe672b3267b3) Importer(2089858483,192608db42251d675da83286b1cce702)
Start importing Assets/PolygonSciFiSpace/Models/SM_Env_Astroid_Large_02.fbx using Guid(e065ba6eae319e944a5fbe672b3267b3) Importer(2089858483,192608db42251d675da83286b1cce702) (ScriptedImporter) -> (artifact id: 'e4c11ec93443f44facc6a7b4cbfb7e5f') in 0.0249413 seconds
Number of updated asset objects reloaded before import = 0Number of asset objects unloaded after import = 7

========================================================================
Received Import Request.
  Time since last request: 0.000025 seconds.
  path: Assets/PolygonSciFiSpace/Models/SM_Hud_Text_Arrow_01.fbx
  artifactKey: Guid(8eaea358e553c1d40ba2f72963be592b) Importer(2089858483,192608db42251d675da83286b1cce702)
Start importing Assets/PolygonSciFiSpace/Models/SM_Hud_Text_Arrow_01.fbx using Guid(8eaea358e553c1d40ba2f72963be592b) Importer(2089858483,192608db42251d675da83286b1cce702) (ScriptedImporter) -> (artifact id: 'afdfd1de570cb428a83c8fd012cf16e4') in 0.0316849 seconds
Number of updated asset objects reloaded before import = 0Number of asset objects unloaded after import = 7

========================================================================
Received Import Request.
  Time since last request: 0.000026 seconds.
  path: Assets/PolygonSciFiSpace/Models/SM_Env_Planet_06.fbx
  artifactKey: Guid(301e768ccb667f444b4c2f9db82ea975) Importer(2089858483,192608db42251d675da83286b1cce702)
Start importing Assets/PolygonSciFiSpace/Models/SM_Env_Planet_06.fbx using Guid(301e768ccb667f444b4c2f9db82ea975) Importer(2089858483,192608db42251d675da83286b1cce702) (ScriptedImporter) -> (artifact id: '76984e942d88064fc9c6ff526fe6ac05') in 0.0254161 seconds
Number of updated asset objects reloaded before import = 0Number of asset objects unloaded after import = 7

========================================================================
Received Import Request.
  Time since last request: 0.000026 seconds.
  path: Assets/PolygonSciFiSpace/Models/SM_Hud_Reticle_08.fbx
  artifactKey: Guid(16fba611b6a8d5f4db0dd25825a320ee) Importer(2089858483,192608db42251d675da83286b1cce702)
Start importing Assets/PolygonSciFiSpace/Models/SM_Hud_Reticle_08.fbx using Guid(16fba611b6a8d5f4db0dd25825a320ee) Importer(2089858483,192608db42251d675da83286b1cce702) (ScriptedImporter) -> (artifact id: '11a34fbf6d9590187d64e13fd9ec8a46') in 0.0336683 seconds
Number of updated asset objects reloaded before import = 0Number of asset objects unloaded after import = 7

========================================================================
Received Import Request.
  Time since last request: 0.000043 seconds.
  path: Assets/PolygonSciFiSpace/Models/SM_Hud_Arrows_01.fbx
  artifactKey: Guid(2a05714f00ed49f4582b8dbc5c8956f1) Importer(2089858483,192608db42251d675da83286b1cce702)
Start importing Assets/PolygonSciFiSpace/Models/SM_Hud_Arrows_01.fbx using Guid(2a05714f00ed49f4582b8dbc5c8956f1) Importer(2089858483,192608db42251d675da83286b1cce702) (ScriptedImporter) -> (artifact id: '424c84d1ef135b27aeb517efd2df6a1b') in 0.0266111 seconds
Number of updated asset objects reloaded before import = 0Number of asset objects unloaded after import = 7

========================================================================
Received Import Request.
  Time since last request: 0.000027 seconds.
  path: Assets/PolygonSciFiSpace/Models/SM_Prop_Buttons_01.fbx
  artifactKey: Guid(7c8c79c6c2b5b3140873e292af38a383) Importer(2089858483,192608db42251d675da83286b1cce702)
Start importing Assets/PolygonSciFiSpace/Models/SM_Prop_Buttons_01.fbx using Guid(7c8c79c6c2b5b3140873e292af38a383) Importer(2089858483,192608db42251d675da83286b1cce702) (ScriptedImporter) -> (artifact id: 'c91059d40d014620c79207b5ecd14bca') in 0.0306903 seconds
Number of updated asset objects reloaded before import = 0Number of asset objects unloaded after import = 7

========================================================================
Received Import Request.
  Time since last request: 0.000024 seconds.
  path: Assets/PolygonSciFiSpace/Models/SM_Prop_Buttons_10.fbx
  artifactKey: Guid(a3d6b7d2c9c4d664b9ec62a61cde0c5c) Importer(2089858483,192608db42251d675da83286b1cce702)
Start importing Assets/PolygonSciFiSpace/Models/SM_Prop_Buttons_10.fbx using Guid(a3d6b7d2c9c4d664b9ec62a61cde0c5c) Importer(2089858483,192608db42251d675da83286b1cce702) (ScriptedImporter) -> (artifact id: '09d96d60ebeae63ab0b0cab4f67b52c3') in 0.0310814 seconds
Number of updated asset objects reloaded before import = 0Number of asset objects unloaded after import = 7

========================================================================
Received Import Request.
  Time since last request: 0.000027 seconds.
  path: Assets/PolygonSciFiSpace/Models/SM_Env_PlanetRings_01.fbx
  artifactKey: Guid(36d844e98c1dacc4a9f9754e1494a72d) Importer(2089858483,192608db42251d675da83286b1cce702)
Start importing Assets/PolygonSciFiSpace/Models/SM_Env_PlanetRings_01.fbx using Guid(36d844e98c1dacc4a9f9754e1494a72d) Importer(2089858483,192608db42251d675da83286b1cce702) (ScriptedImporter) -> (artifact id: '2ac3a8c07239a13931f0d07e5afddb79') in 0.0248462 seconds
Number of updated asset objects reloaded before import = 0Number of asset objects unloaded after import = 7

========================================================================
Received Import Request.
  Time since last request: 0.000042 seconds.
  path: Assets/PolygonSciFiSpace/Models/SM_Hud_Screen_Backing_01.fbx
  artifactKey: Guid(83537aea04643f7469b4025ebca0e35e) Importer(2089858483,192608db42251d675da83286b1cce702)
Start importing Assets/PolygonSciFiSpace/Models/SM_Hud_Screen_Backing_01.fbx using Guid(83537aea04643f7469b4025ebca0e35e) Importer(2089858483,192608db42251d675da83286b1cce702) (ScriptedImporter) -> (artifact id: '4fffd095c9d0338729b4c6c812001abd') in 0.0261125 seconds
Number of updated asset objects reloaded before import = 0Number of asset objects unloaded after import = 7

========================================================================
Received Import Request.
  Time since last request: 0.000022 seconds.
  path: Assets/PolygonSciFiSpace/Models/SM_Prop_Crate_health_01.fbx
  artifactKey: Guid(682e6c07c05de834186d9d07fc5123c3) Importer(2089858483,192608db42251d675da83286b1cce702)
Start importing Assets/PolygonSciFiSpace/Models/SM_Prop_Crate_health_01.fbx using Guid(682e6c07c05de834186d9d07fc5123c3) Importer(2089858483,192608db42251d675da83286b1cce702) (ScriptedImporter) -> (artifact id: 'a08e34cd8b9018c56a0ac5d86777640a') in 0.0276355 seconds
Number of updated asset objects reloaded before import = 0Number of asset objects unloaded after import = 7

========================================================================
Received Import Request.
  Time since last request: 0.000019 seconds.
  path: Assets/PolygonSciFiSpace/Models/SM_Prop_Detail_Panel_Broken_01.fbx
  artifactKey: Guid(3ebef59b58cfa374f8e6e595afb7b0e8) Importer(2089858483,192608db42251d675da83286b1cce702)
Start importing Assets/PolygonSciFiSpace/Models/SM_Prop_Detail_Panel_Broken_01.fbx using Guid(3ebef59b58cfa374f8e6e595afb7b0e8) Importer(2089858483,192608db42251d675da83286b1cce702) (ScriptedImporter) -> (artifact id: '29003e8e75ea4571fd7818485a1c1a4c') in 0.0339436 seconds
Number of updated asset objects reloaded before import = 0Number of asset objects unloaded after import = 7

========================================================================
Received Import Request.
  Time since last request: 0.000036 seconds.
  path: Assets/PolygonSciFiSpace/Models/SM_Prop_Cart_01.fbx
  artifactKey: Guid(ac167f6c8783df44a90cca6e9b130e94) Importer(2089858483,192608db42251d675da83286b1cce702)
Start importing Assets/PolygonSciFiSpace/Models/SM_Prop_Cart_01.fbx using Guid(ac167f6c8783df44a90cca6e9b130e94) Importer(2089858483,192608db42251d675da83286b1cce702) (ScriptedImporter) -> (artifact id: '2b772dbab3a6db753f008d560ffb4b27') in 0.028175 seconds
Number of updated asset objects reloaded before import = 0Number of asset objects unloaded after import = 7

========================================================================
Received Import Request.
  Time since last request: 0.000037 seconds.
  path: Assets/PolygonSciFiSpace/Models/SM_Prop_Bed_02.fbx
  artifactKey: Guid(f71faf57f90b7c540ac5ddc394a676ce) Importer(2089858483,192608db42251d675da83286b1cce702)
Start importing Assets/PolygonSciFiSpace/Models/SM_Prop_Bed_02.fbx using Guid(f71faf57f90b7c540ac5ddc394a676ce) Importer(2089858483,192608db42251d675da83286b1cce702) (ScriptedImporter) -> (artifact id: '072099b66c2f649d47123bf6446c77d7') in 0.0542096 seconds
Number of updated asset objects reloaded before import = 0Number of asset objects unloaded after import = 7

========================================================================
Received Import Request.
  Time since last request: 0.000025 seconds.
  path: Assets/PolygonSciFiSpace/Models/SM_Hud_Rings_04.fbx
  artifactKey: Guid(3643ba633945a3043b93488581d22859) Importer(2089858483,192608db42251d675da83286b1cce702)
Start importing Assets/PolygonSciFiSpace/Models/SM_Hud_Rings_04.fbx using Guid(3643ba633945a3043b93488581d22859) Importer(2089858483,192608db42251d675da83286b1cce702) (ScriptedImporter) -> (artifact id: 'b54530551376a154f18383eeac8a53a0') in 0.0259914 seconds
Number of updated asset objects reloaded before import = 0Number of asset objects unloaded after import = 7

========================================================================
Received Import Request.
  Time since last request: 0.000022 seconds.
  path: Assets/PolygonSciFiSpace/Models/SM_Prop_Buttons_08.fbx
  artifactKey: Guid(5ba03b5d1e847f14e9db04d8c907aa2d) Importer(2089858483,192608db42251d675da83286b1cce702)
Start importing Assets/PolygonSciFiSpace/Models/SM_Prop_Buttons_08.fbx using Guid(5ba03b5d1e847f14e9db04d8c907aa2d) Importer(2089858483,192608db42251d675da83286b1cce702) (ScriptedImporter) -> (artifact id: '0ecb5278668c7ac0cbbfde8ea412cf6a') in 0.0301806 seconds
Number of updated asset objects reloaded before import = 0Number of asset objects unloaded after import = 7

========================================================================
Received Import Request.
  Time since last request: 0.000038 seconds.
  path: Assets/PolygonSciFiSpace/Models/SM_Env_Debris_Shell_07.fbx
  artifactKey: Guid(09e6960070b813a4ab270688a151ca8c) Importer(2089858483,192608db42251d675da83286b1cce702)
Start importing Assets/PolygonSciFiSpace/Models/SM_Env_Debris_Shell_07.fbx using Guid(09e6960070b813a4ab270688a151ca8c) Importer(2089858483,192608db42251d675da83286b1cce702) (ScriptedImporter) -> (artifact id: '927cf9077b59adf427398e919df63226') in 0.0261532 seconds
Number of updated asset objects reloaded before import = 0Number of asset objects unloaded after import = 7

========================================================================
Received Import Request.
  Time since last request: 0.000057 seconds.
  path: Assets/PolygonSciFiSpace/Models/SM_Prop_Chr_Female_Cryo_02.fbx
  artifactKey: Guid(7564281b512d5db4aa5195472460dd5e) Importer(2089858483,192608db42251d675da83286b1cce702)
Start importing Assets/PolygonSciFiSpace/Models/SM_Prop_Chr_Female_Cryo_02.fbx using Guid(7564281b512d5db4aa5195472460dd5e) Importer(2089858483,192608db42251d675da83286b1cce702) (ScriptedImporter) -> (artifact id: '483381d2071d4479dbaa6b15324cdeba') in 0.0330741 seconds
Number of updated asset objects reloaded before import = 0Number of asset objects unloaded after import = 7

========================================================================
Received Import Request.
  Time since last request: 0.000028 seconds.
  path: Assets/PolygonSciFiSpace/Models/SM_Prop_Detail_Lights_01.fbx
  artifactKey: Guid(f3b47e725abe95644aa7a98d298e245a) Importer(2089858483,192608db42251d675da83286b1cce702)
Start importing Assets/PolygonSciFiSpace/Models/SM_Prop_Detail_Lights_01.fbx using Guid(f3b47e725abe95644aa7a98d298e245a) Importer(2089858483,192608db42251d675da83286b1cce702) (ScriptedImporter) -> (artifact id: 'c6580666cc6a62250dea168e75e97870') in 0.0264621 seconds
Number of updated asset objects reloaded before import = 0Number of asset objects unloaded after import = 7

========================================================================
Received Import Request.
  Time since last request: 0.000025 seconds.
  path: Assets/PolygonSciFiSpace/Models/SM_Prop_ControlPanel_04.fbx
  artifactKey: Guid(a2c115903268a7646bea126cfa500f88) Importer(2089858483,192608db42251d675da83286b1cce702)
Start importing Assets/PolygonSciFiSpace/Models/SM_Prop_ControlPanel_04.fbx using Guid(a2c115903268a7646bea126cfa500f88) Importer(2089858483,192608db42251d675da83286b1cce702) (ScriptedImporter) -> (artifact id: 'eac9b3b44dccfe29491a317942c38d3c') in 0.032197 seconds
Number of updated asset objects reloaded before import = 0Number of asset objects unloaded after import = 7

========================================================================
Received Import Request.
  Time since last request: 0.000024 seconds.
  path: Assets/PolygonSciFiSpace/Models/SM_Prop_Battery_01.fbx
  artifactKey: Guid(c5a94ed5d1d20054aa8eb3001574f156) Importer(2089858483,192608db42251d675da83286b1cce702)
Start importing Assets/PolygonSciFiSpace/Models/SM_Prop_Battery_01.fbx using Guid(c5a94ed5d1d20054aa8eb3001574f156) Importer(2089858483,192608db42251d675da83286b1cce702) (ScriptedImporter) -> (artifact id: '813b99327be9f001130d7bfb41f24c00') in 0.0397724 seconds
Number of updated asset objects reloaded before import = 0Number of asset objects unloaded after import = 7

========================================================================
Received Import Request.
  Time since last request: 0.000034 seconds.
  path: Assets/PolygonSciFiSpace/Models/SM_Prop_Battery_03.fbx
  artifactKey: Guid(8ea48f36c7a2a2642a39ff36ce2a5918) Importer(2089858483,192608db42251d675da83286b1cce702)
Start importing Assets/PolygonSciFiSpace/Models/SM_Prop_Battery_03.fbx using Guid(8ea48f36c7a2a2642a39ff36ce2a5918) Importer(2089858483,192608db42251d675da83286b1cce702) (ScriptedImporter) -> (artifact id: '39367dd95eeb85487f51896dbe0f5bbe') in 0.0336254 seconds
Number of updated asset objects reloaded before import = 0Number of asset objects unloaded after import = 7

========================================================================
Received Import Request.
  Time since last request: 0.000017 seconds.
  path: Assets/PolygonSciFiSpace/Models/SM_Prop_Buttons_11.fbx
  artifactKey: Guid(207e3fa08b4f2ee4d8dd87adfaed0896) Importer(2089858483,192608db42251d675da83286b1cce702)
Start importing Assets/PolygonSciFiSpace/Models/SM_Prop_Buttons_11.fbx using Guid(207e3fa08b4f2ee4d8dd87adfaed0896) Importer(2089858483,192608db42251d675da83286b1cce702) (ScriptedImporter) -> (artifact id: 'b249e162a3a196b381eaf186ce1b2f73') in 0.0237535 seconds
Number of updated asset objects reloaded before import = 0Number of asset objects unloaded after import = 7

========================================================================
Received Import Request.
  Time since last request: 0.000023 seconds.
  path: Assets/PolygonSciFiSpace/Models/SM_Prop_ControlPanel_03.fbx
  artifactKey: Guid(7465cb75954bd7149b5cd49fd09dca2f) Importer(2089858483,192608db42251d675da83286b1cce702)
Start importing Assets/PolygonSciFiSpace/Models/SM_Prop_ControlPanel_03.fbx using Guid(7465cb75954bd7149b5cd49fd09dca2f) Importer(2089858483,192608db42251d675da83286b1cce702) (ScriptedImporter) -> (artifact id: 'a349d6fb24b3a193292fa9d763eb3008') in 0.0267859 seconds
Number of updated asset objects reloaded before import = 0Number of asset objects unloaded after import = 7

========================================================================
Received Import Request.
  Time since last request: 0.000027 seconds.
  path: Assets/PolygonSciFiSpace/Models/SM_Env_Planet_03.fbx
  artifactKey: Guid(b698b733d41e5bc488364163cc581cdc) Importer(2089858483,192608db42251d675da83286b1cce702)
Start importing Assets/PolygonSciFiSpace/Models/SM_Env_Planet_03.fbx using Guid(b698b733d41e5bc488364163cc581cdc) Importer(2089858483,192608db42251d675da83286b1cce702) (ScriptedImporter) -> (artifact id: '1aad3ce6af398eeb37d52efa47836f87') in 0.0263447 seconds
Number of updated asset objects reloaded before import = 0Number of asset objects unloaded after import = 7

========================================================================
Received Import Request.
  Time since last request: 0.000046 seconds.
  path: Assets/PolygonSciFiSpace/Models/SM_Prop_Buttons_05.fbx
  artifactKey: Guid(f86d555330c9a544cbda78324a1be202) Importer(2089858483,192608db42251d675da83286b1cce702)
Start importing Assets/PolygonSciFiSpace/Models/SM_Prop_Buttons_05.fbx using Guid(f86d555330c9a544cbda78324a1be202) Importer(2089858483,192608db42251d675da83286b1cce702) (ScriptedImporter) -> (artifact id: 'fcf4b175b129158fdf62c9a69a9d72a2') in 0.0260668 seconds
Number of updated asset objects reloaded before import = 0Number of asset objects unloaded after import = 7

========================================================================
Received Import Request.
  Time since last request: 0.000019 seconds.
  path: Assets/PolygonSciFiSpace/Models/SM_Prop_Decontamination_Shower_01.fbx
  artifactKey: Guid(329d60c9a0a31ac47ba5ffdc0b611849) Importer(2089858483,192608db42251d675da83286b1cce702)
Start importing Assets/PolygonSciFiSpace/Models/SM_Prop_Decontamination_Shower_01.fbx using Guid(329d60c9a0a31ac47ba5ffdc0b611849) Importer(2089858483,192608db42251d675da83286b1cce702) (ScriptedImporter) -> (artifact id: 'd6bf1d590d4cc47f4532b7350b426ff6') in 0.0254997 seconds
Number of updated asset objects reloaded before import = 0Number of asset objects unloaded after import = 7

========================================================================
Received Import Request.
  Time since last request: 0.000025 seconds.
  path: Assets/PolygonSciFiSpace/Models/SM_Prop_Crate_02.fbx
  artifactKey: Guid(2d51dd8fca8cca4428078d1816d1ad7e) Importer(2089858483,192608db42251d675da83286b1cce702)
Start importing Assets/PolygonSciFiSpace/Models/SM_Prop_Crate_02.fbx using Guid(2d51dd8fca8cca4428078d1816d1ad7e) Importer(2089858483,192608db42251d675da83286b1cce702) (ScriptedImporter) -> (artifact id: '19f75e7ed590693f1d9d6a467729f5ac') in 0.0244925 seconds
Number of updated asset objects reloaded before import = 0Number of asset objects unloaded after import = 7

========================================================================
Received Import Request.
  Time since last request: 0.000032 seconds.
  path: Assets/PolygonSciFiSpace/Models/SM_Prop_Buttons_14.fbx
  artifactKey: Guid(0e6e8955fbc71fb49a5366f64ae9685b) Importer(2089858483,192608db42251d675da83286b1cce702)
Start importing Assets/PolygonSciFiSpace/Models/SM_Prop_Buttons_14.fbx using Guid(0e6e8955fbc71fb49a5366f64ae9685b) Importer(2089858483,192608db42251d675da83286b1cce702) (ScriptedImporter) -> (artifact id: '64be3662eedb4d015874ed537327a116') in 0.0245426 seconds
Number of updated asset objects reloaded before import = 0Number of asset objects unloaded after import = 7

========================================================================
Received Import Request.
  Time since last request: 0.000037 seconds.
  path: Assets/PolygonSciFiSpace/Models/SM_Prop_Buttons_02.fbx
  artifactKey: Guid(5b5ad645705392f4ead01a791f9d0d39) Importer(2089858483,192608db42251d675da83286b1cce702)
Start importing Assets/PolygonSciFiSpace/Models/SM_Prop_Buttons_02.fbx using Guid(5b5ad645705392f4ead01a791f9d0d39) Importer(2089858483,192608db42251d675da83286b1cce702) (ScriptedImporter) -> (artifact id: 'cae7f33f9877f8eb19bec156544f2378') in 0.0244112 seconds
Number of updated asset objects reloaded before import = 0Number of asset objects unloaded after import = 7

========================================================================
Received Import Request.
  Time since last request: 0.000021 seconds.
  path: Assets/PolygonSciFiSpace/Models/SM_Prop_Detail_Handle_02.fbx
  artifactKey: Guid(f466fdf6d35b4df4b912f1d131787ab4) Importer(2089858483,192608db42251d675da83286b1cce702)
Start importing Assets/PolygonSciFiSpace/Models/SM_Prop_Detail_Handle_02.fbx using Guid(f466fdf6d35b4df4b912f1d131787ab4) Importer(2089858483,192608db42251d675da83286b1cce702) (ScriptedImporter) -> (artifact id: '4a6d17ec05af6a737a82602dcac81a2a') in 0.0228162 seconds
Number of updated asset objects reloaded before import = 0Number of asset objects unloaded after import = 7

========================================================================
Received Import Request.
  Time since last request: 0.712152 seconds.
  path: Assets/PolygonSciFiSpace/Models/SM_Prop_Detail_Pipe_01.fbx
  artifactKey: Guid(77fa0c89ffa5d884e900f9bd25eedfa4) Importer(2089858483,192608db42251d675da83286b1cce702)
Start importing Assets/PolygonSciFiSpace/Models/SM_Prop_Detail_Pipe_01.fbx using Guid(77fa0c89ffa5d884e900f9bd25eedfa4) Importer(2089858483,192608db42251d675da83286b1cce702) (ScriptedImporter) -> (artifact id: '7baf6647e8d3b4cf708245e5e55ec46e') in 0.029833 seconds
Number of updated asset objects reloaded before import = 0Number of asset objects unloaded after import = 7

========================================================================
Received Import Request.
  Time since last request: 0.000019 seconds.
  path: Assets/PolygonSciFiSpace/Models/SM_Prop_Medical_Machine_01.fbx
  artifactKey: Guid(0f26d45c1c030b84886344cd52c5e46d) Importer(2089858483,192608db42251d675da83286b1cce702)
Start importing Assets/PolygonSciFiSpace/Models/SM_Prop_Medical_Machine_01.fbx using Guid(0f26d45c1c030b84886344cd52c5e46d) Importer(2089858483,192608db42251d675da83286b1cce702) (ScriptedImporter) -> (artifact id: '333220e457e22346294023ca99668520') in 0.0287757 seconds
Number of updated asset objects reloaded before import = 0Number of asset objects unloaded after import = 7

========================================================================
Received Import Request.
  Time since last request: 0.000020 seconds.
  path: Assets/PolygonSciFiSpace/Models/SM_Prop_Detail_Wire_03.fbx
  artifactKey: Guid(aa344529e30db7e4c9aa815ab03e884e) Importer(2089858483,192608db42251d675da83286b1cce702)
Start importing Assets/PolygonSciFiSpace/Models/SM_Prop_Detail_Wire_03.fbx using Guid(aa344529e30db7e4c9aa815ab03e884e) Importer(2089858483,192608db42251d675da83286b1cce702) (ScriptedImporter) -> (artifact id: '4f0c25f903f7039dc167efce60d7156d') in 0.0283904 seconds
Number of updated asset objects reloaded before import = 0Number of asset objects unloaded after import = 7

========================================================================
Received Import Request.
  Time since last request: 0.000030 seconds.
  path: Assets/PolygonSciFiSpace/Models/SM_Prop_FoodPacket_01.fbx
  artifactKey: Guid(1af531419cebb26479e64ecd379b913c) Importer(2089858483,192608db42251d675da83286b1cce702)
Start importing Assets/PolygonSciFiSpace/Models/SM_Prop_FoodPacket_01.fbx using Guid(1af531419cebb26479e64ecd379b913c) Importer(2089858483,192608db42251d675da83286b1cce702) (ScriptedImporter) -> (artifact id: 'c2a9baa700256a067b6a62f968781db3') in 0.0335199 seconds
Number of updated asset objects reloaded before import = 0Number of asset objects unloaded after import = 7

========================================================================
Received Import Request.
  Time since last request: 0.000046 seconds.
  path: Assets/PolygonSciFiSpace/Models/SM_Prop_Detail_Struts_01.fbx
  artifactKey: Guid(4a6612d40cf75fd40ac4c48dd5af6f37) Importer(2089858483,192608db42251d675da83286b1cce702)
Start importing Assets/PolygonSciFiSpace/Models/SM_Prop_Detail_Struts_01.fbx using Guid(4a6612d40cf75fd40ac4c48dd5af6f37) Importer(2089858483,192608db42251d675da83286b1cce702) (ScriptedImporter) -> (artifact id: 'bb6463a156528f6b5dc5b939b28bd255') in 0.0362571 seconds
Number of updated asset objects reloaded before import = 0Number of asset objects unloaded after import = 7

========================================================================
Received Import Request.
  Time since last request: 0.000028 seconds.
  path: Assets/PolygonSciFiSpace/Models/SM_Prop_Screen_09.fbx
  artifactKey: Guid(8a3a0a7c677190d4f8b36ae018d9f656) Importer(2089858483,192608db42251d675da83286b1cce702)
Start importing Assets/PolygonSciFiSpace/Models/SM_Prop_Screen_09.fbx using Guid(8a3a0a7c677190d4f8b36ae018d9f656) Importer(2089858483,192608db42251d675da83286b1cce702) (ScriptedImporter) -> (artifact id: '17b49ee7ce867b6226e2997741187cf5') in 0.024365 seconds
Number of updated asset objects reloaded before import = 0Number of asset objects unloaded after import = 7

========================================================================
Received Import Request.
  Time since last request: 0.000029 seconds.
  path: Assets/PolygonSciFiSpace/Models/SM_Prop_Detail_Wire_01.fbx
  artifactKey: Guid(034e87a89de26d44c8adfd36d92f2a9f) Importer(2089858483,192608db42251d675da83286b1cce702)
Start importing Assets/PolygonSciFiSpace/Models/SM_Prop_Detail_Wire_01.fbx using Guid(034e87a89de26d44c8adfd36d92f2a9f) Importer(2089858483,192608db42251d675da83286b1cce702) (ScriptedImporter) -> (artifact id: '04046ba587b2902338cc52bfb30d1871') in 0.0299417 seconds
Number of updated asset objects reloaded before import = 0Number of asset objects unloaded after import = 7

========================================================================
Received Import Request.
  Time since last request: 0.000031 seconds.
  path: Assets/PolygonSciFiSpace/Models/SM_Prop_Detail_SynCola_02.fbx
  artifactKey: Guid(dfde6b9da244d514b858fc5dc2668e74) Importer(2089858483,192608db42251d675da83286b1cce702)
Start importing Assets/PolygonSciFiSpace/Models/SM_Prop_Detail_SynCola_02.fbx using Guid(dfde6b9da244d514b858fc5dc2668e74) Importer(2089858483,192608db42251d675da83286b1cce702) (ScriptedImporter) -> (artifact id: '598aeb4785e934eec1cee648c734ddd3') in 0.0300599 seconds
Number of updated asset objects reloaded before import = 0Number of asset objects unloaded after import = 7

========================================================================
Received Import Request.
  Time since last request: 0.000044 seconds.
  path: Assets/PolygonSciFiSpace/Models/SM_Prop_Light_Small_05.fbx
  artifactKey: Guid(e4ecc4d3e7dee2d4d9098b4c0fbdf73d) Importer(2089858483,192608db42251d675da83286b1cce702)
Start importing Assets/PolygonSciFiSpace/Models/SM_Prop_Light_Small_05.fbx using Guid(e4ecc4d3e7dee2d4d9098b4c0fbdf73d) Importer(2089858483,192608db42251d675da83286b1cce702) (ScriptedImporter) -> (artifact id: 'fd0831005707da6cd238e7dddd6e1341') in 0.0259772 seconds
Number of updated asset objects reloaded before import = 0Number of asset objects unloaded after import = 7

========================================================================
Received Import Request.
  Time since last request: 0.000020 seconds.
  path: Assets/PolygonSciFiSpace/Models/SM_Prop_Light_Panel_02.fbx
  artifactKey: Guid(66be5dfaef4c62a49aa1c3a80e12878f) Importer(2089858483,192608db42251d675da83286b1cce702)
Start importing Assets/PolygonSciFiSpace/Models/SM_Prop_Light_Panel_02.fbx using Guid(66be5dfaef4c62a49aa1c3a80e12878f) Importer(2089858483,192608db42251d675da83286b1cce702) (ScriptedImporter) -> (artifact id: '186800fbcf0d8049cad538c1e41a3054') in 0.0315778 seconds
Number of updated asset objects reloaded before import = 0Number of asset objects unloaded after import = 7

========================================================================
Received Import Request.
  Time since last request: 0.000022 seconds.
  path: Assets/PolygonSciFiSpace/Models/SM_Prop_Light_Panel_03.fbx
  artifactKey: Guid(89a66e962cf5389499c18db5069e9fed) Importer(2089858483,192608db42251d675da83286b1cce702)
Start importing Assets/PolygonSciFiSpace/Models/SM_Prop_Light_Panel_03.fbx using Guid(89a66e962cf5389499c18db5069e9fed) Importer(2089858483,192608db42251d675da83286b1cce702) (ScriptedImporter) -> (artifact id: '409490434399efbcd390f453e1b73b5e') in 0.0255143 seconds
Number of updated asset objects reloaded before import = 0Number of asset objects unloaded after import = 7

========================================================================
Received Import Request.
  Time since last request: 0.000025 seconds.
  path: Assets/PolygonSciFiSpace/Models/SM_Prop_StairsPlatform_01.fbx
  artifactKey: Guid(edc81c185e0ff9142b2c988d0a2dae60) Importer(2089858483,192608db42251d675da83286b1cce702)
Start importing Assets/PolygonSciFiSpace/Models/SM_Prop_StairsPlatform_01.fbx using Guid(edc81c185e0ff9142b2c988d0a2dae60) Importer(2089858483,192608db42251d675da83286b1cce702) (ScriptedImporter) -> (artifact id: '167c285a439706e4e1d1d8582777cd41') in 0.0286214 seconds
Number of updated asset objects reloaded before import = 0Number of asset objects unloaded after import = 7

========================================================================
Received Import Request.
  Time since last request: 0.000038 seconds.
  path: Assets/PolygonSciFiSpace/Models/SM_Prop_Detail_Vent_01.fbx
  artifactKey: Guid(84781205c1698ae48a26d5ee863c5f1d) Importer(2089858483,192608db42251d675da83286b1cce702)
Start importing Assets/PolygonSciFiSpace/Models/SM_Prop_Detail_Vent_01.fbx using Guid(84781205c1698ae48a26d5ee863c5f1d) Importer(2089858483,192608db42251d675da83286b1cce702) (ScriptedImporter) -> (artifact id: 'dd0cd7518ed83897a88de233ebdb8d74') in 0.0251017 seconds
Number of updated asset objects reloaded before import = 0Number of asset objects unloaded after import = 7

========================================================================
Received Import Request.
  Time since last request: 0.000025 seconds.
  path: Assets/PolygonSciFiSpace/Models/SM_Prop_Joystick_01.fbx
  artifactKey: Guid(3ea8cf7a3ff9a3f4892e8b7c9348b995) Importer(2089858483,192608db42251d675da83286b1cce702)
Start importing Assets/PolygonSciFiSpace/Models/SM_Prop_Joystick_01.fbx using Guid(3ea8cf7a3ff9a3f4892e8b7c9348b995) Importer(2089858483,192608db42251d675da83286b1cce702) (ScriptedImporter) -> (artifact id: '617a3e2618db19de66a18d4bff2f006f') in 0.0260298 seconds
Number of updated asset objects reloaded before import = 0Number of asset objects unloaded after import = 7

========================================================================
Received Import Request.
  Time since last request: 0.000024 seconds.
  path: Assets/PolygonSciFiSpace/Models/SM_Prop_Detail_Wire_02.fbx
  artifactKey: Guid(a7b6c138e7ccc384eb3b4c60852168b5) Importer(2089858483,192608db42251d675da83286b1cce702)
Start importing Assets/PolygonSciFiSpace/Models/SM_Prop_Detail_Wire_02.fbx using Guid(a7b6c138e7ccc384eb3b4c60852168b5) Importer(2089858483,192608db42251d675da83286b1cce702) (ScriptedImporter) -> (artifact id: '151683e27d4c2ef97fb06918bc8b8055') in 0.0254846 seconds
Number of updated asset objects reloaded before import = 0Number of asset objects unloaded after import = 7

========================================================================
Received Import Request.
  Time since last request: 0.000026 seconds.
  path: Assets/PolygonSciFiSpace/Models/SM_Prop_Light_Small_02.fbx
  artifactKey: Guid(2078a94674bc2f04db899d7a0f8dc370) Importer(2089858483,192608db42251d675da83286b1cce702)
Start importing Assets/PolygonSciFiSpace/Models/SM_Prop_Light_Small_02.fbx using Guid(2078a94674bc2f04db899d7a0f8dc370) Importer(2089858483,192608db42251d675da83286b1cce702) (ScriptedImporter) -> (artifact id: '1c849ef9ab18e63a042c8b6791b9318b') in 0.0308427 seconds
Number of updated asset objects reloaded before import = 0Number of asset objects unloaded after import = 7

========================================================================
Received Import Request.
  Time since last request: 0.000045 seconds.
  path: Assets/PolygonSciFiSpace/Models/SM_Prop_MedicalArms_01.fbx
  artifactKey: Guid(bffde652319d09e40a541801b71081ec) Importer(2089858483,192608db42251d675da83286b1cce702)
Start importing Assets/PolygonSciFiSpace/Models/SM_Prop_MedicalArms_01.fbx using Guid(bffde652319d09e40a541801b71081ec) Importer(2089858483,192608db42251d675da83286b1cce702) (ScriptedImporter) -> (artifact id: 'f909d4cae1d53e6786bcb25dba29663a') in 0.0331783 seconds
Number of updated asset objects reloaded before import = 0Number of asset objects unloaded after import = 7

========================================================================
Received Import Request.
  Time since last request: 0.000033 seconds.
  path: Assets/PolygonSciFiSpace/Models/SM_Prop_Panel_01.fbx
  artifactKey: Guid(8614bc716b994c847a9e7301e60fc026) Importer(2089858483,192608db42251d675da83286b1cce702)
Start importing Assets/PolygonSciFiSpace/Models/SM_Prop_Panel_01.fbx using Guid(8614bc716b994c847a9e7301e60fc026) Importer(2089858483,192608db42251d675da83286b1cce702) (ScriptedImporter) -> (artifact id: '2bd62eef89142978a2e951667bf58a4d') in 0.0352428 seconds
Number of updated asset objects reloaded before import = 0Number of asset objects unloaded after import = 7

========================================================================
Received Import Request.
  Time since last request: 0.000024 seconds.
  path: Assets/PolygonSciFiSpace/Models/SM_Prop_FoodPacket_04.fbx
  artifactKey: Guid(16e23ea5db74b024cac424c77e2c738c) Importer(2089858483,192608db42251d675da83286b1cce702)
Start importing Assets/PolygonSciFiSpace/Models/SM_Prop_FoodPacket_04.fbx using Guid(16e23ea5db74b024cac424c77e2c738c) Importer(2089858483,192608db42251d675da83286b1cce702) (ScriptedImporter) -> (artifact id: '263d3195cd93a2d2aa1d5e69ad9f4c6d') in 0.0340923 seconds
Number of updated asset objects reloaded before import = 0Number of asset objects unloaded after import = 7

========================================================================
Received Import Request.
  Time since last request: 0.000034 seconds.
  path: Assets/PolygonSciFiSpace/Models/SM_Prop_Turret_Base_Double_07.fbx
  artifactKey: Guid(a5766c045f32c2241b468b9ac48679f9) Importer(2089858483,192608db42251d675da83286b1cce702)
Start importing Assets/PolygonSciFiSpace/Models/SM_Prop_Turret_Base_Double_07.fbx using Guid(a5766c045f32c2241b468b9ac48679f9) Importer(2089858483,192608db42251d675da83286b1cce702) (ScriptedImporter) -> (artifact id: '3525c41563feed9e3cb00fb024201185') in 0.0432302 seconds
Number of updated asset objects reloaded before import = 0Number of asset objects unloaded after import = 17

========================================================================
Received Import Request.
  Time since last request: 0.000037 seconds.
  path: Assets/PolygonSciFiSpace/Models/SM_Prop_Turret_Base_Single_02.fbx
  artifactKey: Guid(a73115190c1e99742b2081815184d1bc) Importer(2089858483,192608db42251d675da83286b1cce702)
Start importing Assets/PolygonSciFiSpace/Models/SM_Prop_Turret_Base_Single_02.fbx using Guid(a73115190c1e99742b2081815184d1bc) Importer(2089858483,192608db42251d675da83286b1cce702) (ScriptedImporter) -> (artifact id: '879452b2beb6223c463165af77de6c75') in 0.0371275 seconds
Number of updated asset objects reloaded before import = 0Number of asset objects unloaded after import = 17

========================================================================
Received Import Request.
  Time since last request: 0.000025 seconds.
  path: Assets/PolygonSciFiSpace/Models/SM_Prop_Stairs_01.fbx
  artifactKey: Guid(3a9167268fb73cb48b6f3226667f05f2) Importer(2089858483,192608db42251d675da83286b1cce702)
Start importing Assets/PolygonSciFiSpace/Models/SM_Prop_Stairs_01.fbx using Guid(3a9167268fb73cb48b6f3226667f05f2) Importer(2089858483,192608db42251d675da83286b1cce702) (ScriptedImporter) -> (artifact id: '4377d1916f82b04c0d7441dfbe2afaa8') in 0.0329582 seconds
Number of updated asset objects reloaded before import = 0Number of asset objects unloaded after import = 7

========================================================================
Received Import Request.
  Time since last request: 0.000032 seconds.
  path: Assets/PolygonSciFiSpace/Models/SM_Prop_Engine_Construction_01.fbx
  artifactKey: Guid(9db39f6fc0199fd4db24bfab80e66f15) Importer(2089858483,192608db42251d675da83286b1cce702)
Start importing Assets/PolygonSciFiSpace/Models/SM_Prop_Engine_Construction_01.fbx using Guid(9db39f6fc0199fd4db24bfab80e66f15) Importer(2089858483,192608db42251d675da83286b1cce702) (ScriptedImporter) -> (artifact id: '1aa168a66ee0bfe4ca19a99148e04784') in 0.0288721 seconds
Number of updated asset objects reloaded before import = 0Number of asset objects unloaded after import = 7

========================================================================
Received Import Request.
  Time since last request: 0.000028 seconds.
  path: Assets/PolygonSciFiSpace/Models/SM_Prop_MapTable_01.fbx
  artifactKey: Guid(90546394c794a0e4bb1f290ad8c66a08) Importer(2089858483,192608db42251d675da83286b1cce702)
Start importing Assets/PolygonSciFiSpace/Models/SM_Prop_MapTable_01.fbx using Guid(90546394c794a0e4bb1f290ad8c66a08) Importer(2089858483,192608db42251d675da83286b1cce702) (ScriptedImporter) -> (artifact id: 'abe78dc4dd841dda188c6f405ded588f') in 0.0286634 seconds
Number of updated asset objects reloaded before import = 0Number of asset objects unloaded after import = 7

========================================================================
Received Import Request.
  Time since last request: 0.000046 seconds.
  path: Assets/PolygonSciFiSpace/Models/SM_Prop_Radar_Panel_02.fbx
  artifactKey: Guid(2efa7b43c1a8f964c88748ea1c115cac) Importer(2089858483,192608db42251d675da83286b1cce702)
Start importing Assets/PolygonSciFiSpace/Models/SM_Prop_Radar_Panel_02.fbx using Guid(2efa7b43c1a8f964c88748ea1c115cac) Importer(2089858483,192608db42251d675da83286b1cce702) (ScriptedImporter) -> (artifact id: '9b09c380a85f18a36bf2aa3ccdd26107') in 0.0347885 seconds
Number of updated asset objects reloaded before import = 0Number of asset objects unloaded after import = 7

========================================================================
Received Import Request.
  Time since last request: 0.000025 seconds.
  path: Assets/PolygonSciFiSpace/Models/SM_Prop_Stairs_03.fbx
  artifactKey: Guid(60a543c5d0826484b905a00656064e7b) Importer(2089858483,192608db42251d675da83286b1cce702)
Start importing Assets/PolygonSciFiSpace/Models/SM_Prop_Stairs_03.fbx using Guid(60a543c5d0826484b905a00656064e7b) Importer(2089858483,192608db42251d675da83286b1cce702) (ScriptedImporter) -> (artifact id: 'e4e141e104434c25a55f0ffcbfb230f2') in 0.0280932 seconds
Number of updated asset objects reloaded before import = 0Number of asset objects unloaded after import = 7

========================================================================
Received Import Request.
  Time since last request: 0.000027 seconds.
  path: Assets/PolygonSciFiSpace/Models/SM_Prop_Turret_Base_Single_06.fbx
  artifactKey: Guid(a4fdf228093fff1468792039206ea033) Importer(2089858483,192608db42251d675da83286b1cce702)
Start importing Assets/PolygonSciFiSpace/Models/SM_Prop_Turret_Base_Single_06.fbx using Guid(a4fdf228093fff1468792039206ea033) Importer(2089858483,192608db42251d675da83286b1cce702) (ScriptedImporter) -> (artifact id: 'aac7ff8875b5094c770edc10aa100dc9') in 0.0355201 seconds
Number of updated asset objects reloaded before import = 0Number of asset objects unloaded after import = 17

========================================================================
Received Import Request.
  Time since last request: 0.000028 seconds.
  path: Assets/PolygonSciFiSpace/Models/SM_Prop_Detail_Struts_02.fbx
  artifactKey: Guid(0d62f1bdd86666d498f51ffa92e41d9c) Importer(2089858483,192608db42251d675da83286b1cce702)
Start importing Assets/PolygonSciFiSpace/Models/SM_Prop_Detail_Struts_02.fbx using Guid(0d62f1bdd86666d498f51ffa92e41d9c) Importer(2089858483,192608db42251d675da83286b1cce702) (ScriptedImporter) -> (artifact id: 'fa4f986d413890b19fd801d808b65505') in 0.0330557 seconds
Number of updated asset objects reloaded before import = 0Number of asset objects unloaded after import = 7

========================================================================
Received Import Request.
  Time since last request: 0.000069 seconds.
  path: Assets/PolygonSciFiSpace/Models/SM_Prop_Solar_Hex_01.fbx
  artifactKey: Guid(e00318330cab2354fa945148583a1f44) Importer(2089858483,192608db42251d675da83286b1cce702)
Start importing Assets/PolygonSciFiSpace/Models/SM_Prop_Solar_Hex_01.fbx using Guid(e00318330cab2354fa945148583a1f44) Importer(2089858483,192608db42251d675da83286b1cce702) (ScriptedImporter) -> (artifact id: '0c73b0a9e5c99e9fda70c9d12ad4b6ad') in 0.0307563 seconds
Number of updated asset objects reloaded before import = 0Number of asset objects unloaded after import = 7

========================================================================
Received Import Request.
  Time since last request: 0.000025 seconds.
  path: Assets/PolygonSciFiSpace/Models/SM_Prop_Greeble_Panel_03.fbx
  artifactKey: Guid(b6a2b5c7bc44f0f4388438f6f89beb43) Importer(2089858483,192608db42251d675da83286b1cce702)
Start importing Assets/PolygonSciFiSpace/Models/SM_Prop_Greeble_Panel_03.fbx using Guid(b6a2b5c7bc44f0f4388438f6f89beb43) Importer(2089858483,192608db42251d675da83286b1cce702) (ScriptedImporter) -> (artifact id: 'db8807f1630837378f60a1c4d944ad39') in 0.0308317 seconds
Number of updated asset objects reloaded before import = 0Number of asset objects unloaded after import = 7

========================================================================
Received Import Request.
  Time since last request: 0.000029 seconds.
  path: Assets/PolygonSciFiSpace/Models/SM_Prop_Turret_Base_Double_01.fbx
  artifactKey: Guid(05866dac076594d489fce63513fc3c7d) Importer(2089858483,192608db42251d675da83286b1cce702)
Start importing Assets/PolygonSciFiSpace/Models/SM_Prop_Turret_Base_Double_01.fbx using Guid(05866dac076594d489fce63513fc3c7d) Importer(2089858483,192608db42251d675da83286b1cce702) (ScriptedImporter) -> (artifact id: 'b8242a83ce94ac05fbddeb50f5692813') in 0.0393875 seconds
Number of updated asset objects reloaded before import = 0Number of asset objects unloaded after import = 22

========================================================================
Received Import Request.
  Time since last request: 0.000034 seconds.
  path: Assets/PolygonSciFiSpace/Models/SM_Prop_Turret_Small_Ceiling_01.fbx
  artifactKey: Guid(907d70ed8f0fe5742ab7df700400b8f8) Importer(2089858483,192608db42251d675da83286b1cce702)
Start importing Assets/PolygonSciFiSpace/Models/SM_Prop_Turret_Small_Ceiling_01.fbx using Guid(907d70ed8f0fe5742ab7df700400b8f8) Importer(2089858483,192608db42251d675da83286b1cce702) (ScriptedImporter) -> (artifact id: 'e3093d06eeef43ef4be67b6ca957a79f') in 0.0396768 seconds
Number of updated asset objects reloaded before import = 0Number of asset objects unloaded after import = 17

========================================================================
Received Import Request.
  Time since last request: 0.000041 seconds.
  path: Assets/PolygonSciFiSpace/Models/SM_Prop_Detail_Pipe_Straight_01.fbx
  artifactKey: Guid(653b47a03fdd5214a972284801433fe2) Importer(2089858483,192608db42251d675da83286b1cce702)
Start importing Assets/PolygonSciFiSpace/Models/SM_Prop_Detail_Pipe_Straight_01.fbx using Guid(653b47a03fdd5214a972284801433fe2) Importer(2089858483,192608db42251d675da83286b1cce702) (ScriptedImporter) -> (artifact id: 'dec42e143de248093c8822ecc0f88ca7') in 0.0356911 seconds
Number of updated asset objects reloaded before import = 0Number of asset objects unloaded after import = 7

========================================================================
Received Import Request.
  Time since last request: 0.000033 seconds.
  path: Assets/PolygonSciFiSpace/Models/SM_Prop_Ladder_Handles_01.fbx
  artifactKey: Guid(1c90f29b292806b43912dc63809e8e56) Importer(2089858483,192608db42251d675da83286b1cce702)
Start importing Assets/PolygonSciFiSpace/Models/SM_Prop_Ladder_Handles_01.fbx using Guid(1c90f29b292806b43912dc63809e8e56) Importer(2089858483,192608db42251d675da83286b1cce702) (ScriptedImporter) -> (artifact id: 'f6f57b43de101848106a41855de30c1d') in 0.0299611 seconds
Number of updated asset objects reloaded before import = 0Number of asset objects unloaded after import = 7

========================================================================
Received Import Request.
  Time since last request: 0.000030 seconds.
  path: Assets/PolygonSciFiSpace/Models/SM_Prop_Turret_Base_Double_06.fbx
  artifactKey: Guid(ccbb00b8877f70546894059b193cd99f) Importer(2089858483,192608db42251d675da83286b1cce702)
Start importing Assets/PolygonSciFiSpace/Models/SM_Prop_Turret_Base_Double_06.fbx using Guid(ccbb00b8877f70546894059b193cd99f) Importer(2089858483,192608db42251d675da83286b1cce702) (ScriptedImporter) -> (artifact id: '1d1134bf8c8b3683efa4f944ddd72907') in 0.0378657 seconds
Number of updated asset objects reloaded before import = 0Number of asset objects unloaded after import = 17

========================================================================
Received Import Request.
  Time since last request: 0.000029 seconds.
  path: Assets/PolygonSciFiSpace/Models/SM_Prop_FoodPacket_02.fbx
  artifactKey: Guid(25d62e2695c535f4b9eafdf0e368e3d0) Importer(2089858483,192608db42251d675da83286b1cce702)
Start importing Assets/PolygonSciFiSpace/Models/SM_Prop_FoodPacket_02.fbx using Guid(25d62e2695c535f4b9eafdf0e368e3d0) Importer(2089858483,192608db42251d675da83286b1cce702) (ScriptedImporter) -> (artifact id: '5ca82ad0595908137a35c10a18dd239e') in 0.0311449 seconds
Number of updated asset objects reloaded before import = 0Number of asset objects unloaded after import = 7

========================================================================
Received Import Request.
  Time since last request: 0.000041 seconds.
  path: Assets/PolygonSciFiSpace/Models/SM_Prop_StairsPlatform_02.fbx
  artifactKey: Guid(e734dfc0649673548afb969073d6335c) Importer(2089858483,192608db42251d675da83286b1cce702)
Start importing Assets/PolygonSciFiSpace/Models/SM_Prop_StairsPlatform_02.fbx using Guid(e734dfc0649673548afb969073d6335c) Importer(2089858483,192608db42251d675da83286b1cce702) (ScriptedImporter) -> (artifact id: 'faf0a19cda78dd40142127fedb536e5b') in 0.0324163 seconds
Number of updated asset objects reloaded before import = 0Number of asset objects unloaded after import = 7

========================================================================
Received Import Request.
  Time since last request: 0.000019 seconds.
  path: Assets/PolygonSciFiSpace/Models/SM_Sign_Bridge_01.fbx
  artifactKey: Guid(c84beddd2bd5f60448b67ac5e6556048) Importer(2089858483,192608db42251d675da83286b1cce702)
Start importing Assets/PolygonSciFiSpace/Models/SM_Sign_Bridge_01.fbx using Guid(c84beddd2bd5f60448b67ac5e6556048) Importer(2089858483,192608db42251d675da83286b1cce702) (ScriptedImporter) -> (artifact id: '62301272ff59a2e67669ca4098dd71ab') in 0.0284668 seconds
Number of updated asset objects reloaded before import = 0Number of asset objects unloaded after import = 7

========================================================================
Received Import Request.
  Time since last request: 0.000075 seconds.
  path: Assets/PolygonSciFiSpace/Models/SM_Ship_Bomber_04.fbx
  artifactKey: Guid(18b23b049a283a447ba86ebb9765a1a1) Importer(2089858483,192608db42251d675da83286b1cce702)
Start importing Assets/PolygonSciFiSpace/Models/SM_Ship_Bomber_04.fbx using Guid(18b23b049a283a447ba86ebb9765a1a1) Importer(2089858483,192608db42251d675da83286b1cce702) (ScriptedImporter) -> (artifact id: '49427cb89dfed816eda86c31e2cad65a') in 0.0289517 seconds
Number of updated asset objects reloaded before import = 0Number of asset objects unloaded after import = 7

========================================================================
Received Import Request.
  Time since last request: 0.000030 seconds.
  path: Assets/PolygonSciFiSpace/Models/SM_Veh_Part_Wing_07.fbx
  artifactKey: Guid(29693e2d4b0dfbd4bb48c2b34e3a7707) Importer(2089858483,192608db42251d675da83286b1cce702)
Start importing Assets/PolygonSciFiSpace/Models/SM_Veh_Part_Wing_07.fbx using Guid(29693e2d4b0dfbd4bb48c2b34e3a7707) Importer(2089858483,192608db42251d675da83286b1cce702) (ScriptedImporter) -> (artifact id: '1bff7adfa6573338668932ab15611806') in 0.0344891 seconds
Number of updated asset objects reloaded before import = 0Number of asset objects unloaded after import = 7

========================================================================
Received Import Request.
  Time since last request: 0.000050 seconds.
  path: Assets/PolygonSciFiSpace/Models/SM_Ship_Cruiser_03.fbx
  artifactKey: Guid(a2df07ad39296cb44817e549d34d5a41) Importer(2089858483,192608db42251d675da83286b1cce702)
Start importing Assets/PolygonSciFiSpace/Models/SM_Ship_Cruiser_03.fbx using Guid(a2df07ad39296cb44817e549d34d5a41) Importer(2089858483,192608db42251d675da83286b1cce702) (ScriptedImporter) -> (artifact id: '0806b2b664981fd2ccb09c205a9b6510') in 0.0365197 seconds
Number of updated asset objects reloaded before import = 0Number of asset objects unloaded after import = 7

========================================================================
Received Import Request.
  Time since last request: 0.000024 seconds.
  path: Assets/PolygonSciFiSpace/Textures/PolygonSciFiSpace_PlanetLines_01.png
  artifactKey: Guid(67c01b19dd0b2354f932b32748d8491d) Importer(2089858483,192608db42251d675da83286b1cce702)
Start importing Assets/PolygonSciFiSpace/Textures/PolygonSciFiSpace_PlanetLines_01.png using Guid(67c01b19dd0b2354f932b32748d8491d) Importer(2089858483,192608db42251d675da83286b1cce702) (ScriptedImporter) -> (artifact id: 'd4eca10eb0c56a5082cee3a2e4320eee') in 0.0275564 seconds
Number of updated asset objects reloaded before import = 0Number of asset objects unloaded after import = 1

========================================================================
Received Import Request.
  Time since last request: 0.000075 seconds.
  path: Assets/PolygonSciFiSpace/Models/SM_SignBorder_Rocket_01.fbx
  artifactKey: Guid(9049acf33b7005a4aa5bab47ca70451c) Importer(2089858483,192608db42251d675da83286b1cce702)
Start importing Assets/PolygonSciFiSpace/Models/SM_SignBorder_Rocket_01.fbx using Guid(9049acf33b7005a4aa5bab47ca70451c) Importer(2089858483,192608db42251d675da83286b1cce702) (ScriptedImporter) -> (artifact id: '1329b6ae8183f927b757480f6d97b117') in 0.0255623 seconds
Number of updated asset objects reloaded before import = 0Number of asset objects unloaded after import = 7

========================================================================
Received Import Request.
  Time since last request: 0.000028 seconds.
  path: Assets/PolygonSciFiSpace/Models/SM_SignBorder_Arrow_01.fbx
  artifactKey: Guid(3f4f740c3880a7a4c9aa041f746df5be) Importer(2089858483,192608db42251d675da83286b1cce702)
Start importing Assets/PolygonSciFiSpace/Models/SM_SignBorder_Arrow_01.fbx using Guid(3f4f740c3880a7a4c9aa041f746df5be) Importer(2089858483,192608db42251d675da83286b1cce702) (ScriptedImporter) -> (artifact id: '25f2eeb4d49e4a7e4fc0793b40f73027') in 0.0340416 seconds
Number of updated asset objects reloaded before import = 0Number of asset objects unloaded after import = 7

========================================================================
Received Import Request.
  Time since last request: 0.000037 seconds.
  path: Assets/PolygonSciFiSpace/Models/SM_Veh_Part_Misc_03.fbx
  artifactKey: Guid(66c6a9d926d7b204da1c56e1769f7041) Importer(2089858483,192608db42251d675da83286b1cce702)
Start importing Assets/PolygonSciFiSpace/Models/SM_Veh_Part_Misc_03.fbx using Guid(66c6a9d926d7b204da1c56e1769f7041) Importer(2089858483,192608db42251d675da83286b1cce702) (ScriptedImporter) -> (artifact id: '1e2918b703158331129d74d30ca17228') in 0.0352005 seconds
Number of updated asset objects reloaded before import = 0Number of asset objects unloaded after import = 7

========================================================================
Received Import Request.
  Time since last request: 0.000021 seconds.
  path: Assets/PolygonSciFiSpace/Models/SM_Wep_Shotgun_01.fbx
  artifactKey: Guid(bb49c0152a866d84daa690b122d00ca2) Importer(2089858483,192608db42251d675da83286b1cce702)
Start importing Assets/PolygonSciFiSpace/Models/SM_Wep_Shotgun_01.fbx using Guid(bb49c0152a866d84daa690b122d00ca2) Importer(2089858483,192608db42251d675da83286b1cce702) (ScriptedImporter) -> (artifact id: '72715eec81c443eacc14df2853fe68b6') in 0.0444534 seconds
Number of updated asset objects reloaded before import = 0Number of asset objects unloaded after import = 22

========================================================================
Received Import Request.
  Time since last request: 0.000026 seconds.
  path: Assets/PolygonSciFiSpace/Models/SM_Veh_Part_Engine_06.fbx
  artifactKey: Guid(8897688f695802944ab916eae3f487af) Importer(2089858483,192608db42251d675da83286b1cce702)
Start importing Assets/PolygonSciFiSpace/Models/SM_Veh_Part_Engine_06.fbx using Guid(8897688f695802944ab916eae3f487af) Importer(2089858483,192608db42251d675da83286b1cce702) (ScriptedImporter) -> (artifact id: '18df59d948f147f173c8e0c762d40e0b') in 0.0285794 seconds
Number of updated asset objects reloaded before import = 0Number of asset objects unloaded after import = 7

========================================================================
Received Import Request.
  Time since last request: 0.000031 seconds.
  path: Assets/PolygonSciFiSpace/Scenes/Demo_Exterior.unity
  artifactKey: Guid(7dc0f3408c08040458ba7cc777331949) Importer(2089858483,192608db42251d675da83286b1cce702)
Start importing Assets/PolygonSciFiSpace/Scenes/Demo_Exterior.unity using Guid(7dc0f3408c08040458ba7cc777331949) Importer(2089858483,192608db42251d675da83286b1cce702) (ScriptedImporter) -> (artifact id: '79e8637f6386932dd80098ae10b2da3c') in 0.0738352 seconds
Number of updated asset objects reloaded before import = 0Number of asset objects unloaded after import = 1

========================================================================
Received Import Request.
  Time since last request: 0.000042 seconds.
  path: Assets/PolygonSciFiSpace/Models/SM_Veh_Part_Misc_023.fbx
  artifactKey: Guid(b31be191bf9362147a49cd62fd53bc56) Importer(2089858483,192608db42251d675da83286b1cce702)
Start importing Assets/PolygonSciFiSpace/Models/SM_Veh_Part_Misc_023.fbx using Guid(b31be191bf9362147a49cd62fd53bc56) Importer(2089858483,192608db42251d675da83286b1cce702) (ScriptedImporter) -> (artifact id: '20b15a2749620638ed5057f871a0c149') in 0.0538858 seconds
Number of updated asset objects reloaded before import = 0Number of asset objects unloaded after import = 7

========================================================================
Received Import Request.
  Time since last request: 0.000021 seconds.
  path: Assets/PolygonSciFiSpace/Models/SM_SignBorder_Nuclear_01.fbx
  artifactKey: Guid(b429e7c5a662b7343b0057b0acf3a10b) Importer(2089858483,192608db42251d675da83286b1cce702)
Start importing Assets/PolygonSciFiSpace/Models/SM_SignBorder_Nuclear_01.fbx using Guid(b429e7c5a662b7343b0057b0acf3a10b) Importer(2089858483,192608db42251d675da83286b1cce702) (ScriptedImporter) -> (artifact id: '817ce624e0b18c16d3fd2b0eaf3d3a03') in 0.0395374 seconds
Number of updated asset objects reloaded before import = 0Number of asset objects unloaded after import = 7

========================================================================
Received Import Request.
  Time since last request: 0.000028 seconds.
  path: Assets/PolygonSciFiSpace/Models/SM_Veh_Part_Wing_08.fbx
  artifactKey: Guid(8201d75533b110843b474496f66bb769) Importer(2089858483,192608db42251d675da83286b1cce702)
Start importing Assets/PolygonSciFiSpace/Models/SM_Veh_Part_Wing_08.fbx using Guid(8201d75533b110843b474496f66bb769) Importer(2089858483,192608db42251d675da83286b1cce702) (ScriptedImporter) -> (artifact id: '242c7a2c42d7edb543e801c6f8f0314a') in 0.0293525 seconds
Number of updated asset objects reloaded before import = 0Number of asset objects unloaded after import = 7

========================================================================
Received Import Request.
  Time since last request: 0.000030 seconds.
  path: Assets/PolygonSciFiSpace/Models/SM_Ship_Fighter_04.fbx
  artifactKey: Guid(56e95c9f463de394d85a3e2b82792d3a) Importer(2089858483,192608db42251d675da83286b1cce702)
Start importing Assets/PolygonSciFiSpace/Models/SM_Ship_Fighter_04.fbx using Guid(56e95c9f463de394d85a3e2b82792d3a) Importer(2089858483,192608db42251d675da83286b1cce702) (ScriptedImporter) -> (artifact id: '7bd416c9c4ce03fa50e37f951a450519') in 0.0341693 seconds
Number of updated asset objects reloaded before import = 0Number of asset objects unloaded after import = 7

========================================================================
Received Import Request.
  Time since last request: 0.000046 seconds.
  path: Assets/PolygonSciFiSpace/Models/SM_Veh_Part_Misc_06.fbx
  artifactKey: Guid(746ba11294471d644ac252079bee72e5) Importer(2089858483,192608db42251d675da83286b1cce702)
Start importing Assets/PolygonSciFiSpace/Models/SM_Veh_Part_Misc_06.fbx using Guid(746ba11294471d644ac252079bee72e5) Importer(2089858483,192608db42251d675da83286b1cce702) (ScriptedImporter) -> (artifact id: '31d0061592f6b1571bb8a45ed008b7e6') in 0.0326684 seconds
Number of updated asset objects reloaded before import = 0Number of asset objects unloaded after import = 7

========================================================================
Received Import Request.
  Time since last request: 0.000036 seconds.
  path: Assets/PolygonSciFiSpace/Models/SM_Veh_Part_Misc_012.fbx
  artifactKey: Guid(b215aac9bb2edb9408f774a538625347) Importer(2089858483,192608db42251d675da83286b1cce702)
Start importing Assets/PolygonSciFiSpace/Models/SM_Veh_Part_Misc_012.fbx using Guid(b215aac9bb2edb9408f774a538625347) Importer(2089858483,192608db42251d675da83286b1cce702) (ScriptedImporter) -> (artifact id: '8c760f6250944172c87a05b83aed4d78') in 0.0476386 seconds
Number of updated asset objects reloaded before import = 0Number of asset objects unloaded after import = 7

========================================================================
Received Import Request.
  Time since last request: 0.000039 seconds.
  path: Assets/PolygonSciFiSpace/Models/SM_Ship_Fighter_Heavy_03.fbx
  artifactKey: Guid(e46e2a1522d66ca4a9ab180b18784fac) Importer(2089858483,192608db42251d675da83286b1cce702)
Start importing Assets/PolygonSciFiSpace/Models/SM_Ship_Fighter_Heavy_03.fbx using Guid(e46e2a1522d66ca4a9ab180b18784fac) Importer(2089858483,192608db42251d675da83286b1cce702) (ScriptedImporter) -> (artifact id: 'fbae6791570ac6a93ab93d763c40d92b') in 0.0482047 seconds
Number of updated asset objects reloaded before import = 0Number of asset objects unloaded after import = 7

========================================================================
Received Import Request.
  Time since last request: 0.000048 seconds.
  path: Assets/PolygonSciFiSpace/Models/SM_SignBorder_Plant_01.fbx
  artifactKey: Guid(4b3f55b99fb0bfe4d9192b3f6d7f6fbd) Importer(2089858483,192608db42251d675da83286b1cce702)
Start importing Assets/PolygonSciFiSpace/Models/SM_SignBorder_Plant_01.fbx using Guid(4b3f55b99fb0bfe4d9192b3f6d7f6fbd) Importer(2089858483,192608db42251d675da83286b1cce702) (ScriptedImporter) -> (artifact id: '4feb43c361d7e6b1beb8317f0f91d588') in 0.03301 seconds
Number of updated asset objects reloaded before import = 0Number of asset objects unloaded after import = 7

========================================================================
Received Import Request.
  Time since last request: 0.000022 seconds.
  path: Assets/PolygonSciFiSpace/Models/SM_SignBorder_Number_05.fbx
  artifactKey: Guid(5c0d0f3e744e84744afee7b2ffc45e9d) Importer(2089858483,192608db42251d675da83286b1cce702)
Start importing Assets/PolygonSciFiSpace/Models/SM_SignBorder_Number_05.fbx using Guid(5c0d0f3e744e84744afee7b2ffc45e9d) Importer(2089858483,192608db42251d675da83286b1cce702) (ScriptedImporter) -> (artifact id: '357450c6831a4dcf9ce856f0cc991e4c') in 0.0530536 seconds
Number of updated asset objects reloaded before import = 0Number of asset objects unloaded after import = 7

========================================================================
Received Import Request.
  Time since last request: 0.000027 seconds.
  path: Assets/FishNet/CodeGenerating/cecil-0.11.4/Mono.Cecil.nuspec
  artifactKey: Guid(9ab5a3af6caf6d14da0bad821a809a27) Importer(2089858483,192608db42251d675da83286b1cce702)
Start importing Assets/FishNet/CodeGenerating/cecil-0.11.4/Mono.Cecil.nuspec using Guid(9ab5a3af6caf6d14da0bad821a809a27) Importer(2089858483,192608db42251d675da83286b1cce702) (ScriptedImporter) -> (artifact id: 'ab9a4f93892e6b5a7972388e657d0136') in 0.0050332 seconds
Number of updated asset objects reloaded before import = 0Number of asset objects unloaded after import = 1

========================================================================
Received Import Request.
  Time since last request: 0.000037 seconds.
  path: Assets/PolygonSciFiSpace/Models/SM_Ship_Fighter_03.fbx
  artifactKey: Guid(6fbfc36663d880e468973876def3846c) Importer(2089858483,192608db42251d675da83286b1cce702)
Start importing Assets/PolygonSciFiSpace/Models/SM_Ship_Fighter_03.fbx using Guid(6fbfc36663d880e468973876def3846c) Importer(2089858483,192608db42251d675da83286b1cce702) (ScriptedImporter) -> (artifact id: '521a59f6f81604b138015bc64071aeee') in 0.0320852 seconds
Number of updated asset objects reloaded before import = 0Number of asset objects unloaded after import = 7

========================================================================
Received Import Request.
  Time since last request: 0.000042 seconds.
  path: Assets/PolygonSciFiSpace/Models/SM_Veh_POV_Cockpit_01.fbx
  artifactKey: Guid(b49455da430a49b4ba9ab727f2ff9e9f) Importer(2089858483,192608db42251d675da83286b1cce702)
Start importing Assets/PolygonSciFiSpace/Models/SM_Veh_POV_Cockpit_01.fbx using Guid(b49455da430a49b4ba9ab727f2ff9e9f) Importer(2089858483,192608db42251d675da83286b1cce702) (ScriptedImporter) -> (artifact id: 'a17552d56c4d78fdf8c03b8cce5c7ae8') in 0.0334738 seconds
Number of updated asset objects reloaded before import = 0Number of asset objects unloaded after import = 12

========================================================================
Received Import Request.
  Time since last request: 0.000021 seconds.
  path: Assets/PolygonSciFiSpace/Models/SM_Veh_Part_Wing_011.fbx
  artifactKey: Guid(4d62bc3f232d6f248816fbc40620cb70) Importer(2089858483,192608db42251d675da83286b1cce702)
Start importing Assets/PolygonSciFiSpace/Models/SM_Veh_Part_Wing_011.fbx using Guid(4d62bc3f232d6f248816fbc40620cb70) Importer(2089858483,192608db42251d675da83286b1cce702) (ScriptedImporter) -> (artifact id: 'd4282f15d073fdc91af47c0dc7d5e965') in 0.0322739 seconds
Number of updated asset objects reloaded before import = 0Number of asset objects unloaded after import = 7

========================================================================
Received Import Request.
  Time since last request: 0.000020 seconds.
  path: Assets/PolygonSciFiSpace/Shaders/SyntyStudios_Asteroid.shader
  artifactKey: Guid(b01549df096303345b44bd2d188a2265) Importer(2089858483,192608db42251d675da83286b1cce702)
Start importing Assets/PolygonSciFiSpace/Shaders/SyntyStudios_Asteroid.shader using Guid(b01549df096303345b44bd2d188a2265) Importer(2089858483,192608db42251d675da83286b1cce702) (ScriptedImporter) -> (artifact id: '8090d37d18e13c163a8c6ec78859bcb8') in 0.0149621 seconds
Number of updated asset objects reloaded before import = 0Number of asset objects unloaded after import = 1

========================================================================
Received Import Request.
  Time since last request: 0.000036 seconds.
  path: Assets/PolygonSciFiSpace/Models/SM_Veh_Part_Cockpit_01.fbx
  artifactKey: Guid(47881d4a24473ad4aa560e6c32dd2e0e) Importer(2089858483,192608db42251d675da83286b1cce702)
Start importing Assets/PolygonSciFiSpace/Models/SM_Veh_Part_Cockpit_01.fbx using Guid(47881d4a24473ad4aa560e6c32dd2e0e) Importer(2089858483,192608db42251d675da83286b1cce702) (ScriptedImporter) -> (artifact id: '4df7075ffae83782cade83789824a89e') in 0.036812 seconds
Number of updated asset objects reloaded before import = 0Number of asset objects unloaded after import = 7

========================================================================
Received Import Request.
  Time since last request: 0.000043 seconds.
  path: Assets/PolygonSciFiSpace/Models/SM_Veh_WarpGate_Glow_01.fbx
  artifactKey: Guid(4b84679c2cc7cde459cffd80a68d0151) Importer(2089858483,192608db42251d675da83286b1cce702)
Start importing Assets/PolygonSciFiSpace/Models/SM_Veh_WarpGate_Glow_01.fbx using Guid(4b84679c2cc7cde459cffd80a68d0151) Importer(2089858483,192608db42251d675da83286b1cce702) (ScriptedImporter) -> (artifact id: '7641559374c768e019a58bc148509005') in 0.0364529 seconds
Number of updated asset objects reloaded before import = 0Number of asset objects unloaded after import = 7

========================================================================
Received Import Request.
  Time since last request: 0.000035 seconds.
  path: Assets/PolygonSciFiSpace/Models/SM_Sign_LockerRoom_01.fbx
  artifactKey: Guid(1fd472a9434607d4a81f6b901ccd7218) Importer(2089858483,192608db42251d675da83286b1cce702)
Start importing Assets/PolygonSciFiSpace/Models/SM_Sign_LockerRoom_01.fbx using Guid(1fd472a9434607d4a81f6b901ccd7218) Importer(2089858483,192608db42251d675da83286b1cce702) (ScriptedImporter) -> (artifact id: '0e0315e6a15c6839766917fbdd67fef0') in 0.0445197 seconds
Number of updated asset objects reloaded before import = 0Number of asset objects unloaded after import = 7

========================================================================
Received Import Request.
  Time since last request: 0.000033 seconds.
  path: Assets/PolygonSciFiSpace/Models/SM_SignBorder_Fire_01.fbx
  artifactKey: Guid(369c9b9a92d16214aa8b1db6e5b9c133) Importer(2089858483,192608db42251d675da83286b1cce702)
Start importing Assets/PolygonSciFiSpace/Models/SM_SignBorder_Fire_01.fbx using Guid(369c9b9a92d16214aa8b1db6e5b9c133) Importer(2089858483,192608db42251d675da83286b1cce702) (ScriptedImporter) -> (artifact id: 'b61900925c8ea06201b04157a8a16ed0') in 0.0277007 seconds
Number of updated asset objects reloaded before import = 0Number of asset objects unloaded after import = 7

========================================================================
Received Import Request.
  Time since last request: 0.000032 seconds.
  path: Assets/PolygonSciFiSpace/Models/SM_SignBorder_Electric_01.fbx
  artifactKey: Guid(ebdf0995c3765994b80f9d1c3fbf4a98) Importer(2089858483,192608db42251d675da83286b1cce702)
Start importing Assets/PolygonSciFiSpace/Models/SM_SignBorder_Electric_01.fbx using Guid(ebdf0995c3765994b80f9d1c3fbf4a98) Importer(2089858483,192608db42251d675da83286b1cce702) (ScriptedImporter) -> (artifact id: '9b1afb6d9a022ea9046719875c0cc9f3') in 0.0298333 seconds
Number of updated asset objects reloaded before import = 0Number of asset objects unloaded after import = 7

========================================================================
Received Import Request.
  Time since last request: 0.000040 seconds.
  path: Assets/PolygonSciFiSpace/Models/SM_Ship_Stealth_02.fbx
  artifactKey: Guid(c1c7be44267cd2c4c9c3c79e6fd94048) Importer(2089858483,192608db42251d675da83286b1cce702)
Start importing Assets/PolygonSciFiSpace/Models/SM_Ship_Stealth_02.fbx using Guid(c1c7be44267cd2c4c9c3c79e6fd94048) Importer(2089858483,192608db42251d675da83286b1cce702) (ScriptedImporter) -> (artifact id: '2cbe25984b7dcf238776a44bd3f2acc9') in 0.0295434 seconds
Number of updated asset objects reloaded before import = 0Number of asset objects unloaded after import = 7

========================================================================
Received Import Request.
  Time since last request: 0.000025 seconds.
  path: Assets/PolygonSciFiSpace/Models/SM_SignBorder_Battery_01.fbx
  artifactKey: Guid(228e4efcdda04dd4cb16b950a93cb59f) Importer(2089858483,192608db42251d675da83286b1cce702)
Start importing Assets/PolygonSciFiSpace/Models/SM_SignBorder_Battery_01.fbx using Guid(228e4efcdda04dd4cb16b950a93cb59f) Importer(2089858483,192608db42251d675da83286b1cce702) (ScriptedImporter) -> (artifact id: 'ff9c16236d52a8bad8700b8c59a5ed86') in 0.0313354 seconds
Number of updated asset objects reloaded before import = 0Number of asset objects unloaded after import = 7

========================================================================
Received Import Request.
  Time since last request: 0.000025 seconds.
  path: Assets/FishNet/CodeGenerating/Helpers/ReaderImports.cs
  artifactKey: Guid(350861dcbcbabc447acd37e4310b0697) Importer(2089858483,192608db42251d675da83286b1cce702)
Start importing Assets/FishNet/CodeGenerating/Helpers/ReaderImports.cs using Guid(350861dcbcbabc447acd37e4310b0697) Importer(2089858483,192608db42251d675da83286b1cce702) (ScriptedImporter) -> (artifact id: '0b1f956fe0a334f525a1462e9310f2df') in 0.007735 seconds
Number of updated asset objects reloaded before import = 0Number of asset objects unloaded after import = 0

========================================================================
Received Import Request.
  Time since last request: 0.000029 seconds.
  path: Assets/Online_FPS_TPS_KIT/Prefabs/weapons/N4_Rifle.prefab
  artifactKey: Guid(35772b39c6785bc43bcbef7d3d0f9600) Importer(2089858483,192608db42251d675da83286b1cce702)
Start importing Assets/Online_FPS_TPS_KIT/Prefabs/weapons/N4_Rifle.prefab using Guid(35772b39c6785bc43bcbef7d3d0f9600) Importer(2089858483,192608db42251d675da83286b1cce702) (ScriptedImporter) -> (artifact id: 'd5aa8dc8f77159055b24cca2dcd52100') in 0.1435701 seconds
Number of updated asset objects reloaded before import = 0Number of asset objects unloaded after import = 134

========================================================================
Received Import Request.
  Time since last request: 0.000058 seconds.
  path: Assets/FishNet/Demos/Benchmarks/License.txt
  artifactKey: Guid(38954353b7368554b949cf2ef1d7fb29) Importer(2089858483,192608db42251d675da83286b1cce702)
Start importing Assets/FishNet/Demos/Benchmarks/License.txt using Guid(38954353b7368554b949cf2ef1d7fb29) Importer(2089858483,192608db42251d675da83286b1cce702) (ScriptedImporter) -> (artifact id: 'b4b95e9100bd95d323e8582044aaefb0') in 0.007243 seconds
Number of updated asset objects reloaded before import = 0Number of asset objects unloaded after import = 1

========================================================================
Received Import Request.
  Time since last request: 0.000030 seconds.
  path: Assets/FishNet/Runtime/Observing/ObserverStateChange.cs
  artifactKey: Guid(a4a8dca28b7d84548a918c5c32f684ad) Importer(2089858483,192608db42251d675da83286b1cce702)
Start importing Assets/FishNet/Runtime/Observing/ObserverStateChange.cs using Guid(a4a8dca28b7d84548a918c5c32f684ad) Importer(2089858483,192608db42251d675da83286b1cce702) (ScriptedImporter) -> (artifact id: 'c1710759b83a1cf71d6588608d4b8148') in 0.0097189 seconds
Number of updated asset objects reloaded before import = 0Number of asset objects unloaded after import = 0

========================================================================
Received Import Request.
  Time since last request: 0.000024 seconds.
  path: Assets/Online_FPS_TPS_KIT/Models/Character/CharacterAnimator.controller
  artifactKey: Guid(3e2afc7e6accb3d419721c6fef35311e) Importer(2089858483,192608db42251d675da83286b1cce702)
Start importing Assets/Online_FPS_TPS_KIT/Models/Character/CharacterAnimator.controller using Guid(3e2afc7e6accb3d419721c6fef35311e) Importer(2089858483,192608db42251d675da83286b1cce702) (ScriptedImporter) -> (artifact id: 'f6916044e250d1660584ce51afd5dc91') in 0.0821416 seconds
Number of updated asset objects reloaded before import = 0Number of asset objects unloaded after import = 95

========================================================================
Received Import Request.
  Time since last request: 0.000036 seconds.
  path: Assets/FishNet/Runtime/Utility/AdaptiveInterpolationType.cs
  artifactKey: Guid(c9aaf062df354644098da9c46e2a9512) Importer(2089858483,192608db42251d675da83286b1cce702)
Start importing Assets/FishNet/Runtime/Utility/AdaptiveInterpolationType.cs using Guid(c9aaf062df354644098da9c46e2a9512) Importer(2089858483,192608db42251d675da83286b1cce702) (ScriptedImporter) -> (artifact id: '7364ad224968239145b5c9e501fc1d20') in 0.0062237 seconds
Number of updated asset objects reloaded before import = 0Number of asset objects unloaded after import = 0

========================================================================
Received Import Request.
  Time since last request: 0.000048 seconds.
  path: Assets/FishNet/CodeGenerating/Helpers/AttributeHelper.cs
  artifactKey: Guid(d32f3dc23b55598429c5cfe6156e6243) Importer(2089858483,192608db42251d675da83286b1cce702)
Start importing Assets/FishNet/CodeGenerating/Helpers/AttributeHelper.cs using Guid(d32f3dc23b55598429c5cfe6156e6243) Importer(2089858483,192608db42251d675da83286b1cce702) (ScriptedImporter) -> (artifact id: 'b3d9560a1ac3eddec4d455e466fe6cfe') in 0.0074311 seconds
Number of updated asset objects reloaded before import = 0Number of asset objects unloaded after import = 0

========================================================================
Received Import Request.
  Time since last request: 0.000064 seconds.
  path: Assets/FishNet/Runtime/Serializing/DeltaSerializerOption.cs
  artifactKey: Guid(66c970b59e4d53249bfed364df2cf1db) Importer(2089858483,192608db42251d675da83286b1cce702)
Start importing Assets/FishNet/Runtime/Serializing/DeltaSerializerOption.cs using Guid(66c970b59e4d53249bfed364df2cf1db) Importer(2089858483,192608db42251d675da83286b1cce702) (ScriptedImporter) -> (artifact id: 'b2da211618bb821a3b8c96a4cd2903de') in 0.0098794 seconds
Number of updated asset objects reloaded before import = 0Number of asset objects unloaded after import = 0

========================================================================
Received Import Request.
  Time since last request: 0.000024 seconds.
  path: Assets/FishNet/CodeGenerating/Extension/FieldReferenceExtensions.cs
  artifactKey: Guid(6d983ebd0c9e1b745902030c2f7a8e99) Importer(2089858483,192608db42251d675da83286b1cce702)
Start importing Assets/FishNet/CodeGenerating/Extension/FieldReferenceExtensions.cs using Guid(6d983ebd0c9e1b745902030c2f7a8e99) Importer(2089858483,192608db42251d675da83286b1cce702) (ScriptedImporter) -> (artifact id: 'dbec1db128e50129d1aa9d9473caf3b3') in 0.0084601 seconds
Number of updated asset objects reloaded before import = 0Number of asset objects unloaded after import = 0

========================================================================
Received Import Request.
  Time since last request: 0.000030 seconds.
  path: Assets/FishNet/CodeGenerating/Helpers/PhysicsHelper.cs
  artifactKey: Guid(28ae27f7bc8e89547a606262508fdd36) Importer(2089858483,192608db42251d675da83286b1cce702)
Start importing Assets/FishNet/CodeGenerating/Helpers/PhysicsHelper.cs using Guid(28ae27f7bc8e89547a606262508fdd36) Importer(2089858483,192608db42251d675da83286b1cce702) (ScriptedImporter) -> (artifact id: 'd8108b785e263f36faf29bb1e4ada7b9') in 0.0076473 seconds
Number of updated asset objects reloaded before import = 0Number of asset objects unloaded after import = 0

========================================================================
Received Import Request.
  Time since last request: 0.000036 seconds.
  path: Assets/FishNet/Runtime/Serializing/Reader.Delta.cs
  artifactKey: Guid(90549173680239a48a3b0b61ecd47a77) Importer(2089858483,192608db42251d675da83286b1cce702)
Start importing Assets/FishNet/Runtime/Serializing/Reader.Delta.cs using Guid(90549173680239a48a3b0b61ecd47a77) Importer(2089858483,192608db42251d675da83286b1cce702) (ScriptedImporter) -> (artifact id: '9c30700687cad02262a0d4e08f4e0da7') in 0.0064535 seconds
Number of updated asset objects reloaded before import = 0Number of asset objects unloaded after import = 0

========================================================================
Received Import Request.
  Time since last request: 0.000032 seconds.
  path: Assets/FishNet/CodeGenerating/Helpers/PredictedObjectHelper.cs
  artifactKey: Guid(e9a06c812bf785a44a38a5852ff866d8) Importer(2089858483,192608db42251d675da83286b1cce702)
Start importing Assets/FishNet/CodeGenerating/Helpers/PredictedObjectHelper.cs using Guid(e9a06c812bf785a44a38a5852ff866d8) Importer(2089858483,192608db42251d675da83286b1cce702) (ScriptedImporter) -> (artifact id: 'c971e2b8db5fcaa787bd5e675e250404') in 0.0069635 seconds
Number of updated asset objects reloaded before import = 0Number of asset objects unloaded after import = 0

========================================================================
Received Import Request.
  Time since last request: 0.000023 seconds.
  path: Assets/FishNet/CodeGenerating/Helpers/CreatedSyncVarGenerator.cs
  artifactKey: Guid(935ec97b96b35b94f8c6880c6908304c) Importer(2089858483,192608db42251d675da83286b1cce702)
Start importing Assets/FishNet/CodeGenerating/Helpers/CreatedSyncVarGenerator.cs using Guid(935ec97b96b35b94f8c6880c6908304c) Importer(2089858483,192608db42251d675da83286b1cce702) (ScriptedImporter) -> (artifact id: '2c4f6068291e4613c7683bdb690decca') in 0.0064979 seconds
Number of updated asset objects reloaded before import = 0Number of asset objects unloaded after import = 0

========================================================================
Received Import Request.
  Time since last request: 0.000029 seconds.
  path: Assets/FishNet/Runtime/Connection/NetworkConnection.PingPong.cs
  artifactKey: Guid(20633bf6995f6534ba2b27e1eab3054d) Importer(2089858483,192608db42251d675da83286b1cce702)
Start importing Assets/FishNet/Runtime/Connection/NetworkConnection.PingPong.cs using Guid(20633bf6995f6534ba2b27e1eab3054d) Importer(2089858483,192608db42251d675da83286b1cce702) (ScriptedImporter) -> (artifact id: '976e575cfec33185568c483b74724e9e') in 0.008583 seconds
Number of updated asset objects reloaded before import = 0Number of asset objects unloaded after import = 0

========================================================================
Received Import Request.
  Time since last request: 0.000024 seconds.
  path: Assets/FishNet/Runtime/Transporting/IPAddressType.cs
  artifactKey: Guid(11a2c7610ce4ce34a915683bd4607714) Importer(2089858483,192608db42251d675da83286b1cce702)
Start importing Assets/FishNet/Runtime/Transporting/IPAddressType.cs using Guid(11a2c7610ce4ce34a915683bd4607714) Importer(2089858483,192608db42251d675da83286b1cce702) (ScriptedImporter) -> (artifact id: 'd0f6ad806cb68a0d304d1c1f3b1371f1') in 0.0087469 seconds
Number of updated asset objects reloaded before import = 0Number of asset objects unloaded after import = 0

========================================================================
Received Import Request.
  Time since last request: 0.000036 seconds.
  path: Assets/FishNet/Runtime/Connection/NetworkConnection.Buffer.cs
  artifactKey: Guid(5bc17ee5bac499347a6fbad9dd24b7b0) Importer(2089858483,192608db42251d675da83286b1cce702)
Start importing Assets/FishNet/Runtime/Connection/NetworkConnection.Buffer.cs using Guid(5bc17ee5bac499347a6fbad9dd24b7b0) Importer(2089858483,192608db42251d675da83286b1cce702) (ScriptedImporter) -> (artifact id: 'c10b729c3b44887fb00d8e23d06aa17f') in 0.2066599 seconds
Number of updated asset objects reloaded before import = 0Number of asset objects unloaded after import = 0

========================================================================
Received Import Request.
  Time since last request: 0.000054 seconds.
  path: Assets/FishNet/CodeGenerating/Processing/CodegenBase.cs
  artifactKey: Guid(8462034e5255191499a018bd8fbbf751) Importer(2089858483,192608db42251d675da83286b1cce702)
Start importing Assets/FishNet/CodeGenerating/Processing/CodegenBase.cs using Guid(8462034e5255191499a018bd8fbbf751) Importer(2089858483,192608db42251d675da83286b1cce702) (ScriptedImporter) -> (artifact id: '97a16e76d7324caf9ecf1ce0475c66f2') in 0.0149009 seconds
Number of updated asset objects reloaded before import = 0Number of asset objects unloaded after import = 0

========================================================================
Received Import Request.
  Time since last request: 0.000037 seconds.
  path: Assets/FishNet/Runtime/Connection/Buffer.cs
  artifactKey: Guid(eb2f3ce9b5ac27f40b7daa9364fb4d60) Importer(2089858483,192608db42251d675da83286b1cce702)
Start importing Assets/FishNet/Runtime/Connection/Buffer.cs using Guid(eb2f3ce9b5ac27f40b7daa9364fb4d60) Importer(2089858483,192608db42251d675da83286b1cce702) (ScriptedImporter) -> (artifact id: '24856a2cefd09f5ae2878766f19c7e1c') in 0.0099703 seconds
Number of updated asset objects reloaded before import = 0Number of asset objects unloaded after import = 0

========================================================================
Received Import Request.
  Time since last request: 0.000044 seconds.
  path: Assets/FishNet/Runtime/Editor/ForceInstallPreventor.cs
  artifactKey: Guid(7a0f9a4fe4875c54fa7820bc76908204) Importer(2089858483,192608db42251d675da83286b1cce702)
Start importing Assets/FishNet/Runtime/Editor/ForceInstallPreventor.cs using Guid(7a0f9a4fe4875c54fa7820bc76908204) Importer(2089858483,192608db42251d675da83286b1cce702) (ScriptedImporter) -> (artifact id: 'b7d9d99f2da5c1b9824d71b18673a093') in 0.0175195 seconds
Number of updated asset objects reloaded before import = 0Number of asset objects unloaded after import = 0

========================================================================
Received Import Request.
  Time since last request: 0.000062 seconds.
  path: Assets/FishNet/CodeGenerating/cecil-0.11.4/Mono.Cecil.nunit
  artifactKey: Guid(70249fc3714c2ba43bb69eeceaf02171) Importer(2089858483,192608db42251d675da83286b1cce702)
Start importing Assets/FishNet/CodeGenerating/cecil-0.11.4/Mono.Cecil.nunit using Guid(70249fc3714c2ba43bb69eeceaf02171) Importer(2089858483,192608db42251d675da83286b1cce702) (ScriptedImporter) -> (artifact id: 'a5935028f912f6c6e3632f3ac4f11146') in 0.008283 seconds
Number of updated asset objects reloaded before import = 0Number of asset objects unloaded after import = 1

========================================================================
Received Import Request.
  Time since last request: 0.000027 seconds.
  path: Assets/PolygonSciFiSpace/Models/SM_Veh_Part_Wing_03.fbx
  artifactKey: Guid(fce5e50db1e60b24b9ade1cfad4a5f05) Importer(2089858483,192608db42251d675da83286b1cce702)
Start importing Assets/PolygonSciFiSpace/Models/SM_Veh_Part_Wing_03.fbx using Guid(fce5e50db1e60b24b9ade1cfad4a5f05) Importer(2089858483,192608db42251d675da83286b1cce702) (ScriptedImporter) -> (artifact id: 'ef823ec808cc5e3a4d6af2615f6a7bc2') in 0.0483308 seconds
Number of updated asset objects reloaded before import = 0Number of asset objects unloaded after import = 7

========================================================================
Received Import Request.
  Time since last request: 0.000032 seconds.
  path: Assets/FishNet/Runtime/Serializing/ReaderPool.cs
  artifactKey: Guid(318b117dd2ebd1b4b9e2021796b45eee) Importer(2089858483,192608db42251d675da83286b1cce702)
Start importing Assets/FishNet/Runtime/Serializing/ReaderPool.cs using Guid(318b117dd2ebd1b4b9e2021796b45eee) Importer(2089858483,192608db42251d675da83286b1cce702) (ScriptedImporter) -> (artifact id: '5a05d623c96bfc295ced8e47955b9169') in 0.0114918 seconds
Number of updated asset objects reloaded before import = 0Number of asset objects unloaded after import = 0

========================================================================
Received Import Request.
  Time since last request: 0.000042 seconds.
  path: Assets/TutorialInfo/Icons/URP.png
  artifactKey: Guid(727a75301c3d24613a3ebcec4a24c2c8) Importer(2089858483,192608db42251d675da83286b1cce702)
Start importing Assets/TutorialInfo/Icons/URP.png using Guid(727a75301c3d24613a3ebcec4a24c2c8) Importer(2089858483,192608db42251d675da83286b1cce702) (ScriptedImporter) -> (artifact id: '9d148ad39d6f501f877fa68ec7068821') in 0.0430813 seconds
Number of updated asset objects reloaded before import = 0Number of asset objects unloaded after import = 1

========================================================================
Received Import Request.
  Time since last request: 0.000051 seconds.
  path: Assets/PolygonSciFiSpace/Models/SM_SignBorder_Water_01.fbx
  artifactKey: Guid(961025939a760f44fb031c9342dd2457) Importer(2089858483,192608db42251d675da83286b1cce702)
Start importing Assets/PolygonSciFiSpace/Models/SM_SignBorder_Water_01.fbx using Guid(961025939a760f44fb031c9342dd2457) Importer(2089858483,192608db42251d675da83286b1cce702) (ScriptedImporter) -> (artifact id: 'dae78804e49ede24d761e1597545bbae') in 0.050041 seconds
Number of updated asset objects reloaded before import = 0Number of asset objects unloaded after import = 7

========================================================================
Received Import Request.
  Time since last request: 0.000028 seconds.
  path: Assets/FishNet/CodeGenerating/ILCore/FNPostProcessorAssemblyResolver.cs
  artifactKey: Guid(2c247f4266b2864eb96e6a9ae6557d31) Importer(2089858483,192608db42251d675da83286b1cce702)
Start importing Assets/FishNet/CodeGenerating/ILCore/FNPostProcessorAssemblyResolver.cs using Guid(2c247f4266b2864eb96e6a9ae6557d31) Importer(2089858483,192608db42251d675da83286b1cce702) (ScriptedImporter) -> (artifact id: 'df596c92a8a96b400908dfc0f42ee8cf') in 0.0134769 seconds
Number of updated asset objects reloaded before import = 0Number of asset objects unloaded after import = 0

========================================================================
Received Import Request.
  Time since last request: 0.000035 seconds.
  path: Assets/Fate/Scripts/Networking/FateNetworkPlayerController.cs
  artifactKey: Guid(2ec318d034df26840b20c8f529302ffc) Importer(2089858483,192608db42251d675da83286b1cce702)
Start importing Assets/Fate/Scripts/Networking/FateNetworkPlayerController.cs using Guid(2ec318d034df26840b20c8f529302ffc) Importer(2089858483,192608db42251d675da83286b1cce702) (ScriptedImporter) -> (artifact id: '8b0e390f4b6988766db6beae6583de52') in 0.0152967 seconds
Number of updated asset objects reloaded before import = 0Number of asset objects unloaded after import = 0

========================================================================
Received Import Request.
  Time since last request: 0.000058 seconds.
  path: Assets/PolygonSciFiSpace/Textures/Planet_Cloud_Mask_01.png
  artifactKey: Guid(4597a018145a2f949a75dd8d7d4f5830) Importer(2089858483,192608db42251d675da83286b1cce702)
Start importing Assets/PolygonSciFiSpace/Textures/Planet_Cloud_Mask_01.png using Guid(4597a018145a2f949a75dd8d7d4f5830) Importer(2089858483,192608db42251d675da83286b1cce702) (ScriptedImporter) -> (artifact id: 'ac9df5bab943386e3b8a1529de762efd') in 0.1728616 seconds
Number of updated asset objects reloaded before import = 0Number of asset objects unloaded after import = 1

========================================================================
Received Import Request.
  Time since last request: 0.000040 seconds.
  path: Assets/FishNet/Runtime/Observing/NetworkObserver.cs
  artifactKey: Guid(c71fd7f855ec523429999fc4e14a1928) Importer(2089858483,192608db42251d675da83286b1cce702)
Start importing Assets/FishNet/Runtime/Observing/NetworkObserver.cs using Guid(c71fd7f855ec523429999fc4e14a1928) Importer(2089858483,192608db42251d675da83286b1cce702) (ScriptedImporter) -> (artifact id: 'a7fe57ac5fe96ccb50db326049a7ab51') in 0.0149681 seconds
Number of updated asset objects reloaded before import = 0Number of asset objects unloaded after import = 1

========================================================================
Received Import Request.
  Time since last request: 0.000056 seconds.
  path: Assets/Online_FPS_TPS_KIT/Materials/WeaponSightMaterials/Callimator1.mat
  artifactKey: Guid(590e2a2e1d06b574896c65eee2799bb7) Importer(2089858483,192608db42251d675da83286b1cce702)
Start importing Assets/Online_FPS_TPS_KIT/Materials/WeaponSightMaterials/Callimator1.mat using Guid(590e2a2e1d06b574896c65eee2799bb7) Importer(2089858483,192608db42251d675da83286b1cce702) (ScriptedImporter) -> (artifact id: '45955f702822bd72f8405968d278b3f1') in 0.0302048 seconds
Number of updated asset objects reloaded before import = 0Number of asset objects unloaded after import = 6

========================================================================
Received Import Request.
  Time since last request: 0.000035 seconds.
  path: Assets/Polygon Arsenal/Materials/Gradients/PolyGradientSoft_ADD.mat
  artifactKey: Guid(db56ded6412dc0648895197a0bc23e31) Importer(2089858483,192608db42251d675da83286b1cce702)
Start importing Assets/Polygon Arsenal/Materials/Gradients/PolyGradientSoft_ADD.mat using Guid(db56ded6412dc0648895197a0bc23e31) Importer(2089858483,192608db42251d675da83286b1cce702) (ScriptedImporter) -> (artifact id: '34f6ac4e330f99b148b634df2605e4b4') in 0.0225007 seconds
Number of updated asset objects reloaded before import = 0Number of asset objects unloaded after import = 2

========================================================================
Received Import Request.
  Time since last request: 0.000053 seconds.
  path: Assets/Polygon Arsenal/Demo/Textures/wall2.png
  artifactKey: Guid(925615262194eeb469523902ab43ccb8) Importer(2089858483,192608db42251d675da83286b1cce702)
Start importing Assets/Polygon Arsenal/Demo/Textures/wall2.png using Guid(925615262194eeb469523902ab43ccb8) Importer(2089858483,192608db42251d675da83286b1cce702) (ScriptedImporter) -> (artifact id: 'ce6cdf8a9732d6b58f47a4be40ff88e6') in 0.0361202 seconds
Number of updated asset objects reloaded before import = 0Number of asset objects unloaded after import = 1

========================================================================
Received Import Request.
  Time since last request: 0.000048 seconds.
  path: Assets/Polygon Arsenal/Materials/Main/PolyGlow_ADD.mat
  artifactKey: Guid(20fbdc32471af924d825be10e0be7cbe) Importer(2089858483,192608db42251d675da83286b1cce702)
Start importing Assets/Polygon Arsenal/Materials/Main/PolyGlow_ADD.mat using Guid(20fbdc32471af924d825be10e0be7cbe) Importer(2089858483,192608db42251d675da83286b1cce702) (ScriptedImporter) -> (artifact id: '2c577b3459b861c2c7fdd41004d088dc') in 0.0175713 seconds
Number of updated asset objects reloaded before import = 0Number of asset objects unloaded after import = 1

========================================================================
Received Import Request.
  Time since last request: 0.000029 seconds.
  path: Assets/Polygon Arsenal/Demo/Models/PolyFireBowl.FBX
  artifactKey: Guid(d5cecee317114754493b9850afbff64d) Importer(2089858483,192608db42251d675da83286b1cce702)
Start importing Assets/Polygon Arsenal/Demo/Models/PolyFireBowl.FBX using Guid(d5cecee317114754493b9850afbff64d) Importer(2089858483,192608db42251d675da83286b1cce702) (ScriptedImporter) -> (artifact id: 'e73cc4fe5d722e4fdbea62e2aa95c45a') in 0.074805 seconds
Number of updated asset objects reloaded before import = 0Number of asset objects unloaded after import = 7

========================================================================
Received Import Request.
  Time since last request: 0.000041 seconds.
  path: Assets/Online_FPS_TPS_KIT/Scripts/WeaponScripts/WeaponPickup.cs
  artifactKey: Guid(cf6a408a896bd7f45ae5e46b8fd907f4) Importer(2089858483,192608db42251d675da83286b1cce702)
Start importing Assets/Online_FPS_TPS_KIT/Scripts/WeaponScripts/WeaponPickup.cs using Guid(cf6a408a896bd7f45ae5e46b8fd907f4) Importer(2089858483,192608db42251d675da83286b1cce702) (ScriptedImporter) -> (artifact id: '687f692e6b310901831d8860ee321e0e') in 0.0108328 seconds
Number of updated asset objects reloaded before import = 0Number of asset objects unloaded after import = 0

========================================================================
Received Import Request.
  Time since last request: 0.000114 seconds.
  path: Assets/Polygon Arsenal/Prefabs/Misc/SwordTornado.prefab
  artifactKey: Guid(0f00b14fad9848b4bb0daf885e8ccc3b) Importer(2089858483,192608db42251d675da83286b1cce702)
Start importing Assets/Polygon Arsenal/Prefabs/Misc/SwordTornado.prefab using Guid(0f00b14fad9848b4bb0daf885e8ccc3b) Importer(2089858483,192608db42251d675da83286b1cce702) (ScriptedImporter) -> (artifact id: '840c1a584bab0c6ff9691c0abe4a315c') in 0.3264857 seconds
Number of updated asset objects reloaded before import = 0Number of asset objects unloaded after import = 21

========================================================================
Received Import Request.
  Time since last request: 0.000046 seconds.
  path: Assets/Polygon Arsenal/Demo/Materials/PA_Wall.mat
  artifactKey: Guid(ba17eeade5210e14ba3eba1491861166) Importer(2089858483,192608db42251d675da83286b1cce702)
Start importing Assets/Polygon Arsenal/Demo/Materials/PA_Wall.mat using Guid(ba17eeade5210e14ba3eba1491861166) Importer(2089858483,192608db42251d675da83286b1cce702) (ScriptedImporter) -> (artifact id: '541d628603e2cc4960826174f526d861') in 0.0265099 seconds
Number of updated asset objects reloaded before import = 0Number of asset objects unloaded after import = 2

========================================================================
Received Import Request.
  Time since last request: 0.000054 seconds.
  path: Assets/Polygon Arsenal/Demo/Textures/cratenew2.png
  artifactKey: Guid(12c68920aa095474d972bc9f3a836764) Importer(2089858483,192608db42251d675da83286b1cce702)
Start importing Assets/Polygon Arsenal/Demo/Textures/cratenew2.png using Guid(12c68920aa095474d972bc9f3a836764) Importer(2089858483,192608db42251d675da83286b1cce702) (ScriptedImporter) -> (artifact id: '57dd671f7f57a94bcc39a87da6a43668') in 0.0686167 seconds
Number of updated asset objects reloaded before import = 0Number of asset objects unloaded after import = 1

========================================================================
Received Import Request.
  Time since last request: 0.000045 seconds.
  path: Assets/Polygon Arsenal/Demo/Scripts/PolygonLoopScript.cs
  artifactKey: Guid(12eda49810402c344b42c34203ffdccc) Importer(2089858483,192608db42251d675da83286b1cce702)
Start importing Assets/Polygon Arsenal/Demo/Scripts/PolygonLoopScript.cs using Guid(12eda49810402c344b42c34203ffdccc) Importer(2089858483,192608db42251d675da83286b1cce702) (ScriptedImporter) -> (artifact id: '532f25d9c10480830655d7a3e8e97afe') in 0.0136891 seconds
Number of updated asset objects reloaded before import = 0Number of asset objects unloaded after import = 0

========================================================================
Received Import Request.
  Time since last request: 0.000043 seconds.
  path: Assets/Polygon Arsenal/Demo/Materials/PA_Crate01.mat
  artifactKey: Guid(e05751f7808f83a4ea0bfe18b9d5cac2) Importer(2089858483,192608db42251d675da83286b1cce702)
Start importing Assets/Polygon Arsenal/Demo/Materials/PA_Crate01.mat using Guid(e05751f7808f83a4ea0bfe18b9d5cac2) Importer(2089858483,192608db42251d675da83286b1cce702) (ScriptedImporter) -> (artifact id: 'e90e098346f1a825d9d989919de98e8c') in 0.0250128 seconds
Number of updated asset objects reloaded before import = 0Number of asset objects unloaded after import = 3

========================================================================
Received Import Request.
  Time since last request: 0.000053 seconds.
  path: Assets/Polygon Arsenal/Demo/Materials/PA_ConcreteBlock.mat
  artifactKey: Guid(814c9855971351d47b17e020a3440381) Importer(2089858483,192608db42251d675da83286b1cce702)
Start importing Assets/Polygon Arsenal/Demo/Materials/PA_ConcreteBlock.mat using Guid(814c9855971351d47b17e020a3440381) Importer(2089858483,192608db42251d675da83286b1cce702) (ScriptedImporter) -> (artifact id: 'd85cc1e8037c1176b38745c7d8dd81c7') in 0.0210946 seconds
Number of updated asset objects reloaded before import = 0Number of asset objects unloaded after import = 3

========================================================================
Received Import Request.
  Time since last request: 0.000030 seconds.
  path: Assets/Polygon Arsenal/Prefabs/Misc/StormExplosionVariant.prefab
  artifactKey: Guid(2e26a555ddfec1d40b499a08130472fa) Importer(2089858483,192608db42251d675da83286b1cce702)
Start importing Assets/Polygon Arsenal/Prefabs/Misc/StormExplosionVariant.prefab using Guid(2e26a555ddfec1d40b499a08130472fa) Importer(2089858483,192608db42251d675da83286b1cce702) (ScriptedImporter) -> (artifact id: '8d2957fad48e4d3b08fd36b9b92a9bd3') in 0.1627001 seconds
Number of updated asset objects reloaded before import = 0Number of asset objects unloaded after import = 30

========================================================================
Received Import Request.
  Time since last request: 0.000053 seconds.
  path: Assets/Plugins/ParrelSync/ScriptableObjects/ParrelSyncProjectSettings.asset
  artifactKey: Guid(64fead007924c164a9a74b2682497983) Importer(2089858483,192608db42251d675da83286b1cce702)
Start importing Assets/Plugins/ParrelSync/ScriptableObjects/ParrelSyncProjectSettings.asset using Guid(64fead007924c164a9a74b2682497983) Importer(2089858483,192608db42251d675da83286b1cce702) (ScriptedImporter) -> (artifact id: '37f2fea782b10cee672911891a27b58d') in 0.0101845 seconds
Number of updated asset objects reloaded before import = 0Number of asset objects unloaded after import = 1

========================================================================
Received Import Request.
  Time since last request: 0.000057 seconds.
  path: Assets/Polygon Arsenal/Prefabs/Misc/GhostStream.prefab
  artifactKey: Guid(9453d895c9b0d6b4facc813914952406) Importer(2089858483,192608db42251d675da83286b1cce702)
Start importing Assets/Polygon Arsenal/Prefabs/Misc/GhostStream.prefab using Guid(9453d895c9b0d6b4facc813914952406) Importer(2089858483,192608db42251d675da83286b1cce702) (ScriptedImporter) -> (artifact id: '1d8489000ffa875f1aa8da133b70aa85') in 0.2339189 seconds
Number of updated asset objects reloaded before import = 0Number of asset objects unloaded after import = 12

========================================================================
Received Import Request.
  Time since last request: 0.000049 seconds.
  path: Assets/FishNet/Runtime/Serializing/ReaderStatics.cs
  artifactKey: Guid(c1f98beaf8f697d4b8bb1e6b6ef32d42) Importer(2089858483,192608db42251d675da83286b1cce702)
Start importing Assets/FishNet/Runtime/Serializing/ReaderStatics.cs using Guid(c1f98beaf8f697d4b8bb1e6b6ef32d42) Importer(2089858483,192608db42251d675da83286b1cce702) (ScriptedImporter) -> (artifact id: 'd1fe8b4e44c82b023f54ed838f36e2d5') in 0.0186746 seconds
Number of updated asset objects reloaded before import = 0Number of asset objects unloaded after import = 0

========================================================================
Received Import Request.
  Time since last request: 0.000096 seconds.
  path: Assets/FishNet/Runtime/Connection/NetworkConnection.QOL.cs
  artifactKey: Guid(7d45abc242399194b85e6c16bcb3676b) Importer(2089858483,192608db42251d675da83286b1cce702)
Start importing Assets/FishNet/Runtime/Connection/NetworkConnection.QOL.cs using Guid(7d45abc242399194b85e6c16bcb3676b) Importer(2089858483,192608db42251d675da83286b1cce702) (ScriptedImporter) -> (artifact id: '87ddc5108d0f46a1c7dfd000edbe3277') in 0.0182444 seconds
Number of updated asset objects reloaded before import = 0Number of asset objects unloaded after import = 0

========================================================================
Received Import Request.
  Time since last request: 0.000042 seconds.
  path: Assets/PolygonSciFiSpace/Models/SM_Prop_Wires_05.fbx
  artifactKey: Guid(ed7d20769644d424f8b0eff3f0c53a6e) Importer(2089858483,192608db42251d675da83286b1cce702)
Start importing Assets/PolygonSciFiSpace/Models/SM_Prop_Wires_05.fbx using Guid(ed7d20769644d424f8b0eff3f0c53a6e) Importer(2089858483,192608db42251d675da83286b1cce702) (ScriptedImporter) -> (artifact id: '1d350047f0223425a3147cf6776a8599') in 0.0439704 seconds
Number of updated asset objects reloaded before import = 0Number of asset objects unloaded after import = 7

========================================================================
Received Import Request.
  Time since last request: 0.000037 seconds.
  path: Assets/PolygonSciFiSpace/Models/SM_Ship_Bomber_03.fbx
  artifactKey: Guid(e384cacf2489a9442868dbaa50f714c3) Importer(2089858483,192608db42251d675da83286b1cce702)
Start importing Assets/PolygonSciFiSpace/Models/SM_Ship_Bomber_03.fbx using Guid(e384cacf2489a9442868dbaa50f714c3) Importer(2089858483,192608db42251d675da83286b1cce702) (ScriptedImporter) -> (artifact id: 'f97ecb91a0c6e47c81f9e36fdd68769b') in 0.0469758 seconds
Number of updated asset objects reloaded before import = 0Number of asset objects unloaded after import = 7

========================================================================
Received Import Request.
  Time since last request: 0.000081 seconds.
  path: Assets/PolygonSciFiSpace/Models/SM_Sign_ScienceLab_01.fbx
  artifactKey: Guid(b9b1996a9a8db744c81fc4e27b9ac58b) Importer(2089858483,192608db42251d675da83286b1cce702)
Start importing Assets/PolygonSciFiSpace/Models/SM_Sign_ScienceLab_01.fbx using Guid(b9b1996a9a8db744c81fc4e27b9ac58b) Importer(2089858483,192608db42251d675da83286b1cce702) (ScriptedImporter) -> (artifact id: 'f9b86058fc2488115c72e2e575cf7369') in 0.0646454 seconds
Number of updated asset objects reloaded before import = 0Number of asset objects unloaded after import = 7

========================================================================
Received Import Request.
  Time since last request: 0.000029 seconds.
  path: Assets/Polygon Arsenal/Sound/Wav/poly_explosion_fireball3.wav
  artifactKey: Guid(58dc2e645b97255419084420522f4ec0) Importer(2089858483,192608db42251d675da83286b1cce702)
Start importing Assets/Polygon Arsenal/Sound/Wav/poly_explosion_fireball3.wav using Guid(58dc2e645b97255419084420522f4ec0) Importer(2089858483,192608db42251d675da83286b1cce702) (ScriptedImporter) -> (artifact id: 'd75e7ac2da01c084f5f0bd618190806d') in 0.1821381 seconds
Number of updated asset objects reloaded before import = 0Number of asset objects unloaded after import = 1

========================================================================
Received Import Request.
  Time since last request: 0.000037 seconds.
  path: Assets/Polygon Arsenal/Sound/Wav/poly_explosion_crystal.wav
  artifactKey: Guid(12f6314fca11a4a4da1440134d0620d6) Importer(2089858483,192608db42251d675da83286b1cce702)
Start importing Assets/Polygon Arsenal/Sound/Wav/poly_explosion_crystal.wav using Guid(12f6314fca11a4a4da1440134d0620d6) Importer(2089858483,192608db42251d675da83286b1cce702) (ScriptedImporter) -> (artifact id: 'c2e697922bed3e2c16181a7caa952bac') in 0.1740418 seconds
Number of updated asset objects reloaded before import = 0Number of asset objects unloaded after import = 1

========================================================================
Received Import Request.
  Time since last request: 0.000048 seconds.
  path: Assets/Polygon Arsenal/Sound/Wav/poly_explosion_smoke.wav
  artifactKey: Guid(4793780d1eb3c9149bbda8a3d4d3df49) Importer(2089858483,192608db42251d675da83286b1cce702)
Start importing Assets/Polygon Arsenal/Sound/Wav/poly_explosion_smoke.wav using Guid(4793780d1eb3c9149bbda8a3d4d3df49) Importer(2089858483,192608db42251d675da83286b1cce702) (ScriptedImporter) -> (artifact id: '09716ee9aeee4d9da3d6691a0b4949ae') in 0.2040644 seconds
Number of updated asset objects reloaded before import = 0Number of asset objects unloaded after import = 1

========================================================================
Received Import Request.
  Time since last request: 0.000058 seconds.
  path: Assets/Polygon Arsenal/Sound/Wav/poly_explosion_storm.wav
  artifactKey: Guid(ffebc87847047bc4ab2d69d04c785d58) Importer(2089858483,192608db42251d675da83286b1cce702)
Start importing Assets/Polygon Arsenal/Sound/Wav/poly_explosion_storm.wav using Guid(ffebc87847047bc4ab2d69d04c785d58) Importer(2089858483,192608db42251d675da83286b1cce702) (ScriptedImporter) -> (artifact id: '4843d2a619a03cf412ef3aa891b7c1e7') in 0.1402795 seconds
Number of updated asset objects reloaded before import = 0Number of asset objects unloaded after import = 1

========================================================================
Received Import Request.
  Time since last request: 0.000060 seconds.
  path: Assets/Polygon Arsenal/Sound/Wav/poly_shoot_ice.wav
  artifactKey: Guid(753f1d1dacb52274fb9df7a142f8b4a9) Importer(2089858483,192608db42251d675da83286b1cce702)
Start importing Assets/Polygon Arsenal/Sound/Wav/poly_shoot_ice.wav using Guid(753f1d1dacb52274fb9df7a142f8b4a9) Importer(2089858483,192608db42251d675da83286b1cce702) (ScriptedImporter) -> (artifact id: 'bf7232f23a5885c1b524d9131a93fa73') in 0.136528 seconds
Number of updated asset objects reloaded before import = 0Number of asset objects unloaded after import = 1

========================================================================
Received Import Request.
  Time since last request: 0.000034 seconds.
  path: Assets/Polygon Arsenal/Sound/Wav/poly_explosion_blackhole3.wav
  artifactKey: Guid(c9f69fbc9abcb5047ac7802ccf3e3aa0) Importer(2089858483,192608db42251d675da83286b1cce702)
Start importing Assets/Polygon Arsenal/Sound/Wav/poly_explosion_blackhole3.wav using Guid(c9f69fbc9abcb5047ac7802ccf3e3aa0) Importer(2089858483,192608db42251d675da83286b1cce702) (ScriptedImporter) -> (artifact id: '5684de5727eb464b2342eff06d323d37') in 0.1917495 seconds
Number of updated asset objects reloaded before import = 0Number of asset objects unloaded after import = 1

========================================================================
Received Import Request.
  Time since last request: 0.000052 seconds.
  path: Assets/Polygon Arsenal/Sound/Wav/poly_explosion_fireball1.wav
  artifactKey: Guid(a6ed263e807940048af5295b8f7144d3) Importer(2089858483,192608db42251d675da83286b1cce702)
Start importing Assets/Polygon Arsenal/Sound/Wav/poly_explosion_fireball1.wav using Guid(a6ed263e807940048af5295b8f7144d3) Importer(2089858483,192608db42251d675da83286b1cce702) (ScriptedImporter) -> (artifact id: 'd26a1b0ef92a609c53550bf5f1bb822b') in 0.1383753 seconds
Number of updated asset objects reloaded before import = 0Number of asset objects unloaded after import = 1

========================================================================
Received Import Request.
  Time since last request: 0.000037 seconds.
  path: Assets/Polygon Arsenal/Sound/Wav/poly_explosion_nuke2.wav
  artifactKey: Guid(13d88e1139a700141851740d7f644325) Importer(2089858483,192608db42251d675da83286b1cce702)
Start importing Assets/Polygon Arsenal/Sound/Wav/poly_explosion_nuke2.wav using Guid(13d88e1139a700141851740d7f644325) Importer(2089858483,192608db42251d675da83286b1cce702) (ScriptedImporter) -> (artifact id: 'a19d5104d8935f7f534f9d4b6b110c33') in 0.0997901 seconds
Number of updated asset objects reloaded before import = 0Number of asset objects unloaded after import = 1

========================================================================
Received Import Request.
  Time since last request: 0.000056 seconds.
  path: Assets/Polygon Arsenal/Sound/Wav/poly_explosion_blackhole.wav
  artifactKey: Guid(aba568c3a335d5747a81420124be330b) Importer(2089858483,192608db42251d675da83286b1cce702)
Start importing Assets/Polygon Arsenal/Sound/Wav/poly_explosion_blackhole.wav using Guid(aba568c3a335d5747a81420124be330b) Importer(2089858483,192608db42251d675da83286b1cce702) (ScriptedImporter) -> (artifact id: 'ebbd46efee838adaf7bff77ec16fad38') in 0.1215196 seconds
Number of updated asset objects reloaded before import = 0Number of asset objects unloaded after import = 1

========================================================================
Received Import Request.
  Time since last request: 0.000029 seconds.
  path: Assets/Polygon Arsenal/Sound/Wav/poly_explosion_holy02.wav
  artifactKey: Guid(4e6ffa7559928a542b96f2a47c1cd487) Importer(2089858483,192608db42251d675da83286b1cce702)
Start importing Assets/Polygon Arsenal/Sound/Wav/poly_explosion_holy02.wav using Guid(4e6ffa7559928a542b96f2a47c1cd487) Importer(2089858483,192608db42251d675da83286b1cce702) (ScriptedImporter) -> (artifact id: 'fcd1e79d1bb2ba0b6ede11a493df6fd9') in 0.1000968 seconds
Number of updated asset objects reloaded before import = 0Number of asset objects unloaded after import = 1

========================================================================
Received Import Request.
  Time since last request: 0.000035 seconds.
  path: Assets/Polygon Arsenal/Sound/Wav/poly_explosion_antimatter.wav
  artifactKey: Guid(9d2f129290cb1a6489928f3dde8dbb39) Importer(2089858483,192608db42251d675da83286b1cce702)
Start importing Assets/Polygon Arsenal/Sound/Wav/poly_explosion_antimatter.wav using Guid(9d2f129290cb1a6489928f3dde8dbb39) Importer(2089858483,192608db42251d675da83286b1cce702) (ScriptedImporter) -> (artifact id: 'ab0c9d34119d51202396f6496a168931') in 0.1188775 seconds
Number of updated asset objects reloaded before import = 0Number of asset objects unloaded after import = 1

========================================================================
Received Import Request.
  Time since last request: 0.000049 seconds.
  path: Assets/Polygon Arsenal/Sound/Wav/poly_explosion_dark02.wav
  artifactKey: Guid(5ef2b5f3075ff2741bcf380f759f0236) Importer(2089858483,192608db42251d675da83286b1cce702)
Start importing Assets/Polygon Arsenal/Sound/Wav/poly_explosion_dark02.wav using Guid(5ef2b5f3075ff2741bcf380f759f0236) Importer(2089858483,192608db42251d675da83286b1cce702) (ScriptedImporter) -> (artifact id: '57546c42dd61d8ce1191f5f57c709f12') in 0.1053899 seconds
Number of updated asset objects reloaded before import = 0Number of asset objects unloaded after import = 1

========================================================================
Received Import Request.
  Time since last request: 0.000028 seconds.
  path: Assets/Polygon Arsenal/Sound/Wav/poly_explosion_arrow.wav
  artifactKey: Guid(be9c71bb9027c7b4297f7f3c16a2fd97) Importer(2089858483,192608db42251d675da83286b1cce702)
Start importing Assets/Polygon Arsenal/Sound/Wav/poly_explosion_arrow.wav using Guid(be9c71bb9027c7b4297f7f3c16a2fd97) Importer(2089858483,192608db42251d675da83286b1cce702) (ScriptedImporter) -> (artifact id: '7371460cd560e0c160650f701496dec3') in 0.1022121 seconds
Number of updated asset objects reloaded before import = 0Number of asset objects unloaded after import = 1

========================================================================
Received Import Request.
  Time since last request: 0.000036 seconds.
  path: Assets/Polygon Arsenal/Sound/Wav/poly_shoot_lightning.wav
  artifactKey: Guid(dd88e11d4d89e0d43a29d210d7d3b9c8) Importer(2089858483,192608db42251d675da83286b1cce702)
Start importing Assets/Polygon Arsenal/Sound/Wav/poly_shoot_lightning.wav using Guid(dd88e11d4d89e0d43a29d210d7d3b9c8) Importer(2089858483,192608db42251d675da83286b1cce702) (ScriptedImporter) -> (artifact id: '454663dbfc616fcf683dfbdd77042581') in 0.0818793 seconds
Number of updated asset objects reloaded before import = 0Number of asset objects unloaded after import = 1

========================================================================
Received Import Request.
  Time since last request: 0.000041 seconds.
  path: Assets/Polygon Arsenal/Sound/Wav/poly_shoot_missile.wav
  artifactKey: Guid(9acc11f5bd28e284fb0fb6dde51df504) Importer(2089858483,192608db42251d675da83286b1cce702)
Start importing Assets/Polygon Arsenal/Sound/Wav/poly_shoot_missile.wav using Guid(9acc11f5bd28e284fb0fb6dde51df504) Importer(2089858483,192608db42251d675da83286b1cce702) (ScriptedImporter) -> (artifact id: '9097212d1a973a2001c73677096e958e') in 0.0880896 seconds
Number of updated asset objects reloaded before import = 0Number of asset objects unloaded after import = 1

========================================================================
Received Import Request.
  Time since last request: 0.000025 seconds.
  path: Assets/Polygon Arsenal/Sound/Wav/poly_shoot_sniper_silenced.wav
  artifactKey: Guid(f90a266b299a2b045911e7e2594e5461) Importer(2089858483,192608db42251d675da83286b1cce702)
Start importing Assets/Polygon Arsenal/Sound/Wav/poly_shoot_sniper_silenced.wav using Guid(f90a266b299a2b045911e7e2594e5461) Importer(2089858483,192608db42251d675da83286b1cce702) (ScriptedImporter) -> (artifact id: '99210c869c925e3010d94bfc1ee45698') in 0.0759244 seconds
Number of updated asset objects reloaded before import = 0Number of asset objects unloaded after import = 1

========================================================================
Received Import Request.
  Time since last request: 0.000042 seconds.
  path: Assets/Polygon Arsenal/Sound/Wav/poly_shoot_sniper.wav
  artifactKey: Guid(1ac313793b8d7ef47b219daa39bca823) Importer(2089858483,192608db42251d675da83286b1cce702)
Start importing Assets/Polygon Arsenal/Sound/Wav/poly_shoot_sniper.wav using Guid(1ac313793b8d7ef47b219daa39bca823) Importer(2089858483,192608db42251d675da83286b1cce702) (ScriptedImporter) -> (artifact id: 'a4423d833ac535038f9936d1e0c2f42c') in 0.0972584 seconds
Number of updated asset objects reloaded before import = 0Number of asset objects unloaded after import = 1

========================================================================
Received Import Request.
  Time since last request: 0.000044 seconds.
  path: Assets/PolygonSciFiSpace/Materials/Alts/PolygonScifiSpace_Material_03_F.mat
  artifactKey: Guid(852e08e8e7224cb4b8935e20924d01d4) Importer(2089858483,192608db42251d675da83286b1cce702)
Start importing Assets/PolygonSciFiSpace/Materials/Alts/PolygonScifiSpace_Material_03_F.mat using Guid(852e08e8e7224cb4b8935e20924d01d4) Importer(2089858483,192608db42251d675da83286b1cce702) (ScriptedImporter) -> (artifact id: 'b924742a18e928d087f7d8fb1f203bd8') in 0.0225349 seconds
Number of updated asset objects reloaded before import = 0Number of asset objects unloaded after import = 3

========================================================================
Received Import Request.
  Time since last request: 0.000024 seconds.
  path: Assets/PolygonSciFiSpace/Materials/FX/FX_Lines.mat
  artifactKey: Guid(ccabe2f6d0ff0b34ea4c6ad84a5748de) Importer(2089858483,192608db42251d675da83286b1cce702)
Start importing Assets/PolygonSciFiSpace/Materials/FX/FX_Lines.mat using Guid(ccabe2f6d0ff0b34ea4c6ad84a5748de) Importer(2089858483,192608db42251d675da83286b1cce702) (ScriptedImporter) -> (artifact id: '1e6f215e205be0bc8fa071bab2585a39') in 0.0136303 seconds
Number of updated asset objects reloaded before import = 0Number of asset objects unloaded after import = 2

========================================================================
Received Import Request.
  Time since last request: 0.000026 seconds.
  path: Assets/PolygonSciFiSpace/Materials/FX/FX_Sphere.mat
  artifactKey: Guid(41e9749fbfcb2214f8ce3b9b2bdca971) Importer(2089858483,192608db42251d675da83286b1cce702)
Start importing Assets/PolygonSciFiSpace/Materials/FX/FX_Sphere.mat using Guid(41e9749fbfcb2214f8ce3b9b2bdca971) Importer(2089858483,192608db42251d675da83286b1cce702) (ScriptedImporter) -> (artifact id: 'b14fd568c8e2e0d1f90b3c9d4ade7427') in 0.0209904 seconds
Number of updated asset objects reloaded before import = 0Number of asset objects unloaded after import = 2

========================================================================
Received Import Request.
  Time since last request: 0.000027 seconds.
  path: Assets/PolygonSciFiSpace/Materials/Alts/PolygonScifiSpace_Material_02_F.mat
  artifactKey: Guid(4e487708cce33b647b13149ee619e642) Importer(2089858483,192608db42251d675da83286b1cce702)
Start importing Assets/PolygonSciFiSpace/Materials/Alts/PolygonScifiSpace_Material_02_F.mat using Guid(4e487708cce33b647b13149ee619e642) Importer(2089858483,192608db42251d675da83286b1cce702) (ScriptedImporter) -> (artifact id: 'b9c81cbd2c3fe9e328ec249532612c01') in 0.0186375 seconds
Number of updated asset objects reloaded before import = 0Number of asset objects unloaded after import = 3

========================================================================
Received Import Request.
  Time since last request: 0.000042 seconds.
  path: Assets/PolygonSciFiSpace/Materials/FX/FX_Bullets_Laser.mat
  artifactKey: Guid(918cab7a2574d6c4ba7ae6171240559e) Importer(2089858483,192608db42251d675da83286b1cce702)
Start importing Assets/PolygonSciFiSpace/Materials/FX/FX_Bullets_Laser.mat using Guid(918cab7a2574d6c4ba7ae6171240559e) Importer(2089858483,192608db42251d675da83286b1cce702) (ScriptedImporter) -> (artifact id: '405626e27fbaaca631a99fe68f62326e') in 0.012365 seconds
Number of updated asset objects reloaded before import = 0Number of asset objects unloaded after import = 2

========================================================================
Received Import Request.
  Time since last request: 0.000080 seconds.
  path: Assets/PolygonSciFiSpace/Materials/FX/FX_Black.mat
  artifactKey: Guid(52f54f8012454f74eaa7e9926f989372) Importer(2089858483,192608db42251d675da83286b1cce702)
Start importing Assets/PolygonSciFiSpace/Materials/FX/FX_Black.mat using Guid(52f54f8012454f74eaa7e9926f989372) Importer(2089858483,192608db42251d675da83286b1cce702) (ScriptedImporter) -> (artifact id: 'bda914e385d3a1ba50e868128d64aac0') in 0.0175083 seconds
Number of updated asset objects reloaded before import = 0Number of asset objects unloaded after import = 2

========================================================================
Received Import Request.
  Time since last request: 0.000023 seconds.
  path: Assets/PolygonSciFiSpace/Materials/Alts/PolygonScifiSpace_Sign_01_D.mat
  artifactKey: Guid(f3ed1cfe4f132644ea3ab6952075de93) Importer(2089858483,192608db42251d675da83286b1cce702)
Start importing Assets/PolygonSciFiSpace/Materials/Alts/PolygonScifiSpace_Sign_01_D.mat using Guid(f3ed1cfe4f132644ea3ab6952075de93) Importer(2089858483,192608db42251d675da83286b1cce702) (ScriptedImporter) -> (artifact id: 'bdd1f9595e1ffdc8e0d0d0ee402123bb') in 0.0137168 seconds
Number of updated asset objects reloaded before import = 0Number of asset objects unloaded after import = 2

========================================================================
Received Import Request.
  Time since last request: 0.000024 seconds.
  path: Assets/Polygon Arsenal/Sound/Wav/poly_shoot_stone02.wav
  artifactKey: Guid(d041ee4edef25a746a4eb8d41e4e512b) Importer(2089858483,192608db42251d675da83286b1cce702)
Start importing Assets/Polygon Arsenal/Sound/Wav/poly_shoot_stone02.wav using Guid(d041ee4edef25a746a4eb8d41e4e512b) Importer(2089858483,192608db42251d675da83286b1cce702) (ScriptedImporter) -> (artifact id: '86e5e1fc61b0f5ce92b5bb7b27bd9ecb') in 0.1001267 seconds
Number of updated asset objects reloaded before import = 0Number of asset objects unloaded after import = 1

========================================================================
Received Import Request.
  Time since last request: 0.000044 seconds.
  path: Assets/Polygon Arsenal/Sound/Wav/poly_shoot_skull.wav
  artifactKey: Guid(a72920763d06a454a8ee0aa035b02b93) Importer(2089858483,192608db42251d675da83286b1cce702)
Start importing Assets/Polygon Arsenal/Sound/Wav/poly_shoot_skull.wav using Guid(a72920763d06a454a8ee0aa035b02b93) Importer(2089858483,192608db42251d675da83286b1cce702) (ScriptedImporter) -> (artifact id: 'ff4458b3492f8a9da471bfb88bb21a4f') in 0.0889455 seconds
Number of updated asset objects reloaded before import = 0Number of asset objects unloaded after import = 1

========================================================================
Received Import Request.
  Time since last request: 0.000022 seconds.
  path: Assets/PolygonSciFiSpace/Materials/Alts/PolygonScifiSpace_Material_01_B.mat
  artifactKey: Guid(d8dfda64987cff5419b3497636a384d6) Importer(2089858483,192608db42251d675da83286b1cce702)
Start importing Assets/PolygonSciFiSpace/Materials/Alts/PolygonScifiSpace_Material_01_B.mat using Guid(d8dfda64987cff5419b3497636a384d6) Importer(2089858483,192608db42251d675da83286b1cce702) (ScriptedImporter) -> (artifact id: '5e4e47ce3e5597fe78134132bb16dcc6') in 0.0161718 seconds
Number of updated asset objects reloaded before import = 0Number of asset objects unloaded after import = 3

========================================================================
Received Import Request.
  Time since last request: 0.000036 seconds.
  path: Assets/Polygon Arsenal/Shaders/Standard/PolyRimLightSelective.shader
  artifactKey: Guid(b4b9827572db2a6458d7ef80fafe4b23) Importer(2089858483,192608db42251d675da83286b1cce702)
Start importing Assets/Polygon Arsenal/Shaders/Standard/PolyRimLightSelective.shader using Guid(b4b9827572db2a6458d7ef80fafe4b23) Importer(2089858483,192608db42251d675da83286b1cce702) (ScriptedImporter) -> (artifact id: 'bedaf9ccf757a802e0efa5d31fa629de') in 0.0128127 seconds
Number of updated asset objects reloaded before import = 0Number of asset objects unloaded after import = 1

========================================================================
Received Import Request.
  Time since last request: 0.000060 seconds.
  path: Assets/PolygonSciFiSpace/Materials/FX/FX_SphereGlow.mat
  artifactKey: Guid(83bf344aa66f8704ab56cddca307d1cd) Importer(2089858483,192608db42251d675da83286b1cce702)
Start importing Assets/PolygonSciFiSpace/Materials/FX/FX_SphereGlow.mat using Guid(83bf344aa66f8704ab56cddca307d1cd) Importer(2089858483,192608db42251d675da83286b1cce702) (ScriptedImporter) -> (artifact id: '2af4f2f6ec6c8cdc61184fd012511945') in 0.0124799 seconds
Number of updated asset objects reloaded before import = 0Number of asset objects unloaded after import = 2

========================================================================
Received Import Request.
  Time since last request: 0.000031 seconds.
  path: Assets/PolygonSciFiSpace/Materials/FX/FX_MissileCloud.mat
  artifactKey: Guid(a024a8c4e754a3d469880ec32ac46bc4) Importer(2089858483,192608db42251d675da83286b1cce702)
Start importing Assets/PolygonSciFiSpace/Materials/FX/FX_MissileCloud.mat using Guid(a024a8c4e754a3d469880ec32ac46bc4) Importer(2089858483,192608db42251d675da83286b1cce702) (ScriptedImporter) -> (artifact id: 'f4d9a0c0f309d9bf201830875dc420f2') in 0.016635 seconds
Number of updated asset objects reloaded before import = 0Number of asset objects unloaded after import = 2

========================================================================
Received Import Request.
  Time since last request: 0.000028 seconds.
  path: Assets/Polygon Arsenal/Materials/Main/PolyLitSurface.mat
  artifactKey: Guid(be228499b18f1344caf9d8104b8bcd99) Importer(2089858483,192608db42251d675da83286b1cce702)
Start importing Assets/Polygon Arsenal/Materials/Main/PolyLitSurface.mat using Guid(be228499b18f1344caf9d8104b8bcd99) Importer(2089858483,192608db42251d675da83286b1cce702) (ScriptedImporter) -> (artifact id: '5428e53be8def022e5e77d37c8704496') in 0.0094064 seconds
Number of updated asset objects reloaded before import = 0Number of asset objects unloaded after import = 1

========================================================================
Received Import Request.
  Time since last request: 0.000028 seconds.
  path: Assets/FishNet/CodeGenerating/Processing/NetworkBehaviourProcessor.cs
  artifactKey: Guid(23866e4d620216745a837fa99e801164) Importer(2089858483,192608db42251d675da83286b1cce702)
Start importing Assets/FishNet/CodeGenerating/Processing/NetworkBehaviourProcessor.cs using Guid(23866e4d620216745a837fa99e801164) Importer(2089858483,192608db42251d675da83286b1cce702) (ScriptedImporter) -> (artifact id: '9740fef24b09d1ab014fc327364d60de') in 0.0075491 seconds
Number of updated asset objects reloaded before import = 0Number of asset objects unloaded after import = 0

========================================================================
Received Import Request.
  Time since last request: 0.000043 seconds.
  path: Assets/PolygonSciFiSpace/Models/SM_Ship_Massive_Transport_01.fbx
  artifactKey: Guid(a24ae6f7ed6cf0846bca2cff12669441) Importer(2089858483,192608db42251d675da83286b1cce702)
Start importing Assets/PolygonSciFiSpace/Models/SM_Ship_Massive_Transport_01.fbx using Guid(a24ae6f7ed6cf0846bca2cff12669441) Importer(2089858483,192608db42251d675da83286b1cce702) (ScriptedImporter) -> (artifact id: '40191e5f7ef95afed47610ea12ef87ef') in 0.0312762 seconds
Number of updated asset objects reloaded before import = 0Number of asset objects unloaded after import = 7

========================================================================
Received Import Request.
  Time since last request: 0.000028 seconds.
  path: Assets/Polygon Arsenal/Materials/Gradients/PolyGradientMirror_ADD.mat
  artifactKey: Guid(1b030f1759839064bb75782be1586675) Importer(2089858483,192608db42251d675da83286b1cce702)
Start importing Assets/Polygon Arsenal/Materials/Gradients/PolyGradientMirror_ADD.mat using Guid(1b030f1759839064bb75782be1586675) Importer(2089858483,192608db42251d675da83286b1cce702) (ScriptedImporter) -> (artifact id: '3d741e83c4693eb4b088959f14fcac6c') in 0.0113705 seconds
Number of updated asset objects reloaded before import = 0Number of asset objects unloaded after import = 2

========================================================================
Received Import Request.
  Time since last request: 0.000024 seconds.
  path: Assets/Online_FPS_TPS_KIT/Scripts/EventsSystem/CurveEventModel.cs
  artifactKey: Guid(73c15e22f5cab204b8515ecead82d314) Importer(2089858483,192608db42251d675da83286b1cce702)
Start importing Assets/Online_FPS_TPS_KIT/Scripts/EventsSystem/CurveEventModel.cs using Guid(73c15e22f5cab204b8515ecead82d314) Importer(2089858483,192608db42251d675da83286b1cce702) (ScriptedImporter) -> (artifact id: '6e7402f87019f9669a59993d14635a0c') in 0.0069662 seconds
Number of updated asset objects reloaded before import = 0Number of asset objects unloaded after import = 0

========================================================================
Received Import Request.
  Time since last request: 0.000031 seconds.
  path: Assets/Online_FPS_TPS_KIT/Scripts/Player/HitBoxColidersList.cs
  artifactKey: Guid(634180468eb997d4599357325ba799fd) Importer(2089858483,192608db42251d675da83286b1cce702)
Start importing Assets/Online_FPS_TPS_KIT/Scripts/Player/HitBoxColidersList.cs using Guid(634180468eb997d4599357325ba799fd) Importer(2089858483,192608db42251d675da83286b1cce702) (ScriptedImporter) -> (artifact id: '761643a7b313f44ce635741b972cbfc7') in 0.0070274 seconds
Number of updated asset objects reloaded before import = 0Number of asset objects unloaded after import = 0

========================================================================
Received Import Request.
  Time since last request: 0.000053 seconds.
  path: Assets/PolygonSciFiSpace/Models/SM_Veh_Part_LandingGear_Wheel_02.fbx
  artifactKey: Guid(5f2e6739b43afb243bee96cd1ebe3f85) Importer(2089858483,192608db42251d675da83286b1cce702)
Start importing Assets/PolygonSciFiSpace/Models/SM_Veh_Part_LandingGear_Wheel_02.fbx using Guid(5f2e6739b43afb243bee96cd1ebe3f85) Importer(2089858483,192608db42251d675da83286b1cce702) (ScriptedImporter) -> (artifact id: 'c1ce28483559c73de8fe19fe80e83290') in 0.0348145 seconds
Number of updated asset objects reloaded before import = 0Number of asset objects unloaded after import = 12

========================================================================
Received Import Request.
  Time since last request: 0.000027 seconds.
  path: Assets/PolygonSciFiSpace/Models/SM_Sign_EscpapePod_01.fbx
  artifactKey: Guid(af52145d2b8e5bb44aa0ca1b0e31e20b) Importer(2089858483,192608db42251d675da83286b1cce702)
Start importing Assets/PolygonSciFiSpace/Models/SM_Sign_EscpapePod_01.fbx using Guid(af52145d2b8e5bb44aa0ca1b0e31e20b) Importer(2089858483,192608db42251d675da83286b1cce702) (ScriptedImporter) -> (artifact id: 'e613c6c9a26d96b010aab870a17360ec') in 0.0308162 seconds
Number of updated asset objects reloaded before import = 0Number of asset objects unloaded after import = 7

========================================================================
Received Import Request.
  Time since last request: 0.000031 seconds.
  path: Assets/PolygonSciFiSpace/Models/SM_Wep_Pistol_01.fbx
  artifactKey: Guid(b4ab5a0c8e9afaf4cac0baaee1cd20a4) Importer(2089858483,192608db42251d675da83286b1cce702)
Start importing Assets/PolygonSciFiSpace/Models/SM_Wep_Pistol_01.fbx using Guid(b4ab5a0c8e9afaf4cac0baaee1cd20a4) Importer(2089858483,192608db42251d675da83286b1cce702) (ScriptedImporter) -> (artifact id: 'e828c16da36fadab2873f3ea4e0c6fdb') in 0.032083 seconds
Number of updated asset objects reloaded before import = 0Number of asset objects unloaded after import = 12

========================================================================
Received Import Request.
  Time since last request: 0.000033 seconds.
  path: Assets/Polygon Arsenal/Sound/Wav/poly_explosion_incendiary.wav
  artifactKey: Guid(f36986c8d1478fe41baa79b5da109984) Importer(2089858483,192608db42251d675da83286b1cce702)
Start importing Assets/Polygon Arsenal/Sound/Wav/poly_explosion_incendiary.wav using Guid(f36986c8d1478fe41baa79b5da109984) Importer(2089858483,192608db42251d675da83286b1cce702) (ScriptedImporter) -> (artifact id: 'fc8ec460af1ebcb03f47e8fa817885ab') in 0.1110849 seconds
Number of updated asset objects reloaded before import = 0Number of asset objects unloaded after import = 1

========================================================================
Received Import Request.
  Time since last request: 0.000041 seconds.
  path: Assets/Online_FPS_TPS_KIT/Models/Weapons/Saga_Rifle.fbx
  artifactKey: Guid(cb65871af9a2df242b544caea8866fe3) Importer(2089858483,192608db42251d675da83286b1cce702)
Start importing Assets/Online_FPS_TPS_KIT/Models/Weapons/Saga_Rifle.fbx using Guid(cb65871af9a2df242b544caea8866fe3) Importer(2089858483,192608db42251d675da83286b1cce702) (ScriptedImporter) -> (artifact id: '67144d26205d2567e44a0b416b323586') in 0.0398215 seconds
Number of updated asset objects reloaded before import = 0Number of asset objects unloaded after import = 45

========================================================================
Received Import Request.
  Time since last request: 0.000029 seconds.
  path: Assets/Polygon Arsenal/Sound/Wav/poly_shoot_laser03.wav
  artifactKey: Guid(58011d9c0e455f34797a79d7da2fd471) Importer(2089858483,192608db42251d675da83286b1cce702)
Start importing Assets/Polygon Arsenal/Sound/Wav/poly_shoot_laser03.wav using Guid(58011d9c0e455f34797a79d7da2fd471) Importer(2089858483,192608db42251d675da83286b1cce702) (ScriptedImporter) -> (artifact id: '213750dc114b000e9947313bad913906') in 0.0932488 seconds
Number of updated asset objects reloaded before import = 0Number of asset objects unloaded after import = 1

========================================================================
Received Import Request.
  Time since last request: 0.000038 seconds.
  path: Assets/Polygon Arsenal/Prefabs/Misc/RainbowDNA.prefab
  artifactKey: Guid(96614702a4e96014591f2f2e46426941) Importer(2089858483,192608db42251d675da83286b1cce702)
Start importing Assets/Polygon Arsenal/Prefabs/Misc/RainbowDNA.prefab using Guid(96614702a4e96014591f2f2e46426941) Importer(2089858483,192608db42251d675da83286b1cce702) (ScriptedImporter) -> (artifact id: '4b40f2bd578c659e842cc28b54681de5') in 0.0860044 seconds
Number of updated asset objects reloaded before import = 0Number of asset objects unloaded after import = 13

========================================================================
Received Import Request.
  Time since last request: 0.000045 seconds.
  path: Assets/PolygonSciFiSpace/Models/SM_Veh_MissleRack_01.fbx
  artifactKey: Guid(49f622c35fe7b08499f217f77eb343e3) Importer(2089858483,192608db42251d675da83286b1cce702)
Start importing Assets/PolygonSciFiSpace/Models/SM_Veh_MissleRack_01.fbx using Guid(49f622c35fe7b08499f217f77eb343e3) Importer(2089858483,192608db42251d675da83286b1cce702) (ScriptedImporter) -> (artifact id: 'e748b6a0ffcd36acf10cceac276b2f75') in 0.0636824 seconds
Number of updated asset objects reloaded before import = 0Number of asset objects unloaded after import = 47

========================================================================
Received Import Request.
  Time since last request: 0.000023 seconds.
  path: Assets/Online_FPS_TPS_KIT/Scripts/EventsSystem/EventModel.cs
  artifactKey: Guid(47d0b8453ba33464d9811daea954d3f9) Importer(2089858483,192608db42251d675da83286b1cce702)
Start importing Assets/Online_FPS_TPS_KIT/Scripts/EventsSystem/EventModel.cs using Guid(47d0b8453ba33464d9811daea954d3f9) Importer(2089858483,192608db42251d675da83286b1cce702) (ScriptedImporter) -> (artifact id: 'fd155a16921e07c9eebccbac57d7e942') in 0.0063132 seconds
Number of updated asset objects reloaded before import = 0Number of asset objects unloaded after import = 0

========================================================================
Received Import Request.
  Time since last request: 0.000032 seconds.
  path: Assets/PolygonSciFiSpace/Materials/Alts/PolygonScifiSpace_Material_04_B.mat
  artifactKey: Guid(e871de2d3a078f445b028b75b70ee154) Importer(2089858483,192608db42251d675da83286b1cce702)
Start importing Assets/PolygonSciFiSpace/Materials/Alts/PolygonScifiSpace_Material_04_B.mat using Guid(e871de2d3a078f445b028b75b70ee154) Importer(2089858483,192608db42251d675da83286b1cce702) (ScriptedImporter) -> (artifact id: '3501ed386986cb829b64b12a9e68c22d') in 0.0213406 seconds
Number of updated asset objects reloaded before import = 0Number of asset objects unloaded after import = 3

========================================================================
Received Import Request.
  Time since last request: 0.000033 seconds.
  path: Assets/PolygonSciFiSpace/Textures/Dirt_01.png
  artifactKey: Guid(3e2a8988119194d468d8be062cfbfb72) Importer(2089858483,192608db42251d675da83286b1cce702)
Start importing Assets/PolygonSciFiSpace/Textures/Dirt_01.png using Guid(3e2a8988119194d468d8be062cfbfb72) Importer(2089858483,192608db42251d675da83286b1cce702) (ScriptedImporter) -> (artifact id: 'bb76ee698a9c5b25cfc79e07ba224059') in 0.0240932 seconds
Number of updated asset objects reloaded before import = 0Number of asset objects unloaded after import = 1

========================================================================
Received Import Request.
  Time since last request: 0.000055 seconds.
  path: Assets/PolygonSciFiSpace/Models/SM_Ship_Station_04.fbx
  artifactKey: Guid(5ac824e8aac33bf488b059a6894bcff3) Importer(2089858483,192608db42251d675da83286b1cce702)
Start importing Assets/PolygonSciFiSpace/Models/SM_Ship_Station_04.fbx using Guid(5ac824e8aac33bf488b059a6894bcff3) Importer(2089858483,192608db42251d675da83286b1cce702) (ScriptedImporter) -> (artifact id: '2019158c86333607c42b790cf526104d') in 0.0352343 seconds
Number of updated asset objects reloaded before import = 0Number of asset objects unloaded after import = 7

========================================================================
Received Import Request.
  Time since last request: 0.000077 seconds.
  path: Assets/PolygonSciFiSpace/Materials/Planets/PolygonSpace_Planet_02_F.mat
  artifactKey: Guid(170254348807f5045abe6dc91fa629db) Importer(2089858483,192608db42251d675da83286b1cce702)
Start importing Assets/PolygonSciFiSpace/Materials/Planets/PolygonSpace_Planet_02_F.mat using Guid(170254348807f5045abe6dc91fa629db) Importer(2089858483,192608db42251d675da83286b1cce702) (ScriptedImporter) -> (artifact id: '058f9c16bdc8fa6dbf2fe04611adc0ac') in 0.0183243 seconds
Number of updated asset objects reloaded before import = 0Number of asset objects unloaded after import = 2

========================================================================
Received Import Request.
  Time since last request: 0.000029 seconds.
  path: Assets/Polygon Arsenal/Prefabs/Misc/CrystalGrowthGreen.prefab
  artifactKey: Guid(7e368f46a5ec0a4409e0d0e83d57d382) Importer(2089858483,192608db42251d675da83286b1cce702)
Start importing Assets/Polygon Arsenal/Prefabs/Misc/CrystalGrowthGreen.prefab using Guid(7e368f46a5ec0a4409e0d0e83d57d382) Importer(2089858483,192608db42251d675da83286b1cce702) (ScriptedImporter) -> (artifact id: '8a665adad18b4c1d768b7fcde0e9cf0a') in 0.1046386 seconds
Number of updated asset objects reloaded before import = 0Number of asset objects unloaded after import = 21

========================================================================
Received Import Request.
  Time since last request: 0.000044 seconds.
  path: Assets/PolygonSciFiSpace/Models/Collision/SM_Ship_Stealth_01_Collision.fbx
  artifactKey: Guid(7f8ae044e338d434db72b18c3edd6f6c) Importer(2089858483,192608db42251d675da83286b1cce702)
Start importing Assets/PolygonSciFiSpace/Models/Collision/SM_Ship_Stealth_01_Collision.fbx using Guid(7f8ae044e338d434db72b18c3edd6f6c) Importer(2089858483,192608db42251d675da83286b1cce702) (ScriptedImporter) -> (artifact id: '73d373362203a01f4ffe9192e9707821') in 0.0314753 seconds
Number of updated asset objects reloaded before import = 0Number of asset objects unloaded after import = 7

========================================================================
Received Import Request.
  Time since last request: 0.000038 seconds.
  path: Assets/PolygonSciFiSpace/Models/Collision/SM_Ship_Cruiser_01_Collision.fbx
  artifactKey: Guid(3af01fd4edb687d44b5fb59ede081323) Importer(2089858483,192608db42251d675da83286b1cce702)
Start importing Assets/PolygonSciFiSpace/Models/Collision/SM_Ship_Cruiser_01_Collision.fbx using Guid(3af01fd4edb687d44b5fb59ede081323) Importer(2089858483,192608db42251d675da83286b1cce702) (ScriptedImporter) -> (artifact id: 'f9f4949cdfec6b8d54ef4ecda14cfc56') in 0.0302172 seconds
Number of updated asset objects reloaded before import = 0Number of asset objects unloaded after import = 7

========================================================================
Received Import Request.
  Time since last request: 0.000024 seconds.
  path: Assets/PolygonSciFiSpace/Models/FX_Meshes/SM_Pebble_Debris_01.fbx
  artifactKey: Guid(b53f06a1d9cff4a43a94f59f6cbf9451) Importer(2089858483,192608db42251d675da83286b1cce702)
Start importing Assets/PolygonSciFiSpace/Models/FX_Meshes/SM_Pebble_Debris_01.fbx using Guid(b53f06a1d9cff4a43a94f59f6cbf9451) Importer(2089858483,192608db42251d675da83286b1cce702) (ScriptedImporter) -> (artifact id: 'ea3b6490e67ee5dbcc5accbda87feb6c') in 0.0271316 seconds
Number of updated asset objects reloaded before import = 0Number of asset objects unloaded after import = 7

========================================================================
Received Import Request.
  Time since last request: 0.000023 seconds.
  path: Assets/PolygonSciFiSpace/Prefabs/Buildings/SM_Bld_Bridge_Console_Corner_02.prefab
  artifactKey: Guid(a618996e954eb784b9ca879b3105e68c) Importer(2089858483,192608db42251d675da83286b1cce702)
Start importing Assets/PolygonSciFiSpace/Prefabs/Buildings/SM_Bld_Bridge_Console_Corner_02.prefab using Guid(a618996e954eb784b9ca879b3105e68c) Importer(2089858483,192608db42251d675da83286b1cce702) (ScriptedImporter) -> (artifact id: '5664148bd1428816d6dcfee044f7a70b') in 0.0274992 seconds
Number of updated asset objects reloaded before import = 0Number of asset objects unloaded after import = 16

========================================================================
Received Import Request.
  Time since last request: 0.000035 seconds.
  path: Assets/PolygonSciFiSpace/Models/Collision/SM_Ship_Fighter_03_Collision.fbx
  artifactKey: Guid(b9cd94a24f904184e81989744300be87) Importer(2089858483,192608db42251d675da83286b1cce702)
Start importing Assets/PolygonSciFiSpace/Models/Collision/SM_Ship_Fighter_03_Collision.fbx using Guid(b9cd94a24f904184e81989744300be87) Importer(2089858483,192608db42251d675da83286b1cce702) (ScriptedImporter) -> (artifact id: 'd614dddf568c6333a4bcad1b20b2f3d4') in 0.0286893 seconds
Number of updated asset objects reloaded before import = 0Number of asset objects unloaded after import = 7

========================================================================
Received Import Request.
  Time since last request: 0.000045 seconds.
  path: Assets/PolygonSciFiSpace/Models/Collision/SM_Prop_Stairs_01_Collision.fbx
  artifactKey: Guid(4c1578abba55519498e93ebfb5caf830) Importer(2089858483,192608db42251d675da83286b1cce702)
Start importing Assets/PolygonSciFiSpace/Models/Collision/SM_Prop_Stairs_01_Collision.fbx using Guid(4c1578abba55519498e93ebfb5caf830) Importer(2089858483,192608db42251d675da83286b1cce702) (ScriptedImporter) -> (artifact id: '6e2c6acc886d76c3fac97864c8bb701b') in 0.0320924 seconds
Number of updated asset objects reloaded before import = 0Number of asset objects unloaded after import = 7

========================================================================
Received Import Request.
  Time since last request: 0.000022 seconds.
  path: Assets/PolygonSciFiSpace/Materials/Misc/PolygonScifiSpace_Skybox_03.mat
  artifactKey: Guid(a7d4f5041273f4b469a8633035abc6c9) Importer(2089858483,192608db42251d675da83286b1cce702)
Start importing Assets/PolygonSciFiSpace/Materials/Misc/PolygonScifiSpace_Skybox_03.mat using Guid(a7d4f5041273f4b469a8633035abc6c9) Importer(2089858483,192608db42251d675da83286b1cce702) (ScriptedImporter) -> (artifact id: '167eb2f0195dc57d10d3da22fde46ec7') in 0.0450349 seconds
Number of updated asset objects reloaded before import = 0Number of asset objects unloaded after import = 7

========================================================================
Received Import Request.
  Time since last request: 0.000033 seconds.
  path: Assets/PolygonSciFiSpace/Models/FX_Meshes/SM_Pebble_Debris_02.fbx
  artifactKey: Guid(cccc83cf9bba6ad40a468d13091e31d2) Importer(2089858483,192608db42251d675da83286b1cce702)
Start importing Assets/PolygonSciFiSpace/Models/FX_Meshes/SM_Pebble_Debris_02.fbx using Guid(cccc83cf9bba6ad40a468d13091e31d2) Importer(2089858483,192608db42251d675da83286b1cce702) (ScriptedImporter) -> (artifact id: '91c5a40930b25d5e424f5eb82c57151e') in 0.0308444 seconds
Number of updated asset objects reloaded before import = 0Number of asset objects unloaded after import = 7

========================================================================
Received Import Request.
  Time since last request: 0.000038 seconds.
  path: Assets/PolygonSciFiSpace/Materials/Planets/PolygonSpace_Planet_Lines_02_C.mat
  artifactKey: Guid(cf8172e935d39294aa17e9348aa50127) Importer(2089858483,192608db42251d675da83286b1cce702)
Start importing Assets/PolygonSciFiSpace/Materials/Planets/PolygonSpace_Planet_Lines_02_C.mat using Guid(cf8172e935d39294aa17e9348aa50127) Importer(2089858483,192608db42251d675da83286b1cce702) (ScriptedImporter) -> (artifact id: 'b8982f26b70dc8f0879bc2a5fa636bda') in 0.0200997 seconds
Number of updated asset objects reloaded before import = 0Number of asset objects unloaded after import = 2

========================================================================
Received Import Request.
  Time since last request: 0.000043 seconds.
  path: Assets/PolygonSciFiSpace/Models/Collision/SM_Prop_Stairs_02_Collision.fbx
  artifactKey: Guid(7b211760facf617448a71f85f03b4b00) Importer(2089858483,192608db42251d675da83286b1cce702)
Start importing Assets/PolygonSciFiSpace/Models/Collision/SM_Prop_Stairs_02_Collision.fbx using Guid(7b211760facf617448a71f85f03b4b00) Importer(2089858483,192608db42251d675da83286b1cce702) (ScriptedImporter) -> (artifact id: 'ac05ed73d64c3a2a6a8c4a06286d0a91') in 0.0316044 seconds
Number of updated asset objects reloaded before import = 0Number of asset objects unloaded after import = 7

========================================================================
Received Import Request.
  Time since last request: 0.000040 seconds.
  path: Assets/PolygonSciFiSpace/Materials/Planets/PolygonSpace_Planet_Lines_02_A.mat
  artifactKey: Guid(4826d451338cccd49befb672cb9c1933) Importer(2089858483,192608db42251d675da83286b1cce702)
Start importing Assets/PolygonSciFiSpace/Materials/Planets/PolygonSpace_Planet_Lines_02_A.mat using Guid(4826d451338cccd49befb672cb9c1933) Importer(2089858483,192608db42251d675da83286b1cce702) (ScriptedImporter) -> (artifact id: 'de68db1e7d814ac5a5e6c48dad3ff4c7') in 0.0129516 seconds
Number of updated asset objects reloaded before import = 0Number of asset objects unloaded after import = 2

========================================================================
Received Import Request.
  Time since last request: 0.000027 seconds.
  path: Assets/PolygonSciFiSpace/Materials/Misc/PolygonScifiSpace_Material_Grey.mat
  artifactKey: Guid(5de63e102847964469ac405410d914eb) Importer(2089858483,192608db42251d675da83286b1cce702)
Start importing Assets/PolygonSciFiSpace/Materials/Misc/PolygonScifiSpace_Material_Grey.mat using Guid(5de63e102847964469ac405410d914eb) Importer(2089858483,192608db42251d675da83286b1cce702) (ScriptedImporter) -> (artifact id: 'a7f84d45fa0d571b0c7fa3dadb7728fc') in 0.0141114 seconds
Number of updated asset objects reloaded before import = 0Number of asset objects unloaded after import = 1

========================================================================
Received Import Request.
  Time since last request: 0.000038 seconds.
  path: Assets/PolygonSciFiSpace/Materials/Planets/PolygonSpace_Planet_Lines_01_B.mat
  artifactKey: Guid(c79143b0d6739c9448e7836ffbf796ba) Importer(2089858483,192608db42251d675da83286b1cce702)
Start importing Assets/PolygonSciFiSpace/Materials/Planets/PolygonSpace_Planet_Lines_01_B.mat using Guid(c79143b0d6739c9448e7836ffbf796ba) Importer(2089858483,192608db42251d675da83286b1cce702) (ScriptedImporter) -> (artifact id: '21e29c849bb0329c9fef99c5e7c6c55f') in 0.0202163 seconds
Number of updated asset objects reloaded before import = 0Number of asset objects unloaded after import = 2

========================================================================
Received Import Request.
  Time since last request: 0.000507 seconds.
  path: Assets/PolygonSciFiSpace/Models/Collision/SM_Ship_Station_06_Collision.fbx
  artifactKey: Guid(bb0de7d6fd44c8d49bb1987c36733bba) Importer(2089858483,192608db42251d675da83286b1cce702)
Start importing Assets/PolygonSciFiSpace/Models/Collision/SM_Ship_Station_06_Collision.fbx using Guid(bb0de7d6fd44c8d49bb1987c36733bba) Importer(2089858483,192608db42251d675da83286b1cce702) (ScriptedImporter) -> (artifact id: '8df298e5599a5edc0d43c13c44dc04a2') in 0.1760062 seconds
Number of updated asset objects reloaded before import = 0Number of asset objects unloaded after import = 7

========================================================================
Received Import Request.
  Time since last request: 0.000038 seconds.
  path: Assets/PolygonSciFiSpace/Materials/Planets/PolygonSpace_Planet_Lines_01_F.mat
  artifactKey: Guid(b15f4c9eaf1428140a5c7c0cb1fad686) Importer(2089858483,192608db42251d675da83286b1cce702)
Start importing Assets/PolygonSciFiSpace/Materials/Planets/PolygonSpace_Planet_Lines_01_F.mat using Guid(b15f4c9eaf1428140a5c7c0cb1fad686) Importer(2089858483,192608db42251d675da83286b1cce702) (ScriptedImporter) -> (artifact id: '9e463cceff8a863dcbaad019ee799dea') in 0.021966 seconds
Number of updated asset objects reloaded before import = 0Number of asset objects unloaded after import = 2

========================================================================
Received Import Request.
  Time since last request: 0.000054 seconds.
  path: Assets/PolygonSciFiSpace/Materials/Planets/PolygonSpace_Planet_Lines_02_B.mat
  artifactKey: Guid(dc057b31df0f97245ba2e522a1898bed) Importer(2089858483,192608db42251d675da83286b1cce702)
Start importing Assets/PolygonSciFiSpace/Materials/Planets/PolygonSpace_Planet_Lines_02_B.mat using Guid(dc057b31df0f97245ba2e522a1898bed) Importer(2089858483,192608db42251d675da83286b1cce702) (ScriptedImporter) -> (artifact id: '247f5ccc4ce89e24a23772ea3abfec07') in 0.0195565 seconds
Number of updated asset objects reloaded before import = 0Number of asset objects unloaded after import = 2

========================================================================
Received Import Request.
  Time since last request: 0.000030 seconds.
  path: Assets/PolygonSciFiSpace/Models/Collision/SM_Ship_Station_04_Collision.fbx
  artifactKey: Guid(1a66ea998e6e01b48a1426d748cbfa1f) Importer(2089858483,192608db42251d675da83286b1cce702)
Start importing Assets/PolygonSciFiSpace/Models/Collision/SM_Ship_Station_04_Collision.fbx using Guid(1a66ea998e6e01b48a1426d748cbfa1f) Importer(2089858483,192608db42251d675da83286b1cce702) (ScriptedImporter) -> (artifact id: 'aa6007d41056909e81e3446426edc009') in 0.049898 seconds
Number of updated asset objects reloaded before import = 0Number of asset objects unloaded after import = 7

========================================================================
Received Import Request.
  Time since last request: 0.000036 seconds.
  path: Assets/PolygonSciFiSpace/Models/Collision/SM_Ship_Fighter_Heavy_04_Collision.fbx
  artifactKey: Guid(742aa03348f222248afef395f4b0e552) Importer(2089858483,192608db42251d675da83286b1cce702)
Start importing Assets/PolygonSciFiSpace/Models/Collision/SM_Ship_Fighter_Heavy_04_Collision.fbx using Guid(742aa03348f222248afef395f4b0e552) Importer(2089858483,192608db42251d675da83286b1cce702) (ScriptedImporter) -> (artifact id: '00a498cb5ef5084af587210bcc20d410') in 0.0441953 seconds
Number of updated asset objects reloaded before import = 0Number of asset objects unloaded after import = 7

========================================================================
Received Import Request.
  Time since last request: 0.000058 seconds.
  path: Assets/PolygonSciFiSpace/Prefabs/Buildings/SM_Bld_Ceiling_02.prefab
  artifactKey: Guid(b1bfe5df5155ab7468e4fa16fd1b4899) Importer(2089858483,192608db42251d675da83286b1cce702)
Start importing Assets/PolygonSciFiSpace/Prefabs/Buildings/SM_Bld_Ceiling_02.prefab using Guid(b1bfe5df5155ab7468e4fa16fd1b4899) Importer(2089858483,192608db42251d675da83286b1cce702) (ScriptedImporter) -> (artifact id: 'e1861782d6b18c7439b3a29e7387b816') in 0.0367238 seconds
Number of updated asset objects reloaded before import = 0Number of asset objects unloaded after import = 10

========================================================================
Received Import Request.
  Time since last request: 0.000035 seconds.
  path: Assets/PolygonSciFiSpace/Materials/Planets/PolygonSpace_Planet_Lines_01_D.mat
  artifactKey: Guid(20e4cf057c600f04eb0257bcbc7cfe25) Importer(2089858483,192608db42251d675da83286b1cce702)
Start importing Assets/PolygonSciFiSpace/Materials/Planets/PolygonSpace_Planet_Lines_01_D.mat using Guid(20e4cf057c600f04eb0257bcbc7cfe25) Importer(2089858483,192608db42251d675da83286b1cce702) (ScriptedImporter) -> (artifact id: '9c93c8bc64e89d636935ab2297fc5071') in 0.0183197 seconds
Number of updated asset objects reloaded before import = 0Number of asset objects unloaded after import = 2

========================================================================
Received Import Request.
  Time since last request: 0.000041 seconds.
  path: Assets/PolygonSciFiSpace/Models/Collision/SM_Ship_Stealth_02_Collision.fbx
  artifactKey: Guid(b35665eb202f4ec4f8c2e514e397daec) Importer(2089858483,192608db42251d675da83286b1cce702)
Start importing Assets/PolygonSciFiSpace/Models/Collision/SM_Ship_Stealth_02_Collision.fbx using Guid(b35665eb202f4ec4f8c2e514e397daec) Importer(2089858483,192608db42251d675da83286b1cce702) (ScriptedImporter) -> (artifact id: '608e82097bd646c821a317b7ffd2f74e') in 0.0508944 seconds
Number of updated asset objects reloaded before import = 0Number of asset objects unloaded after import = 7

========================================================================
Received Import Request.
  Time since last request: 0.000062 seconds.
  path: Assets/PolygonSciFiSpace/Models/FX_Meshes/SM_LightRayCube.fbx
  artifactKey: Guid(c0421ab28574b254fb88ffc8196e209f) Importer(2089858483,192608db42251d675da83286b1cce702)
Start importing Assets/PolygonSciFiSpace/Models/FX_Meshes/SM_LightRayCube.fbx using Guid(c0421ab28574b254fb88ffc8196e209f) Importer(2089858483,192608db42251d675da83286b1cce702) (ScriptedImporter) -> (artifact id: 'e7f8137ae9f5e34a8b73cb022747b92d') in 0.0621816 seconds
Number of updated asset objects reloaded before import = 0Number of asset objects unloaded after import = 16

========================================================================
Received Import Request.
  Time since last request: 0.000032 seconds.
  path: Assets/PolygonSciFiSpace/Materials/Planets/PolygonSpace_Planet_01_D.mat
  artifactKey: Guid(104b4c7750829d3449e75bd4c9f4aa59) Importer(2089858483,192608db42251d675da83286b1cce702)
Start importing Assets/PolygonSciFiSpace/Materials/Planets/PolygonSpace_Planet_01_D.mat using Guid(104b4c7750829d3449e75bd4c9f4aa59) Importer(2089858483,192608db42251d675da83286b1cce702) (ScriptedImporter) -> (artifact id: 'c57e6b6a490dae70987d3332427f2aa2') in 0.0261111 seconds
Number of updated asset objects reloaded before import = 0Number of asset objects unloaded after import = 2

========================================================================
Received Import Request.
  Time since last request: 0.000043 seconds.
  path: Assets/PolygonSciFiSpace/Models/FX_Meshes/SM_SphereGeo.fbx
  artifactKey: Guid(b5e2b3d671f50464eaf7b8343c2f2a86) Importer(2089858483,192608db42251d675da83286b1cce702)
Start importing Assets/PolygonSciFiSpace/Models/FX_Meshes/SM_SphereGeo.fbx using Guid(b5e2b3d671f50464eaf7b8343c2f2a86) Importer(2089858483,192608db42251d675da83286b1cce702) (ScriptedImporter) -> (artifact id: '1c3e5aeca12b084d77a4f683b8d287ae') in 0.0775357 seconds
Number of updated asset objects reloaded before import = 0Number of asset objects unloaded after import = 7

========================================================================
Received Import Request.
  Time since last request: 0.000060 seconds.
  path: Assets/PolygonSciFiSpace/Models/Collision/SM_Prop_Stairs_04_Collision.fbx
  artifactKey: Guid(8dfd4a5f51f75564c9c32ced76121331) Importer(2089858483,192608db42251d675da83286b1cce702)
Start importing Assets/PolygonSciFiSpace/Models/Collision/SM_Prop_Stairs_04_Collision.fbx using Guid(8dfd4a5f51f75564c9c32ced76121331) Importer(2089858483,192608db42251d675da83286b1cce702) (ScriptedImporter) -> (artifact id: '3454eda2ef121e450127c111dfe97118') in 0.0640988 seconds
Number of updated asset objects reloaded before import = 0Number of asset objects unloaded after import = 7

========================================================================
Received Import Request.
  Time since last request: 0.000027 seconds.
  path: Assets/PolygonSciFiSpace/Prefabs/Buildings/SM_Bld_Bridge_Console_01.prefab
  artifactKey: Guid(e1b6e37c82544254e9939383381f87bf) Importer(2089858483,192608db42251d675da83286b1cce702)
Start importing Assets/PolygonSciFiSpace/Prefabs/Buildings/SM_Bld_Bridge_Console_01.prefab using Guid(e1b6e37c82544254e9939383381f87bf) Importer(2089858483,192608db42251d675da83286b1cce702) (ScriptedImporter) -> (artifact id: 'c8fdaeaf7f7f6a2240cd86ea115a4670') in 0.0533179 seconds
Number of updated asset objects reloaded before import = 0Number of asset objects unloaded after import = 20

========================================================================
Received Import Request.
  Time since last request: 0.000042 seconds.
  path: Assets/PolygonSciFiSpace/Prefabs/Buildings/SM_Bld_Lift_Wall_01.prefab
  artifactKey: Guid(1dc55f6dbc165ca4486ab6bbaa048d5c) Importer(2089858483,192608db42251d675da83286b1cce702)
Start importing Assets/PolygonSciFiSpace/Prefabs/Buildings/SM_Bld_Lift_Wall_01.prefab using Guid(1dc55f6dbc165ca4486ab6bbaa048d5c) Importer(2089858483,192608db42251d675da83286b1cce702) (ScriptedImporter) -> (artifact id: '10d7a5e74a8f0d74aa26dc2e87548659') in 0.0296317 seconds
Number of updated asset objects reloaded before import = 0Number of asset objects unloaded after import = 21

========================================================================
Received Import Request.
  Time since last request: 0.000064 seconds.
  path: Assets/PolygonSciFiSpace/Prefabs/Buildings/SM_Bld_HangarExteriorShip_02.prefab
  artifactKey: Guid(d82642589da7be44ba1a0eea017d9fe2) Importer(2089858483,192608db42251d675da83286b1cce702)
Start importing Assets/PolygonSciFiSpace/Prefabs/Buildings/SM_Bld_HangarExteriorShip_02.prefab using Guid(d82642589da7be44ba1a0eea017d9fe2) Importer(2089858483,192608db42251d675da83286b1cce702) (ScriptedImporter) -> (artifact id: '15c3a2b3e0e193dd5bb68fdd6cb21642') in 0.0325625 seconds
Number of updated asset objects reloaded before import = 0Number of asset objects unloaded after import = 25

========================================================================
Received Import Request.
  Time since last request: 0.000037 seconds.
  path: Assets/PolygonSciFiSpace/Prefabs/Buildings/SM_Bld_HangerFloor_01.prefab
  artifactKey: Guid(24314940e1a8ddc47bbb9281e63963a3) Importer(2089858483,192608db42251d675da83286b1cce702)
Start importing Assets/PolygonSciFiSpace/Prefabs/Buildings/SM_Bld_HangerFloor_01.prefab using Guid(24314940e1a8ddc47bbb9281e63963a3) Importer(2089858483,192608db42251d675da83286b1cce702) (ScriptedImporter) -> (artifact id: '627c0ecb5632483bfe539a2a1b6e843d') in 0.0330256 seconds
Number of updated asset objects reloaded before import = 0Number of asset objects unloaded after import = 9

========================================================================
Received Import Request.
  Time since last request: 0.000038 seconds.
  path: Assets/PolygonSciFiSpace/Prefabs/Buildings/SM_Bld_Wall_Corner_Pillar_Wide_03.prefab
  artifactKey: Guid(e777cdde0977dcf46bf0ad637b292fb1) Importer(2089858483,192608db42251d675da83286b1cce702)
Start importing Assets/PolygonSciFiSpace/Prefabs/Buildings/SM_Bld_Wall_Corner_Pillar_Wide_03.prefab using Guid(e777cdde0977dcf46bf0ad637b292fb1) Importer(2089858483,192608db42251d675da83286b1cce702) (ScriptedImporter) -> (artifact id: '79d4bcc015a8cc6988cc589276983aaa') in 0.0331995 seconds
Number of updated asset objects reloaded before import = 0Number of asset objects unloaded after import = 14

========================================================================
Received Import Request.
  Time since last request: 0.000075 seconds.
  path: Assets/PolygonSciFiSpace/Prefabs/Buildings/SM_Bld_Floor_Small_07.prefab
  artifactKey: Guid(6bd51e4648fa5a74d8b953a640743df3) Importer(2089858483,192608db42251d675da83286b1cce702)
Start importing Assets/PolygonSciFiSpace/Prefabs/Buildings/SM_Bld_Floor_Small_07.prefab using Guid(6bd51e4648fa5a74d8b953a640743df3) Importer(2089858483,192608db42251d675da83286b1cce702) (ScriptedImporter) -> (artifact id: '3834236fe4b6b2bd7b9acf145c25c718') in 0.0393417 seconds
Number of updated asset objects reloaded before import = 0Number of asset objects unloaded after import = 9

========================================================================
Received Import Request.
  Time since last request: 0.000024 seconds.
  path: Assets/PolygonSciFiSpace/Prefabs/Buildings/SM_Bld_Wall_Doorframe_Outer_02.prefab
  artifactKey: Guid(7049251ad0cb1b14195f88b54d3847a1) Importer(2089858483,192608db42251d675da83286b1cce702)
Start importing Assets/PolygonSciFiSpace/Prefabs/Buildings/SM_Bld_Wall_Doorframe_Outer_02.prefab using Guid(7049251ad0cb1b14195f88b54d3847a1) Importer(2089858483,192608db42251d675da83286b1cce702) (ScriptedImporter) -> (artifact id: '3e046ca687db7e8e6d4b53a013cdbb3a') in 0.0225369 seconds
Number of updated asset objects reloaded before import = 0Number of asset objects unloaded after import = 9

========================================================================
Received Import Request.
  Time since last request: 0.000022 seconds.
  path: Assets/PolygonSciFiSpace/Prefabs/Buildings/SM_Bld_Crew_Blank_02.prefab
  artifactKey: Guid(e3afa03551d092b47ab5f28000490399) Importer(2089858483,192608db42251d675da83286b1cce702)
Start importing Assets/PolygonSciFiSpace/Prefabs/Buildings/SM_Bld_Crew_Blank_02.prefab using Guid(e3afa03551d092b47ab5f28000490399) Importer(2089858483,192608db42251d675da83286b1cce702) (ScriptedImporter) -> (artifact id: '98f63eae6819412a1353893065f45f99') in 0.0260856 seconds
Number of updated asset objects reloaded before import = 0Number of asset objects unloaded after import = 10

========================================================================
Received Import Request.
  Time since last request: 0.000038 seconds.
  path: Assets/PolygonSciFiSpace/Prefabs/Buildings/SM_Bld_Wall_Corner_Pillar_Wide_05.prefab
  artifactKey: Guid(34eafde291dd803468bc26dce0147eb6) Importer(2089858483,192608db42251d675da83286b1cce702)
Start importing Assets/PolygonSciFiSpace/Prefabs/Buildings/SM_Bld_Wall_Corner_Pillar_Wide_05.prefab using Guid(34eafde291dd803468bc26dce0147eb6) Importer(2089858483,192608db42251d675da83286b1cce702) (ScriptedImporter) -> (artifact id: '0121b5dd3a8c06bb2fa7bbf0def41467') in 0.0266999 seconds
Number of updated asset objects reloaded before import = 0Number of asset objects unloaded after import = 12

========================================================================
Received Import Request.
  Time since last request: 0.000049 seconds.
  path: Assets/PolygonSciFiSpace/Prefabs/Buildings/SM_Bld_Wall_Escpod_Hatch_01.prefab
  artifactKey: Guid(c777f336e21ed7c4aac1ee110f4f4b5e) Importer(2089858483,192608db42251d675da83286b1cce702)
Start importing Assets/PolygonSciFiSpace/Prefabs/Buildings/SM_Bld_Wall_Escpod_Hatch_01.prefab using Guid(c777f336e21ed7c4aac1ee110f4f4b5e) Importer(2089858483,192608db42251d675da83286b1cce702) (ScriptedImporter) -> (artifact id: 'c16d87cbc6108dab2d2026fe9e90855d') in 0.0259157 seconds
Number of updated asset objects reloaded before import = 0Number of asset objects unloaded after import = 16

========================================================================
Received Import Request.
  Time since last request: 0.000027 seconds.
  path: Assets/PolygonSciFiSpace/Prefabs/Buildings/SM_Bld_Floor_08.prefab
  artifactKey: Guid(53bf62f3d6062f4458865cf8cd626bea) Importer(2089858483,192608db42251d675da83286b1cce702)
Start importing Assets/PolygonSciFiSpace/Prefabs/Buildings/SM_Bld_Floor_08.prefab using Guid(53bf62f3d6062f4458865cf8cd626bea) Importer(2089858483,192608db42251d675da83286b1cce702) (ScriptedImporter) -> (artifact id: '73ea560f90a57eb5f1c698b70192ba0f') in 0.0250284 seconds
Number of updated asset objects reloaded before import = 0Number of asset objects unloaded after import = 9

========================================================================
Received Import Request.
  Time since last request: 0.000028 seconds.
  path: Assets/PolygonSciFiSpace/Prefabs/Buildings/SM_Bld_Wall_Pillar_03.prefab
  artifactKey: Guid(815cd6e57c6915f46b82b686156bfde8) Importer(2089858483,192608db42251d675da83286b1cce702)
Start importing Assets/PolygonSciFiSpace/Prefabs/Buildings/SM_Bld_Wall_Pillar_03.prefab using Guid(815cd6e57c6915f46b82b686156bfde8) Importer(2089858483,192608db42251d675da83286b1cce702) (ScriptedImporter) -> (artifact id: 'c835646887aff9a5e9c1f66910bf8132') in 0.0417516 seconds
Number of updated asset objects reloaded before import = 0Number of asset objects unloaded after import = 14

========================================================================
Received Import Request.
  Time since last request: 0.000040 seconds.
  path: Assets/PolygonSciFiSpace/Prefabs/Buildings/SM_Bld_Wall_Doorframe_04.prefab
  artifactKey: Guid(efe15252b0ea3824b939145bdd9eef41) Importer(2089858483,192608db42251d675da83286b1cce702)
Start importing Assets/PolygonSciFiSpace/Prefabs/Buildings/SM_Bld_Wall_Doorframe_04.prefab using Guid(efe15252b0ea3824b939145bdd9eef41) Importer(2089858483,192608db42251d675da83286b1cce702) (ScriptedImporter) -> (artifact id: 'b9f22b069282ecdb77e578c6fa940c30') in 0.0360431 seconds
Number of updated asset objects reloaded before import = 0Number of asset objects unloaded after import = 16

========================================================================
Received Import Request.
  Time since last request: 0.000037 seconds.
  path: Assets/PolygonSciFiSpace/Prefabs/Buildings/SM_Bld_Floor_Large_Walkway_Endcap_01.prefab
  artifactKey: Guid(88c724e1555d2254fb73973e9f976889) Importer(2089858483,192608db42251d675da83286b1cce702)
Start importing Assets/PolygonSciFiSpace/Prefabs/Buildings/SM_Bld_Floor_Large_Walkway_Endcap_01.prefab using Guid(88c724e1555d2254fb73973e9f976889) Importer(2089858483,192608db42251d675da83286b1cce702) (ScriptedImporter) -> (artifact id: 'bbf4cfd4daab29293a835eb5d835c91d') in 0.0258955 seconds
Number of updated asset objects reloaded before import = 0Number of asset objects unloaded after import = 9

========================================================================
Received Import Request.
  Time since last request: 0.000024 seconds.
  path: Assets/PolygonSciFiSpace/Prefabs/Buildings/SM_Bld_Ceiling_Pipes_Turn_R_01.prefab
  artifactKey: Guid(b2f5db6faa680514db6f6768986c9ec3) Importer(2089858483,192608db42251d675da83286b1cce702)
Start importing Assets/PolygonSciFiSpace/Prefabs/Buildings/SM_Bld_Ceiling_Pipes_Turn_R_01.prefab using Guid(b2f5db6faa680514db6f6768986c9ec3) Importer(2089858483,192608db42251d675da83286b1cce702) (ScriptedImporter) -> (artifact id: 'f5edd720703e0e81012518a7cd090cbb') in 0.0273512 seconds
Number of updated asset objects reloaded before import = 0Number of asset objects unloaded after import = 10

========================================================================
Received Import Request.
  Time since last request: 0.000027 seconds.
  path: Assets/PolygonSciFiSpace/Prefabs/Buildings/SM_Bld_Hydroponics_UpperFloor_01.prefab
  artifactKey: Guid(e62b811258b447c40abef3a58829cbaf) Importer(2089858483,192608db42251d675da83286b1cce702)
Start importing Assets/PolygonSciFiSpace/Prefabs/Buildings/SM_Bld_Hydroponics_UpperFloor_01.prefab using Guid(e62b811258b447c40abef3a58829cbaf) Importer(2089858483,192608db42251d675da83286b1cce702) (ScriptedImporter) -> (artifact id: 'b1d3a5006ecc150c9182b1bf7db7e724') in 0.0238043 seconds
Number of updated asset objects reloaded before import = 0Number of asset objects unloaded after import = 30

========================================================================
Received Import Request.
  Time since last request: 0.000032 seconds.
  path: Assets/PolygonSciFiSpace/Prefabs/Buildings/SM_Bld_Wall_Doorframe_02.prefab
  artifactKey: Guid(ceddc97abfdd06647918f15b13cfac6c) Importer(2089858483,192608db42251d675da83286b1cce702)
Start importing Assets/PolygonSciFiSpace/Prefabs/Buildings/SM_Bld_Wall_Doorframe_02.prefab using Guid(ceddc97abfdd06647918f15b13cfac6c) Importer(2089858483,192608db42251d675da83286b1cce702) (ScriptedImporter) -> (artifact id: 'cc8b7335615411d7ba1d84255815f312') in 0.0285073 seconds
Number of updated asset objects reloaded before import = 0Number of asset objects unloaded after import = 16

========================================================================
Received Import Request.
  Time since last request: 0.000063 seconds.
  path: Assets/PolygonSciFiSpace/Prefabs/Buildings/SM_Bld_Wall_Pillar_05.prefab
  artifactKey: Guid(8ed3cb9a6483c3544b43dfb75ab32731) Importer(2089858483,192608db42251d675da83286b1cce702)
Start importing Assets/PolygonSciFiSpace/Prefabs/Buildings/SM_Bld_Wall_Pillar_05.prefab using Guid(8ed3cb9a6483c3544b43dfb75ab32731) Importer(2089858483,192608db42251d675da83286b1cce702) (ScriptedImporter) -> (artifact id: 'c4f23829637ac6aad8ac67e95d732d10') in 0.0333536 seconds
Number of updated asset objects reloaded before import = 0Number of asset objects unloaded after import = 14

========================================================================
Received Import Request.
  Time since last request: 0.000026 seconds.
  path: Assets/PolygonSciFiSpace/Prefabs/Buildings/SM_Bld_Floor_011.prefab
  artifactKey: Guid(d99e4aa50932b05448e4ce72fed91c91) Importer(2089858483,192608db42251d675da83286b1cce702)
Start importing Assets/PolygonSciFiSpace/Prefabs/Buildings/SM_Bld_Floor_011.prefab using Guid(d99e4aa50932b05448e4ce72fed91c91) Importer(2089858483,192608db42251d675da83286b1cce702) (ScriptedImporter) -> (artifact id: 'ce683fbe16410173737b1917fa83b902') in 0.0208786 seconds
Number of updated asset objects reloaded before import = 0Number of asset objects unloaded after import = 9

========================================================================
Received Import Request.
  Time since last request: 0.000024 seconds.
  path: Assets/PolygonSciFiSpace/Prefabs/Buildings/SM_Bld_Wall_Doorframe_05.prefab
  artifactKey: Guid(c79bce860443a8f4eb9074a877f05d18) Importer(2089858483,192608db42251d675da83286b1cce702)
Start importing Assets/PolygonSciFiSpace/Prefabs/Buildings/SM_Bld_Wall_Doorframe_05.prefab using Guid(c79bce860443a8f4eb9074a877f05d18) Importer(2089858483,192608db42251d675da83286b1cce702) (ScriptedImporter) -> (artifact id: '94e604921200b18b24640f6f01c1084b') in 0.0252027 seconds
Number of updated asset objects reloaded before import = 0Number of asset objects unloaded after import = 22

========================================================================
Received Import Request.
  Time since last request: 0.000035 seconds.
  path: Assets/PolygonSciFiSpace/Prefabs/Characters/SM_Chr_Crew_Male_01.prefab
  artifactKey: Guid(8ec44823b55d90b438339659dab3ed4c) Importer(2089858483,192608db42251d675da83286b1cce702)
Start importing Assets/PolygonSciFiSpace/Prefabs/Characters/SM_Chr_Crew_Male_01.prefab using Guid(8ec44823b55d90b438339659dab3ed4c) Importer(2089858483,192608db42251d675da83286b1cce702) (ScriptedImporter) -> (artifact id: '39ae4f29daeb5bd484348e770f505af5') in 0.0548653 seconds
Number of updated asset objects reloaded before import = 0Number of asset objects unloaded after import = 266

========================================================================
Received Import Request.
  Time since last request: 0.000038 seconds.
  path: Assets/PolygonSciFiSpace/Prefabs/Buildings/SM_Bld_Wall_Mechanical_02.prefab
  artifactKey: Guid(bb7183613fb04cf4d9756746065ddc35) Importer(2089858483,192608db42251d675da83286b1cce702)
Start importing Assets/PolygonSciFiSpace/Prefabs/Buildings/SM_Bld_Wall_Mechanical_02.prefab using Guid(bb7183613fb04cf4d9756746065ddc35) Importer(2089858483,192608db42251d675da83286b1cce702) (ScriptedImporter) -> (artifact id: '98c535637d85d2b3c202968767d90f56') in 0.0355613 seconds
Number of updated asset objects reloaded before import = 0Number of asset objects unloaded after import = 12

========================================================================
Received Import Request.
  Time since last request: 0.000158 seconds.
  path: Assets/PolygonSciFiSpace/Materials/Planets/PolygonSpace_Planet_03_B.mat
  artifactKey: Guid(a66e2a128f1a6cf40a2c07ae3c7e9b85) Importer(2089858483,192608db42251d675da83286b1cce702)
Start importing Assets/PolygonSciFiSpace/Materials/Planets/PolygonSpace_Planet_03_B.mat using Guid(a66e2a128f1a6cf40a2c07ae3c7e9b85) Importer(2089858483,192608db42251d675da83286b1cce702) (ScriptedImporter) -> (artifact id: 'f959436ad0cc5699a6e010906d7a6988') in 0.0190389 seconds
Number of updated asset objects reloaded before import = 0Number of asset objects unloaded after import = 2

========================================================================
Received Import Request.
  Time since last request: 0.000029 seconds.
  path: Assets/PolygonSciFiSpace/Prefabs/Buildings/SM_Bld_Floor_Small_Walkway_Endcap_01.prefab
  artifactKey: Guid(b87338322be77e74998ccae85990635f) Importer(2089858483,192608db42251d675da83286b1cce702)
Start importing Assets/PolygonSciFiSpace/Prefabs/Buildings/SM_Bld_Floor_Small_Walkway_Endcap_01.prefab using Guid(b87338322be77e74998ccae85990635f) Importer(2089858483,192608db42251d675da83286b1cce702) (ScriptedImporter) -> (artifact id: '64de224ef4b185beebd0b345f55b0143') in 0.0225932 seconds
Number of updated asset objects reloaded before import = 0Number of asset objects unloaded after import = 10

========================================================================
Received Import Request.
  Time since last request: 0.000031 seconds.
  path: Assets/PolygonSciFiSpace/Materials/Planets/PolygonSpace_Planet_Lines_01_A.mat
  artifactKey: Guid(59ddaf0b08137c746bf06ef7ee5f184a) Importer(2089858483,192608db42251d675da83286b1cce702)
Start importing Assets/PolygonSciFiSpace/Materials/Planets/PolygonSpace_Planet_Lines_01_A.mat using Guid(59ddaf0b08137c746bf06ef7ee5f184a) Importer(2089858483,192608db42251d675da83286b1cce702) (ScriptedImporter) -> (artifact id: '43bd780b50e449bade9503477535cb22') in 0.0129487 seconds
Number of updated asset objects reloaded before import = 0Number of asset objects unloaded after import = 2

========================================================================
Received Import Request.
  Time since last request: 0.000046 seconds.
  path: Assets/PolygonSciFiSpace/Prefabs/Buildings/SM_Bld_Floor_05.prefab
  artifactKey: Guid(3ecb939ff436ba84295af759ce0365a6) Importer(2089858483,192608db42251d675da83286b1cce702)
Start importing Assets/PolygonSciFiSpace/Prefabs/Buildings/SM_Bld_Floor_05.prefab using Guid(3ecb939ff436ba84295af759ce0365a6) Importer(2089858483,192608db42251d675da83286b1cce702) (ScriptedImporter) -> (artifact id: 'f09ac017795db71551fd9e5a19e14289') in 0.0251586 seconds
Number of updated asset objects reloaded before import = 0Number of asset objects unloaded after import = 9

========================================================================
Received Import Request.
  Time since last request: 0.000033 seconds.
  path: Assets/PolygonSciFiSpace/Prefabs/Buildings/SM_Bld_Roof_Exterior_03.prefab
  artifactKey: Guid(98022ae5e1ecb0046b27fc127b3fe256) Importer(2089858483,192608db42251d675da83286b1cce702)
Start importing Assets/PolygonSciFiSpace/Prefabs/Buildings/SM_Bld_Roof_Exterior_03.prefab using Guid(98022ae5e1ecb0046b27fc127b3fe256) Importer(2089858483,192608db42251d675da83286b1cce702) (ScriptedImporter) -> (artifact id: '67859a077424cb151d2f79f26b9572a2') in 0.0298208 seconds
Number of updated asset objects reloaded before import = 0Number of asset objects unloaded after import = 10

========================================================================
Received Import Request.
  Time since last request: 0.000029 seconds.
  path: Assets/PolygonSciFiSpace/Prefabs/Buildings/SM_Bld_Wall_Pillar_02.prefab
  artifactKey: Guid(311c2b542ae0acd4c8f5374b4dbee47f) Importer(2089858483,192608db42251d675da83286b1cce702)
Start importing Assets/PolygonSciFiSpace/Prefabs/Buildings/SM_Bld_Wall_Pillar_02.prefab using Guid(311c2b542ae0acd4c8f5374b4dbee47f) Importer(2089858483,192608db42251d675da83286b1cce702) (ScriptedImporter) -> (artifact id: '5212bd80e4b388afb90041b2b3178158') in 0.0352073 seconds
Number of updated asset objects reloaded before import = 0Number of asset objects unloaded after import = 12

========================================================================
Received Import Request.
  Time since last request: 0.000038 seconds.
  path: Assets/PolygonSciFiSpace/Prefabs/Buildings/SM_Bld_Ceiling_03.prefab
  artifactKey: Guid(6507852163400bf438756827cd550fc8) Importer(2089858483,192608db42251d675da83286b1cce702)
Start importing Assets/PolygonSciFiSpace/Prefabs/Buildings/SM_Bld_Ceiling_03.prefab using Guid(6507852163400bf438756827cd550fc8) Importer(2089858483,192608db42251d675da83286b1cce702) (ScriptedImporter) -> (artifact id: '44730e18cf313aa98f2022a6d45732ea') in 0.0359828 seconds
Number of updated asset objects reloaded before import = 0Number of asset objects unloaded after import = 10

========================================================================
Received Import Request.
  Time since last request: 0.000048 seconds.
  path: Assets/PolygonSciFiSpace/Prefabs/Buildings/SM_Bld_Wall_Exterior_02.prefab
  artifactKey: Guid(7acef89e04ba7124b98285c52054fcfa) Importer(2089858483,192608db42251d675da83286b1cce702)
Start importing Assets/PolygonSciFiSpace/Prefabs/Buildings/SM_Bld_Wall_Exterior_02.prefab using Guid(7acef89e04ba7124b98285c52054fcfa) Importer(2089858483,192608db42251d675da83286b1cce702) (ScriptedImporter) -> (artifact id: '81d4fe2b7d1dcc4115b05fe43be2481c') in 0.0308825 seconds
Number of updated asset objects reloaded before import = 0Number of asset objects unloaded after import = 10

========================================================================
Received Import Request.
  Time since last request: 0.000038 seconds.
  path: Assets/PolygonSciFiSpace/Prefabs/Buildings/SM_Bld_Bridge_Platform_01.prefab
  artifactKey: Guid(c5208b607a400f742a27abe4adea3be5) Importer(2089858483,192608db42251d675da83286b1cce702)
Start importing Assets/PolygonSciFiSpace/Prefabs/Buildings/SM_Bld_Bridge_Platform_01.prefab using Guid(c5208b607a400f742a27abe4adea3be5) Importer(2089858483,192608db42251d675da83286b1cce702) (ScriptedImporter) -> (artifact id: 'be32984a8cb3f466f100c0ebed92966c') in 0.0212885 seconds
Number of updated asset objects reloaded before import = 0Number of asset objects unloaded after import = 10

========================================================================
Received Import Request.
  Time since last request: 0.000024 seconds.
  path: Assets/PolygonSciFiSpace/Prefabs/Characters/SM_Chr_Crew_Female_01.prefab
  artifactKey: Guid(d81fdbb76a102404db98fb593e690c3d) Importer(2089858483,192608db42251d675da83286b1cce702)
Start importing Assets/PolygonSciFiSpace/Prefabs/Characters/SM_Chr_Crew_Female_01.prefab using Guid(d81fdbb76a102404db98fb593e690c3d) Importer(2089858483,192608db42251d675da83286b1cce702) (ScriptedImporter) -> (artifact id: '00874508a44be1d61749ac844f484f24') in 0.0425942 seconds
Number of updated asset objects reloaded before import = 0Number of asset objects unloaded after import = 266

========================================================================
Received Import Request.
  Time since last request: 0.000030 seconds.
  path: Assets/PolygonSciFiSpace/Materials/Planets/PolygonSpace_Planet_Lines_01_E.mat
  artifactKey: Guid(dfa6de1631e5e0946bb53a3e7510cf41) Importer(2089858483,192608db42251d675da83286b1cce702)
Start importing Assets/PolygonSciFiSpace/Materials/Planets/PolygonSpace_Planet_Lines_01_E.mat using Guid(dfa6de1631e5e0946bb53a3e7510cf41) Importer(2089858483,192608db42251d675da83286b1cce702) (ScriptedImporter) -> (artifact id: '77592a26a6a71d78bf5d98de449fe858') in 0.0141125 seconds
Number of updated asset objects reloaded before import = 0Number of asset objects unloaded after import = 2

========================================================================
Received Import Request.
  Time since last request: 0.000043 seconds.
  path: Assets/PolygonSciFiSpace/Prefabs/FX/SM_Hud_Barrier_03.prefab
  artifactKey: Guid(da6302050e3513d4aaf0fd646b416696) Importer(2089858483,192608db42251d675da83286b1cce702)
Start importing Assets/PolygonSciFiSpace/Prefabs/FX/SM_Hud_Barrier_03.prefab using Guid(da6302050e3513d4aaf0fd646b416696) Importer(2089858483,192608db42251d675da83286b1cce702) (ScriptedImporter) -> (artifact id: '5ef7b7a27f9fa221a8c31332ed79a210') in 0.0195493 seconds
Number of updated asset objects reloaded before import = 0Number of asset objects unloaded after import = 8

========================================================================
Received Import Request.
  Time since last request: 0.000025 seconds.
  path: Assets/PolygonSciFiSpace/Prefabs/Environment/SM_Env_Planet_12.prefab
  artifactKey: Guid(aed6fae6614f6cf45b456c75fa94b3b5) Importer(2089858483,192608db42251d675da83286b1cce702)
Start importing Assets/PolygonSciFiSpace/Prefabs/Environment/SM_Env_Planet_12.prefab using Guid(aed6fae6614f6cf45b456c75fa94b3b5) Importer(2089858483,192608db42251d675da83286b1cce702) (ScriptedImporter) -> (artifact id: 'd10e2b724d8ec9010288537233de7918') in 0.0259508 seconds
Number of updated asset objects reloaded before import = 0Number of asset objects unloaded after import = 9

========================================================================
Received Import Request.
  Time since last request: 0.000032 seconds.
  path: Assets/PolygonSciFiSpace/Prefabs/FX/SM_Hud_Box_02.prefab
  artifactKey: Guid(5a8a7a5de5aebb24a9934ede045856bc) Importer(2089858483,192608db42251d675da83286b1cce702)
Start importing Assets/PolygonSciFiSpace/Prefabs/FX/SM_Hud_Box_02.prefab using Guid(5a8a7a5de5aebb24a9934ede045856bc) Importer(2089858483,192608db42251d675da83286b1cce702) (ScriptedImporter) -> (artifact id: '8d4b0a89c3498ea1baeb301f2e9f8cd0') in 0.0335818 seconds
Number of updated asset objects reloaded before import = 0Number of asset objects unloaded after import = 8

========================================================================
Received Import Request.
  Time since last request: 0.000037 seconds.
  path: Assets/PolygonSciFiSpace/Prefabs/Characters/SM_Chr_SpaceSoldier_Helmet_Female_01.prefab
  artifactKey: Guid(e940fe8a49f78c645873d608965abece) Importer(2089858483,192608db42251d675da83286b1cce702)
Start importing Assets/PolygonSciFiSpace/Prefabs/Characters/SM_Chr_SpaceSoldier_Helmet_Female_01.prefab using Guid(e940fe8a49f78c645873d608965abece) Importer(2089858483,192608db42251d675da83286b1cce702) (ScriptedImporter) -> (artifact id: '009aed22d4945da0ee02412521f17a73') in 0.0479357 seconds
Number of updated asset objects reloaded before import = 0Number of asset objects unloaded after import = 266

========================================================================
Received Import Request.
  Time since last request: 0.000068 seconds.
  path: Assets/PolygonSciFiSpace/Prefabs/FX/SM_Hud_Reticle_05.prefab
  artifactKey: Guid(ea9ae8e51a3fe094094360ce00cdedb6) Importer(2089858483,192608db42251d675da83286b1cce702)
Start importing Assets/PolygonSciFiSpace/Prefabs/FX/SM_Hud_Reticle_05.prefab using Guid(ea9ae8e51a3fe094094360ce00cdedb6) Importer(2089858483,192608db42251d675da83286b1cce702) (ScriptedImporter) -> (artifact id: '81b9bd1cb76150d943104a3cbbdba119') in 0.0199688 seconds
Number of updated asset objects reloaded before import = 0Number of asset objects unloaded after import = 8

========================================================================
Received Import Request.
  Time since last request: 0.000028 seconds.
  path: Assets/PolygonSciFiSpace/Prefabs/Characters/SM_Chr_RobotFemale_01.prefab
  artifactKey: Guid(2cde8179277215b4fafbb51cd3f7fcd0) Importer(2089858483,192608db42251d675da83286b1cce702)
Start importing Assets/PolygonSciFiSpace/Prefabs/Characters/SM_Chr_RobotFemale_01.prefab using Guid(2cde8179277215b4fafbb51cd3f7fcd0) Importer(2089858483,192608db42251d675da83286b1cce702) (ScriptedImporter) -> (artifact id: '112fadee96aa6b1fbce1df01f2b35201') in 0.046102 seconds
Number of updated asset objects reloaded before import = 0Number of asset objects unloaded after import = 266

========================================================================
Received Import Request.
  Time since last request: 0.000024 seconds.
  path: Assets/PolygonSciFiSpace/Prefabs/FX/SM_Hud_Rings_04.prefab
  artifactKey: Guid(b2eeeb629ac819a41b58b77ff8a97898) Importer(2089858483,192608db42251d675da83286b1cce702)
Start importing Assets/PolygonSciFiSpace/Prefabs/FX/SM_Hud_Rings_04.prefab using Guid(b2eeeb629ac819a41b58b77ff8a97898) Importer(2089858483,192608db42251d675da83286b1cce702) (ScriptedImporter) -> (artifact id: '3717faae3ac6692581c13e6ddfdfe512') in 0.0259984 seconds
Number of updated asset objects reloaded before import = 0Number of asset objects unloaded after import = 8

========================================================================
Received Import Request.
  Time since last request: 0.000034 seconds.
  path: Assets/PolygonSciFiSpace/Prefabs/FX/SM_Hud_Text_04.prefab
  artifactKey: Guid(1852ce2a8e3023f43bd46803526138f4) Importer(2089858483,192608db42251d675da83286b1cce702)
Start importing Assets/PolygonSciFiSpace/Prefabs/FX/SM_Hud_Text_04.prefab using Guid(1852ce2a8e3023f43bd46803526138f4) Importer(2089858483,192608db42251d675da83286b1cce702) (ScriptedImporter) -> (artifact id: 'af97746dbc4c9de3f9d7fa1e9557d22d') in 0.0198975 seconds
Number of updated asset objects reloaded before import = 0Number of asset objects unloaded after import = 8

========================================================================
Received Import Request.
  Time since last request: 0.000047 seconds.
  path: Assets/PolygonSciFiSpace/Prefabs/FX/SM_Hud_Text_03.prefab
  artifactKey: Guid(6ab3df218ef63eb4ca0d468cd332dbef) Importer(2089858483,192608db42251d675da83286b1cce702)
Start importing Assets/PolygonSciFiSpace/Prefabs/FX/SM_Hud_Text_03.prefab using Guid(6ab3df218ef63eb4ca0d468cd332dbef) Importer(2089858483,192608db42251d675da83286b1cce702) (ScriptedImporter) -> (artifact id: 'a7003bba61310fe456d3c996680369ef') in 0.0238119 seconds
Number of updated asset objects reloaded before import = 0Number of asset objects unloaded after import = 8

========================================================================
Received Import Request.
  Time since last request: 0.000037 seconds.
  path: Assets/PolygonSciFiSpace/Prefabs/FX/FX_Laser_Bullet.prefab
  artifactKey: Guid(2c0c6b8c780ef4c49bad541f8512530d) Importer(2089858483,192608db42251d675da83286b1cce702)
Start importing Assets/PolygonSciFiSpace/Prefabs/FX/FX_Laser_Bullet.prefab using Guid(2c0c6b8c780ef4c49bad541f8512530d) Importer(2089858483,192608db42251d675da83286b1cce702) (ScriptedImporter) -> (artifact id: '83b80e037516ac67cd40309ea2aa9d9a') in 0.0805889 seconds
Number of updated asset objects reloaded before import = 0Number of asset objects unloaded after import = 13

========================================================================
Received Import Request.
  Time since last request: 0.000025 seconds.
  path: Assets/PolygonSciFiSpace/Prefabs/Props/SM_Prop_Antenna_01.prefab
  artifactKey: Guid(b9fcfa0aefec1314da80716a42c55c1f) Importer(2089858483,192608db42251d675da83286b1cce702)
Start importing Assets/PolygonSciFiSpace/Prefabs/Props/SM_Prop_Antenna_01.prefab using Guid(b9fcfa0aefec1314da80716a42c55c1f) Importer(2089858483,192608db42251d675da83286b1cce702) (ScriptedImporter) -> (artifact id: '0872dec47c23a1b5ace0c4362d37b6b9') in 0.0243197 seconds
Number of updated asset objects reloaded before import = 0Number of asset objects unloaded after import = 10

========================================================================
Received Import Request.
  Time since last request: 0.000026 seconds.
  path: Assets/PolygonSciFiSpace/Prefabs/Characters/SM_Chr_Cryo_Female_01.prefab
  artifactKey: Guid(435b76befe3e2e941ad4553bb70dd50d) Importer(2089858483,192608db42251d675da83286b1cce702)
Start importing Assets/PolygonSciFiSpace/Prefabs/Characters/SM_Chr_Cryo_Female_01.prefab using Guid(435b76befe3e2e941ad4553bb70dd50d) Importer(2089858483,192608db42251d675da83286b1cce702) (ScriptedImporter) -> (artifact id: '8458015214cbf066f961c4aaec2169be') in 0.0403852 seconds
Number of updated asset objects reloaded before import = 0Number of asset objects unloaded after import = 266

========================================================================
Received Import Request.
  Time since last request: 0.000044 seconds.
  path: Assets/PolygonSciFiSpace/Prefabs/Props/SM_Prop_AirVent_Large_01.prefab
  artifactKey: Guid(8f6c90642bbef5743a959e497e4e7bad) Importer(2089858483,192608db42251d675da83286b1cce702)
Start importing Assets/PolygonSciFiSpace/Prefabs/Props/SM_Prop_AirVent_Large_01.prefab using Guid(8f6c90642bbef5743a959e497e4e7bad) Importer(2089858483,192608db42251d675da83286b1cce702) (ScriptedImporter) -> (artifact id: 'a37024fc3ecd9a62dabd31994fdb9fd8') in 0.031405 seconds
Number of updated asset objects reloaded before import = 0Number of asset objects unloaded after import = 10

========================================================================
Received Import Request.
  Time since last request: 0.000024 seconds.
  path: Assets/PolygonSciFiSpace/Prefabs/FX/SM_Hud_Screen_Backing_01.prefab
  artifactKey: Guid(3e7db1b08fec4094d8b9d5262cd0adbe) Importer(2089858483,192608db42251d675da83286b1cce702)
Start importing Assets/PolygonSciFiSpace/Prefabs/FX/SM_Hud_Screen_Backing_01.prefab using Guid(3e7db1b08fec4094d8b9d5262cd0adbe) Importer(2089858483,192608db42251d675da83286b1cce702) (ScriptedImporter) -> (artifact id: 'f8c3c29ab3ba8c219e57826f8df2b26f') in 0.0215212 seconds
Number of updated asset objects reloaded before import = 0Number of asset objects unloaded after import = 8

========================================================================
Received Import Request.
  Time since last request: 0.000027 seconds.
  path: Assets/PolygonSciFiSpace/Prefabs/Buildings/SM_Bld_Wall_Pillar_04.prefab
  artifactKey: Guid(39715cfdfd957a7469ecffc588368d19) Importer(2089858483,192608db42251d675da83286b1cce702)
Start importing Assets/PolygonSciFiSpace/Prefabs/Buildings/SM_Bld_Wall_Pillar_04.prefab using Guid(39715cfdfd957a7469ecffc588368d19) Importer(2089858483,192608db42251d675da83286b1cce702) (ScriptedImporter) -> (artifact id: 'e563d5b584beb22504d7055e7d7ddb9c') in 0.0297775 seconds
Number of updated asset objects reloaded before import = 0Number of asset objects unloaded after import = 12

========================================================================
Received Import Request.
  Time since last request: 0.000031 seconds.
  path: Assets/PolygonSciFiSpace/Models/SM_Sign_Kitchen_01.fbx
  artifactKey: Guid(99d06b6b21ca75c4ab7151327c3aee44) Importer(2089858483,192608db42251d675da83286b1cce702)
Start importing Assets/PolygonSciFiSpace/Models/SM_Sign_Kitchen_01.fbx using Guid(99d06b6b21ca75c4ab7151327c3aee44) Importer(2089858483,192608db42251d675da83286b1cce702) (ScriptedImporter) -> (artifact id: 'a2c2e7d1f1f14fed3bbeea3e3376c12e') in 0.0255483 seconds
Number of updated asset objects reloaded before import = 0Number of asset objects unloaded after import = 7

========================================================================
Received Import Request.
  Time since last request: 0.000042 seconds.
  path: Assets/Polygon Arsenal/Prefabs/Misc/LightningPulse.prefab
  artifactKey: Guid(562042d048b1e494e8e3ec9e02695a75) Importer(2089858483,192608db42251d675da83286b1cce702)
Start importing Assets/Polygon Arsenal/Prefabs/Misc/LightningPulse.prefab using Guid(562042d048b1e494e8e3ec9e02695a75) Importer(2089858483,192608db42251d675da83286b1cce702) (ScriptedImporter) -> (artifact id: 'c8032870b91219d341fd875f43303adf') in 0.077747 seconds
Number of updated asset objects reloaded before import = 0Number of asset objects unloaded after import = 7

========================================================================
Received Import Request.
  Time since last request: 0.000025 seconds.
  path: Assets/PolygonSciFiSpace/Models/SM_Sign_Hydroponics_01.fbx
  artifactKey: Guid(0881ab755387e8f488f48e1d012300e7) Importer(2089858483,192608db42251d675da83286b1cce702)
Start importing Assets/PolygonSciFiSpace/Models/SM_Sign_Hydroponics_01.fbx using Guid(0881ab755387e8f488f48e1d012300e7) Importer(2089858483,192608db42251d675da83286b1cce702) (ScriptedImporter) -> (artifact id: '66b900694341c21e19cc10b17890ff3e') in 0.0298732 seconds
Number of updated asset objects reloaded before import = 0Number of asset objects unloaded after import = 7

========================================================================
Received Import Request.
  Time since last request: 0.000029 seconds.
  path: Assets/PolygonSciFiSpace/Models/SM_Ship_Fighter_Heavy_02.fbx
  artifactKey: Guid(8498b1fefdcebad45b1bc8019463b20e) Importer(2089858483,192608db42251d675da83286b1cce702)
Start importing Assets/PolygonSciFiSpace/Models/SM_Ship_Fighter_Heavy_02.fbx using Guid(8498b1fefdcebad45b1bc8019463b20e) Importer(2089858483,192608db42251d675da83286b1cce702) (ScriptedImporter) -> (artifact id: 'fad0a69e8224d2da9c25c4f488158eaa') in 0.028836 seconds
Number of updated asset objects reloaded before import = 0Number of asset objects unloaded after import = 7

========================================================================
Received Import Request.
  Time since last request: 0.000047 seconds.
  path: Assets/PolygonSciFiSpace/Models/SM_Veh_EscapePod_Small_01.fbx
  artifactKey: Guid(f1983b1baf9e412429f1c41e9a1c175e) Importer(2089858483,192608db42251d675da83286b1cce702)
Start importing Assets/PolygonSciFiSpace/Models/SM_Veh_EscapePod_Small_01.fbx using Guid(f1983b1baf9e412429f1c41e9a1c175e) Importer(2089858483,192608db42251d675da83286b1cce702) (ScriptedImporter) -> (artifact id: 'bedc441e1e4aa76fc1369cc66e3c7b3b') in 0.0283086 seconds
Number of updated asset objects reloaded before import = 0Number of asset objects unloaded after import = 7

========================================================================
Received Import Request.
  Time since last request: 0.000022 seconds.
  path: Assets/PolygonSciFiSpace/Models/SM_Ship_Station_01.fbx
  artifactKey: Guid(1767323bb78cc384c810ff65e8513e5e) Importer(2089858483,192608db42251d675da83286b1cce702)
Start importing Assets/PolygonSciFiSpace/Models/SM_Ship_Station_01.fbx using Guid(1767323bb78cc384c810ff65e8513e5e) Importer(2089858483,192608db42251d675da83286b1cce702) (ScriptedImporter) -> (artifact id: 'e40cb1ff5063dc6a43e3a4ac35ed493f') in 0.033197 seconds
Number of updated asset objects reloaded before import = 0Number of asset objects unloaded after import = 7

========================================================================
Received Import Request.
  Time since last request: 0.000021 seconds.
  path: Assets/PolygonSciFiSpace/Prefabs/Environment/SM_Env_Planet_05.prefab
  artifactKey: Guid(e5b0895945f05af4eb6a53e6780be89e) Importer(2089858483,192608db42251d675da83286b1cce702)
Start importing Assets/PolygonSciFiSpace/Prefabs/Environment/SM_Env_Planet_05.prefab using Guid(e5b0895945f05af4eb6a53e6780be89e) Importer(2089858483,192608db42251d675da83286b1cce702) (ScriptedImporter) -> (artifact id: 'c848f3dbe2ff759879ac238f8b9ca89f') in 0.02617 seconds
Number of updated asset objects reloaded before import = 0Number of asset objects unloaded after import = 9

========================================================================
Received Import Request.
  Time since last request: 0.000035 seconds.
  path: Assets/Polygon Arsenal/Materials/Sprites/PolySlash05.mat
  artifactKey: Guid(7ecc2da920313d041864878531dac5d2) Importer(2089858483,192608db42251d675da83286b1cce702)
Start importing Assets/Polygon Arsenal/Materials/Sprites/PolySlash05.mat using Guid(7ecc2da920313d041864878531dac5d2) Importer(2089858483,192608db42251d675da83286b1cce702) (ScriptedImporter) -> (artifact id: '82e13eaf19fd08181912aa78c634485c') in 0.0167064 seconds
Number of updated asset objects reloaded before import = 0Number of asset objects unloaded after import = 2

========================================================================
Received Import Request.
  Time since last request: 0.000035 seconds.
  path: Assets/PolygonSciFiSpace/Prefabs/FX/SM_FX_LightBlocker_Cube_02.prefab
  artifactKey: Guid(64d3b869292b21848a2f5ce65d845820) Importer(2089858483,192608db42251d675da83286b1cce702)
Start importing Assets/PolygonSciFiSpace/Prefabs/FX/SM_FX_LightBlocker_Cube_02.prefab using Guid(64d3b869292b21848a2f5ce65d845820) Importer(2089858483,192608db42251d675da83286b1cce702) (ScriptedImporter) -> (artifact id: 'b483550451e0cf49d1642378b51767dd') in 0.0188038 seconds
Number of updated asset objects reloaded before import = 0Number of asset objects unloaded after import = 8

========================================================================
Received Import Request.
  Time since last request: 0.000029 seconds.
  path: Assets/PolygonSciFiSpace/Prefabs/Environment/SM_Env_Asteroid_03.prefab
  artifactKey: Guid(52dd948aee398dd43a762ccad8615550) Importer(2089858483,192608db42251d675da83286b1cce702)
Start importing Assets/PolygonSciFiSpace/Prefabs/Environment/SM_Env_Asteroid_03.prefab using Guid(52dd948aee398dd43a762ccad8615550) Importer(2089858483,192608db42251d675da83286b1cce702) (ScriptedImporter) -> (artifact id: '0de68c48aea12047351bf1612700c534') in 0.0283109 seconds
Number of updated asset objects reloaded before import = 0Number of asset objects unloaded after import = 9

========================================================================
Received Import Request.
  Time since last request: 0.000027 seconds.
  path: Assets/FishNet/CodeGenerating/Helpers/NetworkConnectionImports.cs
  artifactKey: Guid(6d061dda8ed87ed48a08020942ad63f6) Importer(2089858483,192608db42251d675da83286b1cce702)
Start importing Assets/FishNet/CodeGenerating/Helpers/NetworkConnectionImports.cs using Guid(6d061dda8ed87ed48a08020942ad63f6) Importer(2089858483,192608db42251d675da83286b1cce702) (ScriptedImporter) -> (artifact id: '99af41a2fa9ec15f2d3303d664151562') in 0.00985 seconds
Number of updated asset objects reloaded before import = 0Number of asset objects unloaded after import = 0

========================================================================
Received Import Request.
  Time since last request: 0.000034 seconds.
  path: Assets/PolygonSciFiSpace/Prefabs/Environment/SM_Env_Planet_03.prefab
  artifactKey: Guid(85aa1a5065e52b54099f3ebde7ea64d5) Importer(2089858483,192608db42251d675da83286b1cce702)
Start importing Assets/PolygonSciFiSpace/Prefabs/Environment/SM_Env_Planet_03.prefab using Guid(85aa1a5065e52b54099f3ebde7ea64d5) Importer(2089858483,192608db42251d675da83286b1cce702) (ScriptedImporter) -> (artifact id: '15c450080dc4d0396d4eabc81c048e2b') in 0.0248067 seconds
Number of updated asset objects reloaded before import = 0Number of asset objects unloaded after import = 9

========================================================================
Received Import Request.
  Time since last request: 0.000048 seconds.
  path: Assets/PolygonSciFiSpace/Prefabs/FX/SM_Hud_Barrier_01.prefab
  artifactKey: Guid(9ad20ca03227a374fa44c9ae60608b6c) Importer(2089858483,192608db42251d675da83286b1cce702)
Start importing Assets/PolygonSciFiSpace/Prefabs/FX/SM_Hud_Barrier_01.prefab using Guid(9ad20ca03227a374fa44c9ae60608b6c) Importer(2089858483,192608db42251d675da83286b1cce702) (ScriptedImporter) -> (artifact id: '67c12b96edc5f680963becfff09eb692') in 0.0192797 seconds
Number of updated asset objects reloaded before import = 0Number of asset objects unloaded after import = 8

========================================================================
Received Import Request.
  Time since last request: 0.000027 seconds.
  path: Assets/PolygonSciFiSpace/Prefabs/Environment/SM_Env_Planet_13.prefab
  artifactKey: Guid(c906f458df0dfe54096955f6c9df4f82) Importer(2089858483,192608db42251d675da83286b1cce702)
Start importing Assets/PolygonSciFiSpace/Prefabs/Environment/SM_Env_Planet_13.prefab using Guid(c906f458df0dfe54096955f6c9df4f82) Importer(2089858483,192608db42251d675da83286b1cce702) (ScriptedImporter) -> (artifact id: '152e1ce683c687d6f5d0ab40e939d220') in 0.0233887 seconds
Number of updated asset objects reloaded before import = 0Number of asset objects unloaded after import = 9

========================================================================
Received Import Request.
  Time since last request: 0.000024 seconds.
  path: Assets/PolygonSciFiSpace/Models/SM_Prop_Wall_Panel_Small_03.fbx
  artifactKey: Guid(6920ac39fee6b4647ac3a0e1bdd6d884) Importer(2089858483,192608db42251d675da83286b1cce702)
Start importing Assets/PolygonSciFiSpace/Models/SM_Prop_Wall_Panel_Small_03.fbx using Guid(6920ac39fee6b4647ac3a0e1bdd6d884) Importer(2089858483,192608db42251d675da83286b1cce702) (ScriptedImporter) -> (artifact id: 'f43758e29ce9702faec76979eca200a2') in 0.038788 seconds
Number of updated asset objects reloaded before import = 0Number of asset objects unloaded after import = 7

========================================================================
Received Import Request.
  Time since last request: 0.000031 seconds.
  path: Assets/PolygonSciFiSpace/Prefabs/Environment/SM_Env_Asteroid_Large_02.prefab
  artifactKey: Guid(9b7cc76107dac2f41afe2ec0d289607b) Importer(2089858483,192608db42251d675da83286b1cce702)
Start importing Assets/PolygonSciFiSpace/Prefabs/Environment/SM_Env_Asteroid_Large_02.prefab using Guid(9b7cc76107dac2f41afe2ec0d289607b) Importer(2089858483,192608db42251d675da83286b1cce702) (ScriptedImporter) -> (artifact id: 'd459c0dc5233b327b91e8f25a4e1eef6') in 0.0184406 seconds
Number of updated asset objects reloaded before import = 0Number of asset objects unloaded after import = 8

========================================================================
Received Import Request.
  Time since last request: 0.000051 seconds.
  path: Assets/PolygonSciFiSpace/Prefabs/Props/SM_Prop_Bed_01.prefab
  artifactKey: Guid(41ac3ebf888d2bc409d81c19943686d4) Importer(2089858483,192608db42251d675da83286b1cce702)
Start importing Assets/PolygonSciFiSpace/Prefabs/Props/SM_Prop_Bed_01.prefab using Guid(41ac3ebf888d2bc409d81c19943686d4) Importer(2089858483,192608db42251d675da83286b1cce702) (ScriptedImporter) -> (artifact id: '7326df101cf84ca002f3f88212b9024a') in 0.0257972 seconds
Number of updated asset objects reloaded before import = 0Number of asset objects unloaded after import = 10

========================================================================
Received Import Request.
  Time since last request: 0.000067 seconds.
  path: Assets/PolygonSciFiSpace/Prefabs/Props/SM_Prop_Battery_02.prefab
  artifactKey: Guid(1715a449b31d6f547b06ea2fd859462a) Importer(2089858483,192608db42251d675da83286b1cce702)
Start importing Assets/PolygonSciFiSpace/Prefabs/Props/SM_Prop_Battery_02.prefab using Guid(1715a449b31d6f547b06ea2fd859462a) Importer(2089858483,192608db42251d675da83286b1cce702) (ScriptedImporter) -> (artifact id: 'ba5e4996e1a8f7fe14188e6646f7e64a') in 0.0233366 seconds
Number of updated asset objects reloaded before import = 0Number of asset objects unloaded after import = 10

========================================================================
Received Import Request.
  Time since last request: 0.000028 seconds.
  path: Assets/PolygonSciFiSpace/Prefabs/FX/FX_Flame_Booster_Square.prefab
  artifactKey: Guid(4a298e46d0e7c4c409d88415ebb4d047) Importer(2089858483,192608db42251d675da83286b1cce702)
Start importing Assets/PolygonSciFiSpace/Prefabs/FX/FX_Flame_Booster_Square.prefab using Guid(4a298e46d0e7c4c409d88415ebb4d047) Importer(2089858483,192608db42251d675da83286b1cce702) (ScriptedImporter) -> (artifact id: '8f5dbcdcb914c2ebfbd3c1d641eb5195') in 0.0899449 seconds
Number of updated asset objects reloaded before import = 0Number of asset objects unloaded after import = 8

========================================================================
Received Import Request.
  Time since last request: 0.000030 seconds.
  path: Assets/PolygonSciFiSpace/Prefabs/FX/FX_Astroid_Field.prefab
  artifactKey: Guid(4df87d5522e7b174d90e60cedc32ef7a) Importer(2089858483,192608db42251d675da83286b1cce702)
Start importing Assets/PolygonSciFiSpace/Prefabs/FX/FX_Astroid_Field.prefab using Guid(4df87d5522e7b174d90e60cedc32ef7a) Importer(2089858483,192608db42251d675da83286b1cce702) (ScriptedImporter) -> (artifact id: '976c2d21e9c1434c2c7d10de61f9a122') in 0.0759746 seconds
Number of updated asset objects reloaded before import = 0Number of asset objects unloaded after import = 8

========================================================================
Received Import Request.
  Time since last request: 0.000045 seconds.
  path: Assets/PolygonSciFiSpace/Prefabs/Props/SM_Prop_Detail_Tank_01.prefab
  artifactKey: Guid(f9dbf295e577a354fb25bee156bf968c) Importer(2089858483,192608db42251d675da83286b1cce702)
Start importing Assets/PolygonSciFiSpace/Prefabs/Props/SM_Prop_Detail_Tank_01.prefab using Guid(f9dbf295e577a354fb25bee156bf968c) Importer(2089858483,192608db42251d675da83286b1cce702) (ScriptedImporter) -> (artifact id: '8b17fa73978e16aed7fac256bdf89683') in 0.027242 seconds
Number of updated asset objects reloaded before import = 0Number of asset objects unloaded after import = 10

========================================================================
Received Import Request.
  Time since last request: 0.000032 seconds.
  path: Assets/PolygonSciFiSpace/Prefabs/Props/SM_Prop_Buttons_13.prefab
  artifactKey: Guid(88624d9a301d45e43a0402fe36bb8888) Importer(2089858483,192608db42251d675da83286b1cce702)
Start importing Assets/PolygonSciFiSpace/Prefabs/Props/SM_Prop_Buttons_13.prefab using Guid(88624d9a301d45e43a0402fe36bb8888) Importer(2089858483,192608db42251d675da83286b1cce702) (ScriptedImporter) -> (artifact id: '87fb8f8b79e74a791bd7030d1c17a29a') in 0.0320323 seconds
Number of updated asset objects reloaded before import = 0Number of asset objects unloaded after import = 10

========================================================================
Received Import Request.
  Time since last request: 0.000027 seconds.
  path: Assets/PolygonSciFiSpace/Prefabs/Props/SM_Prop_Detail_Box_06.prefab
  artifactKey: Guid(5dc091b496b13094da8c0bbaec218b40) Importer(2089858483,192608db42251d675da83286b1cce702)
Start importing Assets/PolygonSciFiSpace/Prefabs/Props/SM_Prop_Detail_Box_06.prefab using Guid(5dc091b496b13094da8c0bbaec218b40) Importer(2089858483,192608db42251d675da83286b1cce702) (ScriptedImporter) -> (artifact id: '372bf50be86b1dbc2a8dc42cb8bf3646') in 0.0392351 seconds
Number of updated asset objects reloaded before import = 0Number of asset objects unloaded after import = 10

========================================================================
Received Import Request.
  Time since last request: 0.000044 seconds.
  path: Assets/PolygonSciFiSpace/Prefabs/Props/SM_Prop_Detail_Pipes_02.prefab
  artifactKey: Guid(0b03c1f3d292df04297c1f7bf41eb91c) Importer(2089858483,192608db42251d675da83286b1cce702)
Start importing Assets/PolygonSciFiSpace/Prefabs/Props/SM_Prop_Detail_Pipes_02.prefab using Guid(0b03c1f3d292df04297c1f7bf41eb91c) Importer(2089858483,192608db42251d675da83286b1cce702) (ScriptedImporter) -> (artifact id: '46addcb8ffd963da779a9d8948ad04d8') in 0.0290958 seconds
Number of updated asset objects reloaded before import = 0Number of asset objects unloaded after import = 10

========================================================================
Received Import Request.
  Time since last request: 0.000050 seconds.
  path: Assets/PolygonSciFiSpace/Prefabs/Props/SM_Prop_Chr_Male_Cryo_01.prefab
  artifactKey: Guid(101879632eab8164c8e253c6bbca0c2d) Importer(2089858483,192608db42251d675da83286b1cce702)
Start importing Assets/PolygonSciFiSpace/Prefabs/Props/SM_Prop_Chr_Male_Cryo_01.prefab using Guid(101879632eab8164c8e253c6bbca0c2d) Importer(2089858483,192608db42251d675da83286b1cce702) (ScriptedImporter) -> (artifact id: '512dbabb99720bd91d63a2248719de16') in 0.0248703 seconds
Number of updated asset objects reloaded before import = 0Number of asset objects unloaded after import = 10

========================================================================
Received Import Request.
  Time since last request: 0.000024 seconds.
  path: Assets/PolygonSciFiSpace/Prefabs/Props/SM_Prop_Buttons_03.prefab
  artifactKey: Guid(54613446576ee0b4ea384e45ace3b6d2) Importer(2089858483,192608db42251d675da83286b1cce702)
Start importing Assets/PolygonSciFiSpace/Prefabs/Props/SM_Prop_Buttons_03.prefab using Guid(54613446576ee0b4ea384e45ace3b6d2) Importer(2089858483,192608db42251d675da83286b1cce702) (ScriptedImporter) -> (artifact id: '6cafc414b06a2b757aeee3d196001a93') in 0.0214387 seconds
Number of updated asset objects reloaded before import = 0Number of asset objects unloaded after import = 10

========================================================================
Received Import Request.
  Time since last request: 0.000021 seconds.
  path: Assets/PolygonSciFiSpace/Prefabs/Props/SM_Prop_Hose_04.prefab
  artifactKey: Guid(5bcd401cde04eaf45b8fad081f7e6f29) Importer(2089858483,192608db42251d675da83286b1cce702)
Start importing Assets/PolygonSciFiSpace/Prefabs/Props/SM_Prop_Hose_04.prefab using Guid(5bcd401cde04eaf45b8fad081f7e6f29) Importer(2089858483,192608db42251d675da83286b1cce702) (ScriptedImporter) -> (artifact id: 'e9b61f10560980e2bc51c54b838a117c') in 0.0212306 seconds
Number of updated asset objects reloaded before import = 0Number of asset objects unloaded after import = 10

========================================================================
Received Import Request.
  Time since last request: 0.000031 seconds.
  path: Assets/PolygonSciFiSpace/Prefabs/Props/SM_Prop_Detail_Pipe_02.prefab
  artifactKey: Guid(2000930465090c0429093c4a8d87c39a) Importer(2089858483,192608db42251d675da83286b1cce702)
Start importing Assets/PolygonSciFiSpace/Prefabs/Props/SM_Prop_Detail_Pipe_02.prefab using Guid(2000930465090c0429093c4a8d87c39a) Importer(2089858483,192608db42251d675da83286b1cce702) (ScriptedImporter) -> (artifact id: '34405435af988a139abc8fde7222e5d1') in 0.0243381 seconds
Number of updated asset objects reloaded before import = 0Number of asset objects unloaded after import = 10

========================================================================
Received Import Request.
  Time since last request: 0.000041 seconds.
  path: Assets/PolygonSciFiSpace/Prefabs/Props/SM_Prop_Light_Small_03.prefab
  artifactKey: Guid(3fbfe9b012fb9164eb00169f247fddb7) Importer(2089858483,192608db42251d675da83286b1cce702)
Start importing Assets/PolygonSciFiSpace/Prefabs/Props/SM_Prop_Light_Small_03.prefab using Guid(3fbfe9b012fb9164eb00169f247fddb7) Importer(2089858483,192608db42251d675da83286b1cce702) (ScriptedImporter) -> (artifact id: 'c3ab97a5ac136d6d6bead32e620ca837') in 0.0364945 seconds
Number of updated asset objects reloaded before import = 0Number of asset objects unloaded after import = 10

========================================================================
Received Import Request.
  Time since last request: 0.000024 seconds.
  path: Assets/PolygonSciFiSpace/Prefabs/Props/SM_Prop_FoodPacket_03.prefab
  artifactKey: Guid(9f580672c98045b4ba5ccafca213d402) Importer(2089858483,192608db42251d675da83286b1cce702)
Start importing Assets/PolygonSciFiSpace/Prefabs/Props/SM_Prop_FoodPacket_03.prefab using Guid(9f580672c98045b4ba5ccafca213d402) Importer(2089858483,192608db42251d675da83286b1cce702) (ScriptedImporter) -> (artifact id: 'db9e82d1c12be9585f5caae759433f95') in 0.0381649 seconds
Number of updated asset objects reloaded before import = 0Number of asset objects unloaded after import = 10

========================================================================
Received Import Request.
  Time since last request: 0.000025 seconds.
  path: Assets/PolygonSciFiSpace/Prefabs/Props/SM_Prop_Chr_Male_Cryo_02.prefab
  artifactKey: Guid(2ccb8cc402d22e240b6824a5535be6a9) Importer(2089858483,192608db42251d675da83286b1cce702)
Start importing Assets/PolygonSciFiSpace/Prefabs/Props/SM_Prop_Chr_Male_Cryo_02.prefab using Guid(2ccb8cc402d22e240b6824a5535be6a9) Importer(2089858483,192608db42251d675da83286b1cce702) (ScriptedImporter) -> (artifact id: '1759f9d121db498593a9d18ff251652f') in 0.0294268 seconds
Number of updated asset objects reloaded before import = 0Number of asset objects unloaded after import = 10

========================================================================
Received Import Request.
  Time since last request: 0.000035 seconds.
  path: Assets/PolygonSciFiSpace/Prefabs/Props/SM_Prop_Crate_Ammo_01.prefab
  artifactKey: Guid(6d7f4fb9a58cedf4998b9bac4a0a6bbf) Importer(2089858483,192608db42251d675da83286b1cce702)
Start importing Assets/PolygonSciFiSpace/Prefabs/Props/SM_Prop_Crate_Ammo_01.prefab using Guid(6d7f4fb9a58cedf4998b9bac4a0a6bbf) Importer(2089858483,192608db42251d675da83286b1cce702) (ScriptedImporter) -> (artifact id: 'cf7fea61ae4ed5c2d90da3394f4c3226') in 0.0251747 seconds
Number of updated asset objects reloaded before import = 0Number of asset objects unloaded after import = 10

========================================================================
Received Import Request.
  Time since last request: 0.000041 seconds.
  path: Assets/PolygonSciFiSpace/Prefabs/Props/SM_Prop_Buttons_05.prefab
  artifactKey: Guid(754adea0ca800e04986666320d21b972) Importer(2089858483,192608db42251d675da83286b1cce702)
Start importing Assets/PolygonSciFiSpace/Prefabs/Props/SM_Prop_Buttons_05.prefab using Guid(754adea0ca800e04986666320d21b972) Importer(2089858483,192608db42251d675da83286b1cce702) (ScriptedImporter) -> (artifact id: '972d8d0981dc54ee106d98fd4acf0d02') in 0.0211511 seconds
Number of updated asset objects reloaded before import = 0Number of asset objects unloaded after import = 10

========================================================================
Received Import Request.
  Time since last request: 0.000024 seconds.
  path: Assets/PolygonSciFiSpace/Prefabs/Props/SM_Prop_Light_Panel_03.prefab
  artifactKey: Guid(b9de133cafbdb6041a397730eacd8a57) Importer(2089858483,192608db42251d675da83286b1cce702)
Start importing Assets/PolygonSciFiSpace/Prefabs/Props/SM_Prop_Light_Panel_03.prefab using Guid(b9de133cafbdb6041a397730eacd8a57) Importer(2089858483,192608db42251d675da83286b1cce702) (ScriptedImporter) -> (artifact id: '12f9a5d3aad456d028edc7c4090b31af') in 0.0258244 seconds
Number of updated asset objects reloaded before import = 0Number of asset objects unloaded after import = 10

========================================================================
Received Import Request.
  Time since last request: 0.000028 seconds.
  path: Assets/PolygonSciFiSpace/Prefabs/Props/SM_Prop_Chr_Female_Cryo_02.prefab
  artifactKey: Guid(df28b016e340da24f92e2f69c00b83d7) Importer(2089858483,192608db42251d675da83286b1cce702)
Start importing Assets/PolygonSciFiSpace/Prefabs/Props/SM_Prop_Chr_Female_Cryo_02.prefab using Guid(df28b016e340da24f92e2f69c00b83d7) Importer(2089858483,192608db42251d675da83286b1cce702) (ScriptedImporter) -> (artifact id: 'cf90d5a58e1ff15df912560b24f2b2aa') in 0.0273616 seconds
Number of updated asset objects reloaded before import = 0Number of asset objects unloaded after import = 10

========================================================================
Received Import Request.
  Time since last request: 0.000031 seconds.
  path: Assets/PolygonSciFiSpace/Prefabs/Props/SM_Prop_DeadZub_01.prefab
  artifactKey: Guid(837a69a60c20ad24496b30d902e55a78) Importer(2089858483,192608db42251d675da83286b1cce702)
Start importing Assets/PolygonSciFiSpace/Prefabs/Props/SM_Prop_DeadZub_01.prefab using Guid(837a69a60c20ad24496b30d902e55a78) Importer(2089858483,192608db42251d675da83286b1cce702) (ScriptedImporter) -> (artifact id: 'a948fc70ae1741e5d1864393201225b4') in 0.0332604 seconds
Number of updated asset objects reloaded before import = 0Number of asset objects unloaded after import = 10

========================================================================
Received Import Request.
  Time since last request: 0.000048 seconds.
  path: Assets/PolygonSciFiSpace/Prefabs/Props/SM_Prop_Detail_Wire_03.prefab
  artifactKey: Guid(d738689cf0ccda14f9fd3d96c43f3653) Importer(2089858483,192608db42251d675da83286b1cce702)
Start importing Assets/PolygonSciFiSpace/Prefabs/Props/SM_Prop_Detail_Wire_03.prefab using Guid(d738689cf0ccda14f9fd3d96c43f3653) Importer(2089858483,192608db42251d675da83286b1cce702) (ScriptedImporter) -> (artifact id: '8449a1c20e89b2ee0356aa1f60a909ea') in 0.0267131 seconds
Number of updated asset objects reloaded before import = 0Number of asset objects unloaded after import = 10

========================================================================
Received Import Request.
  Time since last request: 0.000022 seconds.
  path: Assets/PolygonSciFiSpace/Prefabs/Environment/SM_Env_Debris_Shell_05.prefab
  artifactKey: Guid(b84838d11c661b74cab019a288b57103) Importer(2089858483,192608db42251d675da83286b1cce702)
Start importing Assets/PolygonSciFiSpace/Prefabs/Environment/SM_Env_Debris_Shell_05.prefab using Guid(b84838d11c661b74cab019a288b57103) Importer(2089858483,192608db42251d675da83286b1cce702) (ScriptedImporter) -> (artifact id: '21305b8c7e0c160f5bbde763e932876c') in 0.0250427 seconds
Number of updated asset objects reloaded before import = 0Number of asset objects unloaded after import = 10

========================================================================
Received Import Request.
  Time since last request: 0.000033 seconds.
  path: Assets/PolygonSciFiSpace/Prefabs/Props/SM_Prop_Detail_Wire_04.prefab
  artifactKey: Guid(b17eb2b5b99dc52459f61e2ec97139a2) Importer(2089858483,192608db42251d675da83286b1cce702)
Start importing Assets/PolygonSciFiSpace/Prefabs/Props/SM_Prop_Detail_Wire_04.prefab using Guid(b17eb2b5b99dc52459f61e2ec97139a2) Importer(2089858483,192608db42251d675da83286b1cce702) (ScriptedImporter) -> (artifact id: '8655aafe9acd047773de0572814fcceb') in 0.0235737 seconds
Number of updated asset objects reloaded before import = 0Number of asset objects unloaded after import = 10

========================================================================
Received Import Request.
  Time since last request: 0.000079 seconds.
  path: Assets/PolygonSciFiSpace/Prefabs/Props/SM_Prop_CenterTube_02.prefab
  artifactKey: Guid(be73b85d8bb808f47bb0a46e41f45db0) Importer(2089858483,192608db42251d675da83286b1cce702)
Start importing Assets/PolygonSciFiSpace/Prefabs/Props/SM_Prop_CenterTube_02.prefab using Guid(be73b85d8bb808f47bb0a46e41f45db0) Importer(2089858483,192608db42251d675da83286b1cce702) (ScriptedImporter) -> (artifact id: '2a0b542f5e004f19f8fef81732c5c921') in 0.0249209 seconds
Number of updated asset objects reloaded before import = 0Number of asset objects unloaded after import = 15

========================================================================
Received Import Request.
  Time since last request: 0.000057 seconds.
  path: Assets/PolygonSciFiSpace/Prefabs/FX/SM_Hud_Reticle_04.prefab
  artifactKey: Guid(32117ddd83fd73548b89816453793371) Importer(2089858483,192608db42251d675da83286b1cce702)
Start importing Assets/PolygonSciFiSpace/Prefabs/FX/SM_Hud_Reticle_04.prefab using Guid(32117ddd83fd73548b89816453793371) Importer(2089858483,192608db42251d675da83286b1cce702) (ScriptedImporter) -> (artifact id: '4bc71d63eb8b725c7287b16342233bef') in 0.0238837 seconds
Number of updated asset objects reloaded before import = 0Number of asset objects unloaded after import = 8

========================================================================
Received Import Request.
  Time since last request: 0.000032 seconds.
  path: Assets/PolygonSciFiSpace/Prefabs/Props/SM_Prop_Light_Panel_01.prefab
  artifactKey: Guid(402c5a51619eb754792b87e071f98b16) Importer(2089858483,192608db42251d675da83286b1cce702)
Start importing Assets/PolygonSciFiSpace/Prefabs/Props/SM_Prop_Light_Panel_01.prefab using Guid(402c5a51619eb754792b87e071f98b16) Importer(2089858483,192608db42251d675da83286b1cce702) (ScriptedImporter) -> (artifact id: '16b16beb076be3dd3ac420a55f6a47b4') in 0.0316132 seconds
Number of updated asset objects reloaded before import = 0Number of asset objects unloaded after import = 10

========================================================================
Received Import Request.
  Time since last request: 0.000036 seconds.
  path: Assets/PolygonSciFiSpace/Prefabs/Props/SM_Prop_Detail_Box_04.prefab
  artifactKey: Guid(8eff7ff32672dbf419b9125e4244f958) Importer(2089858483,192608db42251d675da83286b1cce702)
Start importing Assets/PolygonSciFiSpace/Prefabs/Props/SM_Prop_Detail_Box_04.prefab using Guid(8eff7ff32672dbf419b9125e4244f958) Importer(2089858483,192608db42251d675da83286b1cce702) (ScriptedImporter) -> (artifact id: '3f926bc7e7f39536f4be75d2703b6f37') in 0.0320793 seconds
Number of updated asset objects reloaded before import = 0Number of asset objects unloaded after import = 10

========================================================================
Received Import Request.
  Time since last request: 0.000044 seconds.
  path: Assets/PolygonSciFiSpace/Prefabs/Props/SM_Prop_Detail_Wire_05.prefab
  artifactKey: Guid(e5e95d48c00ded345a045e678e750701) Importer(2089858483,192608db42251d675da83286b1cce702)
Start importing Assets/PolygonSciFiSpace/Prefabs/Props/SM_Prop_Detail_Wire_05.prefab using Guid(e5e95d48c00ded345a045e678e750701) Importer(2089858483,192608db42251d675da83286b1cce702) (ScriptedImporter) -> (artifact id: '4c8d9d9d75cba067bb1d41e61fcbb981') in 0.0240151 seconds
Number of updated asset objects reloaded before import = 0Number of asset objects unloaded after import = 10

========================================================================
Received Import Request.
  Time since last request: 0.000039 seconds.
  path: Assets/PolygonSciFiSpace/Prefabs/Environment/SM_Env_Asteroid_Field_02.prefab
  artifactKey: Guid(a99506bd196f7cf4b822df33789a4d5b) Importer(2089858483,192608db42251d675da83286b1cce702)
Start importing Assets/PolygonSciFiSpace/Prefabs/Environment/SM_Env_Asteroid_Field_02.prefab using Guid(a99506bd196f7cf4b822df33789a4d5b) Importer(2089858483,192608db42251d675da83286b1cce702) (ScriptedImporter) -> (artifact id: '4f0420739d2d6ee96ec3e73928a144ef') in 0.0272878 seconds
Number of updated asset objects reloaded before import = 0Number of asset objects unloaded after import = 9

========================================================================
Received Import Request.
  Time since last request: 0.000030 seconds.
  path: Assets/PolygonSciFiSpace/Prefabs/FX/FX_Exhaust_Trail.prefab
  artifactKey: Guid(7eedf4519460a0842af962a850d94e97) Importer(2089858483,192608db42251d675da83286b1cce702)
Start importing Assets/PolygonSciFiSpace/Prefabs/FX/FX_Exhaust_Trail.prefab using Guid(7eedf4519460a0842af962a850d94e97) Importer(2089858483,192608db42251d675da83286b1cce702) (ScriptedImporter) -> (artifact id: '5af13362fdaf557ae9b886910e04c1f9') in 0.1173786 seconds
Number of updated asset objects reloaded before import = 0Number of asset objects unloaded after import = 8

========================================================================
Received Import Request.
  Time since last request: 0.000049 seconds.
  path: Assets/PolygonSciFiSpace/Prefabs/Props/SM_Prop_Greeble_Panel_06.prefab
  artifactKey: Guid(7fd9432d2549ee24088cd3239b43f5f6) Importer(2089858483,192608db42251d675da83286b1cce702)
Start importing Assets/PolygonSciFiSpace/Prefabs/Props/SM_Prop_Greeble_Panel_06.prefab using Guid(7fd9432d2549ee24088cd3239b43f5f6) Importer(2089858483,192608db42251d675da83286b1cce702) (ScriptedImporter) -> (artifact id: 'd30eb422542ba30e71a6141e3797df18') in 0.028217 seconds
Number of updated asset objects reloaded before import = 0Number of asset objects unloaded after import = 10

========================================================================
Received Import Request.
  Time since last request: 0.000190 seconds.
  path: Assets/PolygonSciFiSpace/Prefabs/FX/FX_Explosion.prefab
  artifactKey: Guid(587eaecaa621be74486f351c78b4f0a8) Importer(2089858483,192608db42251d675da83286b1cce702)
Start importing Assets/PolygonSciFiSpace/Prefabs/FX/FX_Explosion.prefab using Guid(587eaecaa621be74486f351c78b4f0a8) Importer(2089858483,192608db42251d675da83286b1cce702) (ScriptedImporter) -> (artifact id: '3360d149d756be097a7a1d1485eb6109') in 0.1189242 seconds
Number of updated asset objects reloaded before import = 0Number of asset objects unloaded after import = 20

========================================================================
Received Import Request.
  Time since last request: 0.000026 seconds.
  path: Assets/PolygonSciFiSpace/Prefabs/Props/SM_Prop_Buttons_12.prefab
  artifactKey: Guid(4b76395a38d8a3b4fa6c8ef7ea83846d) Importer(2089858483,192608db42251d675da83286b1cce702)
Start importing Assets/PolygonSciFiSpace/Prefabs/Props/SM_Prop_Buttons_12.prefab using Guid(4b76395a38d8a3b4fa6c8ef7ea83846d) Importer(2089858483,192608db42251d675da83286b1cce702) (ScriptedImporter) -> (artifact id: 'd0a7f886977b085939f0d14edb346587') in 0.0280476 seconds
Number of updated asset objects reloaded before import = 0Number of asset objects unloaded after import = 10

========================================================================
Received Import Request.
  Time since last request: 0.000056 seconds.
  path: Assets/PolygonSciFiSpace/Prefabs/FX/SM_Hud_Reticle_01.prefab
  artifactKey: Guid(6729f930068ace640991100782e83888) Importer(2089858483,192608db42251d675da83286b1cce702)
Start importing Assets/PolygonSciFiSpace/Prefabs/FX/SM_Hud_Reticle_01.prefab using Guid(6729f930068ace640991100782e83888) Importer(2089858483,192608db42251d675da83286b1cce702) (ScriptedImporter) -> (artifact id: '5e6d2646243a353202335019899cb625') in 0.0199154 seconds
Number of updated asset objects reloaded before import = 0Number of asset objects unloaded after import = 8

========================================================================
Received Import Request.
  Time since last request: 0.000042 seconds.
  path: Assets/PolygonSciFiSpace/Prefabs/Props/SM_Prop_Cart_Filled_01.prefab
  artifactKey: Guid(0064841a1e2884b40804207eacfcf1ae) Importer(2089858483,192608db42251d675da83286b1cce702)
Start importing Assets/PolygonSciFiSpace/Prefabs/Props/SM_Prop_Cart_Filled_01.prefab using Guid(0064841a1e2884b40804207eacfcf1ae) Importer(2089858483,192608db42251d675da83286b1cce702) (ScriptedImporter) -> (artifact id: 'b8b042f66684731a7d4b274455dc9670') in 0.0288989 seconds
Number of updated asset objects reloaded before import = 0Number of asset objects unloaded after import = 10

========================================================================
Received Import Request.
  Time since last request: 0.000027 seconds.
  path: Assets/PolygonSciFiSpace/Prefabs/Environment/SM_Env_Asteroid_07.prefab
  artifactKey: Guid(6b15349ae7f0c4c41ad09993616a147e) Importer(2089858483,192608db42251d675da83286b1cce702)
Start importing Assets/PolygonSciFiSpace/Prefabs/Environment/SM_Env_Asteroid_07.prefab using Guid(6b15349ae7f0c4c41ad09993616a147e) Importer(2089858483,192608db42251d675da83286b1cce702) (ScriptedImporter) -> (artifact id: 'f85da516023f716dfe06597a4abeb9dc') in 0.0243286 seconds
Number of updated asset objects reloaded before import = 0Number of asset objects unloaded after import = 9

========================================================================
Received Import Request.
  Time since last request: 0.000023 seconds.
  path: Assets/PolygonSciFiSpace/Prefabs/Props/SM_Prop_Greeble_Panel_02.prefab
  artifactKey: Guid(978e2ff4a63aae4439b5e73ffcb833b7) Importer(2089858483,192608db42251d675da83286b1cce702)
Start importing Assets/PolygonSciFiSpace/Prefabs/Props/SM_Prop_Greeble_Panel_02.prefab using Guid(978e2ff4a63aae4439b5e73ffcb833b7) Importer(2089858483,192608db42251d675da83286b1cce702) (ScriptedImporter) -> (artifact id: 'b60caf12aef462f0e6170939733674a4') in 0.0226257 seconds
Number of updated asset objects reloaded before import = 0Number of asset objects unloaded after import = 10

========================================================================
Received Import Request.
  Time since last request: 0.000035 seconds.
  path: Assets/PolygonSciFiSpace/Prefabs/Signs/SM_SignBorder_Medical_03.prefab
  artifactKey: Guid(eec3103d93ddde743922544195c85680) Importer(2089858483,192608db42251d675da83286b1cce702)
Start importing Assets/PolygonSciFiSpace/Prefabs/Signs/SM_SignBorder_Medical_03.prefab using Guid(eec3103d93ddde743922544195c85680) Importer(2089858483,192608db42251d675da83286b1cce702) (ScriptedImporter) -> (artifact id: '0d6cf2cdc6192877a7efc7090470a5bc') in 0.023655 seconds
Number of updated asset objects reloaded before import = 0Number of asset objects unloaded after import = 9

========================================================================
Received Import Request.
  Time since last request: 0.000044 seconds.
  path: Assets/PolygonSciFiSpace/Prefabs/Props/SM_Prop_Plant_Vase_01.prefab
  artifactKey: Guid(dd61d9e5b2a9c724d871b4746b8c5dd3) Importer(2089858483,192608db42251d675da83286b1cce702)
Start importing Assets/PolygonSciFiSpace/Prefabs/Props/SM_Prop_Plant_Vase_01.prefab using Guid(dd61d9e5b2a9c724d871b4746b8c5dd3) Importer(2089858483,192608db42251d675da83286b1cce702) (ScriptedImporter) -> (artifact id: '07efb44dbe12d2592ec1635030876ad6') in 0.0299722 seconds
Number of updated asset objects reloaded before import = 0Number of asset objects unloaded after import = 10

========================================================================
Received Import Request.
  Time since last request: 0.000034 seconds.
  path: Assets/PolygonSciFiSpace/Prefabs/Signs/SM_SignBorder_Number_01.prefab
  artifactKey: Guid(fda97011b1fcd034f857bd95ce988c60) Importer(2089858483,192608db42251d675da83286b1cce702)
Start importing Assets/PolygonSciFiSpace/Prefabs/Signs/SM_SignBorder_Number_01.prefab using Guid(fda97011b1fcd034f857bd95ce988c60) Importer(2089858483,192608db42251d675da83286b1cce702) (ScriptedImporter) -> (artifact id: 'dc49eb932acefff46d6d65df5d35887b') in 0.0266299 seconds
Number of updated asset objects reloaded before import = 0Number of asset objects unloaded after import = 9

========================================================================
Received Import Request.
  Time since last request: 0.000026 seconds.
  path: Assets/PolygonSciFiSpace/Prefabs/Props/SM_Prop_Turret_Base_Double_05.prefab
  artifactKey: Guid(ddccf208d76301d4099d331c40651089) Importer(2089858483,192608db42251d675da83286b1cce702)
Start importing Assets/PolygonSciFiSpace/Prefabs/Props/SM_Prop_Turret_Base_Double_05.prefab using Guid(ddccf208d76301d4099d331c40651089) Importer(2089858483,192608db42251d675da83286b1cce702) (ScriptedImporter) -> (artifact id: 'b4cf1470abfc0a1a9dc1e3ee3aa6ef9b') in 0.0257694 seconds
Number of updated asset objects reloaded before import = 0Number of asset objects unloaded after import = 22

========================================================================
Received Import Request.
  Time since last request: 0.000043 seconds.
  path: Assets/PolygonSciFiSpace/Prefabs/Props/SM_Prop_Turret_Base_Single_03.prefab
  artifactKey: Guid(d2cc8c9f2cb6aa84fadce33914d154c7) Importer(2089858483,192608db42251d675da83286b1cce702)
Start importing Assets/PolygonSciFiSpace/Prefabs/Props/SM_Prop_Turret_Base_Single_03.prefab using Guid(d2cc8c9f2cb6aa84fadce33914d154c7) Importer(2089858483,192608db42251d675da83286b1cce702) (ScriptedImporter) -> (artifact id: '81e939c95310e4033299d69f1c12fd1d') in 0.0257115 seconds
Number of updated asset objects reloaded before import = 0Number of asset objects unloaded after import = 22

========================================================================
Received Import Request.
  Time since last request: 0.000045 seconds.
  path: Assets/PolygonSciFiSpace/Prefabs/Props/SM_Prop_Mine_01.prefab
  artifactKey: Guid(b1d9322be573b484b8d301c58ab78af9) Importer(2089858483,192608db42251d675da83286b1cce702)
Start importing Assets/PolygonSciFiSpace/Prefabs/Props/SM_Prop_Mine_01.prefab using Guid(b1d9322be573b484b8d301c58ab78af9) Importer(2089858483,192608db42251d675da83286b1cce702) (ScriptedImporter) -> (artifact id: '86588b0e9ec5581a7c033e3982fb0f6d') in 0.0247595 seconds
Number of updated asset objects reloaded before import = 0Number of asset objects unloaded after import = 10

========================================================================
Received Import Request.
  Time since last request: 0.000081 seconds.
  path: Assets/PolygonSciFiSpace/Prefabs/Props/SM_Prop_Screen_07.prefab
  artifactKey: Guid(4793a023dc636d847926ec4ccf3ca5ee) Importer(2089858483,192608db42251d675da83286b1cce702)
Start importing Assets/PolygonSciFiSpace/Prefabs/Props/SM_Prop_Screen_07.prefab using Guid(4793a023dc636d847926ec4ccf3ca5ee) Importer(2089858483,192608db42251d675da83286b1cce702) (ScriptedImporter) -> (artifact id: 'a2e813a355ee83ed778e621521680f6d') in 0.0238583 seconds
Number of updated asset objects reloaded before import = 0Number of asset objects unloaded after import = 10

========================================================================
Received Import Request.
  Time since last request: 0.000036 seconds.
  path: Assets/PolygonSciFiSpace/Prefabs/Signs/SM_SignBorder_Leaf_01.prefab
  artifactKey: Guid(5b69a250dc9e5834c8db0b8dd07098b4) Importer(2089858483,192608db42251d675da83286b1cce702)
Start importing Assets/PolygonSciFiSpace/Prefabs/Signs/SM_SignBorder_Leaf_01.prefab using Guid(5b69a250dc9e5834c8db0b8dd07098b4) Importer(2089858483,192608db42251d675da83286b1cce702) (ScriptedImporter) -> (artifact id: '85f01c8f75fdd66b6571275dd07d2b8f') in 0.0293032 seconds
Number of updated asset objects reloaded before import = 0Number of asset objects unloaded after import = 9

========================================================================
Received Import Request.
  Time since last request: 0.000036 seconds.
  path: Assets/PolygonSciFiSpace/Prefabs/Props/SM_Prop_Test_Tube_01.prefab
  artifactKey: Guid(d89f3bed38f0fcc409c3d32eedc6f5a5) Importer(2089858483,192608db42251d675da83286b1cce702)
Start importing Assets/PolygonSciFiSpace/Prefabs/Props/SM_Prop_Test_Tube_01.prefab using Guid(d89f3bed38f0fcc409c3d32eedc6f5a5) Importer(2089858483,192608db42251d675da83286b1cce702) (ScriptedImporter) -> (artifact id: '1a43df092fd5a7384234bc60ae15a5a9') in 0.0244789 seconds
Number of updated asset objects reloaded before import = 0Number of asset objects unloaded after import = 15

========================================================================
Received Import Request.
  Time since last request: 0.000044 seconds.
  path: Assets/PolygonSciFiSpace/Prefabs/Props/SM_Prop_Wires_02.prefab
  artifactKey: Guid(0c85e9e57bec91846bf3b8cdd2e2bc51) Importer(2089858483,192608db42251d675da83286b1cce702)
Start importing Assets/PolygonSciFiSpace/Prefabs/Props/SM_Prop_Wires_02.prefab using Guid(0c85e9e57bec91846bf3b8cdd2e2bc51) Importer(2089858483,192608db42251d675da83286b1cce702) (ScriptedImporter) -> (artifact id: '9edebb878652fd9aed1a43a4acb85514') in 0.0253795 seconds
Number of updated asset objects reloaded before import = 0Number of asset objects unloaded after import = 10

========================================================================
Received Import Request.
  Time since last request: 0.000027 seconds.
  path: Assets/PolygonSciFiSpace/Prefabs/Props/SM_Prop_Screen_Small_01.prefab
  artifactKey: Guid(a487f4526b100a948bec5be36ed5c16d) Importer(2089858483,192608db42251d675da83286b1cce702)
Start importing Assets/PolygonSciFiSpace/Prefabs/Props/SM_Prop_Screen_Small_01.prefab using Guid(a487f4526b100a948bec5be36ed5c16d) Importer(2089858483,192608db42251d675da83286b1cce702) (ScriptedImporter) -> (artifact id: 'c404199ae76d08a3eb2b32af8fc3efae') in 0.022643 seconds
Number of updated asset objects reloaded before import = 0Number of asset objects unloaded after import = 10

========================================================================
Received Import Request.
  Time since last request: 0.000025 seconds.
  path: Assets/PolygonSciFiSpace/Prefabs/Props/SM_Prop_Medical_Tube_01.prefab
  artifactKey: Guid(ad0c90ff1d999f74eb83b1a52c1e2878) Importer(2089858483,192608db42251d675da83286b1cce702)
Start importing Assets/PolygonSciFiSpace/Prefabs/Props/SM_Prop_Medical_Tube_01.prefab using Guid(ad0c90ff1d999f74eb83b1a52c1e2878) Importer(2089858483,192608db42251d675da83286b1cce702) (ScriptedImporter) -> (artifact id: 'e7de935d32f6d1ed83dc225855a4d386') in 0.0265662 seconds
Number of updated asset objects reloaded before import = 0Number of asset objects unloaded after import = 19

========================================================================
Received Import Request.
  Time since last request: 0.000029 seconds.
  path: Assets/PolygonSciFiSpace/Prefabs/Signs/SM_Sign_EscpapePod_01.prefab
  artifactKey: Guid(3eeea1e4c145ef6458fd2e0307c389d5) Importer(2089858483,192608db42251d675da83286b1cce702)
Start importing Assets/PolygonSciFiSpace/Prefabs/Signs/SM_Sign_EscpapePod_01.prefab using Guid(3eeea1e4c145ef6458fd2e0307c389d5) Importer(2089858483,192608db42251d675da83286b1cce702) (ScriptedImporter) -> (artifact id: '758432bc15347bab3d590f6c52058d16') in 0.0225431 seconds
Number of updated asset objects reloaded before import = 0Number of asset objects unloaded after import = 9

========================================================================
Received Import Request.
  Time since last request: 0.000045 seconds.
  path: Assets/PolygonSciFiSpace/Prefabs/Signs/SM_Sign_Hydroponics_02.prefab
  artifactKey: Guid(542db2b3edc6b484d9b9c5eb991357ac) Importer(2089858483,192608db42251d675da83286b1cce702)
Start importing Assets/PolygonSciFiSpace/Prefabs/Signs/SM_Sign_Hydroponics_02.prefab using Guid(542db2b3edc6b484d9b9c5eb991357ac) Importer(2089858483,192608db42251d675da83286b1cce702) (ScriptedImporter) -> (artifact id: 'e3303ec85000b4249631a9b399526c32') in 0.0291012 seconds
Number of updated asset objects reloaded before import = 0Number of asset objects unloaded after import = 9

========================================================================
Received Import Request.
  Time since last request: 0.000024 seconds.
  path: Assets/PolygonSciFiSpace/Prefabs/Signs/SM_Sign_EngineRoom_01.prefab
  artifactKey: Guid(7abd9d20de41e2343a7d9878d2e307c7) Importer(2089858483,192608db42251d675da83286b1cce702)
Start importing Assets/PolygonSciFiSpace/Prefabs/Signs/SM_Sign_EngineRoom_01.prefab using Guid(7abd9d20de41e2343a7d9878d2e307c7) Importer(2089858483,192608db42251d675da83286b1cce702) (ScriptedImporter) -> (artifact id: 'af04e5eee722cc05ec33d266f93566b2') in 0.0216956 seconds
Number of updated asset objects reloaded before import = 0Number of asset objects unloaded after import = 9

========================================================================
Received Import Request.
  Time since last request: 0.000023 seconds.
  path: Assets/PolygonSciFiSpace/Prefabs/Props/SM_Prop_Turret_Base_Double_010.prefab
  artifactKey: Guid(adbbdb59d460cf644801955c03fa4fe6) Importer(2089858483,192608db42251d675da83286b1cce702)
Start importing Assets/PolygonSciFiSpace/Prefabs/Props/SM_Prop_Turret_Base_Double_010.prefab using Guid(adbbdb59d460cf644801955c03fa4fe6) Importer(2089858483,192608db42251d675da83286b1cce702) (ScriptedImporter) -> (artifact id: 'c629f281558a7956fbd4b156eb42af7e') in 0.0267829 seconds
Number of updated asset objects reloaded before import = 0Number of asset objects unloaded after import = 16

========================================================================
Received Import Request.
  Time since last request: 0.000027 seconds.
  path: Assets/PolygonSciFiSpace/Prefabs/Signs/SM_SignBorder_Rocket_01.prefab
  artifactKey: Guid(60da3518d6b91c5458d3cea83979099c) Importer(2089858483,192608db42251d675da83286b1cce702)
Start importing Assets/PolygonSciFiSpace/Prefabs/Signs/SM_SignBorder_Rocket_01.prefab using Guid(60da3518d6b91c5458d3cea83979099c) Importer(2089858483,192608db42251d675da83286b1cce702) (ScriptedImporter) -> (artifact id: '1e96f124e15e91a6a0cdbd0785c46b00') in 0.0210328 seconds
Number of updated asset objects reloaded before import = 0Number of asset objects unloaded after import = 9

========================================================================
Received Import Request.
  Time since last request: 0.000050 seconds.
  path: Assets/PolygonSciFiSpace/Prefabs/Signs/SM_SignBorder_Number_09.prefab
  artifactKey: Guid(6bc1448372e38a8488e6f795c4c5306c) Importer(2089858483,192608db42251d675da83286b1cce702)
Start importing Assets/PolygonSciFiSpace/Prefabs/Signs/SM_SignBorder_Number_09.prefab using Guid(6bc1448372e38a8488e6f795c4c5306c) Importer(2089858483,192608db42251d675da83286b1cce702) (ScriptedImporter) -> (artifact id: '219ce35d0153c095b707103f4b3bab67') in 0.0214936 seconds
Number of updated asset objects reloaded before import = 0Number of asset objects unloaded after import = 9

========================================================================
Received Import Request.
  Time since last request: 0.000037 seconds.
  path: Assets/PolygonSciFiSpace/Prefabs/Props/SM_Prop_Stairs_04.prefab
  artifactKey: Guid(24f44b5327ac99d40b65a10a4fb87455) Importer(2089858483,192608db42251d675da83286b1cce702)
Start importing Assets/PolygonSciFiSpace/Prefabs/Props/SM_Prop_Stairs_04.prefab using Guid(24f44b5327ac99d40b65a10a4fb87455) Importer(2089858483,192608db42251d675da83286b1cce702) (ScriptedImporter) -> (artifact id: 'e8f9e956e52379c592495f344ecf8944') in 0.0234945 seconds
Number of updated asset objects reloaded before import = 0Number of asset objects unloaded after import = 10

========================================================================
Received Import Request.
  Time since last request: 0.000031 seconds.
  path: Assets/PolygonSciFiSpace/Prefabs/Props/SM_Prop_Oxygen_Tank_Large.prefab
  artifactKey: Guid(315d0b2430aa8e54ead1a58f89b80834) Importer(2089858483,192608db42251d675da83286b1cce702)
Start importing Assets/PolygonSciFiSpace/Prefabs/Props/SM_Prop_Oxygen_Tank_Large.prefab using Guid(315d0b2430aa8e54ead1a58f89b80834) Importer(2089858483,192608db42251d675da83286b1cce702) (ScriptedImporter) -> (artifact id: 'aba2b746c0c3cfac118a055a9cf2fc56') in 0.0305612 seconds
Number of updated asset objects reloaded before import = 0Number of asset objects unloaded after import = 11

========================================================================
Received Import Request.
  Time since last request: 0.000033 seconds.
  path: Assets/PolygonSciFiSpace/Prefabs/Props/SM_Prop_Screen_02.prefab
  artifactKey: Guid(56d01d7561c37b740963cff5588d96bb) Importer(2089858483,192608db42251d675da83286b1cce702)
Start importing Assets/PolygonSciFiSpace/Prefabs/Props/SM_Prop_Screen_02.prefab using Guid(56d01d7561c37b740963cff5588d96bb) Importer(2089858483,192608db42251d675da83286b1cce702) (ScriptedImporter) -> (artifact id: '581c2a33d815de04b923609a2a0a5a47') in 0.0282966 seconds
Number of updated asset objects reloaded before import = 0Number of asset objects unloaded after import = 10

========================================================================
Received Import Request.
  Time since last request: 0.000045 seconds.
  path: Assets/PolygonSciFiSpace/Prefabs/Signs/SM_SignBorder_Nuclear_01.prefab
  artifactKey: Guid(6904c219f2e39ef4489cc86e957fb39b) Importer(2089858483,192608db42251d675da83286b1cce702)
Start importing Assets/PolygonSciFiSpace/Prefabs/Signs/SM_SignBorder_Nuclear_01.prefab using Guid(6904c219f2e39ef4489cc86e957fb39b) Importer(2089858483,192608db42251d675da83286b1cce702) (ScriptedImporter) -> (artifact id: '663cb2dc196354741408fc338eb11875') in 0.0238008 seconds
Number of updated asset objects reloaded before import = 0Number of asset objects unloaded after import = 9

========================================================================
Received Import Request.
  Time since last request: 0.000022 seconds.
  path: Assets/PolygonSciFiSpace/Prefabs/Props/SM_Prop_Stairs_03.prefab
  artifactKey: Guid(8d20774deb049224b9ff98f025462c75) Importer(2089858483,192608db42251d675da83286b1cce702)
Start importing Assets/PolygonSciFiSpace/Prefabs/Props/SM_Prop_Stairs_03.prefab using Guid(8d20774deb049224b9ff98f025462c75) Importer(2089858483,192608db42251d675da83286b1cce702) (ScriptedImporter) -> (artifact id: '43598c0ea76a02c2c613c66f72966c8f') in 0.0249076 seconds
Number of updated asset objects reloaded before import = 0Number of asset objects unloaded after import = 10

========================================================================
Received Import Request.
  Time since last request: 0.000036 seconds.
  path: Assets/PolygonSciFiSpace/Prefabs/Props/SM_Prop_Turret_Base_Single_09.prefab
  artifactKey: Guid(9e170f0ec6d303f46b27ec0840b9194d) Importer(2089858483,192608db42251d675da83286b1cce702)
Start importing Assets/PolygonSciFiSpace/Prefabs/Props/SM_Prop_Turret_Base_Single_09.prefab using Guid(9e170f0ec6d303f46b27ec0840b9194d) Importer(2089858483,192608db42251d675da83286b1cce702) (ScriptedImporter) -> (artifact id: 'd1abbf4b7ce16f93224840a5720b85bc') in 0.0278338 seconds
Number of updated asset objects reloaded before import = 0Number of asset objects unloaded after import = 21

========================================================================
Received Import Request.
  Time since last request: 0.000032 seconds.
  path: Assets/PolygonSciFiSpace/Prefabs/Signs/SM_SignBorder_Electric_02.prefab
  artifactKey: Guid(b438decdee928f348b15e75b5646a2de) Importer(2089858483,192608db42251d675da83286b1cce702)
Start importing Assets/PolygonSciFiSpace/Prefabs/Signs/SM_SignBorder_Electric_02.prefab using Guid(b438decdee928f348b15e75b5646a2de) Importer(2089858483,192608db42251d675da83286b1cce702) (ScriptedImporter) -> (artifact id: '667a2e2a6ff5c186729f660cdeb803e9') in 0.0205667 seconds
Number of updated asset objects reloaded before import = 0Number of asset objects unloaded after import = 9

========================================================================
Received Import Request.
  Time since last request: 0.000043 seconds.
  path: Assets/PolygonSciFiSpace/Prefabs/Props/SM_Prop_Wall_Panel_Small_02.prefab
  artifactKey: Guid(13ea1b8d52ebb9d438e6724fd10b54e9) Importer(2089858483,192608db42251d675da83286b1cce702)
Start importing Assets/PolygonSciFiSpace/Prefabs/Props/SM_Prop_Wall_Panel_Small_02.prefab using Guid(13ea1b8d52ebb9d438e6724fd10b54e9) Importer(2089858483,192608db42251d675da83286b1cce702) (ScriptedImporter) -> (artifact id: 'a309062fa175bec9589a5486159c5b58') in 0.0215943 seconds
Number of updated asset objects reloaded before import = 0Number of asset objects unloaded after import = 10

========================================================================
Received Import Request.
  Time since last request: 0.000022 seconds.
  path: Assets/PolygonSciFiSpace/Prefabs/Signs/SM_SignBorder_Plant_01.prefab
  artifactKey: Guid(11ed7aab183100045b85fe59b9b59493) Importer(2089858483,192608db42251d675da83286b1cce702)
Start importing Assets/PolygonSciFiSpace/Prefabs/Signs/SM_SignBorder_Plant_01.prefab using Guid(11ed7aab183100045b85fe59b9b59493) Importer(2089858483,192608db42251d675da83286b1cce702) (ScriptedImporter) -> (artifact id: 'fef43007a52343c4c4c04bc835f3f573') in 0.0281124 seconds
Number of updated asset objects reloaded before import = 0Number of asset objects unloaded after import = 9

========================================================================
Received Import Request.
  Time since last request: 0.000032 seconds.
  path: Assets/PolygonSciFiSpace/Prefabs/Props/SM_Prop_Turret_Base_Single_08.prefab
  artifactKey: Guid(e7c3deccc3e5f4241b32703d21601aa3) Importer(2089858483,192608db42251d675da83286b1cce702)
Start importing Assets/PolygonSciFiSpace/Prefabs/Props/SM_Prop_Turret_Base_Single_08.prefab using Guid(e7c3deccc3e5f4241b32703d21601aa3) Importer(2089858483,192608db42251d675da83286b1cce702) (ScriptedImporter) -> (artifact id: 'dc320d0963703c3da9fad127254e7cdb') in 0.0300288 seconds
Number of updated asset objects reloaded before import = 0Number of asset objects unloaded after import = 21

========================================================================
Received Import Request.
  Time since last request: 0.000031 seconds.
  path: Assets/PolygonSciFiSpace/Prefabs/Props/SM_Prop_Screen_09.prefab
  artifactKey: Guid(e328a56effc821a4db02309cf510e998) Importer(2089858483,192608db42251d675da83286b1cce702)
Start importing Assets/PolygonSciFiSpace/Prefabs/Props/SM_Prop_Screen_09.prefab using Guid(e328a56effc821a4db02309cf510e998) Importer(2089858483,192608db42251d675da83286b1cce702) (ScriptedImporter) -> (artifact id: '545acb2afacb03048bd684024a78c1c3') in 0.0377416 seconds
Number of updated asset objects reloaded before import = 0Number of asset objects unloaded after import = 10

========================================================================
Received Import Request.
  Time since last request: 0.000058 seconds.
  path: Assets/PolygonSciFiSpace/Prefabs/Signs/SM_SignBorder_Planet_01.prefab
  artifactKey: Guid(7c31b1c6175fb1443837bd5dfeac76e9) Importer(2089858483,192608db42251d675da83286b1cce702)
Start importing Assets/PolygonSciFiSpace/Prefabs/Signs/SM_SignBorder_Planet_01.prefab using Guid(7c31b1c6175fb1443837bd5dfeac76e9) Importer(2089858483,192608db42251d675da83286b1cce702) (ScriptedImporter) -> (artifact id: '1b5da0848cd803fffbce10a612819930') in 0.0327432 seconds
Number of updated asset objects reloaded before import = 0Number of asset objects unloaded after import = 9

========================================================================
Received Import Request.
  Time since last request: 0.000026 seconds.
  path: Assets/PolygonSciFiSpace/Prefabs/Signs/SM_SignBorder_Arrow_02.prefab
  artifactKey: Guid(c473ddc8c27cd5844a39f065961816d0) Importer(2089858483,192608db42251d675da83286b1cce702)
Start importing Assets/PolygonSciFiSpace/Prefabs/Signs/SM_SignBorder_Arrow_02.prefab using Guid(c473ddc8c27cd5844a39f065961816d0) Importer(2089858483,192608db42251d675da83286b1cce702) (ScriptedImporter) -> (artifact id: 'eebe02db4dbcdb918abc512ef37e7252') in 0.025177 seconds
Number of updated asset objects reloaded before import = 0Number of asset objects unloaded after import = 9

========================================================================
Received Import Request.
  Time since last request: 0.000024 seconds.
  path: Assets/PolygonSciFiSpace/Prefabs/Props/SM_Prop_Screen_10.prefab
  artifactKey: Guid(05b63bbbf95b0b941bdfae9c5f6acf04) Importer(2089858483,192608db42251d675da83286b1cce702)
Start importing Assets/PolygonSciFiSpace/Prefabs/Props/SM_Prop_Screen_10.prefab using Guid(05b63bbbf95b0b941bdfae9c5f6acf04) Importer(2089858483,192608db42251d675da83286b1cce702) (ScriptedImporter) -> (artifact id: '25d67369c08538dbba8927954cf0e12c') in 0.023876 seconds
Number of updated asset objects reloaded before import = 0Number of asset objects unloaded after import = 10

========================================================================
Received Import Request.
  Time since last request: 0.000043 seconds.
  path: Assets/PolygonSciFiSpace/Prefabs/FX/FX_Steam.prefab
  artifactKey: Guid(96decb074303dd644930252238107cd6) Importer(2089858483,192608db42251d675da83286b1cce702)
Start importing Assets/PolygonSciFiSpace/Prefabs/FX/FX_Steam.prefab using Guid(96decb074303dd644930252238107cd6) Importer(2089858483,192608db42251d675da83286b1cce702) (ScriptedImporter) -> (artifact id: '41b5514285e778e250f97b1f19e7e295') in 0.1033963 seconds
Number of updated asset objects reloaded before import = 0Number of asset objects unloaded after import = 7

========================================================================
Received Import Request.
  Time since last request: 0.000049 seconds.
  path: Assets/PolygonSciFiSpace/Prefabs/Props/SM_Prop_MapTable_01.prefab
  artifactKey: Guid(c1dee4b30774e314d8395853c0c5e03f) Importer(2089858483,192608db42251d675da83286b1cce702)
Start importing Assets/PolygonSciFiSpace/Prefabs/Props/SM_Prop_MapTable_01.prefab using Guid(c1dee4b30774e314d8395853c0c5e03f) Importer(2089858483,192608db42251d675da83286b1cce702) (ScriptedImporter) -> (artifact id: 'd3a93379dcfdeeb9194323a8a4f3ef98') in 0.0315822 seconds
Number of updated asset objects reloaded before import = 0Number of asset objects unloaded after import = 10

========================================================================
Received Import Request.
  Time since last request: 0.000037 seconds.
  path: Assets/PolygonSciFiSpace/Prefabs/Environment/SM_Env_Planet_08.prefab
  artifactKey: Guid(15a9572a8eb579041a9dbe9f15f6d02e) Importer(2089858483,192608db42251d675da83286b1cce702)
Start importing Assets/PolygonSciFiSpace/Prefabs/Environment/SM_Env_Planet_08.prefab using Guid(15a9572a8eb579041a9dbe9f15f6d02e) Importer(2089858483,192608db42251d675da83286b1cce702) (ScriptedImporter) -> (artifact id: 'd2689cca7b301f9f470f52f9a4736495') in 0.0238524 seconds
Number of updated asset objects reloaded before import = 0Number of asset objects unloaded after import = 9

========================================================================
Received Import Request.
  Time since last request: 0.000032 seconds.
  path: Assets/PolygonSciFiSpace/Models/SM_Prop_Wires_03.fbx
  artifactKey: Guid(6cdf98601d0eb814eb1330f0da722685) Importer(2089858483,192608db42251d675da83286b1cce702)
Start importing Assets/PolygonSciFiSpace/Models/SM_Prop_Wires_03.fbx using Guid(6cdf98601d0eb814eb1330f0da722685) Importer(2089858483,192608db42251d675da83286b1cce702) (ScriptedImporter) -> (artifact id: '418c162e572c435187871f8a3b4e8ebf') in 0.0385694 seconds
Number of updated asset objects reloaded before import = 0Number of asset objects unloaded after import = 7

========================================================================
Received Import Request.
  Time since last request: 0.000041 seconds.
  path: Assets/PolygonSciFiSpace/Prefabs/Vehicles/SM_Veh_Part_Misc_07.prefab
  artifactKey: Guid(fbdc33561829d304b9c1bd5af0cb786f) Importer(2089858483,192608db42251d675da83286b1cce702)
Start importing Assets/PolygonSciFiSpace/Prefabs/Vehicles/SM_Veh_Part_Misc_07.prefab using Guid(fbdc33561829d304b9c1bd5af0cb786f) Importer(2089858483,192608db42251d675da83286b1cce702) (ScriptedImporter) -> (artifact id: '32fa0cc25d3f9e73c579fdd43b8a21d2') in 0.0396906 seconds
Number of updated asset objects reloaded before import = 0Number of asset objects unloaded after import = 10

========================================================================
Received Import Request.
  Time since last request: 0.000046 seconds.
  path: Assets/PolygonSciFiSpace/Prefabs/Vehicles/SM_Veh_Part_Engine_04.prefab
  artifactKey: Guid(1e780a1f0592d1646b136fdd62e429e1) Importer(2089858483,192608db42251d675da83286b1cce702)
Start importing Assets/PolygonSciFiSpace/Prefabs/Vehicles/SM_Veh_Part_Engine_04.prefab using Guid(1e780a1f0592d1646b136fdd62e429e1) Importer(2089858483,192608db42251d675da83286b1cce702) (ScriptedImporter) -> (artifact id: 'de8eed94a3b031c59fc9731a91cc168f') in 0.0402015 seconds
Number of updated asset objects reloaded before import = 0Number of asset objects unloaded after import = 10

========================================================================
Received Import Request.
  Time since last request: 0.000036 seconds.
  path: Assets/PolygonSciFiSpace/Prefabs/Vehicles/SM_Veh_Part_Wing_02.prefab
  artifactKey: Guid(9ea79a97dc845454d831b130ebc14aab) Importer(2089858483,192608db42251d675da83286b1cce702)
Start importing Assets/PolygonSciFiSpace/Prefabs/Vehicles/SM_Veh_Part_Wing_02.prefab using Guid(9ea79a97dc845454d831b130ebc14aab) Importer(2089858483,192608db42251d675da83286b1cce702) (ScriptedImporter) -> (artifact id: 'ae51cecfce8669fcda23775b3ac2d789') in 0.0344224 seconds
Number of updated asset objects reloaded before import = 0Number of asset objects unloaded after import = 10

========================================================================
Received Import Request.
  Time since last request: 0.000036 seconds.
  path: Assets/PolygonSciFiSpace/Prefabs/Vehicles/SM_Ship_Fighter_02.prefab
  artifactKey: Guid(f120cec36bf54c94fb41c1bcd5534f3d) Importer(2089858483,192608db42251d675da83286b1cce702)
Start importing Assets/PolygonSciFiSpace/Prefabs/Vehicles/SM_Ship_Fighter_02.prefab using Guid(f120cec36bf54c94fb41c1bcd5534f3d) Importer(2089858483,192608db42251d675da83286b1cce702) (ScriptedImporter) -> (artifact id: 'a37b9389ca959ba4a85b31ce113cd7ba') in 0.0268807 seconds
Number of updated asset objects reloaded before import = 0Number of asset objects unloaded after import = 10

========================================================================
Received Import Request.
  Time since last request: 0.000055 seconds.
  path: Assets/PolygonSciFiSpace/Prefabs/Vehicles/SM_Veh_Part_Cockpit_05.prefab
  artifactKey: Guid(38b3a084e5e88164b9d73d8c493efd43) Importer(2089858483,192608db42251d675da83286b1cce702)
Start importing Assets/PolygonSciFiSpace/Prefabs/Vehicles/SM_Veh_Part_Cockpit_05.prefab using Guid(38b3a084e5e88164b9d73d8c493efd43) Importer(2089858483,192608db42251d675da83286b1cce702) (ScriptedImporter) -> (artifact id: 'a3c9d3ab9c1c89219833d78df312121c') in 0.0309206 seconds
Number of updated asset objects reloaded before import = 0Number of asset objects unloaded after import = 10

========================================================================
Received Import Request.
  Time since last request: 0.000026 seconds.
  path: Assets/PolygonSciFiSpace/Textures/Alts/PolygonSciFiSpace_Texture_01_E.png
  artifactKey: Guid(c31a2189764de944f83fd591aaa161a2) Importer(2089858483,192608db42251d675da83286b1cce702)
Start importing Assets/PolygonSciFiSpace/Textures/Alts/PolygonSciFiSpace_Texture_01_E.png using Guid(c31a2189764de944f83fd591aaa161a2) Importer(2089858483,192608db42251d675da83286b1cce702) (ScriptedImporter) -> (artifact id: 'ec6c8cc643158f9b79dea5502858cae4') in 0.028823 seconds
Number of updated asset objects reloaded before import = 0Number of asset objects unloaded after import = 1

========================================================================
Received Import Request.
  Time since last request: 0.000070 seconds.
  path: Assets/PolygonSciFiSpace/Prefabs/Vehicles/SM_Veh_Part_Engine_05.prefab
  artifactKey: Guid(52eeaeba04f1d9c459ccc00c3d254a06) Importer(2089858483,192608db42251d675da83286b1cce702)
Start importing Assets/PolygonSciFiSpace/Prefabs/Vehicles/SM_Veh_Part_Engine_05.prefab using Guid(52eeaeba04f1d9c459ccc00c3d254a06) Importer(2089858483,192608db42251d675da83286b1cce702) (ScriptedImporter) -> (artifact id: '91fcafbf90179212549782e984112d06') in 0.0301211 seconds
Number of updated asset objects reloaded before import = 0Number of asset objects unloaded after import = 10

========================================================================
Received Import Request.
  Time since last request: 0.000038 seconds.
  path: Assets/PolygonSciFiSpace/Prefabs/Vehicles/SM_Veh_Part_Wing_09.prefab
  artifactKey: Guid(583e68ca210cd0a4aa113ec12300c747) Importer(2089858483,192608db42251d675da83286b1cce702)
Start importing Assets/PolygonSciFiSpace/Prefabs/Vehicles/SM_Veh_Part_Wing_09.prefab using Guid(583e68ca210cd0a4aa113ec12300c747) Importer(2089858483,192608db42251d675da83286b1cce702) (ScriptedImporter) -> (artifact id: '1aefe0f93092f15dd8327fef9db5a9ae') in 0.0413323 seconds
Number of updated asset objects reloaded before import = 0Number of asset objects unloaded after import = 10

========================================================================
Received Import Request.
  Time since last request: 0.000041 seconds.
  path: Assets/PolygonSciFiSpace/Prefabs/Vehicles/SM_Veh_Part_LandingGear_Flat_02.prefab
  artifactKey: Guid(0baaf7930ead7a14bab8610d1179f5a6) Importer(2089858483,192608db42251d675da83286b1cce702)
Start importing Assets/PolygonSciFiSpace/Prefabs/Vehicles/SM_Veh_Part_LandingGear_Flat_02.prefab using Guid(0baaf7930ead7a14bab8610d1179f5a6) Importer(2089858483,192608db42251d675da83286b1cce702) (ScriptedImporter) -> (artifact id: '2256dea000d3d75a3b7e0ca1657945bd') in 0.0390329 seconds
Number of updated asset objects reloaded before import = 0Number of asset objects unloaded after import = 10

========================================================================
Received Import Request.
  Time since last request: 0.000028 seconds.
  path: Assets/PolygonSciFiSpace/Prefabs/Vehicles/SM_Ship_Stealth_03.prefab
  artifactKey: Guid(42ea65cfa6f57ad4d8f7a5194cc38e90) Importer(2089858483,192608db42251d675da83286b1cce702)
Start importing Assets/PolygonSciFiSpace/Prefabs/Vehicles/SM_Ship_Stealth_03.prefab using Guid(42ea65cfa6f57ad4d8f7a5194cc38e90) Importer(2089858483,192608db42251d675da83286b1cce702) (ScriptedImporter) -> (artifact id: '29ff1b36c85b086befa257517091e5ff') in 0.0238984 seconds
Number of updated asset objects reloaded before import = 0Number of asset objects unloaded after import = 10

========================================================================
Received Import Request.
  Time since last request: 0.000028 seconds.
  path: Assets/PolygonSciFiSpace/Scenes/Demo_Exterior/ReflectionProbe-0.exr
  artifactKey: Guid(80fd33cea81dd9c40aee65f3ed56f632) Importer(2089858483,192608db42251d675da83286b1cce702)
Start importing Assets/PolygonSciFiSpace/Scenes/Demo_Exterior/ReflectionProbe-0.exr using Guid(80fd33cea81dd9c40aee65f3ed56f632) Importer(2089858483,192608db42251d675da83286b1cce702) (ScriptedImporter) -> (artifact id: 'd8bd8ccfdb645a7d5ee789de485dfdb2') in 0.029966 seconds
Number of updated asset objects reloaded before import = 0Number of asset objects unloaded after import = 1

========================================================================
Received Import Request.
  Time since last request: 0.000043 seconds.
  path: Assets/PolygonSciFiSpace/Prefabs/Vehicles/SM_Veh_Part_Misc_03.prefab
  artifactKey: Guid(6159d34043c40e2489056722c7071e49) Importer(2089858483,192608db42251d675da83286b1cce702)
Start importing Assets/PolygonSciFiSpace/Prefabs/Vehicles/SM_Veh_Part_Misc_03.prefab using Guid(6159d34043c40e2489056722c7071e49) Importer(2089858483,192608db42251d675da83286b1cce702) (ScriptedImporter) -> (artifact id: 'cfb6bc172cca99a64ae9ecf3a5201e6d') in 0.0383813 seconds
Number of updated asset objects reloaded before import = 0Number of asset objects unloaded after import = 10

========================================================================
Received Import Request.
  Time since last request: 0.000059 seconds.
  path: Assets/PolygonSciFiSpace/Prefabs/Vehicles/SM_Veh_Part_Body_01.prefab
  artifactKey: Guid(685f1477411e7a7459012651b2b9a113) Importer(2089858483,192608db42251d675da83286b1cce702)
Start importing Assets/PolygonSciFiSpace/Prefabs/Vehicles/SM_Veh_Part_Body_01.prefab using Guid(685f1477411e7a7459012651b2b9a113) Importer(2089858483,192608db42251d675da83286b1cce702) (ScriptedImporter) -> (artifact id: 'e1ba013110aa171fce63c9598b3914ac') in 0.030977 seconds
Number of updated asset objects reloaded before import = 0Number of asset objects unloaded after import = 10

========================================================================
Received Import Request.
  Time since last request: 0.000033 seconds.
  path: Assets/PolygonSciFiSpace/Prefabs/Vehicles/SM_Ship_Fighter_Heavy_01.prefab
  artifactKey: Guid(3a4cdad4b75b5344eb3a3b6d07e0cb85) Importer(2089858483,192608db42251d675da83286b1cce702)
Start importing Assets/PolygonSciFiSpace/Prefabs/Vehicles/SM_Ship_Fighter_Heavy_01.prefab using Guid(3a4cdad4b75b5344eb3a3b6d07e0cb85) Importer(2089858483,192608db42251d675da83286b1cce702) (ScriptedImporter) -> (artifact id: '0de4091f18520aebd8d51a6758f974a4') in 0.0350372 seconds
Number of updated asset objects reloaded before import = 0Number of asset objects unloaded after import = 10

========================================================================
Received Import Request.
  Time since last request: 0.000028 seconds.
  path: Assets/PolygonSciFiSpace/Prefabs/Vehicles/SM_Veh_Part_Misc_018.prefab
  artifactKey: Guid(8ad12d7faab645f4f8dfe3d694de76f8) Importer(2089858483,192608db42251d675da83286b1cce702)
Start importing Assets/PolygonSciFiSpace/Prefabs/Vehicles/SM_Veh_Part_Misc_018.prefab using Guid(8ad12d7faab645f4f8dfe3d694de76f8) Importer(2089858483,192608db42251d675da83286b1cce702) (ScriptedImporter) -> (artifact id: '9d34cc0043a340f139e54ecdbe07064e') in 0.0239246 seconds
Number of updated asset objects reloaded before import = 0Number of asset objects unloaded after import = 10

========================================================================
Received Import Request.
  Time since last request: 0.000036 seconds.
  path: Assets/PolygonSciFiSpace/Prefabs/Vehicles/SM_Veh_Part_Cockpit_04.prefab
  artifactKey: Guid(aecdad9f8d06238489cbe831d176f302) Importer(2089858483,192608db42251d675da83286b1cce702)
Start importing Assets/PolygonSciFiSpace/Prefabs/Vehicles/SM_Veh_Part_Cockpit_04.prefab using Guid(aecdad9f8d06238489cbe831d176f302) Importer(2089858483,192608db42251d675da83286b1cce702) (ScriptedImporter) -> (artifact id: '6648d2860e276bca1c66ade1bb8c5966') in 0.0228417 seconds
Number of updated asset objects reloaded before import = 0Number of asset objects unloaded after import = 10

========================================================================
Received Import Request.
  Time since last request: 0.000045 seconds.
  path: Assets/PolygonSciFiSpace/Prefabs/Vehicles/SM_Veh_WarpGate_Inner_01.prefab
  artifactKey: Guid(6e0deafa173995d4c8bc0468ad071d42) Importer(2089858483,192608db42251d675da83286b1cce702)
Start importing Assets/PolygonSciFiSpace/Prefabs/Vehicles/SM_Veh_WarpGate_Inner_01.prefab using Guid(6e0deafa173995d4c8bc0468ad071d42) Importer(2089858483,192608db42251d675da83286b1cce702) (ScriptedImporter) -> (artifact id: '7614ee683c79f33be33fca76870aea8e') in 0.0204725 seconds
Number of updated asset objects reloaded before import = 0Number of asset objects unloaded after import = 10

========================================================================
Received Import Request.
  Time since last request: 0.000022 seconds.
  path: Assets/PolygonSciFiSpace/Prefabs/Signs/SM_Sign_LockerRoom_01.prefab
  artifactKey: Guid(b8ea8ccd6eb9ff94baecc8cba771f956) Importer(2089858483,192608db42251d675da83286b1cce702)
Start importing Assets/PolygonSciFiSpace/Prefabs/Signs/SM_Sign_LockerRoom_01.prefab using Guid(b8ea8ccd6eb9ff94baecc8cba771f956) Importer(2089858483,192608db42251d675da83286b1cce702) (ScriptedImporter) -> (artifact id: '43aaf9e5147f2199517835d3de429621') in 0.0213001 seconds
Number of updated asset objects reloaded before import = 0Number of asset objects unloaded after import = 9

========================================================================
Received Import Request.
  Time since last request: 0.000023 seconds.
  path: Assets/PolygonSciFiSpace/Prefabs/Vehicles/SM_Veh_POV_Cockpit_Frame_01.prefab
  artifactKey: Guid(c0f96ce8fa92cfc46be4070d3fab01ec) Importer(2089858483,192608db42251d675da83286b1cce702)
Start importing Assets/PolygonSciFiSpace/Prefabs/Vehicles/SM_Veh_POV_Cockpit_Frame_01.prefab using Guid(c0f96ce8fa92cfc46be4070d3fab01ec) Importer(2089858483,192608db42251d675da83286b1cce702) (ScriptedImporter) -> (artifact id: '41224aad4613f0d8213be5c5282ef86c') in 0.0239417 seconds
Number of updated asset objects reloaded before import = 0Number of asset objects unloaded after import = 15

========================================================================
Received Import Request.
  Time since last request: 0.000032 seconds.
  path: Assets/PolygonSciFiSpace/Prefabs/Vehicles/SM_Veh_Part_Engine_03.prefab
  artifactKey: Guid(6d8608bf30492ea4e9ee2a6990786ef6) Importer(2089858483,192608db42251d675da83286b1cce702)
Start importing Assets/PolygonSciFiSpace/Prefabs/Vehicles/SM_Veh_Part_Engine_03.prefab using Guid(6d8608bf30492ea4e9ee2a6990786ef6) Importer(2089858483,192608db42251d675da83286b1cce702) (ScriptedImporter) -> (artifact id: 'b15429546b24c280eeb8f8676a2e21a1') in 0.0387036 seconds
Number of updated asset objects reloaded before import = 0Number of asset objects unloaded after import = 10

========================================================================
Received Import Request.
  Time since last request: 0.000056 seconds.
  path: Assets/PolygonSciFiSpace/Prefabs/Vehicles/SM_Ship_Galactic_Carrier_01.prefab
  artifactKey: Guid(06ad8f73e3a4e0941bb41ce2feb2272c) Importer(2089858483,192608db42251d675da83286b1cce702)
Start importing Assets/PolygonSciFiSpace/Prefabs/Vehicles/SM_Ship_Galactic_Carrier_01.prefab using Guid(06ad8f73e3a4e0941bb41ce2feb2272c) Importer(2089858483,192608db42251d675da83286b1cce702) (ScriptedImporter) -> (artifact id: '5b6041a84c5b99522660ea3987359bc2') in 0.0309335 seconds
Number of updated asset objects reloaded before import = 0Number of asset objects unloaded after import = 110

========================================================================
Received Import Request.
  Time since last request: 0.000028 seconds.
  path: Assets/PolygonSciFiSpace/Prefabs/Weapons/SM_Wep_Rifle_01.prefab
  artifactKey: Guid(070737ca19fedf044b465dbbcd97d924) Importer(2089858483,192608db42251d675da83286b1cce702)
Start importing Assets/PolygonSciFiSpace/Prefabs/Weapons/SM_Wep_Rifle_01.prefab using Guid(070737ca19fedf044b465dbbcd97d924) Importer(2089858483,192608db42251d675da83286b1cce702) (ScriptedImporter) -> (artifact id: '7689a957902262b1db8487646998b820') in 0.0253701 seconds
Number of updated asset objects reloaded before import = 0Number of asset objects unloaded after import = 20

========================================================================
Received Import Request.
  Time since last request: 0.000027 seconds.
  path: Assets/PolygonSciFiSpace/Prefabs/Vehicles/SM_Veh_Part_Engine_08.prefab
  artifactKey: Guid(20e2c29a6b719c24fb418eefb8727f5a) Importer(2089858483,192608db42251d675da83286b1cce702)
Start importing Assets/PolygonSciFiSpace/Prefabs/Vehicles/SM_Veh_Part_Engine_08.prefab using Guid(20e2c29a6b719c24fb418eefb8727f5a) Importer(2089858483,192608db42251d675da83286b1cce702) (ScriptedImporter) -> (artifact id: 'af0373fcee951bd19876db8651314ff8') in 0.0272747 seconds
Number of updated asset objects reloaded before import = 0Number of asset objects unloaded after import = 10

========================================================================
Received Import Request.
  Time since last request: 0.000026 seconds.
  path: Assets/PolygonSciFiSpace/Prefabs/Vehicles/SM_Veh_Part_Wing_010.prefab
  artifactKey: Guid(f26bb8b00c9ba764fa4b21e6b37e0df5) Importer(2089858483,192608db42251d675da83286b1cce702)
Start importing Assets/PolygonSciFiSpace/Prefabs/Vehicles/SM_Veh_Part_Wing_010.prefab using Guid(f26bb8b00c9ba764fa4b21e6b37e0df5) Importer(2089858483,192608db42251d675da83286b1cce702) (ScriptedImporter) -> (artifact id: 'f590a4c72c347dd0fbb508311cf69c5b') in 0.023789 seconds
Number of updated asset objects reloaded before import = 0Number of asset objects unloaded after import = 10

========================================================================
Received Import Request.
  Time since last request: 0.000043 seconds.
  path: Assets/PolygonSciFiSpace/Prefabs/Vehicles/SM_Veh_Part_Wing_07.prefab
  artifactKey: Guid(194776c5d818f8c499ea2acf44829465) Importer(2089858483,192608db42251d675da83286b1cce702)
Start importing Assets/PolygonSciFiSpace/Prefabs/Vehicles/SM_Veh_Part_Wing_07.prefab using Guid(194776c5d818f8c499ea2acf44829465) Importer(2089858483,192608db42251d675da83286b1cce702) (ScriptedImporter) -> (artifact id: 'f6a2a9d8dbf6d0dfcac6bbb81cb957d1') in 0.030588 seconds
Number of updated asset objects reloaded before import = 0Number of asset objects unloaded after import = 10

========================================================================
Received Import Request.
  Time since last request: 0.000027 seconds.
  path: Assets/PolygonSciFiSpace/Prefabs/Vehicles/SM_Ship_Colossal_01.prefab
  artifactKey: Guid(28afa4f8ca37a7540bcc6b01886c8f74) Importer(2089858483,192608db42251d675da83286b1cce702)
Start importing Assets/PolygonSciFiSpace/Prefabs/Vehicles/SM_Ship_Colossal_01.prefab using Guid(28afa4f8ca37a7540bcc6b01886c8f74) Importer(2089858483,192608db42251d675da83286b1cce702) (ScriptedImporter) -> (artifact id: '85081b965032d9e4d311e399d0382194') in 0.0370386 seconds
Number of updated asset objects reloaded before import = 0Number of asset objects unloaded after import = 10

========================================================================
Received Import Request.
  Time since last request: 0.000028 seconds.
  path: Assets/PolygonSciFiSpace/Prefabs/Vehicles/SM_Veh_Part_LandingGear_Wheel_02.prefab
  artifactKey: Guid(a6273177782a7dc42a7ed64a709713c8) Importer(2089858483,192608db42251d675da83286b1cce702)
Start importing Assets/PolygonSciFiSpace/Prefabs/Vehicles/SM_Veh_Part_LandingGear_Wheel_02.prefab using Guid(a6273177782a7dc42a7ed64a709713c8) Importer(2089858483,192608db42251d675da83286b1cce702) (ScriptedImporter) -> (artifact id: 'b2757b860262ded717dd4d44f8ddf489') in 0.0231248 seconds
Number of updated asset objects reloaded before import = 0Number of asset objects unloaded after import = 15

========================================================================
Received Import Request.
  Time since last request: 0.000045 seconds.
  path: Assets/PolygonSciFiSpace/Textures/Alts/PolygonSciFiSpace_Emissive_05.png
  artifactKey: Guid(c4c6b6f449194174eab75ab2cbed7879) Importer(2089858483,192608db42251d675da83286b1cce702)
Start importing Assets/PolygonSciFiSpace/Textures/Alts/PolygonSciFiSpace_Emissive_05.png using Guid(c4c6b6f449194174eab75ab2cbed7879) Importer(2089858483,192608db42251d675da83286b1cce702) (ScriptedImporter) -> (artifact id: '729339cce9e9f88bebead8a34e07c947') in 0.0275261 seconds
Number of updated asset objects reloaded before import = 0Number of asset objects unloaded after import = 1

========================================================================
Received Import Request.
  Time since last request: 0.000045 seconds.
  path: Assets/PolygonSciFiSpace/Textures/Alts/PolygonSciFiSpace_Texture_02_B.png
  artifactKey: Guid(fab6ad3e210899f4aa533ac78642c1b0) Importer(2089858483,192608db42251d675da83286b1cce702)
Start importing Assets/PolygonSciFiSpace/Textures/Alts/PolygonSciFiSpace_Texture_02_B.png using Guid(fab6ad3e210899f4aa533ac78642c1b0) Importer(2089858483,192608db42251d675da83286b1cce702) (ScriptedImporter) -> (artifact id: 'cdf5aacf1b607a8aa435e8a35e2f108b') in 0.0269644 seconds
Number of updated asset objects reloaded before import = 0Number of asset objects unloaded after import = 1

========================================================================
Received Import Request.
  Time since last request: 0.000029 seconds.
  path: Assets/PolygonSciFiSpace/Prefabs/Weapons/SM_Wep_Sword_Double_01.prefab
  artifactKey: Guid(60adc85244987874e8b2ffe29ea185ae) Importer(2089858483,192608db42251d675da83286b1cce702)
Start importing Assets/PolygonSciFiSpace/Prefabs/Weapons/SM_Wep_Sword_Double_01.prefab using Guid(60adc85244987874e8b2ffe29ea185ae) Importer(2089858483,192608db42251d675da83286b1cce702) (ScriptedImporter) -> (artifact id: '445778693a9ab913efd39a1646c6153b') in 0.0334825 seconds
Number of updated asset objects reloaded before import = 0Number of asset objects unloaded after import = 15

========================================================================
Received Import Request.
  Time since last request: 0.000025 seconds.
  path: Assets/PolygonSciFiSpace/Textures/Alts/PolygonSciFiSpace_Emissive_Mask.png
  artifactKey: Guid(d3123674b0ac562419ec737bfe387f52) Importer(2089858483,192608db42251d675da83286b1cce702)
Start importing Assets/PolygonSciFiSpace/Textures/Alts/PolygonSciFiSpace_Emissive_Mask.png using Guid(d3123674b0ac562419ec737bfe387f52) Importer(2089858483,192608db42251d675da83286b1cce702) (ScriptedImporter) -> (artifact id: '239cec1954cc2ab96661faa9008cef4b') in 0.0260258 seconds
Number of updated asset objects reloaded before import = 0Number of asset objects unloaded after import = 1

========================================================================
Received Import Request.
  Time since last request: 0.000047 seconds.
  path: Assets/PolygonSciFiSpace/Prefabs/Vehicles/SM_Veh_Part_Wing_015.prefab
  artifactKey: Guid(d617ddabc3f7b504f9e08799fbb3c062) Importer(2089858483,192608db42251d675da83286b1cce702)
Start importing Assets/PolygonSciFiSpace/Prefabs/Vehicles/SM_Veh_Part_Wing_015.prefab using Guid(d617ddabc3f7b504f9e08799fbb3c062) Importer(2089858483,192608db42251d675da83286b1cce702) (ScriptedImporter) -> (artifact id: '15b863501ed48a784bf016412eca7f0e') in 0.0281299 seconds
Number of updated asset objects reloaded before import = 0Number of asset objects unloaded after import = 10

========================================================================
Received Import Request.
  Time since last request: 0.000044 seconds.
  path: Assets/PolygonSciFiSpace/Scenes/Demo_Interior/LightingData.asset
  artifactKey: Guid(4008f8425f59c7742a9aa8d4d86ef3ad) Importer(2089858483,192608db42251d675da83286b1cce702)
Start importing Assets/PolygonSciFiSpace/Scenes/Demo_Interior/LightingData.asset using Guid(4008f8425f59c7742a9aa8d4d86ef3ad) Importer(2089858483,192608db42251d675da83286b1cce702) (ScriptedImporter) -> (artifact id: 'a4eea4a6e2c53e266049145300046e68') in 0.0076048 seconds
Number of updated asset objects reloaded before import = 0Number of asset objects unloaded after import = 2

========================================================================
Received Import Request.
  Time since last request: 0.000031 seconds.
  path: Assets/PolygonSciFiSpace/Prefabs/Weapons/SM_Wep_Sword_01.prefab
  artifactKey: Guid(27fb268301cd57f489c87aa68edee57b) Importer(2089858483,192608db42251d675da83286b1cce702)
Start importing Assets/PolygonSciFiSpace/Prefabs/Weapons/SM_Wep_Sword_01.prefab using Guid(27fb268301cd57f489c87aa68edee57b) Importer(2089858483,192608db42251d675da83286b1cce702) (ScriptedImporter) -> (artifact id: '8798726d691847f60192293d5b76afa6') in 0.0249067 seconds
Number of updated asset objects reloaded before import = 0Number of asset objects unloaded after import = 15

========================================================================
Received Import Request.
  Time since last request: 0.000029 seconds.
  path: Assets/PolygonSciFiSpace/Textures/Alts/PolygonSciFiSpace_Texture_04_D.png
  artifactKey: Guid(8e3da9e2390e2ac46a627ac67985f5b9) Importer(2089858483,192608db42251d675da83286b1cce702)
Start importing Assets/PolygonSciFiSpace/Textures/Alts/PolygonSciFiSpace_Texture_04_D.png using Guid(8e3da9e2390e2ac46a627ac67985f5b9) Importer(2089858483,192608db42251d675da83286b1cce702) (ScriptedImporter) -> (artifact id: 'd9412b5cbf8d3e8ea04e2fadd3b72015') in 0.0262371 seconds
Number of updated asset objects reloaded before import = 0Number of asset objects unloaded after import = 1

========================================================================
Received Import Request.
  Time since last request: 0.000029 seconds.
  path: Assets/FishNet/CodeGenerating/cecil-0.11.4/Mono.Cecil/GenericInstanceMethod.cs
  artifactKey: Guid(fd61b82dc3c653d42a1fc0f4e4c003f8) Importer(2089858483,192608db42251d675da83286b1cce702)
Start importing Assets/FishNet/CodeGenerating/cecil-0.11.4/Mono.Cecil/GenericInstanceMethod.cs using Guid(fd61b82dc3c653d42a1fc0f4e4c003f8) Importer(2089858483,192608db42251d675da83286b1cce702) (ScriptedImporter) -> (artifact id: 'e5fce7fc221b8d99553054b77ffa50cd') in 0.0097217 seconds
Number of updated asset objects reloaded before import = 0Number of asset objects unloaded after import = 0

========================================================================
Received Import Request.
  Time since last request: 0.000056 seconds.
  path: Assets/FishNet/CodeGenerating/cecil-0.11.4/Mono.Cecil/MethodAttributes.cs
  artifactKey: Guid(84996fdfc826be145836c454e3781c51) Importer(2089858483,192608db42251d675da83286b1cce702)
Start importing Assets/FishNet/CodeGenerating/cecil-0.11.4/Mono.Cecil/MethodAttributes.cs using Guid(84996fdfc826be145836c454e3781c51) Importer(2089858483,192608db42251d675da83286b1cce702) (ScriptedImporter) -> (artifact id: 'faafa795e26493d4a1ec394bf9ed58d1') in 0.0069982 seconds
Number of updated asset objects reloaded before import = 0Number of asset objects unloaded after import = 0

========================================================================
Received Import Request.
  Time since last request: 0.000025 seconds.
  path: Assets/FishNet/CodeGenerating/cecil-0.11.4/Mono.Cecil/MethodSemanticsAttributes.cs
  artifactKey: Guid(d6ed7cb61b1647749854923d7f4f2c4e) Importer(2089858483,192608db42251d675da83286b1cce702)
Start importing Assets/FishNet/CodeGenerating/cecil-0.11.4/Mono.Cecil/MethodSemanticsAttributes.cs using Guid(d6ed7cb61b1647749854923d7f4f2c4e) Importer(2089858483,192608db42251d675da83286b1cce702) (ScriptedImporter) -> (artifact id: '9f434446d898aa19d9c7722720541ae1') in 0.0065764 seconds
Number of updated asset objects reloaded before import = 0Number of asset objects unloaded after import = 0

========================================================================
Received Import Request.
  Time since last request: 0.000024 seconds.
  path: Assets/FishNet/CodeGenerating/cecil-0.11.4/Mono/Disposable.cs
  artifactKey: Guid(1aa8d86dc5c9323419e8b535d582fccf) Importer(2089858483,192608db42251d675da83286b1cce702)
Start importing Assets/FishNet/CodeGenerating/cecil-0.11.4/Mono/Disposable.cs using Guid(1aa8d86dc5c9323419e8b535d582fccf) Importer(2089858483,192608db42251d675da83286b1cce702) (ScriptedImporter) -> (artifact id: '9f5956bc0d8ef3e93883c93dd83352ac') in 0.0096427 seconds
Number of updated asset objects reloaded before import = 0Number of asset objects unloaded after import = 0

========================================================================
Received Import Request.
  Time since last request: 0.000024 seconds.
  path: Assets/FishNet/CodeGenerating/cecil-0.11.4/Mono.Cecil/MethodReturnType.cs
  artifactKey: Guid(51d33467d0e0c6f46a788d5da23d7b23) Importer(2089858483,192608db42251d675da83286b1cce702)
Start importing Assets/FishNet/CodeGenerating/cecil-0.11.4/Mono.Cecil/MethodReturnType.cs using Guid(51d33467d0e0c6f46a788d5da23d7b23) Importer(2089858483,192608db42251d675da83286b1cce702) (ScriptedImporter) -> (artifact id: 'f35dbd2eef9bac8b5182bc53fbc34a7a') in 0.0077751 seconds
Number of updated asset objects reloaded before import = 0Number of asset objects unloaded after import = 0

========================================================================
Received Import Request.
  Time since last request: 0.000033 seconds.
  path: Assets/PolygonSciFiSpace/Textures/FX/Gradient_Boost.png
  artifactKey: Guid(558d773a48b1faa4598f4b994d827fad) Importer(2089858483,192608db42251d675da83286b1cce702)
Start importing Assets/PolygonSciFiSpace/Textures/FX/Gradient_Boost.png using Guid(558d773a48b1faa4598f4b994d827fad) Importer(2089858483,192608db42251d675da83286b1cce702) (ScriptedImporter) -> (artifact id: '4e067fd4eb5c902575115a16b1022b63') in 0.0270186 seconds
Number of updated asset objects reloaded before import = 0Number of asset objects unloaded after import = 1

========================================================================
Received Import Request.
  Time since last request: 0.000041 seconds.
  path: Assets/PolygonSciFiSpace/Textures/FX/PolygonSciFiSpace_Skybox_03_Front.png
  artifactKey: Guid(5b5f235f621d5b546ad0c9aea614f6fd) Importer(2089858483,192608db42251d675da83286b1cce702)
Start importing Assets/PolygonSciFiSpace/Textures/FX/PolygonSciFiSpace_Skybox_03_Front.png using Guid(5b5f235f621d5b546ad0c9aea614f6fd) Importer(2089858483,192608db42251d675da83286b1cce702) (ScriptedImporter) -> (artifact id: 'b0d750a118519904e1ded47f5f1c6ca4') in 0.0325598 seconds
Number of updated asset objects reloaded before import = 0Number of asset objects unloaded after import = 1

========================================================================
Received Import Request.
  Time since last request: 0.000055 seconds.
  path: Assets/PolygonSciFiSpace/Textures/FX/TrailLines.png
  artifactKey: Guid(953e2d1db36d7cd42845f3d42c8b9c47) Importer(2089858483,192608db42251d675da83286b1cce702)
Start importing Assets/PolygonSciFiSpace/Textures/FX/TrailLines.png using Guid(953e2d1db36d7cd42845f3d42c8b9c47) Importer(2089858483,192608db42251d675da83286b1cce702) (ScriptedImporter) -> (artifact id: '1a330af87cdaa8c3936e7550011f1eb6') in 0.0317124 seconds
Number of updated asset objects reloaded before import = 0Number of asset objects unloaded after import = 1

========================================================================
Received Import Request.
  Time since last request: 0.000027 seconds.
  path: Assets/FishNet/CodeGenerating/cecil-0.11.4/Mono.Cecil/AssemblyWriter.cs
  artifactKey: Guid(9a88ce645df13da4aa9eca43f013f6ae) Importer(2089858483,192608db42251d675da83286b1cce702)
Start importing Assets/FishNet/CodeGenerating/cecil-0.11.4/Mono.Cecil/AssemblyWriter.cs using Guid(9a88ce645df13da4aa9eca43f013f6ae) Importer(2089858483,192608db42251d675da83286b1cce702) (ScriptedImporter) -> (artifact id: '8ef545bde5f2ea18574564248c0f5697') in 0.0080728 seconds
Number of updated asset objects reloaded before import = 0Number of asset objects unloaded after import = 0

========================================================================
Received Import Request.
  Time since last request: 0.000038 seconds.
  path: Assets/PolygonSciFiSpace/Textures/FX/PolygonSciFiSpace_Skybox_03_Back.png
  artifactKey: Guid(c4314708fc9dfde47a61dd1e3cfe8eaf) Importer(2089858483,192608db42251d675da83286b1cce702)
Start importing Assets/PolygonSciFiSpace/Textures/FX/PolygonSciFiSpace_Skybox_03_Back.png using Guid(c4314708fc9dfde47a61dd1e3cfe8eaf) Importer(2089858483,192608db42251d675da83286b1cce702) (ScriptedImporter) -> (artifact id: '816baf1d82e3e9c90f3520f663e5bb68') in 0.0212888 seconds
Number of updated asset objects reloaded before import = 0Number of asset objects unloaded after import = 1

========================================================================
Received Import Request.
  Time since last request: 0.000041 seconds.
  path: Assets/FishNet/CodeGenerating/cecil-0.11.4/Mono.Cecil/PropertyReference.cs
  artifactKey: Guid(a30c5751a554ce649bf88a597e4075e9) Importer(2089858483,192608db42251d675da83286b1cce702)
Start importing Assets/FishNet/CodeGenerating/cecil-0.11.4/Mono.Cecil/PropertyReference.cs using Guid(a30c5751a554ce649bf88a597e4075e9) Importer(2089858483,192608db42251d675da83286b1cce702) (ScriptedImporter) -> (artifact id: 'd8be1c3098a8938a1e6ed92528d012ce') in 0.0103063 seconds
Number of updated asset objects reloaded before import = 0Number of asset objects unloaded after import = 0

========================================================================
Received Import Request.
  Time since last request: 0.000029 seconds.
  path: Assets/PolygonSciFiSpace/Textures/FX/PolygonSciFiSpace_Skybox_02_Up.png
  artifactKey: Guid(d52ad868dcb05c44bb88a2202283cc04) Importer(2089858483,192608db42251d675da83286b1cce702)
Start importing Assets/PolygonSciFiSpace/Textures/FX/PolygonSciFiSpace_Skybox_02_Up.png using Guid(d52ad868dcb05c44bb88a2202283cc04) Importer(2089858483,192608db42251d675da83286b1cce702) (ScriptedImporter) -> (artifact id: '10dc528e0f0d545d771d02627f585d87') in 0.025864 seconds
Number of updated asset objects reloaded before import = 0Number of asset objects unloaded after import = 1

========================================================================
Received Import Request.
  Time since last request: 0.000027 seconds.
  path: Assets/FishNet/CodeGenerating/cecil-0.11.4/Mono.Cecil/TypeComparisonMode.cs
  artifactKey: Guid(3777ff31cb318a8488a68226f53f7381) Importer(2089858483,192608db42251d675da83286b1cce702)
Start importing Assets/FishNet/CodeGenerating/cecil-0.11.4/Mono.Cecil/TypeComparisonMode.cs using Guid(3777ff31cb318a8488a68226f53f7381) Importer(2089858483,192608db42251d675da83286b1cce702) (ScriptedImporter) -> (artifact id: 'b55dbbdb941c40c532e9a1c943cb27b4') in 0.0088638 seconds
Number of updated asset objects reloaded before import = 0Number of asset objects unloaded after import = 0

========================================================================
Received Import Request.
  Time since last request: 0.000034 seconds.
  path: Assets/FishNet/CodeGenerating/cecil-0.11.4/Mono.Cecil/ModuleReference.cs
  artifactKey: Guid(2b28049ba3ae6394dbe9f227aaf9c88e) Importer(2089858483,192608db42251d675da83286b1cce702)
Start importing Assets/FishNet/CodeGenerating/cecil-0.11.4/Mono.Cecil/ModuleReference.cs using Guid(2b28049ba3ae6394dbe9f227aaf9c88e) Importer(2089858483,192608db42251d675da83286b1cce702) (ScriptedImporter) -> (artifact id: 'd7924a5dd1476ad3024b59a4822b298a') in 0.0082545 seconds
Number of updated asset objects reloaded before import = 0Number of asset objects unloaded after import = 0

========================================================================
Received Import Request.
  Time since last request: 0.000061 seconds.
  path: Assets/PolygonSciFiSpace/Textures/FX/Transparent_Line.png
  artifactKey: Guid(67eac3f431dd7c44ebd631a7c015b608) Importer(2089858483,192608db42251d675da83286b1cce702)
Start importing Assets/PolygonSciFiSpace/Textures/FX/Transparent_Line.png using Guid(67eac3f431dd7c44ebd631a7c015b608) Importer(2089858483,192608db42251d675da83286b1cce702) (ScriptedImporter) -> (artifact id: '195d54088fac2fb417a7575e1d6cd193') in 0.0252201 seconds
Number of updated asset objects reloaded before import = 0Number of asset objects unloaded after import = 1

========================================================================
Received Import Request.
  Time since last request: 0.000025 seconds.
  path: Assets/FishNet/CodeGenerating/cecil-0.11.4/Mono.Cecil/PropertyAttributes.cs
  artifactKey: Guid(163bf99004c8e294f8b4113c29cae987) Importer(2089858483,192608db42251d675da83286b1cce702)
Start importing Assets/FishNet/CodeGenerating/cecil-0.11.4/Mono.Cecil/PropertyAttributes.cs using Guid(163bf99004c8e294f8b4113c29cae987) Importer(2089858483,192608db42251d675da83286b1cce702) (ScriptedImporter) -> (artifact id: '9c0d058b2655391e96a1475ce8190919') in 0.0074555 seconds
Number of updated asset objects reloaded before import = 0Number of asset objects unloaded after import = 0

========================================================================
Received Import Request.
  Time since last request: 0.000022 seconds.
  path: Assets/PolygonSciFiSpace/Textures/FX/SphereGlow.png
  artifactKey: Guid(516a2a21b5e345f408e5be91be36ebb7) Importer(2089858483,192608db42251d675da83286b1cce702)
Start importing Assets/PolygonSciFiSpace/Textures/FX/SphereGlow.png using Guid(516a2a21b5e345f408e5be91be36ebb7) Importer(2089858483,192608db42251d675da83286b1cce702) (ScriptedImporter) -> (artifact id: '39fd2dc9ced999cb08814c91c612e9bf') in 0.0266404 seconds
Number of updated asset objects reloaded before import = 0Number of asset objects unloaded after import = 1

========================================================================
Received Import Request.
  Time since last request: 0.000039 seconds.
  path: Assets/FishNet/CodeGenerating/cecil-0.11.4/Mono.Cecil/MetadataSystem.cs
  artifactKey: Guid(6ea39c5122499d14fbca126d3ed39890) Importer(2089858483,192608db42251d675da83286b1cce702)
Start importing Assets/FishNet/CodeGenerating/cecil-0.11.4/Mono.Cecil/MetadataSystem.cs using Guid(6ea39c5122499d14fbca126d3ed39890) Importer(2089858483,192608db42251d675da83286b1cce702) (ScriptedImporter) -> (artifact id: 'fc5bb0815ebc58d80aae543a8dffa93b') in 0.0083875 seconds
Number of updated asset objects reloaded before import = 0Number of asset objects unloaded after import = 0

========================================================================
Received Import Request.
  Time since last request: 0.000052 seconds.
  path: Assets/PolygonSciFiSpace/Textures/FX/PolygonSciFiSpace_Skybox_04_Front.png
  artifactKey: Guid(78a97482d0091f14faf85c09875717ec) Importer(2089858483,192608db42251d675da83286b1cce702)
Start importing Assets/PolygonSciFiSpace/Textures/FX/PolygonSciFiSpace_Skybox_04_Front.png using Guid(78a97482d0091f14faf85c09875717ec) Importer(2089858483,192608db42251d675da83286b1cce702) (ScriptedImporter) -> (artifact id: 'f939c94d334544327ec6a464f0b6ca6c') in 0.0411213 seconds
Number of updated asset objects reloaded before import = 0Number of asset objects unloaded after import = 1

========================================================================
Received Import Request.
  Time since last request: 0.000032 seconds.
  path: Assets/PolygonSciFiSpace/Textures/FX/PolygonSciFiSpace_Skybox_02_Right.png
  artifactKey: Guid(14fd74c69cd7bc744b771bc6baaaf597) Importer(2089858483,192608db42251d675da83286b1cce702)
Start importing Assets/PolygonSciFiSpace/Textures/FX/PolygonSciFiSpace_Skybox_02_Right.png using Guid(14fd74c69cd7bc744b771bc6baaaf597) Importer(2089858483,192608db42251d675da83286b1cce702) (ScriptedImporter) -> (artifact id: '72854e6e132b94aa22fc6493e74fc73e') in 0.0355196 seconds
Number of updated asset objects reloaded before import = 0Number of asset objects unloaded after import = 1

========================================================================
Received Import Request.
  Time since last request: 0.000040 seconds.
  path: Assets/FishNet/CodeGenerating/cecil-0.11.4/Mono.Cecil/GenericParameterResolver.cs
  artifactKey: Guid(4151464170fe40440a031e1f4f2ecf53) Importer(2089858483,192608db42251d675da83286b1cce702)
Start importing Assets/FishNet/CodeGenerating/cecil-0.11.4/Mono.Cecil/GenericParameterResolver.cs using Guid(4151464170fe40440a031e1f4f2ecf53) Importer(2089858483,192608db42251d675da83286b1cce702) (ScriptedImporter) -> (artifact id: '0c850034d6b0b65f719f0632e0da4275') in 0.0388439 seconds
Number of updated asset objects reloaded before import = 0Number of asset objects unloaded after import = 0

========================================================================
Received Import Request.
  Time since last request: 0.000056 seconds.
  path: Assets/PolygonSciFiSpace/Textures/FX/PolygonSciFiSpace_Skybox_04_Right.png
  artifactKey: Guid(08885e6f733cc8a43b0385adf3ca065d) Importer(2089858483,192608db42251d675da83286b1cce702)
Start importing Assets/PolygonSciFiSpace/Textures/FX/PolygonSciFiSpace_Skybox_04_Right.png using Guid(08885e6f733cc8a43b0385adf3ca065d) Importer(2089858483,192608db42251d675da83286b1cce702) (ScriptedImporter) -> (artifact id: 'e84709eb64a7318da855b4ffeb350f9c') in 0.0290564 seconds
Number of updated asset objects reloaded before import = 0Number of asset objects unloaded after import = 1

========================================================================
Received Import Request.
  Time since last request: 0.000033 seconds.
  path: Assets/FishNet/CodeGenerating/cecil-0.11.4/Mono.Cecil/ExportedType.cs
  artifactKey: Guid(b7fa6f0bdd43c0d44a63cd789a765eeb) Importer(2089858483,192608db42251d675da83286b1cce702)
Start importing Assets/FishNet/CodeGenerating/cecil-0.11.4/Mono.Cecil/ExportedType.cs using Guid(b7fa6f0bdd43c0d44a63cd789a765eeb) Importer(2089858483,192608db42251d675da83286b1cce702) (ScriptedImporter) -> (artifact id: '029b172d170324d70e4057ac0c15385d') in 0.0101076 seconds
Number of updated asset objects reloaded before import = 0Number of asset objects unloaded after import = 0

========================================================================
Received Import Request.
  Time since last request: 0.000033 seconds.
  path: Assets/FishNet/CodeGenerating/cecil-0.11.4/Mono.Cecil/Resource.cs
  artifactKey: Guid(b8b738634202e694ebec627727698b83) Importer(2089858483,192608db42251d675da83286b1cce702)
Start importing Assets/FishNet/CodeGenerating/cecil-0.11.4/Mono.Cecil/Resource.cs using Guid(b8b738634202e694ebec627727698b83) Importer(2089858483,192608db42251d675da83286b1cce702) (ScriptedImporter) -> (artifact id: '4c8bca09e3dd6cf323094e4282d6bbe8') in 0.0123399 seconds
Number of updated asset objects reloaded before import = 0Number of asset objects unloaded after import = 0

========================================================================
Received Import Request.
  Time since last request: 0.000037 seconds.
  path: Assets/PolygonSciFiSpace/Textures/FX/PolygonSciFiSpace_Skybox_03_Up.png
  artifactKey: Guid(14192b23ccac7384d9a058da6ed632fa) Importer(2089858483,192608db42251d675da83286b1cce702)
Start importing Assets/PolygonSciFiSpace/Textures/FX/PolygonSciFiSpace_Skybox_03_Up.png using Guid(14192b23ccac7384d9a058da6ed632fa) Importer(2089858483,192608db42251d675da83286b1cce702) (ScriptedImporter) -> (artifact id: 'a6ece7e66b709fddd5156de303fd0281') in 0.0343041 seconds
Number of updated asset objects reloaded before import = 0Number of asset objects unloaded after import = 1

========================================================================
Received Import Request.
  Time since last request: 0.000062 seconds.
  path: Assets/PolygonSciFiSpace/Textures/Alts/PolygonSciFiSpace_Texture_04_C.png
  artifactKey: Guid(7608f2c9f8f53e74c84cbe9268e3ae06) Importer(2089858483,192608db42251d675da83286b1cce702)
Start importing Assets/PolygonSciFiSpace/Textures/Alts/PolygonSciFiSpace_Texture_04_C.png using Guid(7608f2c9f8f53e74c84cbe9268e3ae06) Importer(2089858483,192608db42251d675da83286b1cce702) (ScriptedImporter) -> (artifact id: '88a002e89fef7929a0d430ddd7b5764f') in 0.0334297 seconds
Number of updated asset objects reloaded before import = 0Number of asset objects unloaded after import = 1

========================================================================
Received Import Request.
  Time since last request: 0.000029 seconds.
  path: Assets/FishNet/CodeGenerating/cecil-0.11.4/Mono.Cecil/GenericParameter.cs
  artifactKey: Guid(a20d39eab5fe7884c8cdf55fde143904) Importer(2089858483,192608db42251d675da83286b1cce702)
Start importing Assets/FishNet/CodeGenerating/cecil-0.11.4/Mono.Cecil/GenericParameter.cs using Guid(a20d39eab5fe7884c8cdf55fde143904) Importer(2089858483,192608db42251d675da83286b1cce702) (ScriptedImporter) -> (artifact id: '0e96c171fd179bf518eae7cf68e3e377') in 0.0088757 seconds
Number of updated asset objects reloaded before import = 0Number of asset objects unloaded after import = 0

========================================================================
Received Import Request.
  Time since last request: 0.000044 seconds.
  path: Assets/PolygonSciFiSpace/Textures/FX/SpaceDust_Blur.png
  artifactKey: Guid(0e0fa9d5a604fa448be378195ab51078) Importer(2089858483,192608db42251d675da83286b1cce702)
Start importing Assets/PolygonSciFiSpace/Textures/FX/SpaceDust_Blur.png using Guid(0e0fa9d5a604fa448be378195ab51078) Importer(2089858483,192608db42251d675da83286b1cce702) (ScriptedImporter) -> (artifact id: '36b7099810786365d3be336ce35289a1') in 0.0305317 seconds
Number of updated asset objects reloaded before import = 0Number of asset objects unloaded after import = 1

========================================================================
Received Import Request.
  Time since last request: 0.000038 seconds.
  path: Assets/FishNet/CodeGenerating/cecil-0.11.4/Mono.Cecil/CallSite.cs
  artifactKey: Guid(087823dce9623d348927f193f95a1807) Importer(2089858483,192608db42251d675da83286b1cce702)
Start importing Assets/FishNet/CodeGenerating/cecil-0.11.4/Mono.Cecil/CallSite.cs using Guid(087823dce9623d348927f193f95a1807) Importer(2089858483,192608db42251d675da83286b1cce702) (ScriptedImporter) -> (artifact id: 'bbc949b55aa184eff4a03e39301cbf1a') in 0.0372304 seconds
Number of updated asset objects reloaded before import = 0Number of asset objects unloaded after import = 0

========================================================================
Received Import Request.
  Time since last request: 0.000055 seconds.
  path: Assets/FishNet/CodeGenerating/cecil-0.11.4/Mono.Cecil/Modifiers.cs
  artifactKey: Guid(1fc5ce450d74933428a568f51cb49c16) Importer(2089858483,192608db42251d675da83286b1cce702)
Start importing Assets/FishNet/CodeGenerating/cecil-0.11.4/Mono.Cecil/Modifiers.cs using Guid(1fc5ce450d74933428a568f51cb49c16) Importer(2089858483,192608db42251d675da83286b1cce702) (ScriptedImporter) -> (artifact id: '92d4eaead5103b3f56234f7f2fd65bae') in 0.0099844 seconds
Number of updated asset objects reloaded before import = 0Number of asset objects unloaded after import = 0

========================================================================
Received Import Request.
  Time since last request: 0.000031 seconds.
  path: Assets/PolygonSciFiSpace/Prefabs/Vehicles/SM_Veh_Part_Wing_04.prefab
  artifactKey: Guid(12ade5b1914a1b34696f581f586867e4) Importer(2089858483,192608db42251d675da83286b1cce702)
Start importing Assets/PolygonSciFiSpace/Prefabs/Vehicles/SM_Veh_Part_Wing_04.prefab using Guid(12ade5b1914a1b34696f581f586867e4) Importer(2089858483,192608db42251d675da83286b1cce702) (ScriptedImporter) -> (artifact id: '1486d420309c5b60d45f2c881e7f2bf5') in 0.0401146 seconds
Number of updated asset objects reloaded before import = 0Number of asset objects unloaded after import = 10

========================================================================
Received Import Request.
  Time since last request: 0.000033 seconds.
  path: Assets/FishNet/CodeGenerating/cecil-0.11.4/Mono.Cecil/SecurityDeclaration.cs
  artifactKey: Guid(7a39c3df615f71b409a5aa3d102fb35e) Importer(2089858483,192608db42251d675da83286b1cce702)
Start importing Assets/FishNet/CodeGenerating/cecil-0.11.4/Mono.Cecil/SecurityDeclaration.cs using Guid(7a39c3df615f71b409a5aa3d102fb35e) Importer(2089858483,192608db42251d675da83286b1cce702) (ScriptedImporter) -> (artifact id: '0ffe30c3a22ea6e2d6fa78ddf74c8089') in 0.0080858 seconds
Number of updated asset objects reloaded before import = 0Number of asset objects unloaded after import = 0

========================================================================
Received Import Request.
  Time since last request: 0.000040 seconds.
  path: Assets/PolygonSciFiSpace/Textures/FX/PolygonSciFiSpace_Skybox_03_Right.png
  artifactKey: Guid(d8ffafcabbae0584dbbd3e3270a94d1a) Importer(2089858483,192608db42251d675da83286b1cce702)
Start importing Assets/PolygonSciFiSpace/Textures/FX/PolygonSciFiSpace_Skybox_03_Right.png using Guid(d8ffafcabbae0584dbbd3e3270a94d1a) Importer(2089858483,192608db42251d675da83286b1cce702) (ScriptedImporter) -> (artifact id: '28b542177b0e61e73ee03c8a753d2b12') in 0.0260803 seconds
Number of updated asset objects reloaded before import = 0Number of asset objects unloaded after import = 1

========================================================================
Received Import Request.
  Time since last request: 0.000049 seconds.
  path: Assets/PolygonSciFiSpace/Shaders/POLYGON_SpaceShip_Rim.shader
  artifactKey: Guid(9d2e5af2a60ed6b47b96468f458e7d30) Importer(2089858483,192608db42251d675da83286b1cce702)
Start importing Assets/PolygonSciFiSpace/Shaders/POLYGON_SpaceShip_Rim.shader using Guid(9d2e5af2a60ed6b47b96468f458e7d30) Importer(2089858483,192608db42251d675da83286b1cce702) (ScriptedImporter) -> (artifact id: '574cb28ff08263027b77b682d4eaaa03') in 0.013269 seconds
Number of updated asset objects reloaded before import = 0Number of asset objects unloaded after import = 1

========================================================================
Received Import Request.
  Time since last request: 0.000034 seconds.
  path: Assets/FishNet/CodeGenerating/cecil-0.11.4/Mono.Cecil.PE/Image.cs
  artifactKey: Guid(be7f3ca6a9f5ad34db68702bd99778fd) Importer(2089858483,192608db42251d675da83286b1cce702)
Start importing Assets/FishNet/CodeGenerating/cecil-0.11.4/Mono.Cecil.PE/Image.cs using Guid(be7f3ca6a9f5ad34db68702bd99778fd) Importer(2089858483,192608db42251d675da83286b1cce702) (ScriptedImporter) -> (artifact id: '51a1b4575412280073ed1e38759d5b6f') in 0.0104066 seconds
Number of updated asset objects reloaded before import = 0Number of asset objects unloaded after import = 0

========================================================================
Received Import Request.
  Time since last request: 0.000028 seconds.
  path: Assets/FishNet/CodeGenerating/cecil-0.11.4/Mono.Cecil.PE/BinaryStreamWriter.cs
  artifactKey: Guid(26d384e0dd0e44549a9faf09adbd0a41) Importer(2089858483,192608db42251d675da83286b1cce702)
Start importing Assets/FishNet/CodeGenerating/cecil-0.11.4/Mono.Cecil.PE/BinaryStreamWriter.cs using Guid(26d384e0dd0e44549a9faf09adbd0a41) Importer(2089858483,192608db42251d675da83286b1cce702) (ScriptedImporter) -> (artifact id: '4b3946a5aae1e5dfa5dd4e26777b4afb') in 0.0114966 seconds
Number of updated asset objects reloaded before import = 0Number of asset objects unloaded after import = 0

========================================================================
Received Import Request.
  Time since last request: 0.000033 seconds.
  path: Assets/FishNet/CodeGenerating/cecil-0.11.4/Mono.Cecil.Cil/Document.cs
  artifactKey: Guid(86b3083301304a341b6059ea8c29be7a) Importer(2089858483,192608db42251d675da83286b1cce702)
Start importing Assets/FishNet/CodeGenerating/cecil-0.11.4/Mono.Cecil.Cil/Document.cs using Guid(86b3083301304a341b6059ea8c29be7a) Importer(2089858483,192608db42251d675da83286b1cce702) (ScriptedImporter) -> (artifact id: '56263ed667449eb7967e082c08fbdb1d') in 0.0114123 seconds
Number of updated asset objects reloaded before import = 0Number of asset objects unloaded after import = 0

========================================================================
Received Import Request.
  Time since last request: 0.000055 seconds.
  path: Assets/FishNet/Demos/HashGrid/Scripts/GridSpawner.cs
  artifactKey: Guid(5f70001444cb8ef49bef71f3b6e3a925) Importer(2089858483,192608db42251d675da83286b1cce702)
Start importing Assets/FishNet/Demos/HashGrid/Scripts/GridSpawner.cs using Guid(5f70001444cb8ef49bef71f3b6e3a925) Importer(2089858483,192608db42251d675da83286b1cce702) (ScriptedImporter) -> (artifact id: 'eea6b60d842a0cc0334e5efef4a5ab7a') in 0.0095533 seconds
Number of updated asset objects reloaded before import = 0Number of asset objects unloaded after import = 0

========================================================================
Received Import Request.
  Time since last request: 0.000033 seconds.
  path: Assets/FishNet/CodeGenerating/cecil-0.11.4/Mono.Cecil.Cil/Instruction.cs
  artifactKey: Guid(2d1536adbd2ca174abbd624473e722c3) Importer(2089858483,192608db42251d675da83286b1cce702)
Start importing Assets/FishNet/CodeGenerating/cecil-0.11.4/Mono.Cecil.Cil/Instruction.cs using Guid(2d1536adbd2ca174abbd624473e722c3) Importer(2089858483,192608db42251d675da83286b1cce702) (ScriptedImporter) -> (artifact id: 'b0b7476914f7df29341f9e67fe123589') in 0.0107803 seconds
Number of updated asset objects reloaded before import = 0Number of asset objects unloaded after import = 0

========================================================================
Received Import Request.
  Time since last request: 0.000043 seconds.
  path: Assets/FishNet/Runtime/Managing/Object/SpawnParentType.cs
  artifactKey: Guid(cbace351ced9ff94eb294dbb2e1d6a75) Importer(2089858483,192608db42251d675da83286b1cce702)
Start importing Assets/FishNet/Runtime/Managing/Object/SpawnParentType.cs using Guid(cbace351ced9ff94eb294dbb2e1d6a75) Importer(2089858483,192608db42251d675da83286b1cce702) (ScriptedImporter) -> (artifact id: '22f31d8433a09ac9fe1c841c8faf5c9f') in 0.0074724 seconds
Number of updated asset objects reloaded before import = 0Number of asset objects unloaded after import = 0

========================================================================
Received Import Request.
  Time since last request: 0.000026 seconds.
  path: Assets/FishNet/CodeGenerating/cecil-0.11.4/Mono.Cecil.PE/DataDirectory.cs
  artifactKey: Guid(7cd272a7ff953734bbacab398dfc9fe8) Importer(2089858483,192608db42251d675da83286b1cce702)
Start importing Assets/FishNet/CodeGenerating/cecil-0.11.4/Mono.Cecil.PE/DataDirectory.cs using Guid(7cd272a7ff953734bbacab398dfc9fe8) Importer(2089858483,192608db42251d675da83286b1cce702) (ScriptedImporter) -> (artifact id: '497caa89d6bb33c4fd14c42dba6b7066') in 0.0080935 seconds
Number of updated asset objects reloaded before import = 0Number of asset objects unloaded after import = 0

========================================================================
Received Import Request.
  Time since last request: 0.000036 seconds.
  path: Assets/FishNet/Demos/SceneManager (Old Examples)/Scripts/SceneLoaderExample.cs
  artifactKey: Guid(fa23b6e6f9b08d74885e3707aa0d9bc7) Importer(2089858483,192608db42251d675da83286b1cce702)
Start importing Assets/FishNet/Demos/SceneManager (Old Examples)/Scripts/SceneLoaderExample.cs using Guid(fa23b6e6f9b08d74885e3707aa0d9bc7) Importer(2089858483,192608db42251d675da83286b1cce702) (ScriptedImporter) -> (artifact id: 'b5ada9f26543e2c9b988f9e7336a84c6') in 0.0096215 seconds
Number of updated asset objects reloaded before import = 0Number of asset objects unloaded after import = 0

========================================================================
Received Import Request.
  Time since last request: 0.000037 seconds.
  path: Assets/FishNet/CodeGenerating/cecil-0.11.4/Mono.Cecil.Cil/VariableDefinition.cs
  artifactKey: Guid(1346fa5ba8ac9e8418cc20d2d7d0ad21) Importer(2089858483,192608db42251d675da83286b1cce702)
Start importing Assets/FishNet/CodeGenerating/cecil-0.11.4/Mono.Cecil.Cil/VariableDefinition.cs using Guid(1346fa5ba8ac9e8418cc20d2d7d0ad21) Importer(2089858483,192608db42251d675da83286b1cce702) (ScriptedImporter) -> (artifact id: '28e9c6f72a947f105d5ac3e2d986b308') in 0.0113416 seconds
Number of updated asset objects reloaded before import = 0Number of asset objects unloaded after import = 0

========================================================================
Received Import Request.
  Time since last request: 0.000032 seconds.
  path: Assets/FishNet/CodeGenerating/Processing/Rpc/Attributes.cs
  artifactKey: Guid(974ebf09757267941a86f92e5072258c) Importer(2089858483,192608db42251d675da83286b1cce702)
Start importing Assets/FishNet/CodeGenerating/Processing/Rpc/Attributes.cs using Guid(974ebf09757267941a86f92e5072258c) Importer(2089858483,192608db42251d675da83286b1cce702) (ScriptedImporter) -> (artifact id: '7de8454a0bcd899c22ce503160fde535') in 0.0104135 seconds
Number of updated asset objects reloaded before import = 0Number of asset objects unloaded after import = 0

========================================================================
Received Import Request.
  Time since last request: 0.000031 seconds.
  path: Assets/FishNet/CodeGenerating/Processing/Rpc/RpcProcessor.cs
  artifactKey: Guid(4d4adb5891ee44f4397cd07ac2df0ce0) Importer(2089858483,192608db42251d675da83286b1cce702)
Start importing Assets/FishNet/CodeGenerating/Processing/Rpc/RpcProcessor.cs using Guid(4d4adb5891ee44f4397cd07ac2df0ce0) Importer(2089858483,192608db42251d675da83286b1cce702) (ScriptedImporter) -> (artifact id: 'ae37e047a0452e2346da1677c2b4a3d1') in 0.0092413 seconds
Number of updated asset objects reloaded before import = 0Number of asset objects unloaded after import = 0

========================================================================
Received Import Request.
  Time since last request: 0.000029 seconds.
  path: Assets/FishNet/Runtime/Managing/Client/ClientManager.Broadcast.cs
  artifactKey: Guid(97ef4be4cfcc6a54d80a65a5c8d325d7) Importer(2089858483,192608db42251d675da83286b1cce702)
Start importing Assets/FishNet/Runtime/Managing/Client/ClientManager.Broadcast.cs using Guid(97ef4be4cfcc6a54d80a65a5c8d325d7) Importer(2089858483,192608db42251d675da83286b1cce702) (ScriptedImporter) -> (artifact id: 'ad80813d0157cdce879eae01bbc685ac') in 0.0079213 seconds
Number of updated asset objects reloaded before import = 0Number of asset objects unloaded after import = 0

========================================================================
Received Import Request.
  Time since last request: 0.000031 seconds.
  path: Assets/FishNet/Runtime/Managing/Logging/LevelLoggingConfiguration.cs
  artifactKey: Guid(925fc096350b81f4f82f4fe4ac0c4dda) Importer(2089858483,192608db42251d675da83286b1cce702)
Start importing Assets/FishNet/Runtime/Managing/Logging/LevelLoggingConfiguration.cs using Guid(925fc096350b81f4f82f4fe4ac0c4dda) Importer(2089858483,192608db42251d675da83286b1cce702) (ScriptedImporter) -> (artifact id: 'e8b2c07ad8d72b296dae7eaa65cb7e54') in 0.0088679 seconds
Number of updated asset objects reloaded before import = 0Number of asset objects unloaded after import = 0

========================================================================
Received Import Request.
  Time since last request: 0.000044 seconds.
  path: Assets/FishNet/Runtime/Managing/Debugging/PacketIdHistory.cs
  artifactKey: Guid(afc241e869d97a44f8339510586dce73) Importer(2089858483,192608db42251d675da83286b1cce702)
Start importing Assets/FishNet/Runtime/Managing/Debugging/PacketIdHistory.cs using Guid(afc241e869d97a44f8339510586dce73) Importer(2089858483,192608db42251d675da83286b1cce702) (ScriptedImporter) -> (artifact id: '6def5abe900ec770cc731f522ccd2c1a') in 0.0088744 seconds
Number of updated asset objects reloaded before import = 0Number of asset objects unloaded after import = 0

========================================================================
Received Import Request.
  Time since last request: 0.000024 seconds.
  path: Assets/FishNet/Runtime/Editor/Configuring/ReviewReminderEditor.cs
  artifactKey: Guid(4260206b6a57e4243b56437f8f283084) Importer(2089858483,192608db42251d675da83286b1cce702)
Start importing Assets/FishNet/Runtime/Editor/Configuring/ReviewReminderEditor.cs using Guid(4260206b6a57e4243b56437f8f283084) Importer(2089858483,192608db42251d675da83286b1cce702) (ScriptedImporter) -> (artifact id: '9ea81e37a62a884efbab631d1c9d013f') in 0.0108395 seconds
Number of updated asset objects reloaded before import = 0Number of asset objects unloaded after import = 0

========================================================================
Received Import Request.
  Time since last request: 0.000023 seconds.
  path: Assets/FishNet/Demos/Prediction/CharacterController/CharacterController Prediction Demo.unity
  artifactKey: Guid(941f6f8cbac7e9d418ffc6f22ee9359f) Importer(2089858483,192608db42251d675da83286b1cce702)
Start importing Assets/FishNet/Demos/Prediction/CharacterController/CharacterController Prediction Demo.unity using Guid(941f6f8cbac7e9d418ffc6f22ee9359f) Importer(2089858483,192608db42251d675da83286b1cce702) (ScriptedImporter) -> (artifact id: 'b78f0c9eed41dea028977691e74f627f') in 0.019599 seconds
Number of updated asset objects reloaded before import = 0Number of asset objects unloaded after import = 1

========================================================================
Received Import Request.
  Time since last request: 0.000029 seconds.
  path: Assets/FishNet/CodeGenerating/Helpers/Extension/ModuleDefinitionExtensions.cs
  artifactKey: Guid(42648785493390646898f5fa13e1dfd6) Importer(2089858483,192608db42251d675da83286b1cce702)
Start importing Assets/FishNet/CodeGenerating/Helpers/Extension/ModuleDefinitionExtensions.cs using Guid(42648785493390646898f5fa13e1dfd6) Importer(2089858483,192608db42251d675da83286b1cce702) (ScriptedImporter) -> (artifact id: '8c76c6952b0a32186ab6dcb9370b7804') in 0.0081411 seconds
Number of updated asset objects reloaded before import = 0Number of asset objects unloaded after import = 0

========================================================================
Received Import Request.
  Time since last request: 0.000037 seconds.
  path: Assets/FishNet/Runtime/Editor/NewNetworkBehaviour/SettingsProvider.cs
  artifactKey: Guid(ec84d908960b66b448f94582e747689b) Importer(2089858483,192608db42251d675da83286b1cce702)
Start importing Assets/FishNet/Runtime/Editor/NewNetworkBehaviour/SettingsProvider.cs using Guid(ec84d908960b66b448f94582e747689b) Importer(2089858483,192608db42251d675da83286b1cce702) (ScriptedImporter) -> (artifact id: '213a39047670c241a6252d6d15d4cfa7') in 0.0093898 seconds
Number of updated asset objects reloaded before import = 0Number of asset objects unloaded after import = 0

========================================================================
Received Import Request.
  Time since last request: 0.000051 seconds.
  path: Assets/FishNet/CodeGenerating/cecil-0.11.4/Mono.Security.Cryptography/CryptoService.cs
  artifactKey: Guid(c49085888b0afc047af3a03b536acdc2) Importer(2089858483,192608db42251d675da83286b1cce702)
Start importing Assets/FishNet/CodeGenerating/cecil-0.11.4/Mono.Security.Cryptography/CryptoService.cs using Guid(c49085888b0afc047af3a03b536acdc2) Importer(2089858483,192608db42251d675da83286b1cce702) (ScriptedImporter) -> (artifact id: '1786e50867317e2c3347736eb942474f') in 0.0084777 seconds
Number of updated asset objects reloaded before import = 0Number of asset objects unloaded after import = 0

========================================================================
Received Import Request.
  Time since last request: 0.000023 seconds.
  path: Assets/FishNet/Demos/ColliderRollback/Materials/Target.mat
  artifactKey: Guid(4c62c607906e6e1499102239be9499be) Importer(2089858483,192608db42251d675da83286b1cce702)
Start importing Assets/FishNet/Demos/ColliderRollback/Materials/Target.mat using Guid(4c62c607906e6e1499102239be9499be) Importer(2089858483,192608db42251d675da83286b1cce702) (ScriptedImporter) -> (artifact id: 'f7253bed33680bdfff238c24c0a9b559') in 0.0099114 seconds
Number of updated asset objects reloaded before import = 0Number of asset objects unloaded after import = 1

========================================================================
Received Import Request.
  Time since last request: 0.000026 seconds.
  path: Assets/FishNet/CodeGenerating/Helpers/Extension/GetConstructor.cs
  artifactKey: Guid(1a7e03137ca78704e999f3a3dc68b953) Importer(2089858483,192608db42251d675da83286b1cce702)
Start importing Assets/FishNet/CodeGenerating/Helpers/Extension/GetConstructor.cs using Guid(1a7e03137ca78704e999f3a3dc68b953) Importer(2089858483,192608db42251d675da83286b1cce702) (ScriptedImporter) -> (artifact id: '980e9fb505c7dc52a41caecce7615839') in 0.0102521 seconds
Number of updated asset objects reloaded before import = 0Number of asset objects unloaded after import = 0

========================================================================
Received Import Request.
  Time since last request: 0.000032 seconds.
  path: Assets/FishNet/CodeGenerating/Helpers/Typed/SyncIndexData.cs
  artifactKey: Guid(55f2e751e4788464b8394f6b8bdb548a) Importer(2089858483,192608db42251d675da83286b1cce702)
Start importing Assets/FishNet/CodeGenerating/Helpers/Typed/SyncIndexData.cs using Guid(55f2e751e4788464b8394f6b8bdb548a) Importer(2089858483,192608db42251d675da83286b1cce702) (ScriptedImporter) -> (artifact id: '9333b75af9f5da874a58b3e29eba1262') in 0.0072258 seconds
Number of updated asset objects reloaded before import = 0Number of asset objects unloaded after import = 0

========================================================================
Received Import Request.
  Time since last request: 0.000033 seconds.
  path: Assets/FishNet/CodeGenerating/cecil-0.11.4/Mono.Cecil/TypeResolver.cs
  artifactKey: Guid(94140ae852ea8954489f238f1e59f865) Importer(2089858483,192608db42251d675da83286b1cce702)
Start importing Assets/FishNet/CodeGenerating/cecil-0.11.4/Mono.Cecil/TypeResolver.cs using Guid(94140ae852ea8954489f238f1e59f865) Importer(2089858483,192608db42251d675da83286b1cce702) (ScriptedImporter) -> (artifact id: '12bbc95b32a664b2c81944ce34248002') in 0.0076856 seconds
Number of updated asset objects reloaded before import = 0Number of asset objects unloaded after import = 0

========================================================================
Received Import Request.
  Time since last request: 0.000042 seconds.
  path: Assets/FishNet/Demos/HashGrid/Prefabs/HashGrid_Static.prefab
  artifactKey: Guid(0d6d0f48b03b17f49a6340103cd9b9d0) Importer(2089858483,192608db42251d675da83286b1cce702)
Start importing Assets/FishNet/Demos/HashGrid/Prefabs/HashGrid_Static.prefab using Guid(0d6d0f48b03b17f49a6340103cd9b9d0) Importer(2089858483,192608db42251d675da83286b1cce702) (ScriptedImporter) -> (artifact id: 'a18617bf573b88064d6a8b93179562c0') in 0.0558528 seconds
Number of updated asset objects reloaded before import = 0Number of asset objects unloaded after import = 9

========================================================================
Received Import Request.
  Time since last request: 0.000035 seconds.
  path: Assets/FishNet/CodeGenerating/cecil-0.11.4/Mono.Cecil.Cil/VariableReference.cs
  artifactKey: Guid(b5dca1eaac23bfd4ba8e881302a72e33) Importer(2089858483,192608db42251d675da83286b1cce702)
Start importing Assets/FishNet/CodeGenerating/cecil-0.11.4/Mono.Cecil.Cil/VariableReference.cs using Guid(b5dca1eaac23bfd4ba8e881302a72e33) Importer(2089858483,192608db42251d675da83286b1cce702) (ScriptedImporter) -> (artifact id: '36f589c5b501d4e97cb921c57581c56c') in 0.0078295 seconds
Number of updated asset objects reloaded before import = 0Number of asset objects unloaded after import = 0

========================================================================
Received Import Request.
  Time since last request: 0.000026 seconds.
  path: Assets/FishNet/Runtime/Editor/Configuring/ConfigurationData.cs
  artifactKey: Guid(4be37e1b0afd29944ad4fa0b92ed8c7e) Importer(2089858483,192608db42251d675da83286b1cce702)
Start importing Assets/FishNet/Runtime/Editor/Configuring/ConfigurationData.cs using Guid(4be37e1b0afd29944ad4fa0b92ed8c7e) Importer(2089858483,192608db42251d675da83286b1cce702) (ScriptedImporter) -> (artifact id: '535b0b8f56cfa949753a1036dd44a73d') in 0.0075362 seconds
Number of updated asset objects reloaded before import = 0Number of asset objects unloaded after import = 0

========================================================================
Received Import Request.
  Time since last request: 0.000027 seconds.
  path: Assets/FishNet/CodeGenerating/cecil-0.11.4/Mono.Cecil.PE/ImageWriter.cs
  artifactKey: Guid(88ebae078ed1c8346be0a945ce3b03b0) Importer(2089858483,192608db42251d675da83286b1cce702)
Start importing Assets/FishNet/CodeGenerating/cecil-0.11.4/Mono.Cecil.PE/ImageWriter.cs using Guid(88ebae078ed1c8346be0a945ce3b03b0) Importer(2089858483,192608db42251d675da83286b1cce702) (ScriptedImporter) -> (artifact id: 'a690b1d35f0ebe64fb3746df49fcf10d') in 0.0100979 seconds
Number of updated asset objects reloaded before import = 0Number of asset objects unloaded after import = 0

========================================================================
Received Import Request.
  Time since last request: 0.000039 seconds.
  path: Assets/FishNet/CodeGenerating/cecil-0.11.4/Mono.Cecil.Cil/Symbols.cs
  artifactKey: Guid(de9ae158807f471449a81d9b8b3e3c4e) Importer(2089858483,192608db42251d675da83286b1cce702)
Start importing Assets/FishNet/CodeGenerating/cecil-0.11.4/Mono.Cecil.Cil/Symbols.cs using Guid(de9ae158807f471449a81d9b8b3e3c4e) Importer(2089858483,192608db42251d675da83286b1cce702) (ScriptedImporter) -> (artifact id: 'ab8a80ca5f0007501b56afebbd2e48c7') in 0.0069939 seconds
Number of updated asset objects reloaded before import = 0Number of asset objects unloaded after import = 0

========================================================================
Received Import Request.
  Time since last request: 0.000024 seconds.
  path: Assets/FishNet/CodeGenerating/cecil-0.11.4/Mono.Cecil.Metadata/PdbHeap.cs
  artifactKey: Guid(c64dd6e20a2b11c44ad424d29380c14c) Importer(2089858483,192608db42251d675da83286b1cce702)
Start importing Assets/FishNet/CodeGenerating/cecil-0.11.4/Mono.Cecil.Metadata/PdbHeap.cs using Guid(c64dd6e20a2b11c44ad424d29380c14c) Importer(2089858483,192608db42251d675da83286b1cce702) (ScriptedImporter) -> (artifact id: '76b7c400d5a91eceda41594057ecfb34') in 0.0075394 seconds
Number of updated asset objects reloaded before import = 0Number of asset objects unloaded after import = 0

========================================================================
Received Import Request.
  Time since last request: 0.000025 seconds.
  path: Assets/FishNet/Runtime/Editor/Configuring/BetaModeMenu.cs
  artifactKey: Guid(ecf03df72c983164586a22e695d17905) Importer(2089858483,192608db42251d675da83286b1cce702)
Start importing Assets/FishNet/Runtime/Editor/Configuring/BetaModeMenu.cs using Guid(ecf03df72c983164586a22e695d17905) Importer(2089858483,192608db42251d675da83286b1cce702) (ScriptedImporter) -> (artifact id: '6ebeccf3030193c0ce8c99dd710935b6') in 0.0125327 seconds
Number of updated asset objects reloaded before import = 0Number of asset objects unloaded after import = 0

========================================================================
Received Import Request.
  Time since last request: 0.000034 seconds.
  path: Assets/FishNet/Demos/CustomSyncType/Component State Sync/ComponentSyncStateBehaviour.cs
  artifactKey: Guid(a7327b94eff9c7d4aa876aa54ca6b439) Importer(2089858483,192608db42251d675da83286b1cce702)
Start importing Assets/FishNet/Demos/CustomSyncType/Component State Sync/ComponentSyncStateBehaviour.cs using Guid(a7327b94eff9c7d4aa876aa54ca6b439) Importer(2089858483,192608db42251d675da83286b1cce702) (ScriptedImporter) -> (artifact id: '0cf326abb3c832cbe6f13e91785bfaf4') in 0.0088367 seconds
Number of updated asset objects reloaded before import = 0Number of asset objects unloaded after import = 0

========================================================================
Received Import Request.
  Time since last request: 0.000040 seconds.
  path: Assets/FishNet/Runtime/Editor/Configuring/SettingsProvider.cs
  artifactKey: Guid(b3d7d3c45d53dea4e8a0a7da73d64021) Importer(2089858483,192608db42251d675da83286b1cce702)
Start importing Assets/FishNet/Runtime/Editor/Configuring/SettingsProvider.cs using Guid(b3d7d3c45d53dea4e8a0a7da73d64021) Importer(2089858483,192608db42251d675da83286b1cce702) (ScriptedImporter) -> (artifact id: 'a65cb3ede6f9b945cec3fff4129cbe9c') in 0.0108537 seconds
Number of updated asset objects reloaded before import = 0Number of asset objects unloaded after import = 0

========================================================================
Received Import Request.
  Time since last request: 0.000041 seconds.
  path: Assets/FishNet/CodeGenerating/cecil-0.11.4/Mono.Cecil.Metadata/GuidHeap.cs
  artifactKey: Guid(4bb39ab6484eb114b91a85d4b53f0f28) Importer(2089858483,192608db42251d675da83286b1cce702)
Start importing Assets/FishNet/CodeGenerating/cecil-0.11.4/Mono.Cecil.Metadata/GuidHeap.cs using Guid(4bb39ab6484eb114b91a85d4b53f0f28) Importer(2089858483,192608db42251d675da83286b1cce702) (ScriptedImporter) -> (artifact id: '83509d8617366360d01bca62a70ffa9a') in 0.0097017 seconds
Number of updated asset objects reloaded before import = 0Number of asset objects unloaded after import = 0

========================================================================
Received Import Request.
  Time since last request: 0.000024 seconds.
  path: Assets/FishNet/CodeGenerating/Helpers/Extension/Diagnostics.cs
  artifactKey: Guid(fb7b65b572b01444cbe3c9d830cd3587) Importer(2089858483,192608db42251d675da83286b1cce702)
Start importing Assets/FishNet/CodeGenerating/Helpers/Extension/Diagnostics.cs using Guid(fb7b65b572b01444cbe3c9d830cd3587) Importer(2089858483,192608db42251d675da83286b1cce702) (ScriptedImporter) -> (artifact id: '9a2017259c48ac3da21cd9f17a0dd832') in 0.010793 seconds
Number of updated asset objects reloaded before import = 0Number of asset objects unloaded after import = 0

========================================================================
Received Import Request.
  Time since last request: 0.000028 seconds.
  path: Assets/FishNet/Demos/SceneManager (Old Examples)/Materials/Blue.mat
  artifactKey: Guid(d0a99caade0a68842b2274726d1bc7c3) Importer(2089858483,192608db42251d675da83286b1cce702)
Start importing Assets/FishNet/Demos/SceneManager (Old Examples)/Materials/Blue.mat using Guid(d0a99caade0a68842b2274726d1bc7c3) Importer(2089858483,192608db42251d675da83286b1cce702) (ScriptedImporter) -> (artifact id: '9b5038140075560031c6abcf89501a43') in 0.0108644 seconds
Number of updated asset objects reloaded before import = 0Number of asset objects unloaded after import = 1

========================================================================
Received Import Request.
  Time since last request: 0.000029 seconds.
  path: Assets/FishNet/Runtime/Editor/Configuring/ConfigurationEditor.cs
  artifactKey: Guid(8135b3a4c31cfb74896f1e9e77059c89) Importer(2089858483,192608db42251d675da83286b1cce702)
Start importing Assets/FishNet/Runtime/Editor/Configuring/ConfigurationEditor.cs using Guid(8135b3a4c31cfb74896f1e9e77059c89) Importer(2089858483,192608db42251d675da83286b1cce702) (ScriptedImporter) -> (artifact id: '1cd04670efa41c7dae72da0ac98ec8b3') in 0.0085531 seconds
Number of updated asset objects reloaded before import = 0Number of asset objects unloaded after import = 0

========================================================================
Received Import Request.
  Time since last request: 0.000061 seconds.
  path: Assets/FishNet/Demos/IntermediateLayer/Scenes/IntermediateLayer.unity
  artifactKey: Guid(fa009a2a1952c0647ae5cf75a5fd4c05) Importer(2089858483,192608db42251d675da83286b1cce702)
Start importing Assets/FishNet/Demos/IntermediateLayer/Scenes/IntermediateLayer.unity using Guid(fa009a2a1952c0647ae5cf75a5fd4c05) Importer(2089858483,192608db42251d675da83286b1cce702) (ScriptedImporter) -> (artifact id: 'f468da71fa29a37a32090a57bffa3f62') in 0.010486 seconds
Number of updated asset objects reloaded before import = 0Number of asset objects unloaded after import = 1

========================================================================
Received Import Request.
  Time since last request: 0.000038 seconds.
  path: Assets/PolygonSciFiSpace/Prefabs/Environment/SM_Env_Debris_Shell_04.prefab
  artifactKey: Guid(b7f06c4ac52aa9442b96c3dcdb664ef5) Importer(2089858483,192608db42251d675da83286b1cce702)
Start importing Assets/PolygonSciFiSpace/Prefabs/Environment/SM_Env_Debris_Shell_04.prefab using Guid(b7f06c4ac52aa9442b96c3dcdb664ef5) Importer(2089858483,192608db42251d675da83286b1cce702) (ScriptedImporter) -> (artifact id: '4d19c0f24d0ad6bed6a0cd0cc0bae1d8') in 0.0309979 seconds
Number of updated asset objects reloaded before import = 0Number of asset objects unloaded after import = 10

========================================================================
Received Import Request.
  Time since last request: 0.000029 seconds.
  path: Assets/PolygonSciFiSpace/Prefabs/FX/SM_FX_LightBlocker_Cube_01.prefab
  artifactKey: Guid(f1724c51ea97a514f92bbabc97f40639) Importer(2089858483,192608db42251d675da83286b1cce702)
Start importing Assets/PolygonSciFiSpace/Prefabs/FX/SM_FX_LightBlocker_Cube_01.prefab using Guid(f1724c51ea97a514f92bbabc97f40639) Importer(2089858483,192608db42251d675da83286b1cce702) (ScriptedImporter) -> (artifact id: 'bb118a4689ff6a906c4ce4f2d804d130') in 0.0255487 seconds
Number of updated asset objects reloaded before import = 0Number of asset objects unloaded after import = 8

========================================================================
Received Import Request.
  Time since last request: 0.000035 seconds.
  path: Assets/Online_FPS_TPS_KIT/Resources/UI/P6_SMG_UI.png
  artifactKey: Guid(16b657c2257c3f24482acc4aa4801087) Importer(2089858483,192608db42251d675da83286b1cce702)
Start importing Assets/Online_FPS_TPS_KIT/Resources/UI/P6_SMG_UI.png using Guid(16b657c2257c3f24482acc4aa4801087) Importer(2089858483,192608db42251d675da83286b1cce702) (ScriptedImporter) -> (artifact id: 'a0d95c404a4275d177b0d9c4caa6dd1a') in 0.0484635 seconds
Number of updated asset objects reloaded before import = 0Number of asset objects unloaded after import = 3

========================================================================
Received Import Request.
  Time since last request: 0.000062 seconds.
  path: Assets/Polygon Arsenal/Demo/Scripts/PolygonOrbit.cs
  artifactKey: Guid(225f1b6c1a43124458cb013772dc26aa) Importer(2089858483,192608db42251d675da83286b1cce702)
Start importing Assets/Polygon Arsenal/Demo/Scripts/PolygonOrbit.cs using Guid(225f1b6c1a43124458cb013772dc26aa) Importer(2089858483,192608db42251d675da83286b1cce702) (ScriptedImporter) -> (artifact id: '1512b7635d0e8347e99b675e3a79825d') in 0.0110296 seconds
Number of updated asset objects reloaded before import = 0Number of asset objects unloaded after import = 0

========================================================================
Received Import Request.
  Time since last request: 0.000030 seconds.
  path: Assets/PolygonSciFiSpace/Prefabs/FX/FX_Pebble_Debris.prefab
  artifactKey: Guid(f4428f3876530af48a50daf8fe3efdef) Importer(2089858483,192608db42251d675da83286b1cce702)
Start importing Assets/PolygonSciFiSpace/Prefabs/FX/FX_Pebble_Debris.prefab using Guid(f4428f3876530af48a50daf8fe3efdef) Importer(2089858483,192608db42251d675da83286b1cce702) (ScriptedImporter) -> (artifact id: 'ab202892576b008b1a1c0ab6599fc2b3') in 0.0856412 seconds
Number of updated asset objects reloaded before import = 0Number of asset objects unloaded after import = 8

========================================================================
Received Import Request.
  Time since last request: 0.000035 seconds.
  path: Assets/FishNet/Runtime/Object/NetworkBehaviour/NetworkBehaviour.SyncTypes.cs
  artifactKey: Guid(e56d5389eb07aa040b8a9ec8b0d7c597) Importer(2089858483,192608db42251d675da83286b1cce702)
Start importing Assets/FishNet/Runtime/Object/NetworkBehaviour/NetworkBehaviour.SyncTypes.cs using Guid(e56d5389eb07aa040b8a9ec8b0d7c597) Importer(2089858483,192608db42251d675da83286b1cce702) (ScriptedImporter) -> (artifact id: '13d1b9e30ea1b5e38977a3aca750f576') in 0.0083472 seconds
Number of updated asset objects reloaded before import = 0Number of asset objects unloaded after import = 0

========================================================================
Received Import Request.
  Time since last request: 0.000036 seconds.
  path: Assets/PolygonSciFiSpace/Prefabs/Props/SM_Prop_Buttons_09.prefab
  artifactKey: Guid(1f2f7650864c8e34d88b45cc6ebd6d6e) Importer(2089858483,192608db42251d675da83286b1cce702)
Start importing Assets/PolygonSciFiSpace/Prefabs/Props/SM_Prop_Buttons_09.prefab using Guid(1f2f7650864c8e34d88b45cc6ebd6d6e) Importer(2089858483,192608db42251d675da83286b1cce702) (ScriptedImporter) -> (artifact id: '0b71e4b4b116b2ef4701cf9f1692fc38') in 0.0263965 seconds
Number of updated asset objects reloaded before import = 0Number of asset objects unloaded after import = 10

========================================================================
Received Import Request.
  Time since last request: 0.000059 seconds.
  path: Assets/Online_FPS_TPS_KIT/Materials/WeaponSightMaterials/Textures/CrossHair.png
  artifactKey: Guid(139b10093acb8bb488a11536559bbb37) Importer(2089858483,192608db42251d675da83286b1cce702)
Start importing Assets/Online_FPS_TPS_KIT/Materials/WeaponSightMaterials/Textures/CrossHair.png using Guid(139b10093acb8bb488a11536559bbb37) Importer(2089858483,192608db42251d675da83286b1cce702) (ScriptedImporter) -> (artifact id: '3b83e36e597fd88071b51404de420a0a') in 0.0329165 seconds
Number of updated asset objects reloaded before import = 0Number of asset objects unloaded after import = 3

========================================================================
Received Import Request.
  Time since last request: 0.000021 seconds.
  path: Assets/Online_FPS_TPS_KIT/Models/Weapons/Materials/a2.mat
  artifactKey: Guid(2fc6a933e26753d46b2dcbf5ab1ba4fb) Importer(2089858483,192608db42251d675da83286b1cce702)
Start importing Assets/Online_FPS_TPS_KIT/Models/Weapons/Materials/a2.mat using Guid(2fc6a933e26753d46b2dcbf5ab1ba4fb) Importer(2089858483,192608db42251d675da83286b1cce702) (ScriptedImporter) -> (artifact id: '1bb11d019daf2013990bdb54fb60586b') in 0.0123074 seconds
Number of updated asset objects reloaded before import = 0Number of asset objects unloaded after import = 1

========================================================================
Received Import Request.
  Time since last request: 0.000025 seconds.
  path: Assets/FishNet/Runtime/Object/Synchronizing/ReadPermissions.cs
  artifactKey: Guid(8050ef114e01f74409d8e29b821b6fc0) Importer(2089858483,192608db42251d675da83286b1cce702)
Start importing Assets/FishNet/Runtime/Object/Synchronizing/ReadPermissions.cs using Guid(8050ef114e01f74409d8e29b821b6fc0) Importer(2089858483,192608db42251d675da83286b1cce702) (ScriptedImporter) -> (artifact id: '159f5f5991b0920ed88078b773bdc66c') in 0.0079367 seconds
Number of updated asset objects reloaded before import = 0Number of asset objects unloaded after import = 0

========================================================================
Received Import Request.
  Time since last request: 0.000027 seconds.
  path: Assets/Online_FPS_TPS_KIT/Scripts/v3.2/RIG/IRigExtension.cs
  artifactKey: Guid(cdb1f30eab8ff404bb9de5e0c2ffe019) Importer(2089858483,192608db42251d675da83286b1cce702)
Start importing Assets/Online_FPS_TPS_KIT/Scripts/v3.2/RIG/IRigExtension.cs using Guid(cdb1f30eab8ff404bb9de5e0c2ffe019) Importer(2089858483,192608db42251d675da83286b1cce702) (ScriptedImporter) -> (artifact id: '405200a7ff77097bfd3e873404247af4') in 0.0111966 seconds
Number of updated asset objects reloaded before import = 0Number of asset objects unloaded after import = 0

========================================================================
Received Import Request.
  Time since last request: 0.000047 seconds.
  path: Assets/FishNet/Runtime/Object/Prediction/PredictionRigidbody.cs
  artifactKey: Guid(7c964c0b90f389c4899a8120cc19d8b0) Importer(2089858483,192608db42251d675da83286b1cce702)
Start importing Assets/FishNet/Runtime/Object/Prediction/PredictionRigidbody.cs using Guid(7c964c0b90f389c4899a8120cc19d8b0) Importer(2089858483,192608db42251d675da83286b1cce702) (ScriptedImporter) -> (artifact id: '3df0fe5159327252eebf3944a2463ead') in 0.0073332 seconds
Number of updated asset objects reloaded before import = 0Number of asset objects unloaded after import = 0

========================================================================
Received Import Request.
  Time since last request: 0.000032 seconds.
  path: Assets/FishNet/Runtime/Object/Helping/RpcType.cs
  artifactKey: Guid(09f9e7236f988c64fad54645f4cc7f8b) Importer(2089858483,192608db42251d675da83286b1cce702)
Start importing Assets/FishNet/Runtime/Object/Helping/RpcType.cs using Guid(09f9e7236f988c64fad54645f4cc7f8b) Importer(2089858483,192608db42251d675da83286b1cce702) (ScriptedImporter) -> (artifact id: 'c37905c28cc56ba0702831c53008e965') in 0.0093582 seconds
Number of updated asset objects reloaded before import = 0Number of asset objects unloaded after import = 0

========================================================================
Received Import Request.
  Time since last request: 0.000030 seconds.
  path: Assets/FishNet/Runtime/Serializing/Helping/ValueConversions.cs
  artifactKey: Guid(008e79d0f22a2674189acc7eff64408f) Importer(2089858483,192608db42251d675da83286b1cce702)
Start importing Assets/FishNet/Runtime/Serializing/Helping/ValueConversions.cs using Guid(008e79d0f22a2674189acc7eff64408f) Importer(2089858483,192608db42251d675da83286b1cce702) (ScriptedImporter) -> (artifact id: '88892d5440f307a815a8941846c66100') in 0.0113145 seconds
Number of updated asset objects reloaded before import = 0Number of asset objects unloaded after import = 0

========================================================================
Received Import Request.
  Time since last request: 0.000028 seconds.
  path: Assets/FishNet/Runtime/Serializing/Helping/Quaternion64Compression.cs
  artifactKey: Guid(7afd33d2ca5433f4f831dfaf0169423c) Importer(2089858483,192608db42251d675da83286b1cce702)
Start importing Assets/FishNet/Runtime/Serializing/Helping/Quaternion64Compression.cs using Guid(7afd33d2ca5433f4f831dfaf0169423c) Importer(2089858483,192608db42251d675da83286b1cce702) (ScriptedImporter) -> (artifact id: 'ac310a17f33c2e9e4589a47a442e9d15') in 0.0074407 seconds
Number of updated asset objects reloaded before import = 0Number of asset objects unloaded after import = 0

========================================================================
Received Import Request.
  Time since last request: 0.000042 seconds.
  path: Assets/FishNet/Runtime/Managing/Scened/SceneProcessorBase.cs
  artifactKey: Guid(de3f29952a63dc341a7542a1f898cb12) Importer(2089858483,192608db42251d675da83286b1cce702)
Start importing Assets/FishNet/Runtime/Managing/Scened/SceneProcessorBase.cs using Guid(de3f29952a63dc341a7542a1f898cb12) Importer(2089858483,192608db42251d675da83286b1cce702) (ScriptedImporter) -> (artifact id: 'b5a6b3e5be98ee78c5b7d9b4b2cb074d') in 0.0081506 seconds
Number of updated asset objects reloaded before import = 0Number of asset objects unloaded after import = 0

========================================================================
Received Import Request.
  Time since last request: 0.000027 seconds.
  path: Assets/FishNet/Runtime/Managing/Server/ClientConnectionBroadcast.cs
  artifactKey: Guid(a16b83a545be8f8488795783a0fc8648) Importer(2089858483,192608db42251d675da83286b1cce702)
Start importing Assets/FishNet/Runtime/Managing/Server/ClientConnectionBroadcast.cs using Guid(a16b83a545be8f8488795783a0fc8648) Importer(2089858483,192608db42251d675da83286b1cce702) (ScriptedImporter) -> (artifact id: '24665a5eeec2f667c4bcab408bd096a1') in 0.0097249 seconds
Number of updated asset objects reloaded before import = 0Number of asset objects unloaded after import = 0

========================================================================
Received Import Request.
  Time since last request: 0.000026 seconds.
  path: Assets/Online_FPS_TPS_KIT/Materials/WeaponSightMaterials/Textures/ScoupeCamTexture.renderTexture
  artifactKey: Guid(279b16a3a290fae44840eb9ff3e05b82) Importer(2089858483,192608db42251d675da83286b1cce702)
Start importing Assets/Online_FPS_TPS_KIT/Materials/WeaponSightMaterials/Textures/ScoupeCamTexture.renderTexture using Guid(279b16a3a290fae44840eb9ff3e05b82) Importer(2089858483,192608db42251d675da83286b1cce702) (ScriptedImporter) -> (artifact id: '1d2d54316b116602705e419eebfc3782') in 0.0220507 seconds
Number of updated asset objects reloaded before import = 0Number of asset objects unloaded after import = 1

========================================================================
Received Import Request.
  Time since last request: 0.000032 seconds.
  path: Assets/FishNet/Runtime/Object/Prediction/ReplicateState.cs
  artifactKey: Guid(f8deb74673db557489cf93509af3cb21) Importer(2089858483,192608db42251d675da83286b1cce702)
Start importing Assets/FishNet/Runtime/Object/Prediction/ReplicateState.cs using Guid(f8deb74673db557489cf93509af3cb21) Importer(2089858483,192608db42251d675da83286b1cce702) (ScriptedImporter) -> (artifact id: 'ef85f3cdbfca301646524778b29bae7a') in 0.0086737 seconds
Number of updated asset objects reloaded before import = 0Number of asset objects unloaded after import = 0

========================================================================
Received Import Request.
  Time since last request: 0.000050 seconds.
  path: Assets/FishNet/Runtime/Serializing/Helping/Quaternion32Compression.cs
  artifactKey: Guid(f71e61ed84064a0429577ec462a8fa79) Importer(2089858483,192608db42251d675da83286b1cce702)
Start importing Assets/FishNet/Runtime/Serializing/Helping/Quaternion32Compression.cs using Guid(f71e61ed84064a0429577ec462a8fa79) Importer(2089858483,192608db42251d675da83286b1cce702) (ScriptedImporter) -> (artifact id: 'bd18f375c5c574c3115b9f5d1da25f11') in 0.0081123 seconds
Number of updated asset objects reloaded before import = 0Number of asset objects unloaded after import = 0

========================================================================
Received Import Request.
  Time since last request: 0.000028 seconds.
  path: Assets/Online_FPS_TPS_KIT/Scripts/EventsSystem/Editor/EventsController.cs
  artifactKey: Guid(2f55bda10358a9c40a260df7bedb4693) Importer(2089858483,192608db42251d675da83286b1cce702)
Start importing Assets/Online_FPS_TPS_KIT/Scripts/EventsSystem/Editor/EventsController.cs using Guid(2f55bda10358a9c40a260df7bedb4693) Importer(2089858483,192608db42251d675da83286b1cce702) (ScriptedImporter) -> (artifact id: 'e6034421865a4d7440dc08a13317b994') in 0.00794 seconds
Number of updated asset objects reloaded before import = 0Number of asset objects unloaded after import = 0

========================================================================
Received Import Request.
  Time since last request: 0.000029 seconds.
  path: Assets/FishNet/Runtime/Serializing/UnityMathmatics/Serializers.UnityMathmaticsBoolean.cs
  artifactKey: Guid(254b9133ed0260b4685ea1d28bd15df1) Importer(2089858483,192608db42251d675da83286b1cce702)
Start importing Assets/FishNet/Runtime/Serializing/UnityMathmatics/Serializers.UnityMathmaticsBoolean.cs using Guid(254b9133ed0260b4685ea1d28bd15df1) Importer(2089858483,192608db42251d675da83286b1cce702) (ScriptedImporter) -> (artifact id: '8714de8fb8c51d5ed818f792f979ce83') in 0.0098195 seconds
Number of updated asset objects reloaded before import = 0Number of asset objects unloaded after import = 0

========================================================================
Received Import Request.
  Time since last request: 0.000035 seconds.
  path: Assets/FishNet/Runtime/Object/Prediction/Interfaces.cs
  artifactKey: Guid(515754257f85574438408c7f5b268590) Importer(2089858483,192608db42251d675da83286b1cce702)
Start importing Assets/FishNet/Runtime/Object/Prediction/Interfaces.cs using Guid(515754257f85574438408c7f5b268590) Importer(2089858483,192608db42251d675da83286b1cce702) (ScriptedImporter) -> (artifact id: '7ea3faeaf0f69f76106372789f0e164b') in 0.0075898 seconds
Number of updated asset objects reloaded before import = 0Number of asset objects unloaded after import = 0

========================================================================
Received Import Request.
  Time since last request: 0.000051 seconds.
  path: Assets/FishNet/Runtime/Observing/Conditions/HostOnlyCondition.cs
  artifactKey: Guid(aa62c0af0c0a4da46b03309dcd3858c3) Importer(2089858483,192608db42251d675da83286b1cce702)
Start importing Assets/FishNet/Runtime/Observing/Conditions/HostOnlyCondition.cs using Guid(aa62c0af0c0a4da46b03309dcd3858c3) Importer(2089858483,192608db42251d675da83286b1cce702) (ScriptedImporter) -> (artifact id: 'c8183bb0a412d59faa68505de410bf8e') in 0.0106788 seconds
Number of updated asset objects reloaded before import = 0Number of asset objects unloaded after import = 0

========================================================================
Received Import Request.
  Time since last request: 0.000030 seconds.
  path: Assets/FishNet/Runtime/Managing/Timing/PhysicsMode.cs
  artifactKey: Guid(502e9f31bebd41f4f9088a19eae53735) Importer(2089858483,192608db42251d675da83286b1cce702)
Start importing Assets/FishNet/Runtime/Managing/Timing/PhysicsMode.cs using Guid(502e9f31bebd41f4f9088a19eae53735) Importer(2089858483,192608db42251d675da83286b1cce702) (ScriptedImporter) -> (artifact id: 'c50c7f97ed50e321ba8d302d4315a097') in 0.0105391 seconds
Number of updated asset objects reloaded before import = 0Number of asset objects unloaded after import = 0

========================================================================
Received Import Request.
  Time since last request: 0.000033 seconds.
  path: Assets/Online_FPS_TPS_KIT/Scripts/Player/BodyScripts/BodyTiltInSprint.cs
  artifactKey: Guid(6d8b9a372136d8a419bc5adef59bd4d7) Importer(2089858483,192608db42251d675da83286b1cce702)
Start importing Assets/Online_FPS_TPS_KIT/Scripts/Player/BodyScripts/BodyTiltInSprint.cs using Guid(6d8b9a372136d8a419bc5adef59bd4d7) Importer(2089858483,192608db42251d675da83286b1cce702) (ScriptedImporter) -> (artifact id: '61756b4113a6f1f3345b310cfb1d5d8d') in 0.0100223 seconds
Number of updated asset objects reloaded before import = 0Number of asset objects unloaded after import = 0

========================================================================
Received Import Request.
  Time since last request: 0.000029 seconds.
  path: Assets/Online_FPS_TPS_KIT/Scripts/v3.2/RIG/RigExecutor.cs
  artifactKey: Guid(cba60dc8ef177f04c81e567575b79d63) Importer(2089858483,192608db42251d675da83286b1cce702)
Start importing Assets/Online_FPS_TPS_KIT/Scripts/v3.2/RIG/RigExecutor.cs using Guid(cba60dc8ef177f04c81e567575b79d63) Importer(2089858483,192608db42251d675da83286b1cce702) (ScriptedImporter) -> (artifact id: 'fd505e3e08c15e0728b3b1caf96c9788') in 0.0083367 seconds
Number of updated asset objects reloaded before import = 0Number of asset objects unloaded after import = 0

========================================================================
Received Import Request.
  Time since last request: 0.000053 seconds.
  path: Assets/FishNet/Runtime/Serializing/UnityMathmatics/Serializers.UnityMathmaticsDouble.cs
  artifactKey: Guid(5b02bb31d2808f94695dfa971bbe624b) Importer(2089858483,192608db42251d675da83286b1cce702)
Start importing Assets/FishNet/Runtime/Serializing/UnityMathmatics/Serializers.UnityMathmaticsDouble.cs using Guid(5b02bb31d2808f94695dfa971bbe624b) Importer(2089858483,192608db42251d675da83286b1cce702) (ScriptedImporter) -> (artifact id: 'f78826c26836d1ede209c573c67562eb') in 0.0075948 seconds
Number of updated asset objects reloaded before import = 0Number of asset objects unloaded after import = 0

========================================================================
Received Import Request.
  Time since last request: 0.000025 seconds.
  path: Assets/FishNet/Runtime/Object/NetworkBehaviour/NetworkBehaviour.RPCs.cs
  artifactKey: Guid(938eacb83fa7d0046bd769b31dac7e80) Importer(2089858483,192608db42251d675da83286b1cce702)
Start importing Assets/FishNet/Runtime/Object/NetworkBehaviour/NetworkBehaviour.RPCs.cs using Guid(938eacb83fa7d0046bd769b31dac7e80) Importer(2089858483,192608db42251d675da83286b1cce702) (ScriptedImporter) -> (artifact id: '5adfa02ebed0c8722e675accc7e5409a') in 0.0097794 seconds
Number of updated asset objects reloaded before import = 0Number of asset objects unloaded after import = 0

========================================================================
Received Import Request.
  Time since last request: 0.000024 seconds.
  path: Assets/FishNet/Runtime/Object/Synchronizing/SyncHashSetOperation.cs
  artifactKey: Guid(914089f5707003340a68fd6cd718e4c4) Importer(2089858483,192608db42251d675da83286b1cce702)
Start importing Assets/FishNet/Runtime/Object/Synchronizing/SyncHashSetOperation.cs using Guid(914089f5707003340a68fd6cd718e4c4) Importer(2089858483,192608db42251d675da83286b1cce702) (ScriptedImporter) -> (artifact id: '484fd578c345332bfd83c9aab957d9fc') in 0.0070076 seconds
Number of updated asset objects reloaded before import = 0Number of asset objects unloaded after import = 0

========================================================================
Received Import Request.
  Time since last request: 0.000034 seconds.
  path: Assets/FishNet/Runtime/Object/Synchronizing/InterpolatedSyncVars.cs
  artifactKey: Guid(727355d27ffb19747a43beb6299f7b98) Importer(2089858483,192608db42251d675da83286b1cce702)
Start importing Assets/FishNet/Runtime/Object/Synchronizing/InterpolatedSyncVars.cs using Guid(727355d27ffb19747a43beb6299f7b98) Importer(2089858483,192608db42251d675da83286b1cce702) (ScriptedImporter) -> (artifact id: 'f1d7a796c2c49e757d4602ab411ce006') in 0.0108337 seconds
Number of updated asset objects reloaded before import = 0Number of asset objects unloaded after import = 0

========================================================================
Received Import Request.
  Time since last request: 0.000043 seconds.
  path: Assets/FishNet/Runtime/Plugins/CodeAnalysis/FishNet.CodeAnalysis.dll
  artifactKey: Guid(620557a5e202e644cb322b8fcc9422ea) Importer(2089858483,192608db42251d675da83286b1cce702)
Start importing Assets/FishNet/Runtime/Plugins/CodeAnalysis/FishNet.CodeAnalysis.dll using Guid(620557a5e202e644cb322b8fcc9422ea) Importer(2089858483,192608db42251d675da83286b1cce702) (ScriptedImporter) -> (artifact id: '770037e2537997f06e4a87263a3d1a20') in 0.0185081 seconds
Number of updated asset objects reloaded before import = 0Number of asset objects unloaded after import = 0

========================================================================
Received Import Request.
  Time since last request: 0.000027 seconds.
  path: Assets/FishNet/Runtime/Observing/Conditions/SceneCondition.cs
  artifactKey: Guid(fab85d1c51ee2c344b7dd914dc262ec4) Importer(2089858483,192608db42251d675da83286b1cce702)
Start importing Assets/FishNet/Runtime/Observing/Conditions/SceneCondition.cs using Guid(fab85d1c51ee2c344b7dd914dc262ec4) Importer(2089858483,192608db42251d675da83286b1cce702) (ScriptedImporter) -> (artifact id: 'f5d0916120d4b5400e03c34fb5ca5e78') in 0.0086216 seconds
Number of updated asset objects reloaded before import = 0Number of asset objects unloaded after import = 0

========================================================================
Received Import Request.
  Time since last request: 0.000025 seconds.
  path: Assets/FishNet/Runtime/Managing/Server/ServerManager.Broadcast.cs
  artifactKey: Guid(1cd9dcd58556e27449ce5cb0d70611cb) Importer(2089858483,192608db42251d675da83286b1cce702)
Start importing Assets/FishNet/Runtime/Managing/Server/ServerManager.Broadcast.cs using Guid(1cd9dcd58556e27449ce5cb0d70611cb) Importer(2089858483,192608db42251d675da83286b1cce702) (ScriptedImporter) -> (artifact id: '4f4361df1e4433b8360b2e0f8cbb46b0') in 0.0126837 seconds
Number of updated asset objects reloaded before import = 0Number of asset objects unloaded after import = 0

========================================================================
Received Import Request.
  Time since last request: 0.000045 seconds.
  path: Assets/FishNet/Runtime/Observing/Conditions/DistanceCondition.cs
  artifactKey: Guid(7c3e28fa2e37d1d41b4f63c8a0cc2553) Importer(2089858483,192608db42251d675da83286b1cce702)
Start importing Assets/FishNet/Runtime/Observing/Conditions/DistanceCondition.cs using Guid(7c3e28fa2e37d1d41b4f63c8a0cc2553) Importer(2089858483,192608db42251d675da83286b1cce702) (ScriptedImporter) -> (artifact id: '6da8e63e18d04fd370762ef2afa48311') in 0.0085703 seconds
Number of updated asset objects reloaded before import = 0Number of asset objects unloaded after import = 0

========================================================================
Received Import Request.
  Time since last request: 0.000053 seconds.
  path: Assets/FishNet/Runtime/Serializing/UnityMathmatics/Serializers.UnityMathmaticsMisc.cs
  artifactKey: Guid(34d28436e6d87044fa5dcd3b0b7fd097) Importer(2089858483,192608db42251d675da83286b1cce702)
Start importing Assets/FishNet/Runtime/Serializing/UnityMathmatics/Serializers.UnityMathmaticsMisc.cs using Guid(34d28436e6d87044fa5dcd3b0b7fd097) Importer(2089858483,192608db42251d675da83286b1cce702) (ScriptedImporter) -> (artifact id: '66c49d75f195f8b0ca8dbfb6a2416e64') in 0.0129598 seconds
Number of updated asset objects reloaded before import = 0Number of asset objects unloaded after import = 0

========================================================================
Received Import Request.
  Time since last request: 0.000037 seconds.
  path: Assets/FishNet/Runtime/Serializing/Helping/QuaternionDeltaPrecisionCompression.cs
  artifactKey: Guid(37e43ec9c17f2dc43ac255695bd1a71f) Importer(2089858483,192608db42251d675da83286b1cce702)
Start importing Assets/FishNet/Runtime/Serializing/Helping/QuaternionDeltaPrecisionCompression.cs using Guid(37e43ec9c17f2dc43ac255695bd1a71f) Importer(2089858483,192608db42251d675da83286b1cce702) (ScriptedImporter) -> (artifact id: '63a4fcf842cc4812165247f4ee5d7285') in 0.0156267 seconds
Number of updated asset objects reloaded before import = 0Number of asset objects unloaded after import = 0

========================================================================
Received Import Request.
  Time since last request: 0.000027 seconds.
  path: Assets/Online_FPS_TPS_KIT/Scripts/v3.2/Scripts/BodyAimHandler.cs
  artifactKey: Guid(b195e49a4def428499c35a7f0c2ad541) Importer(2089858483,192608db42251d675da83286b1cce702)
Start importing Assets/Online_FPS_TPS_KIT/Scripts/v3.2/Scripts/BodyAimHandler.cs using Guid(b195e49a4def428499c35a7f0c2ad541) Importer(2089858483,192608db42251d675da83286b1cce702) (ScriptedImporter) -> (artifact id: '1079b1d273f95fdc5ab1eb97b851c876') in 0.0084165 seconds
Number of updated asset objects reloaded before import = 0Number of asset objects unloaded after import = 0

========================================================================
Received Import Request.
  Time since last request: 0.000050 seconds.
  path: Assets/FishNet/Runtime/Object/NetworkObject/NetworkObject.Observers.cs
  artifactKey: Guid(816dbea70a70ab949a44f485155f0087) Importer(2089858483,192608db42251d675da83286b1cce702)
Start importing Assets/FishNet/Runtime/Object/NetworkObject/NetworkObject.Observers.cs using Guid(816dbea70a70ab949a44f485155f0087) Importer(2089858483,192608db42251d675da83286b1cce702) (ScriptedImporter) -> (artifact id: '3570019ccf09862c204d9ffd9cfb5248') in 0.0095258 seconds
Number of updated asset objects reloaded before import = 0Number of asset objects unloaded after import = 0

========================================================================
Received Import Request.
  Time since last request: 0.000050 seconds.
  path: Assets/FishNet/Runtime/Managing/Transporting/IntermediateLayer.cs
  artifactKey: Guid(3f8a2e0f9aaea614887f5f7b15350e46) Importer(2089858483,192608db42251d675da83286b1cce702)
Start importing Assets/FishNet/Runtime/Managing/Transporting/IntermediateLayer.cs using Guid(3f8a2e0f9aaea614887f5f7b15350e46) Importer(2089858483,192608db42251d675da83286b1cce702) (ScriptedImporter) -> (artifact id: '76da57082c431b70bfa34bbdac755259') in 0.0069933 seconds
Number of updated asset objects reloaded before import = 0Number of asset objects unloaded after import = 0

========================================================================
Received Import Request.
  Time since last request: 0.000026 seconds.
  path: Assets/FishNet/Runtime/Plugins/CodeAnalysis/README.txt
  artifactKey: Guid(835336ee0aec7ef41a1cfda40886f443) Importer(2089858483,192608db42251d675da83286b1cce702)
Start importing Assets/FishNet/Runtime/Plugins/CodeAnalysis/README.txt using Guid(835336ee0aec7ef41a1cfda40886f443) Importer(2089858483,192608db42251d675da83286b1cce702) (ScriptedImporter) -> (artifact id: '15d2a7ea2c9ea7122202955bdc99d7dd') in 0.0082222 seconds
Number of updated asset objects reloaded before import = 0Number of asset objects unloaded after import = 1

========================================================================
Received Import Request.
  Time since last request: 0.000028 seconds.
  path: Assets/Online_FPS_TPS_KIT/Models/Weapons/Materials/a1.mat
  artifactKey: Guid(4ee6c456b69d12e4dbd963f25254fc6e) Importer(2089858483,192608db42251d675da83286b1cce702)
Start importing Assets/Online_FPS_TPS_KIT/Models/Weapons/Materials/a1.mat using Guid(4ee6c456b69d12e4dbd963f25254fc6e) Importer(2089858483,192608db42251d675da83286b1cce702) (ScriptedImporter) -> (artifact id: '80c37ef3ff303221e8672c7d95f0a796') in 0.013652 seconds
Number of updated asset objects reloaded before import = 0Number of asset objects unloaded after import = 1

========================================================================
Received Import Request.
  Time since last request: 0.000026 seconds.
  path: Assets/FishNet/Runtime/Object/Synchronizing/SyncTimerOperation.cs
  artifactKey: Guid(c7732c822303d3c4387a4af44467e791) Importer(2089858483,192608db42251d675da83286b1cce702)
Start importing Assets/FishNet/Runtime/Object/Synchronizing/SyncTimerOperation.cs using Guid(c7732c822303d3c4387a4af44467e791) Importer(2089858483,192608db42251d675da83286b1cce702) (ScriptedImporter) -> (artifact id: 'bf56d4ea274b99f6c9ebe5dc2a66bf2e') in 0.0076071 seconds
Number of updated asset objects reloaded before import = 0Number of asset objects unloaded after import = 0

========================================================================
Received Import Request.
  Time since last request: 0.000054 seconds.
  path: Assets/FishNet/Runtime/Managing/Transporting/TransportManager.QOL.cs
  artifactKey: Guid(aac8eab4e511d7e4dbc81eb74aea7f23) Importer(2089858483,192608db42251d675da83286b1cce702)
Start importing Assets/FishNet/Runtime/Managing/Transporting/TransportManager.QOL.cs using Guid(aac8eab4e511d7e4dbc81eb74aea7f23) Importer(2089858483,192608db42251d675da83286b1cce702) (ScriptedImporter) -> (artifact id: '579e34c78dae4ba8e9cdf2221e17b80f') in 0.0075946 seconds
Number of updated asset objects reloaded before import = 0Number of asset objects unloaded after import = 0

========================================================================
Received Import Request.
  Time since last request: 0.000046 seconds.
  path: Assets/Polygon Arsenal/Demo/Demo Prefabs/Cameras/CameraLibraryRig.prefab
  artifactKey: Guid(24c2e8f897e18af4e83b201b456476dc) Importer(2089858483,192608db42251d675da83286b1cce702)
Start importing Assets/Polygon Arsenal/Demo/Demo Prefabs/Cameras/CameraLibraryRig.prefab using Guid(24c2e8f897e18af4e83b201b456476dc) Importer(2089858483,192608db42251d675da83286b1cce702) (ScriptedImporter) -> (artifact id: '7ff12626ca42ace1e15ae1ebe24aec74') in 0.1215112 seconds
Number of updated asset objects reloaded before import = 0Number of asset objects unloaded after import = 103

========================================================================
Received Import Request.
  Time since last request: 0.000127 seconds.
  path: Assets/Online_FPS_TPS_KIT/Scripts/WeaponScripts/WeaponSight/ScopeSightEnabler.cs
  artifactKey: Guid(313fdeddf72a47d4d85036481e9fcff7) Importer(2089858483,192608db42251d675da83286b1cce702)
Start importing Assets/Online_FPS_TPS_KIT/Scripts/WeaponScripts/WeaponSight/ScopeSightEnabler.cs using Guid(313fdeddf72a47d4d85036481e9fcff7) Importer(2089858483,192608db42251d675da83286b1cce702) (ScriptedImporter) -> (artifact id: '886acbfa1a31d61679cccae72b0cf937') in 0.0103809 seconds
Number of updated asset objects reloaded before import = 0Number of asset objects unloaded after import = 0

========================================================================
Received Import Request.
  Time since last request: 0.000047 seconds.
  path: Assets/Polygon Arsenal/Demo/Missile Prefabs/Fireball/FireballPurpleOBJ.prefab
  artifactKey: Guid(1a828b0fb3134be4596568a8253ae780) Importer(2089858483,192608db42251d675da83286b1cce702)
Start importing Assets/Polygon Arsenal/Demo/Missile Prefabs/Fireball/FireballPurpleOBJ.prefab using Guid(1a828b0fb3134be4596568a8253ae780) Importer(2089858483,192608db42251d675da83286b1cce702) (ScriptedImporter) -> (artifact id: 'ebbe681cee51b71e8f898511dfed16bb') in 0.0691025 seconds
Number of updated asset objects reloaded before import = 0Number of asset objects unloaded after import = 71

========================================================================
Received Import Request.
  Time since last request: 0.000060 seconds.
  path: Assets/Polygon Arsenal/Demo/Missile Prefabs/Arrow/ArrowMissileYellowOBJ.prefab
  artifactKey: Guid(d51be46f4195beb4e8674cd30798d75a) Importer(2089858483,192608db42251d675da83286b1cce702)
Start importing Assets/Polygon Arsenal/Demo/Missile Prefabs/Arrow/ArrowMissileYellowOBJ.prefab using Guid(d51be46f4195beb4e8674cd30798d75a) Importer(2089858483,192608db42251d675da83286b1cce702) (ScriptedImporter) -> (artifact id: 'a1948391cc86484977805cae9466bec8') in 0.0465819 seconds
Number of updated asset objects reloaded before import = 0Number of asset objects unloaded after import = 57

========================================================================
Received Import Request.
  Time since last request: 0.000036 seconds.
  path: Assets/Polygon Arsenal/Demo/Missile Prefabs/Skull/SkullMissileBlueOBJ.prefab
  artifactKey: Guid(8f9e8a92edad4354884a5d4a3501497e) Importer(2089858483,192608db42251d675da83286b1cce702)
Start importing Assets/Polygon Arsenal/Demo/Missile Prefabs/Skull/SkullMissileBlueOBJ.prefab using Guid(8f9e8a92edad4354884a5d4a3501497e) Importer(2089858483,192608db42251d675da83286b1cce702) (ScriptedImporter) -> (artifact id: '1fc4a5cc7c1219b72a0271ab15b9744a') in 0.0573622 seconds
Number of updated asset objects reloaded before import = 0Number of asset objects unloaded after import = 65

========================================================================
Received Import Request.
  Time since last request: 0.000034 seconds.
  path: Assets/Polygon Arsenal/Demo/Missile Prefabs/Storm/StormMissileOBJ.prefab
  artifactKey: Guid(4b96b70514f2c0842b57e1b39bffed0a) Importer(2089858483,192608db42251d675da83286b1cce702)
Start importing Assets/Polygon Arsenal/Demo/Missile Prefabs/Storm/StormMissileOBJ.prefab using Guid(4b96b70514f2c0842b57e1b39bffed0a) Importer(2089858483,192608db42251d675da83286b1cce702) (ScriptedImporter) -> (artifact id: '9287c5e3c2fa4fe466c2304689c54f03') in 0.0484901 seconds
Number of updated asset objects reloaded before import = 0Number of asset objects unloaded after import = 78

========================================================================
Received Import Request.
  Time since last request: 0.000052 seconds.
  path: Assets/Polygon Arsenal/Demo/Missile Prefabs/Proton/ProtonGreenOBJ.prefab
  artifactKey: Guid(07e320b41bb8a1c478c9fb5c723f7690) Importer(2089858483,192608db42251d675da83286b1cce702)
Start importing Assets/Polygon Arsenal/Demo/Missile Prefabs/Proton/ProtonGreenOBJ.prefab using Guid(07e320b41bb8a1c478c9fb5c723f7690) Importer(2089858483,192608db42251d675da83286b1cce702) (ScriptedImporter) -> (artifact id: '8cfb9ff416d0ac4bb762f5df0a39193e') in 0.0489495 seconds
Number of updated asset objects reloaded before import = 0Number of asset objects unloaded after import = 82

========================================================================
Received Import Request.
  Time since last request: 0.000029 seconds.
  path: Assets/Polygon Arsenal/Demo/Missile Prefabs/Fireball/FireballYellowOBJ.prefab
  artifactKey: Guid(6be54a832eb1d564b87d4422c39ec3a6) Importer(2089858483,192608db42251d675da83286b1cce702)
Start importing Assets/Polygon Arsenal/Demo/Missile Prefabs/Fireball/FireballYellowOBJ.prefab using Guid(6be54a832eb1d564b87d4422c39ec3a6) Importer(2089858483,192608db42251d675da83286b1cce702) (ScriptedImporter) -> (artifact id: '61b5d1af7ffcaadf44d79f527c3ab563') in 0.0480036 seconds
Number of updated asset objects reloaded before import = 0Number of asset objects unloaded after import = 71

========================================================================
Received Import Request.
  Time since last request: 0.000037 seconds.
  path: Assets/Polygon Arsenal/Demo/Missile Prefabs/Proton/ProtonRedOBJ.prefab
  artifactKey: Guid(82b98bce61949d74ba9e25485ac93931) Importer(2089858483,192608db42251d675da83286b1cce702)
Start importing Assets/Polygon Arsenal/Demo/Missile Prefabs/Proton/ProtonRedOBJ.prefab using Guid(82b98bce61949d74ba9e25485ac93931) Importer(2089858483,192608db42251d675da83286b1cce702) (ScriptedImporter) -> (artifact id: '6e7417147c7ff7a427a21144ebfd3160') in 0.0534594 seconds
Number of updated asset objects reloaded before import = 0Number of asset objects unloaded after import = 82

========================================================================
Received Import Request.
  Time since last request: 0.000065 seconds.
  path: Assets/Polygon Arsenal/Demo/Missile Prefabs/Plasma/PlasmaBlueOBJ.prefab
  artifactKey: Guid(bd04617c16f0f3749b94585ed80e6ec7) Importer(2089858483,192608db42251d675da83286b1cce702)
Start importing Assets/Polygon Arsenal/Demo/Missile Prefabs/Plasma/PlasmaBlueOBJ.prefab using Guid(bd04617c16f0f3749b94585ed80e6ec7) Importer(2089858483,192608db42251d675da83286b1cce702) (ScriptedImporter) -> (artifact id: '98eff0116c3f6cd71be8547a9ef98fb5') in 0.0508718 seconds
Number of updated asset objects reloaded before import = 0Number of asset objects unloaded after import = 68

========================================================================
Received Import Request.
  Time since last request: 0.000028 seconds.
  path: Assets/Polygon Arsenal/Demo/Missile Prefabs/Sniper/SniperBlueOBJ.prefab
  artifactKey: Guid(e2979b8c0c747414aadf184510326ab8) Importer(2089858483,192608db42251d675da83286b1cce702)
Start importing Assets/Polygon Arsenal/Demo/Missile Prefabs/Sniper/SniperBlueOBJ.prefab using Guid(e2979b8c0c747414aadf184510326ab8) Importer(2089858483,192608db42251d675da83286b1cce702) (ScriptedImporter) -> (artifact id: 'e48728d5d377d1fdbc0d019d7d31f8cf') in 0.0568606 seconds
Number of updated asset objects reloaded before import = 0Number of asset objects unloaded after import = 66

========================================================================
Received Import Request.
  Time since last request: 0.000040 seconds.
  path: Assets/Polygon Arsenal/Demo/Materials/Liquids/PA_LiquidLava.mat
  artifactKey: Guid(c05b4dde9c461d54ea9bdab9b3a64945) Importer(2089858483,192608db42251d675da83286b1cce702)
Start importing Assets/Polygon Arsenal/Demo/Materials/Liquids/PA_LiquidLava.mat using Guid(c05b4dde9c461d54ea9bdab9b3a64945) Importer(2089858483,192608db42251d675da83286b1cce702) (ScriptedImporter) -> (artifact id: 'b3c65f6be7ca3128c3f82153a3dae58b') in 0.0126032 seconds
Number of updated asset objects reloaded before import = 0Number of asset objects unloaded after import = 1

========================================================================
Received Import Request.
  Time since last request: 0.000044 seconds.
  path: Assets/Polygon Arsenal/Demo/Missile Prefabs/Crystal/RubyMissileOBJ.prefab
  artifactKey: Guid(8c96bd334b578964496390bf576e8ab0) Importer(2089858483,192608db42251d675da83286b1cce702)
Start importing Assets/Polygon Arsenal/Demo/Missile Prefabs/Crystal/RubyMissileOBJ.prefab using Guid(8c96bd334b578964496390bf576e8ab0) Importer(2089858483,192608db42251d675da83286b1cce702) (ScriptedImporter) -> (artifact id: 'e1124344ee2bff09eceaf252c455662b') in 0.0525374 seconds
Number of updated asset objects reloaded before import = 0Number of asset objects unloaded after import = 69

========================================================================
Received Import Request.
  Time since last request: 0.000042 seconds.
  path: Assets/Polygon Arsenal/Demo/Missile Prefabs/Spike/SpikePurpleOBJ.prefab
  artifactKey: Guid(0c2ea5abb68661a4ba5c9a5d1c36b124) Importer(2089858483,192608db42251d675da83286b1cce702)
Start importing Assets/Polygon Arsenal/Demo/Missile Prefabs/Spike/SpikePurpleOBJ.prefab using Guid(0c2ea5abb68661a4ba5c9a5d1c36b124) Importer(2089858483,192608db42251d675da83286b1cce702) (ScriptedImporter) -> (artifact id: '67ed7905714b2449f7a915037f172dd8') in 0.0560454 seconds
Number of updated asset objects reloaded before import = 0Number of asset objects unloaded after import = 69

========================================================================
Received Import Request.
  Time since last request: 0.000046 seconds.
  path: Assets/Polygon Arsenal/Demo/Materials/SurfaceTypes/PA_glass.mat
  artifactKey: Guid(85ac0eb252b85f64c8d7b4b1ca0a68b9) Importer(2089858483,192608db42251d675da83286b1cce702)
Start importing Assets/Polygon Arsenal/Demo/Materials/SurfaceTypes/PA_glass.mat using Guid(85ac0eb252b85f64c8d7b4b1ca0a68b9) Importer(2089858483,192608db42251d675da83286b1cce702) (ScriptedImporter) -> (artifact id: 'bb4229a7c7596ef6daf8fb5626a6951e') in 0.0112159 seconds
Number of updated asset objects reloaded before import = 0Number of asset objects unloaded after import = 1

========================================================================
Received Import Request.
  Time since last request: 0.000055 seconds.
  path: Assets/Polygon Arsenal/Demo/Missile Prefabs/Plasma/PlasmaPurpleOBJ.prefab
  artifactKey: Guid(af53a62570c7c324ba403131b2edcfb5) Importer(2089858483,192608db42251d675da83286b1cce702)
Start importing Assets/Polygon Arsenal/Demo/Missile Prefabs/Plasma/PlasmaPurpleOBJ.prefab using Guid(af53a62570c7c324ba403131b2edcfb5) Importer(2089858483,192608db42251d675da83286b1cce702) (ScriptedImporter) -> (artifact id: '47b30921b0d3302755e9aaae69fcd33b') in 0.0600004 seconds
Number of updated asset objects reloaded before import = 0Number of asset objects unloaded after import = 68

========================================================================
Received Import Request.
  Time since last request: 0.000040 seconds.
  path: Assets/Polygon Arsenal/Demo/Missile Prefabs/Rocket/RocketRedOBJ.prefab
  artifactKey: Guid(8094992d0eb4b844daa12a907ff8cd95) Importer(2089858483,192608db42251d675da83286b1cce702)
Start importing Assets/Polygon Arsenal/Demo/Missile Prefabs/Rocket/RocketRedOBJ.prefab using Guid(8094992d0eb4b844daa12a907ff8cd95) Importer(2089858483,192608db42251d675da83286b1cce702) (ScriptedImporter) -> (artifact id: '055e16b19431e0a9c9a30d9e0c96ad22') in 0.0545905 seconds
Number of updated asset objects reloaded before import = 0Number of asset objects unloaded after import = 83

========================================================================
Received Import Request.
  Time since last request: 0.000051 seconds.
  path: Assets/Polygon Arsenal/Demo/Missile Prefabs/Fireball/FireballBlueOBJ.prefab
  artifactKey: Guid(f0027165e100c784e9bea9da1e2841df) Importer(2089858483,192608db42251d675da83286b1cce702)
Start importing Assets/Polygon Arsenal/Demo/Missile Prefabs/Fireball/FireballBlueOBJ.prefab using Guid(f0027165e100c784e9bea9da1e2841df) Importer(2089858483,192608db42251d675da83286b1cce702) (ScriptedImporter) -> (artifact id: '78a3207591a998be46d03a24393474bd') in 0.0661388 seconds
Number of updated asset objects reloaded before import = 0Number of asset objects unloaded after import = 71

========================================================================
Received Import Request.
  Time since last request: 0.000051 seconds.
  path: Assets/Polygon Arsenal/Demo/Missile Prefabs/Fireball/FireballGreenOBJ.prefab
  artifactKey: Guid(50948fdca1a3b7b4abb36c9d48815bbe) Importer(2089858483,192608db42251d675da83286b1cce702)
Start importing Assets/Polygon Arsenal/Demo/Missile Prefabs/Fireball/FireballGreenOBJ.prefab using Guid(50948fdca1a3b7b4abb36c9d48815bbe) Importer(2089858483,192608db42251d675da83286b1cce702) (ScriptedImporter) -> (artifact id: '408c2b6ebcd2b80837f244a0d6b43e57') in 0.0522568 seconds
Number of updated asset objects reloaded before import = 0Number of asset objects unloaded after import = 71

========================================================================
Received Import Request.
  Time since last request: 0.000032 seconds.
  path: Assets/Polygon Arsenal/Demo/Missile Prefabs/BlackHole/BlackHolePurpleOBJ.prefab
  artifactKey: Guid(255077a83025e8048b9a025987c8b9af) Importer(2089858483,192608db42251d675da83286b1cce702)
Start importing Assets/Polygon Arsenal/Demo/Missile Prefabs/BlackHole/BlackHolePurpleOBJ.prefab using Guid(255077a83025e8048b9a025987c8b9af) Importer(2089858483,192608db42251d675da83286b1cce702) (ScriptedImporter) -> (artifact id: '0dd25ebe9728a08d395735ff6e92116a') in 0.0595049 seconds
Number of updated asset objects reloaded before import = 0Number of asset objects unloaded after import = 85

========================================================================
Received Import Request.
  Time since last request: 0.000033 seconds.
  path: Assets/Polygon Arsenal/Demo/Missile Prefabs/BlackHole/BlackHoleGreenOBJ.prefab
  artifactKey: Guid(6a35976064160da4d913463c349c98ca) Importer(2089858483,192608db42251d675da83286b1cce702)
Start importing Assets/Polygon Arsenal/Demo/Missile Prefabs/BlackHole/BlackHoleGreenOBJ.prefab using Guid(6a35976064160da4d913463c349c98ca) Importer(2089858483,192608db42251d675da83286b1cce702) (ScriptedImporter) -> (artifact id: 'a00676788e31d82541314663f1015997') in 0.0500481 seconds
Number of updated asset objects reloaded before import = 0Number of asset objects unloaded after import = 85

========================================================================
Received Import Request.
  Time since last request: 0.000058 seconds.
  path: Assets/Polygon Arsenal/Demo/Missile Prefabs/Shadow/ShadowMissileOBJ.prefab
  artifactKey: Guid(3a44f47d45a89984dbddeaa10d460e31) Importer(2089858483,192608db42251d675da83286b1cce702)
Start importing Assets/Polygon Arsenal/Demo/Missile Prefabs/Shadow/ShadowMissileOBJ.prefab using Guid(3a44f47d45a89984dbddeaa10d460e31) Importer(2089858483,192608db42251d675da83286b1cce702) (ScriptedImporter) -> (artifact id: 'dde6df28ef61a0e82e086d6e562c3f2a') in 0.0478282 seconds
Number of updated asset objects reloaded before import = 0Number of asset objects unloaded after import = 69

========================================================================
Received Import Request.
  Time since last request: 0.000031 seconds.
  path: Assets/Polygon Arsenal/Demo/Missile Prefabs/Skull/SkullMissileYellowOBJ.prefab
  artifactKey: Guid(3e5045580e6a7e44bb92bbea01c2d70e) Importer(2089858483,192608db42251d675da83286b1cce702)
Start importing Assets/Polygon Arsenal/Demo/Missile Prefabs/Skull/SkullMissileYellowOBJ.prefab using Guid(3e5045580e6a7e44bb92bbea01c2d70e) Importer(2089858483,192608db42251d675da83286b1cce702) (ScriptedImporter) -> (artifact id: 'ee9029395c678b243b66039553a5ac85') in 0.059723 seconds
Number of updated asset objects reloaded before import = 0Number of asset objects unloaded after import = 65

========================================================================
Received Import Request.
  Time since last request: 0.000033 seconds.
  path: Assets/PolygonSciFiSpace/Models/Collision/SM_Bld_HangerFloor_01_Collision.fbx
  artifactKey: Guid(f13edc683adf09b4491e62b5b10b05b0) Importer(2089858483,192608db42251d675da83286b1cce702)
Start importing Assets/PolygonSciFiSpace/Models/Collision/SM_Bld_HangerFloor_01_Collision.fbx using Guid(f13edc683adf09b4491e62b5b10b05b0) Importer(2089858483,192608db42251d675da83286b1cce702) (ScriptedImporter) -> (artifact id: '46c4701f5d7c4565192544e22ecedce2') in 0.0410166 seconds
Number of updated asset objects reloaded before import = 0Number of asset objects unloaded after import = 7

========================================================================
Received Import Request.
  Time since last request: 0.000043 seconds.
  path: Assets/Polygon Arsenal/Prefabs/Misc/LightningShield.prefab
  artifactKey: Guid(7c1ff086b5a3f544e95e27d7cb0721ac) Importer(2089858483,192608db42251d675da83286b1cce702)
Start importing Assets/Polygon Arsenal/Prefabs/Misc/LightningShield.prefab using Guid(7c1ff086b5a3f544e95e27d7cb0721ac) Importer(2089858483,192608db42251d675da83286b1cce702) (ScriptedImporter) -> (artifact id: '948f17b94adfc0902be540906a348efd') in 0.0940448 seconds
Number of updated asset objects reloaded before import = 0Number of asset objects unloaded after import = 30

========================================================================
Received Import Request.
  Time since last request: 0.000026 seconds.
  path: Assets/Polygon Arsenal/Demo/Scenes/Combat/PolyOrbitalBeam.unity
  artifactKey: Guid(2e50182f59266184f8ee6f2f6860a30a) Importer(2089858483,192608db42251d675da83286b1cce702)
Start importing Assets/Polygon Arsenal/Demo/Scenes/Combat/PolyOrbitalBeam.unity using Guid(2e50182f59266184f8ee6f2f6860a30a) Importer(2089858483,192608db42251d675da83286b1cce702) (ScriptedImporter) -> (artifact id: '958ed8bbfb836a63254a2108c2b88a97') in 0.0142347 seconds
Number of updated asset objects reloaded before import = 0Number of asset objects unloaded after import = 1

========================================================================
Received Import Request.
  Time since last request: 0.000041 seconds.
  path: Assets/Polygon Arsenal/Demo/Scenes/Interactive/PolyBeamUp.unity
  artifactKey: Guid(16715a6b3acb6ad4ab2c2dd086a51e44) Importer(2089858483,192608db42251d675da83286b1cce702)
Start importing Assets/Polygon Arsenal/Demo/Scenes/Interactive/PolyBeamUp.unity using Guid(16715a6b3acb6ad4ab2c2dd086a51e44) Importer(2089858483,192608db42251d675da83286b1cce702) (ScriptedImporter) -> (artifact id: '7e51682792f20e025ee320586a11de7d') in 0.0163668 seconds
Number of updated asset objects reloaded before import = 0Number of asset objects unloaded after import = 1

========================================================================
Received Import Request.
  Time since last request: 0.000055 seconds.
  path: Assets/Polygon Arsenal/Demo/Scenes/Interactive/PolyPowerupIcon.unity
  artifactKey: Guid(79c3e7d0228200e49a1a35d37e9ce9e6) Importer(2089858483,192608db42251d675da83286b1cce702)
Start importing Assets/Polygon Arsenal/Demo/Scenes/Interactive/PolyPowerupIcon.unity using Guid(79c3e7d0228200e49a1a35d37e9ce9e6) Importer(2089858483,192608db42251d675da83286b1cce702) (ScriptedImporter) -> (artifact id: '65b9a7a14da4974812a96e1a54916c77') in 0.0298014 seconds
Number of updated asset objects reloaded before import = 0Number of asset objects unloaded after import = 1

========================================================================
Received Import Request.
  Time since last request: 0.000025 seconds.
  path: Assets/Polygon Arsenal/Demo/Scenes/Interactive/PolyTrails.unity
  artifactKey: Guid(a3a0bc52f4b3e1e46bfafb6c4e1ce526) Importer(2089858483,192608db42251d675da83286b1cce702)
Start importing Assets/Polygon Arsenal/Demo/Scenes/Interactive/PolyTrails.unity using Guid(a3a0bc52f4b3e1e46bfafb6c4e1ce526) Importer(2089858483,192608db42251d675da83286b1cce702) (ScriptedImporter) -> (artifact id: '6de64acbab78861846847fd4b1026c9a') in 0.0234471 seconds
Number of updated asset objects reloaded before import = 0Number of asset objects unloaded after import = 1

========================================================================
Received Import Request.
  Time since last request: 0.000030 seconds.
  path: Assets/Polygon Arsenal/Demo/Scenes/Interactive/PolyJets.unity
  artifactKey: Guid(218191d27689ed84aa1d9c13f2178e1a) Importer(2089858483,192608db42251d675da83286b1cce702)
Start importing Assets/Polygon Arsenal/Demo/Scenes/Interactive/PolyJets.unity using Guid(218191d27689ed84aa1d9c13f2178e1a) Importer(2089858483,192608db42251d675da83286b1cce702) (ScriptedImporter) -> (artifact id: 'd59a16e04e224663dd9d91460f64e64e') in 0.0282634 seconds
Number of updated asset objects reloaded before import = 0Number of asset objects unloaded after import = 1

========================================================================
Received Import Request.
  Time since last request: 0.000040 seconds.
  path: Assets/Polygon Arsenal/Prefabs/Combat/Channel/ChannelYellow.prefab
  artifactKey: Guid(c904e965869a3c04aa4e59853524a1f1) Importer(2089858483,192608db42251d675da83286b1cce702)
Start importing Assets/Polygon Arsenal/Prefabs/Combat/Channel/ChannelYellow.prefab using Guid(c904e965869a3c04aa4e59853524a1f1) Importer(2089858483,192608db42251d675da83286b1cce702) (ScriptedImporter) -> (artifact id: 'aed1c022edec2ef0dc771d7dc7da85a0') in 0.0924256 seconds
Number of updated asset objects reloaded before import = 0Number of asset objects unloaded after import = 12

========================================================================
Received Import Request.
  Time since last request: 0.000072 seconds.
  path: Assets/Polygon Arsenal/Materials/Misc/Grenades/Grenade-Smoke.mat
  artifactKey: Guid(601cc539d9cf3e14b890c426707874ab) Importer(2089858483,192608db42251d675da83286b1cce702)
Start importing Assets/Polygon Arsenal/Materials/Misc/Grenades/Grenade-Smoke.mat using Guid(601cc539d9cf3e14b890c426707874ab) Importer(2089858483,192608db42251d675da83286b1cce702) (ScriptedImporter) -> (artifact id: '12a3ec4686c7f22c160ecfa2953498d5') in 0.0164352 seconds
Number of updated asset objects reloaded before import = 0Number of asset objects unloaded after import = 2

========================================================================
Received Import Request.
  Time since last request: 0.000025 seconds.
  path: Assets/Polygon Arsenal/Demo/Scenes/Combat/PolyBarrage.unity
  artifactKey: Guid(1a9090c9745c87246af56a4500c17d2f) Importer(2089858483,192608db42251d675da83286b1cce702)
Start importing Assets/Polygon Arsenal/Demo/Scenes/Combat/PolyBarrage.unity using Guid(1a9090c9745c87246af56a4500c17d2f) Importer(2089858483,192608db42251d675da83286b1cce702) (ScriptedImporter) -> (artifact id: '3f76070a710a8fd7622b1954b10e76ff') in 0.0204475 seconds
Number of updated asset objects reloaded before import = 0Number of asset objects unloaded after import = 1

========================================================================
Received Import Request.
  Time since last request: 0.000026 seconds.
  path: Assets/Polygon Arsenal/Demo/Scenes/Interactive/PolySpawn.unity
  artifactKey: Guid(b81833debc75f714e9c357c68c3583f6) Importer(2089858483,192608db42251d675da83286b1cce702)
Start importing Assets/Polygon Arsenal/Demo/Scenes/Interactive/PolySpawn.unity using Guid(b81833debc75f714e9c357c68c3583f6) Importer(2089858483,192608db42251d675da83286b1cce702) (ScriptedImporter) -> (artifact id: '2f21353e0e34a7bf776c2d18cebc72fc') in 0.0126915 seconds
Number of updated asset objects reloaded before import = 0Number of asset objects unloaded after import = 1

========================================================================
Received Import Request.
  Time since last request: 0.000030 seconds.
  path: Assets/Polygon Arsenal/Materials/Misc/Grenades/GrenadeBlue.mat
  artifactKey: Guid(c453aed48a2d8ca4bb6d4c13ff4f0fb0) Importer(2089858483,192608db42251d675da83286b1cce702)
Start importing Assets/Polygon Arsenal/Materials/Misc/Grenades/GrenadeBlue.mat using Guid(c453aed48a2d8ca4bb6d4c13ff4f0fb0) Importer(2089858483,192608db42251d675da83286b1cce702) (ScriptedImporter) -> (artifact id: '14685b896d0a2b252052a56313a9be05') in 0.0141778 seconds
Number of updated asset objects reloaded before import = 0Number of asset objects unloaded after import = 2

========================================================================
Received Import Request.
  Time since last request: 0.000052 seconds.
  path: Assets/Polygon Arsenal/Demo/Scenes/Combat/PolySpikes2.unity
  artifactKey: Guid(64a60b144616b7b4b9a4c3e41bccd686) Importer(2089858483,192608db42251d675da83286b1cce702)
Start importing Assets/Polygon Arsenal/Demo/Scenes/Combat/PolySpikes2.unity using Guid(64a60b144616b7b4b9a4c3e41bccd686) Importer(2089858483,192608db42251d675da83286b1cce702) (ScriptedImporter) -> (artifact id: 'ffe52406e76ad876521343703a95c951') in 0.0139175 seconds
Number of updated asset objects reloaded before import = 0Number of asset objects unloaded after import = 1

========================================================================
Received Import Request.
  Time since last request: 0.000033 seconds.
  path: Assets/Polygon Arsenal/Demo/Scenes/Combat/PolyEnchant.unity
  artifactKey: Guid(c43644689fc2bd74baf2130037176173) Importer(2089858483,192608db42251d675da83286b1cce702)
Start importing Assets/Polygon Arsenal/Demo/Scenes/Combat/PolyEnchant.unity using Guid(c43644689fc2bd74baf2130037176173) Importer(2089858483,192608db42251d675da83286b1cce702) (ScriptedImporter) -> (artifact id: '5ce81efea91a73754221b7bfa2b93fb6') in 0.0144796 seconds
Number of updated asset objects reloaded before import = 0Number of asset objects unloaded after import = 1

========================================================================
Received Import Request.
  Time since last request: 0.000031 seconds.
  path: Assets/Polygon Arsenal/Demo/Scenes/- Misc/xPolyLibrary.unity
  artifactKey: Guid(ff81faf19af0d3b45b70ca3fed210bf7) Importer(2089858483,192608db42251d675da83286b1cce702)
Start importing Assets/Polygon Arsenal/Demo/Scenes/- Misc/xPolyLibrary.unity using Guid(ff81faf19af0d3b45b70ca3fed210bf7) Importer(2089858483,192608db42251d675da83286b1cce702) (ScriptedImporter) -> (artifact id: '3c8a9bb276386822c0927ce6560ff612') in 0.0827222 seconds
Number of updated asset objects reloaded before import = 0Number of asset objects unloaded after import = 1

========================================================================
Received Import Request.
  Time since last request: 0.000037 seconds.
  path: Assets/Polygon Arsenal/Prefabs/Combat/Cleave/CleaveFire.prefab
  artifactKey: Guid(46660d7c20f9b264084e19daa4b93b1e) Importer(2089858483,192608db42251d675da83286b1cce702)
Start importing Assets/Polygon Arsenal/Prefabs/Combat/Cleave/CleaveFire.prefab using Guid(46660d7c20f9b264084e19daa4b93b1e) Importer(2089858483,192608db42251d675da83286b1cce702) (ScriptedImporter) -> (artifact id: 'a54c45e4c5ec3a1c869748bd50c822df') in 0.113489 seconds
Number of updated asset objects reloaded before import = 0Number of asset objects unloaded after import = 20

========================================================================
Received Import Request.
  Time since last request: 0.000049 seconds.
  path: Assets/Polygon Arsenal/Demo/Scenes/Combat/PolyNova.unity
  artifactKey: Guid(854df391496826b4493124d6250f3bb6) Importer(2089858483,192608db42251d675da83286b1cce702)
Start importing Assets/Polygon Arsenal/Demo/Scenes/Combat/PolyNova.unity using Guid(854df391496826b4493124d6250f3bb6) Importer(2089858483,192608db42251d675da83286b1cce702) (ScriptedImporter) -> (artifact id: '68bec8b305a8715ef163146f8c330b77') in 0.0138404 seconds
Number of updated asset objects reloaded before import = 0Number of asset objects unloaded after import = 1

========================================================================
Received Import Request.
  Time since last request: 0.000036 seconds.
  path: Assets/Polygon Arsenal/Demo/Missile Prefabs/Crystal/DarkMissileOBJ.prefab
  artifactKey: Guid(56db2ae6f1a69204ab381be283d516f7) Importer(2089858483,192608db42251d675da83286b1cce702)
Start importing Assets/Polygon Arsenal/Demo/Missile Prefabs/Crystal/DarkMissileOBJ.prefab using Guid(56db2ae6f1a69204ab381be283d516f7) Importer(2089858483,192608db42251d675da83286b1cce702) (ScriptedImporter) -> (artifact id: '118caffb227e078f186afd40e6de3e5b') in 0.0475927 seconds
Number of updated asset objects reloaded before import = 0Number of asset objects unloaded after import = 69

========================================================================
Received Import Request.
  Time since last request: 0.000032 seconds.
  path: Assets/Polygon Arsenal/Demo/Scenes/- Misc/xPolyColorVariations.unity
  artifactKey: Guid(fc553d8daac7b78419cb5402985d8305) Importer(2089858483,192608db42251d675da83286b1cce702)
Start importing Assets/Polygon Arsenal/Demo/Scenes/- Misc/xPolyColorVariations.unity using Guid(fc553d8daac7b78419cb5402985d8305) Importer(2089858483,192608db42251d675da83286b1cce702) (ScriptedImporter) -> (artifact id: 'a3a5e34c7b73e920a5cd3d46a833e0dd') in 0.0447322 seconds
Number of updated asset objects reloaded before import = 0Number of asset objects unloaded after import = 1

========================================================================
Received Import Request.
  Time since last request: 0.000039 seconds.
  path: Assets/Polygon Arsenal/Demo/Missile Prefabs/Grenade/GrenadePinkOBJ.prefab
  artifactKey: Guid(41b67501fe6939c489aaf924d71ffdea) Importer(2089858483,192608db42251d675da83286b1cce702)
Start importing Assets/Polygon Arsenal/Demo/Missile Prefabs/Grenade/GrenadePinkOBJ.prefab using Guid(41b67501fe6939c489aaf924d71ffdea) Importer(2089858483,192608db42251d675da83286b1cce702) (ScriptedImporter) -> (artifact id: 'f6325e4502e016cb13e3570dc19f8319') in 0.0500605 seconds
Number of updated asset objects reloaded before import = 0Number of asset objects unloaded after import = 74

========================================================================
Received Import Request.
  Time since last request: 0.000053 seconds.
  path: Assets/Online_FPS_TPS_KIT/Scripts/WeaponScripts/WeaponSight/WeaponSight_hangler.cs
  artifactKey: Guid(c6e40bdf894cd0849b99519acf3d829b) Importer(2089858483,192608db42251d675da83286b1cce702)
Start importing Assets/Online_FPS_TPS_KIT/Scripts/WeaponScripts/WeaponSight/WeaponSight_hangler.cs using Guid(c6e40bdf894cd0849b99519acf3d829b) Importer(2089858483,192608db42251d675da83286b1cce702) (ScriptedImporter) -> (artifact id: '4b5dcb42547ce1033437e0eac88d006b') in 0.0073184 seconds
Number of updated asset objects reloaded before import = 0Number of asset objects unloaded after import = 0

========================================================================
Received Import Request.
  Time since last request: 0.000026 seconds.
  path: Assets/Polygon Arsenal/Demo/Scenes/Combat/PolyGore.unity
  artifactKey: Guid(dc829c6d0f74b90438094a75fdcb1066) Importer(2089858483,192608db42251d675da83286b1cce702)
Start importing Assets/Polygon Arsenal/Demo/Scenes/Combat/PolyGore.unity using Guid(dc829c6d0f74b90438094a75fdcb1066) Importer(2089858483,192608db42251d675da83286b1cce702) (ScriptedImporter) -> (artifact id: '4273c6aa2873f73837360d5f6b9a56b1') in 0.0136522 seconds
Number of updated asset objects reloaded before import = 0Number of asset objects unloaded after import = 1

========================================================================
Received Import Request.
  Time since last request: 0.000024 seconds.
  path: Assets/Polygon Arsenal/Demo/Missile Prefabs/Antimatter/AntiMatterMissileGreenOBJ.prefab
  artifactKey: Guid(ee3424f8760f4fd4db01a795a2284574) Importer(2089858483,192608db42251d675da83286b1cce702)
Start importing Assets/Polygon Arsenal/Demo/Missile Prefabs/Antimatter/AntiMatterMissileGreenOBJ.prefab using Guid(ee3424f8760f4fd4db01a795a2284574) Importer(2089858483,192608db42251d675da83286b1cce702) (ScriptedImporter) -> (artifact id: '2d0e2f991da1479cdbe58211d3626f21') in 0.0396124 seconds
Number of updated asset objects reloaded before import = 0Number of asset objects unloaded after import = 85

========================================================================
Received Import Request.
  Time since last request: 0.000061 seconds.
  path: Assets/Polygon Arsenal/Demo/Missile Prefabs/Spike/SpikePinkOBJ.prefab
  artifactKey: Guid(6b355157afb3b634a90d12260127f602) Importer(2089858483,192608db42251d675da83286b1cce702)
Start importing Assets/Polygon Arsenal/Demo/Missile Prefabs/Spike/SpikePinkOBJ.prefab using Guid(6b355157afb3b634a90d12260127f602) Importer(2089858483,192608db42251d675da83286b1cce702) (ScriptedImporter) -> (artifact id: 'ef8d841241f9aab779ba529db710a7d0') in 0.0470794 seconds
Number of updated asset objects reloaded before import = 0Number of asset objects unloaded after import = 69

========================================================================
Received Import Request.
  Time since last request: 0.000051 seconds.
  path: Assets/Polygon Arsenal/Demo/Missile Prefabs/Grenade Utility/IncendiaryGrenadeOBJ.prefab
  artifactKey: Guid(dca5e0791a48ece49869ec46670e1d9d) Importer(2089858483,192608db42251d675da83286b1cce702)
Start importing Assets/Polygon Arsenal/Demo/Missile Prefabs/Grenade Utility/IncendiaryGrenadeOBJ.prefab using Guid(dca5e0791a48ece49869ec46670e1d9d) Importer(2089858483,192608db42251d675da83286b1cce702) (ScriptedImporter) -> (artifact id: '139f1981b7732945b616b2cf871ea440') in 0.1256921 seconds
Number of updated asset objects reloaded before import = 0Number of asset objects unloaded after import = 84

========================================================================
Received Import Request.
  Time since last request: 0.000051 seconds.
  path: Assets/Polygon Arsenal/Prefabs/Combat/Dash/DashPink.prefab
  artifactKey: Guid(96bdcb912d81d984c83562ccb5502fd4) Importer(2089858483,192608db42251d675da83286b1cce702)
Start importing Assets/Polygon Arsenal/Prefabs/Combat/Dash/DashPink.prefab using Guid(96bdcb912d81d984c83562ccb5502fd4) Importer(2089858483,192608db42251d675da83286b1cce702) (ScriptedImporter) -> (artifact id: '0ca9928572151921b66f5b8b94450ed4') in 0.1461521 seconds
Number of updated asset objects reloaded before import = 0Number of asset objects unloaded after import = 21

========================================================================
Received Import Request.
  Time since last request: 0.000038 seconds.
  path: Assets/Polygon Arsenal/Prefabs/Combat/Enchant/FireEnchant.prefab
  artifactKey: Guid(07dc03ec70ca9704eb355e3139e3af37) Importer(2089858483,192608db42251d675da83286b1cce702)
Start importing Assets/Polygon Arsenal/Prefabs/Combat/Enchant/FireEnchant.prefab using Guid(07dc03ec70ca9704eb355e3139e3af37) Importer(2089858483,192608db42251d675da83286b1cce702) (ScriptedImporter) -> (artifact id: 'c354e558be441719919bda01e9d06790') in 0.1348343 seconds
Number of updated asset objects reloaded before import = 0Number of asset objects unloaded after import = 20

========================================================================
Received Import Request.
  Time since last request: 0.000048 seconds.
  path: Assets/Polygon Arsenal/Prefabs/Environment/Dust/DustLightSource.prefab
  artifactKey: Guid(864ea99bde5bb864492b2955bd30d96d) Importer(2089858483,192608db42251d675da83286b1cce702)
Start importing Assets/Polygon Arsenal/Prefabs/Environment/Dust/DustLightSource.prefab using Guid(864ea99bde5bb864492b2955bd30d96d) Importer(2089858483,192608db42251d675da83286b1cce702) (ScriptedImporter) -> (artifact id: 'a45b5ffff1a686d552b81b95386fe9d6') in 0.12977 seconds
Number of updated asset objects reloaded before import = 0Number of asset objects unloaded after import = 12

========================================================================
Received Import Request.
  Time since last request: 0.000033 seconds.
  path: Assets/Polygon Arsenal/Prefabs/Combat/Entangle/EntangleVineSimple.prefab
  artifactKey: Guid(46c28e7fc0f402e4cb4caa3a7859d226) Importer(2089858483,192608db42251d675da83286b1cce702)
Start importing Assets/Polygon Arsenal/Prefabs/Combat/Entangle/EntangleVineSimple.prefab using Guid(46c28e7fc0f402e4cb4caa3a7859d226) Importer(2089858483,192608db42251d675da83286b1cce702) (ScriptedImporter) -> (artifact id: 'e8f3d41850ad7cdf2265031714a882df') in 0.1502487 seconds
Number of updated asset objects reloaded before import = 0Number of asset objects unloaded after import = 32

========================================================================
Received Import Request.
  Time since last request: 0.000047 seconds.
  path: Assets/Polygon Arsenal/Prefabs/Environment/Dust/DustRising.prefab
  artifactKey: Guid(b121ddde245d86544bc542b9cb9266bf) Importer(2089858483,192608db42251d675da83286b1cce702)
Start importing Assets/Polygon Arsenal/Prefabs/Environment/Dust/DustRising.prefab using Guid(b121ddde245d86544bc542b9cb9266bf) Importer(2089858483,192608db42251d675da83286b1cce702) (ScriptedImporter) -> (artifact id: 'ad7ec1912a0be939cb4ce5e44da959b3') in 0.1252081 seconds
Number of updated asset objects reloaded before import = 0Number of asset objects unloaded after import = 12

========================================================================
Received Import Request.
  Time since last request: 0.000053 seconds.
  path: Assets/Polygon Arsenal/Prefabs/Combat/Surface Impact/SurfaceImpactWood.prefab
  artifactKey: Guid(9d389d160290a5148a39bd81010b005d) Importer(2089858483,192608db42251d675da83286b1cce702)
Start importing Assets/Polygon Arsenal/Prefabs/Combat/Surface Impact/SurfaceImpactWood.prefab using Guid(9d389d160290a5148a39bd81010b005d) Importer(2089858483,192608db42251d675da83286b1cce702) (ScriptedImporter) -> (artifact id: '22c8e840f8d8a7d821f890f159eae1a3') in 0.1258258 seconds
Number of updated asset objects reloaded before import = 0Number of asset objects unloaded after import = 13

========================================================================
Received Import Request.
  Time since last request: 0.000027 seconds.
  path: Assets/Polygon Arsenal/Prefabs/Environment/Confetti/ConfettiCannon.prefab
  artifactKey: Guid(6c86c98ee5df44843a6717759307a5f7) Importer(2089858483,192608db42251d675da83286b1cce702)
Start importing Assets/Polygon Arsenal/Prefabs/Environment/Confetti/ConfettiCannon.prefab using Guid(6c86c98ee5df44843a6717759307a5f7) Importer(2089858483,192608db42251d675da83286b1cce702) (ScriptedImporter) -> (artifact id: '31c364e0625671864aafa1de3358025b') in 0.1116679 seconds
Number of updated asset objects reloaded before import = 0Number of asset objects unloaded after import = 26

========================================================================
Received Import Request.
  Time since last request: 0.000035 seconds.
  path: Assets/Polygon Arsenal/Prefabs/Combat/Death/DeathShadow.prefab
  artifactKey: Guid(05e83b04bef7fa54889fd6d5221474f7) Importer(2089858483,192608db42251d675da83286b1cce702)
Start importing Assets/Polygon Arsenal/Prefabs/Combat/Death/DeathShadow.prefab using Guid(05e83b04bef7fa54889fd6d5221474f7) Importer(2089858483,192608db42251d675da83286b1cce702) (ScriptedImporter) -> (artifact id: '5a909bdb81ca7dddbc7dfb35eb9892e4') in 0.1853199 seconds
Number of updated asset objects reloaded before import = 0Number of asset objects unloaded after import = 40

========================================================================
Received Import Request.
  Time since last request: 0.000110 seconds.
  path: Assets/Polygon Arsenal/Prefabs/Combat/Cleave/CleaveLife.prefab
  artifactKey: Guid(179dfe46b829e5a4f9e05b584e672772) Importer(2089858483,192608db42251d675da83286b1cce702)
Start importing Assets/Polygon Arsenal/Prefabs/Combat/Cleave/CleaveLife.prefab using Guid(179dfe46b829e5a4f9e05b584e672772) Importer(2089858483,192608db42251d675da83286b1cce702) (ScriptedImporter) -> (artifact id: 'aa5ac8cd4c28a3b34360924ebf289771') in 0.1697405 seconds
Number of updated asset objects reloaded before import = 0Number of asset objects unloaded after import = 15

========================================================================
Received Import Request.
  Time since last request: 0.000046 seconds.
  path: Assets/Polygon Arsenal/Prefabs/Combat/GroundSlam/GroundSlamBlue.prefab
  artifactKey: Guid(49dca617664621d4dba68a005c1acd35) Importer(2089858483,192608db42251d675da83286b1cce702)
Start importing Assets/Polygon Arsenal/Prefabs/Combat/GroundSlam/GroundSlamBlue.prefab using Guid(49dca617664621d4dba68a005c1acd35) Importer(2089858483,192608db42251d675da83286b1cce702) (ScriptedImporter) -> (artifact id: '6bb9fe0d99d334de796ab7ee57e777ec') in 0.1988588 seconds
Number of updated asset objects reloaded before import = 0Number of asset objects unloaded after import = 35

========================================================================
Received Import Request.
  Time since last request: 0.000126 seconds.
  path: Assets/Polygon Arsenal/Prefabs/Combat/Dash/DashRed.prefab
  artifactKey: Guid(d629b10ab3d7c8e4db53f00ccd9b8af8) Importer(2089858483,192608db42251d675da83286b1cce702)
Start importing Assets/Polygon Arsenal/Prefabs/Combat/Dash/DashRed.prefab using Guid(d629b10ab3d7c8e4db53f00ccd9b8af8) Importer(2089858483,192608db42251d675da83286b1cce702) (ScriptedImporter) -> (artifact id: '095563e995339833a5fe93d1e11df624') in 0.1438663 seconds
Number of updated asset objects reloaded before import = 0Number of asset objects unloaded after import = 21

========================================================================
Received Import Request.
  Time since last request: 0.000043 seconds.
  path: Assets/Polygon Arsenal/Prefabs/Environment/Flies/Flies.prefab
  artifactKey: Guid(397be23542a9ba44285685abf0ef1fbf) Importer(2089858483,192608db42251d675da83286b1cce702)
Start importing Assets/Polygon Arsenal/Prefabs/Environment/Flies/Flies.prefab using Guid(397be23542a9ba44285685abf0ef1fbf) Importer(2089858483,192608db42251d675da83286b1cce702) (ScriptedImporter) -> (artifact id: '2d5c7c1a733fb1d5f6214a15dffcb44c') in 0.1224923 seconds
Number of updated asset objects reloaded before import = 0Number of asset objects unloaded after import = 12

========================================================================
Received Import Request.
  Time since last request: 0.000092 seconds.
  path: Assets/Polygon Arsenal/Prefabs/Environment/Tornado/LightningTornado.prefab
  artifactKey: Guid(345e3d10eb67cec4e9a68ec905e24c36) Importer(2089858483,192608db42251d675da83286b1cce702)
Start importing Assets/Polygon Arsenal/Prefabs/Environment/Tornado/LightningTornado.prefab using Guid(345e3d10eb67cec4e9a68ec905e24c36) Importer(2089858483,192608db42251d675da83286b1cce702) (ScriptedImporter) -> (artifact id: 'f63d53345befc4efebac063fc0ee282e') in 0.1669308 seconds
Number of updated asset objects reloaded before import = 0Number of asset objects unloaded after import = 40

========================================================================
Received Import Request.
  Time since last request: 0.000037 seconds.
  path: Assets/Polygon Arsenal/Prefabs/Environment/FloorTrap/FloorTrapBones.prefab
  artifactKey: Guid(e993f8f48ea0748469ea6beaf7b6c076) Importer(2089858483,192608db42251d675da83286b1cce702)
Start importing Assets/Polygon Arsenal/Prefabs/Environment/FloorTrap/FloorTrapBones.prefab using Guid(e993f8f48ea0748469ea6beaf7b6c076) Importer(2089858483,192608db42251d675da83286b1cce702) (ScriptedImporter) -> (artifact id: '44b514525492d8f1c1cc97d8012162bd') in 0.1974752 seconds
Number of updated asset objects reloaded before import = 0Number of asset objects unloaded after import = 37

========================================================================
Received Import Request.
  Time since last request: 0.000335 seconds.
  path: Assets/Polygon Arsenal/Prefabs/Combat/Surface Explosion/SurfaceExplosionGore.prefab
  artifactKey: Guid(cb034de192fc63c489a02fd4c843bfde) Importer(2089858483,192608db42251d675da83286b1cce702)
Start importing Assets/Polygon Arsenal/Prefabs/Combat/Surface Explosion/SurfaceExplosionGore.prefab using Guid(cb034de192fc63c489a02fd4c843bfde) Importer(2089858483,192608db42251d675da83286b1cce702) (ScriptedImporter) -> (artifact id: '689cba1c49be0222dc71d4811f14b24e') in 0.1464306 seconds
Number of updated asset objects reloaded before import = 0Number of asset objects unloaded after import = 25

========================================================================
Received Import Request.
  Time since last request: 0.000042 seconds.
  path: Assets/Polygon Arsenal/Prefabs/Combat/Death/DeathEvil.prefab
  artifactKey: Guid(7ae1d86c2db118940a3a5a8f8e59a43d) Importer(2089858483,192608db42251d675da83286b1cce702)
Start importing Assets/Polygon Arsenal/Prefabs/Combat/Death/DeathEvil.prefab using Guid(7ae1d86c2db118940a3a5a8f8e59a43d) Importer(2089858483,192608db42251d675da83286b1cce702) (ScriptedImporter) -> (artifact id: 'f3c53e840fac216acfc0d13158bf2571') in 0.1530956 seconds
Number of updated asset objects reloaded before import = 0Number of asset objects unloaded after import = 40

========================================================================
Received Import Request.
  Time since last request: 0.000095 seconds.
  path: Assets/Polygon Arsenal/Prefabs/Combat/Shield/ShieldGreen.prefab
  artifactKey: Guid(de4243f99a8e86b49b3ea9298b7c31d7) Importer(2089858483,192608db42251d675da83286b1cce702)
Start importing Assets/Polygon Arsenal/Prefabs/Combat/Shield/ShieldGreen.prefab using Guid(de4243f99a8e86b49b3ea9298b7c31d7) Importer(2089858483,192608db42251d675da83286b1cce702) (ScriptedImporter) -> (artifact id: '64bfc95a97cbcc15ac00e7e730d13c97') in 0.1314797 seconds
Number of updated asset objects reloaded before import = 0Number of asset objects unloaded after import = 25

========================================================================
Received Import Request.
  Time since last request: 0.000037 seconds.
  path: Assets/Polygon Arsenal/Prefabs/Combat/Enchant/FrostEnchant.prefab
  artifactKey: Guid(cbfeb88c1df97af458051ffcc97980d4) Importer(2089858483,192608db42251d675da83286b1cce702)
Start importing Assets/Polygon Arsenal/Prefabs/Combat/Enchant/FrostEnchant.prefab using Guid(cbfeb88c1df97af458051ffcc97980d4) Importer(2089858483,192608db42251d675da83286b1cce702) (ScriptedImporter) -> (artifact id: '0d8fe404c67c3ef63e341bc05928b773') in 0.1284247 seconds
Number of updated asset objects reloaded before import = 0Number of asset objects unloaded after import = 20

========================================================================
Received Import Request.
  Time since last request: 0.000046 seconds.
  path: Assets/Polygon Arsenal/Prefabs/Combat/GroundSlam/GroundSlamYellow.prefab
  artifactKey: Guid(429ff48304d4db946bd190220bdd0ffd) Importer(2089858483,192608db42251d675da83286b1cce702)
Start importing Assets/Polygon Arsenal/Prefabs/Combat/GroundSlam/GroundSlamYellow.prefab using Guid(429ff48304d4db946bd190220bdd0ffd) Importer(2089858483,192608db42251d675da83286b1cce702) (ScriptedImporter) -> (artifact id: '3ef7a3343db7a55ab4e6eeea407252be') in 0.1322799 seconds
Number of updated asset objects reloaded before import = 0Number of asset objects unloaded after import = 35

========================================================================
Received Import Request.
  Time since last request: 0.000057 seconds.
  path: Assets/Polygon Arsenal/Prefabs/Environment/Fairies/FairiesYellow.prefab
  artifactKey: Guid(df78e13a4fd188047a2edc472cf04f61) Importer(2089858483,192608db42251d675da83286b1cce702)
Start importing Assets/Polygon Arsenal/Prefabs/Environment/Fairies/FairiesYellow.prefab using Guid(df78e13a4fd188047a2edc472cf04f61) Importer(2089858483,192608db42251d675da83286b1cce702) (ScriptedImporter) -> (artifact id: '6e80c6a0f029c285d5c750dd9816763b') in 0.1140431 seconds
Number of updated asset objects reloaded before import = 0Number of asset objects unloaded after import = 20

========================================================================
Received Import Request.
  Time since last request: 0.000029 seconds.
  path: Assets/Polygon Arsenal/Prefabs/Combat/Enchant/HolyEnchant.prefab
  artifactKey: Guid(a4f4337cc571a3c4d9740ed5600c15d8) Importer(2089858483,192608db42251d675da83286b1cce702)
Start importing Assets/Polygon Arsenal/Prefabs/Combat/Enchant/HolyEnchant.prefab using Guid(a4f4337cc571a3c4d9740ed5600c15d8) Importer(2089858483,192608db42251d675da83286b1cce702) (ScriptedImporter) -> (artifact id: '7a521477ab54172bff8fe3cebb3c4a9e') in 0.1045372 seconds
Number of updated asset objects reloaded before import = 0Number of asset objects unloaded after import = 16

========================================================================
Received Import Request.
  Time since last request: 0.000038 seconds.
  path: Assets/Polygon Arsenal/Prefabs/Combat/Surface Explosion/SurfaceExplosionGlass.prefab
  artifactKey: Guid(ca6a3dfe9f9baa14bae9a34b09f2c1c0) Importer(2089858483,192608db42251d675da83286b1cce702)
Start importing Assets/Polygon Arsenal/Prefabs/Combat/Surface Explosion/SurfaceExplosionGlass.prefab using Guid(ca6a3dfe9f9baa14bae9a34b09f2c1c0) Importer(2089858483,192608db42251d675da83286b1cce702) (ScriptedImporter) -> (artifact id: 'deb533344bdfa996c7a8f3a24ded1250') in 0.1019804 seconds
Number of updated asset objects reloaded before import = 0Number of asset objects unloaded after import = 17

========================================================================
Received Import Request.
  Time since last request: 0.000052 seconds.
  path: Assets/Polygon Arsenal/Prefabs/Interactive/Sparkle/SparkleGreen.prefab
  artifactKey: Guid(85489c66bdcfb5c4592f9e0c9a2c3434) Importer(2089858483,192608db42251d675da83286b1cce702)
Start importing Assets/Polygon Arsenal/Prefabs/Interactive/Sparkle/SparkleGreen.prefab using Guid(85489c66bdcfb5c4592f9e0c9a2c3434) Importer(2089858483,192608db42251d675da83286b1cce702) (ScriptedImporter) -> (artifact id: '45a993a79eaafad473bbb93273108f7a') in 0.0974439 seconds
Number of updated asset objects reloaded before import = 0Number of asset objects unloaded after import = 12

========================================================================
Received Import Request.
  Time since last request: 0.000038 seconds.
  path: Assets/Polygon Arsenal/Prefabs/Interactive/Sparkle/SparkleRed.prefab
  artifactKey: Guid(149d1deb5e075474a8adb75af2ea44fb) Importer(2089858483,192608db42251d675da83286b1cce702)
Start importing Assets/Polygon Arsenal/Prefabs/Interactive/Sparkle/SparkleRed.prefab using Guid(149d1deb5e075474a8adb75af2ea44fb) Importer(2089858483,192608db42251d675da83286b1cce702) (ScriptedImporter) -> (artifact id: 'da98277a0c6eabdf008949c924bcc114') in 0.1054059 seconds
Number of updated asset objects reloaded before import = 0Number of asset objects unloaded after import = 12

========================================================================
Received Import Request.
  Time since last request: 0.000042 seconds.
  path: Assets/Polygon Arsenal/Prefabs/Interactive/Mining/StoneSilverExplosion.prefab
  artifactKey: Guid(7e1990c657130d94ca5586c5f4abd614) Importer(2089858483,192608db42251d675da83286b1cce702)
Start importing Assets/Polygon Arsenal/Prefabs/Interactive/Mining/StoneSilverExplosion.prefab using Guid(7e1990c657130d94ca5586c5f4abd614) Importer(2089858483,192608db42251d675da83286b1cce702) (ScriptedImporter) -> (artifact id: '528a351b2f7996aec9325c7e89119de0') in 0.1022395 seconds
Number of updated asset objects reloaded before import = 0Number of asset objects unloaded after import = 21

========================================================================
Received Import Request.
  Time since last request: 0.000050 seconds.
  path: Assets/Polygon Arsenal/Prefabs/Combat/Entangle/EntangleVine.prefab
  artifactKey: Guid(47979636eddea1c45b4e0950f37b3cf6) Importer(2089858483,192608db42251d675da83286b1cce702)
Start importing Assets/Polygon Arsenal/Prefabs/Combat/Entangle/EntangleVine.prefab using Guid(47979636eddea1c45b4e0950f37b3cf6) Importer(2089858483,192608db42251d675da83286b1cce702) (ScriptedImporter) -> (artifact id: '8054477d85d7692854eabe15f3dda7b7') in 0.0979638 seconds
Number of updated asset objects reloaded before import = 0Number of asset objects unloaded after import = 26

========================================================================
Received Import Request.
  Time since last request: 0.000031 seconds.
  path: Assets/Polygon Arsenal/Prefabs/Environment/Dust/DustWindy.prefab
  artifactKey: Guid(d4c794149e1572844af2f6c53a99ae83) Importer(2089858483,192608db42251d675da83286b1cce702)
Start importing Assets/Polygon Arsenal/Prefabs/Environment/Dust/DustWindy.prefab using Guid(d4c794149e1572844af2f6c53a99ae83) Importer(2089858483,192608db42251d675da83286b1cce702) (ScriptedImporter) -> (artifact id: '9ce28e2f5beb736ac1d90e1fe60b6582') in 0.126826 seconds
Number of updated asset objects reloaded before import = 0Number of asset objects unloaded after import = 12

========================================================================
Received Import Request.
  Time since last request: 0.000042 seconds.
  path: Assets/Polygon Arsenal/Materials/Rimlight/Transparent/PolyBubbleWater.mat
  artifactKey: Guid(977f4281502b78d499a337519e21f97a) Importer(2089858483,192608db42251d675da83286b1cce702)
Start importing Assets/Polygon Arsenal/Materials/Rimlight/Transparent/PolyBubbleWater.mat using Guid(977f4281502b78d499a337519e21f97a) Importer(2089858483,192608db42251d675da83286b1cce702) (ScriptedImporter) -> (artifact id: '32ece188d2c90bed189cb979710d2595') in 0.0155977 seconds
Number of updated asset objects reloaded before import = 0Number of asset objects unloaded after import = 1

========================================================================
Received Import Request.
  Time since last request: 0.000062 seconds.
  path: Assets/Polygon Arsenal/Prefabs/Combat/Orbital Beam/OrbitalBeamPink.prefab
  artifactKey: Guid(f8b5e5551531bd541aa9af6a8181ad97) Importer(2089858483,192608db42251d675da83286b1cce702)
Start importing Assets/Polygon Arsenal/Prefabs/Combat/Orbital Beam/OrbitalBeamPink.prefab using Guid(f8b5e5551531bd541aa9af6a8181ad97) Importer(2089858483,192608db42251d675da83286b1cce702) (ScriptedImporter) -> (artifact id: '778ae852898af70687d57cf847901624') in 0.1107347 seconds
Number of updated asset objects reloaded before import = 0Number of asset objects unloaded after import = 43

========================================================================
Received Import Request.
  Time since last request: 0.000032 seconds.
  path: Assets/Polygon Arsenal/Demo/Missile Prefabs/Lightning/LightningMissileYellowOBJ.prefab
  artifactKey: Guid(c52ce9dd00e6aae439832473f8ef2c02) Importer(2089858483,192608db42251d675da83286b1cce702)
Start importing Assets/Polygon Arsenal/Demo/Missile Prefabs/Lightning/LightningMissileYellowOBJ.prefab using Guid(c52ce9dd00e6aae439832473f8ef2c02) Importer(2089858483,192608db42251d675da83286b1cce702) (ScriptedImporter) -> (artifact id: 'b413f4a1729458e656b6c2d7addfd182') in 0.0558662 seconds
Number of updated asset objects reloaded before import = 0Number of asset objects unloaded after import = 61

========================================================================
Received Import Request.
  Time since last request: 0.000041 seconds.
  path: Assets/Polygon Arsenal/Demo/Materials/SurfaceTypes/PA_gore.mat
  artifactKey: Guid(c9464a29d1a7bc14e8a74f5de163313f) Importer(2089858483,192608db42251d675da83286b1cce702)
Start importing Assets/Polygon Arsenal/Demo/Materials/SurfaceTypes/PA_gore.mat using Guid(c9464a29d1a7bc14e8a74f5de163313f) Importer(2089858483,192608db42251d675da83286b1cce702) (ScriptedImporter) -> (artifact id: '6b0a6c4568d2fcfc0985a65bc1c0666d') in 0.0240331 seconds
Number of updated asset objects reloaded before import = 0Number of asset objects unloaded after import = 2

========================================================================
Received Import Request.
  Time since last request: 0.000058 seconds.
  path: Assets/Polygon Arsenal/Demo/Missile Prefabs/Bullet/BulletRedOBJ.prefab
  artifactKey: Guid(38645924c6d515e48acacfa8eb5b1885) Importer(2089858483,192608db42251d675da83286b1cce702)
Start importing Assets/Polygon Arsenal/Demo/Missile Prefabs/Bullet/BulletRedOBJ.prefab using Guid(38645924c6d515e48acacfa8eb5b1885) Importer(2089858483,192608db42251d675da83286b1cce702) (ScriptedImporter) -> (artifact id: '026bfb08d3ebaf4fec17956a9e88c578') in 0.0490395 seconds
Number of updated asset objects reloaded before import = 0Number of asset objects unloaded after import = 74

========================================================================
Received Import Request.
  Time since last request: 0.000034 seconds.
  path: Assets/Polygon Arsenal/Prefabs/Combat/Enchant/WaterEnchant.prefab
  artifactKey: Guid(4cb7871c5d39ff249a77205fd7ff2370) Importer(2089858483,192608db42251d675da83286b1cce702)
Start importing Assets/Polygon Arsenal/Prefabs/Combat/Enchant/WaterEnchant.prefab using Guid(4cb7871c5d39ff249a77205fd7ff2370) Importer(2089858483,192608db42251d675da83286b1cce702) (ScriptedImporter) -> (artifact id: '247d79fd36cb134e8a6f1939aed2ab96') in 0.089436 seconds
Number of updated asset objects reloaded before import = 0Number of asset objects unloaded after import = 16

========================================================================
Received Import Request.
  Time since last request: 0.000043 seconds.
  path: Assets/Polygon Arsenal/Demo/Scenes/Combat/PolyCleave.unity
  artifactKey: Guid(972c2ef1fd537864f999a420385e987a) Importer(2089858483,192608db42251d675da83286b1cce702)
Start importing Assets/Polygon Arsenal/Demo/Scenes/Combat/PolyCleave.unity using Guid(972c2ef1fd537864f999a420385e987a) Importer(2089858483,192608db42251d675da83286b1cce702) (ScriptedImporter) -> (artifact id: 'f6f8a1a33008a0d7e876b63e7c085925') in 0.0125518 seconds
Number of updated asset objects reloaded before import = 0Number of asset objects unloaded after import = 1

========================================================================
Received Import Request.
  Time since last request: 0.000051 seconds.
  path: Assets/Polygon Arsenal/Demo/Missile Prefabs/Crystal/EmeraldMissileOBJ.prefab
  artifactKey: Guid(195d20cb7a7aa1e4d920d71a4843736c) Importer(2089858483,192608db42251d675da83286b1cce702)
Start importing Assets/Polygon Arsenal/Demo/Missile Prefabs/Crystal/EmeraldMissileOBJ.prefab using Guid(195d20cb7a7aa1e4d920d71a4843736c) Importer(2089858483,192608db42251d675da83286b1cce702) (ScriptedImporter) -> (artifact id: '8d9e5cad0c66f98ca7d37f201048e210') in 0.0487973 seconds
Number of updated asset objects reloaded before import = 0Number of asset objects unloaded after import = 69

========================================================================
Received Import Request.
  Time since last request: 0.000026 seconds.
  path: Assets/Polygon Arsenal/Prefabs/Combat/Buff/BuffPink.prefab
  artifactKey: Guid(c5be4d9f501736c4e8d32553f4a316b6) Importer(2089858483,192608db42251d675da83286b1cce702)
Start importing Assets/Polygon Arsenal/Prefabs/Combat/Buff/BuffPink.prefab using Guid(c5be4d9f501736c4e8d32553f4a316b6) Importer(2089858483,192608db42251d675da83286b1cce702) (ScriptedImporter) -> (artifact id: 'e6df514a54271831e225c7eded4363e9') in 0.0994839 seconds
Number of updated asset objects reloaded before import = 0Number of asset objects unloaded after import = 20

========================================================================
Received Import Request.
  Time since last request: 0.000038 seconds.
  path: Assets/Polygon Arsenal/Prefabs/Combat/Death/DeathLightning.prefab
  artifactKey: Guid(f5933e79cbb33c14cadcc4d779aa4245) Importer(2089858483,192608db42251d675da83286b1cce702)
Start importing Assets/Polygon Arsenal/Prefabs/Combat/Death/DeathLightning.prefab using Guid(f5933e79cbb33c14cadcc4d779aa4245) Importer(2089858483,192608db42251d675da83286b1cce702) (ScriptedImporter) -> (artifact id: '0e43ea8e5e5279e68cb205c80bbbddc9') in 0.1232989 seconds
Number of updated asset objects reloaded before import = 0Number of asset objects unloaded after import = 48

========================================================================
Received Import Request.
  Time since last request: 0.000046 seconds.
  path: Assets/Polygon Arsenal/Demo/Missile Prefabs/Skull/SkullMissilePinkOBJ.prefab
  artifactKey: Guid(f163aa257be9cf24a9758e18ea6eae44) Importer(2089858483,192608db42251d675da83286b1cce702)
Start importing Assets/Polygon Arsenal/Demo/Missile Prefabs/Skull/SkullMissilePinkOBJ.prefab using Guid(f163aa257be9cf24a9758e18ea6eae44) Importer(2089858483,192608db42251d675da83286b1cce702) (ScriptedImporter) -> (artifact id: '324bb679cfe63f3b893748fe89d9389e') in 0.0661866 seconds
Number of updated asset objects reloaded before import = 0Number of asset objects unloaded after import = 65

========================================================================
Received Import Request.
  Time since last request: 0.000041 seconds.
  path: Assets/Polygon Arsenal/Prefabs/Environment/Weather/LeavesBlowing02.prefab
  artifactKey: Guid(355c3fa0c253d5d47a108b5a7e84f11b) Importer(2089858483,192608db42251d675da83286b1cce702)
Start importing Assets/Polygon Arsenal/Prefabs/Environment/Weather/LeavesBlowing02.prefab using Guid(355c3fa0c253d5d47a108b5a7e84f11b) Importer(2089858483,192608db42251d675da83286b1cce702) (ScriptedImporter) -> (artifact id: '266ec7bc660d7f56a61f958e8410bf38') in 0.1026647 seconds
Number of updated asset objects reloaded before import = 0Number of asset objects unloaded after import = 12

========================================================================
Received Import Request.
  Time since last request: 0.000032 seconds.
  path: Assets/Polygon Arsenal/Sound/Prefabs/Explosions/PolyLightningExplosionSND.prefab
  artifactKey: Guid(7ef82084af5ffe64291f9a7a64a52277) Importer(2089858483,192608db42251d675da83286b1cce702)
Start importing Assets/Polygon Arsenal/Sound/Prefabs/Explosions/PolyLightningExplosionSND.prefab using Guid(7ef82084af5ffe64291f9a7a64a52277) Importer(2089858483,192608db42251d675da83286b1cce702) (ScriptedImporter) -> (artifact id: '4f7eec6bf396fca45b1959e8502701d8') in 0.0258407 seconds
Number of updated asset objects reloaded before import = 0Number of asset objects unloaded after import = 6

========================================================================
Received Import Request.
  Time since last request: 0.000059 seconds.
  path: Assets/PolygonSciFiSpace/Models/Collision/Convex/SM_Bld_Bridge_Console_01_Convex 3.asset
  artifactKey: Guid(4a60343d5b6c0304daca131b959b2d2b) Importer(2089858483,192608db42251d675da83286b1cce702)
Start importing Assets/PolygonSciFiSpace/Models/Collision/Convex/SM_Bld_Bridge_Console_01_Convex 3.asset using Guid(4a60343d5b6c0304daca131b959b2d2b) Importer(2089858483,192608db42251d675da83286b1cce702) (ScriptedImporter) -> (artifact id: '777e731a9c4fa9f1ee0d9f7d8f49642e') in 0.0169372 seconds
Number of updated asset objects reloaded before import = 0Number of asset objects unloaded after import = 6

========================================================================
Received Import Request.
  Time since last request: 0.000032 seconds.
  path: Assets/PolygonSciFiSpace/Models/Collision/Convex/SM_Bld_Bridge_Console_01_Convex 4.asset
  artifactKey: Guid(5727f08bd34023240af9ed31fe60ab1f) Importer(2089858483,192608db42251d675da83286b1cce702)
Start importing Assets/PolygonSciFiSpace/Models/Collision/Convex/SM_Bld_Bridge_Console_01_Convex 4.asset using Guid(5727f08bd34023240af9ed31fe60ab1f) Importer(2089858483,192608db42251d675da83286b1cce702) (ScriptedImporter) -> (artifact id: 'd3ef372af4b333a8cd47efc11252884b') in 0.0233216 seconds
Number of updated asset objects reloaded before import = 0Number of asset objects unloaded after import = 6

========================================================================
Received Import Request.
  Time since last request: 0.000025 seconds.
  path: Assets/Polygon Arsenal/Sound/Prefabs/Missile/PolyLightningMissileSND.prefab
  artifactKey: Guid(5688e2c326ca8d341beb40d43f1eb92d) Importer(2089858483,192608db42251d675da83286b1cce702)
Start importing Assets/Polygon Arsenal/Sound/Prefabs/Missile/PolyLightningMissileSND.prefab using Guid(5688e2c326ca8d341beb40d43f1eb92d) Importer(2089858483,192608db42251d675da83286b1cce702) (ScriptedImporter) -> (artifact id: 'add8c77ed3348b07fe922c56684c4c67') in 0.0383046 seconds
Number of updated asset objects reloaded before import = 0Number of asset objects unloaded after import = 6

========================================================================
Received Import Request.
  Time since last request: 0.000031 seconds.
  path: Assets/PolygonSciFiSpace/Models/Collision/Convex/SM_Bld_Bridge_Console_Corner_02_Convex.asset
  artifactKey: Guid(ad0dbc4805631c443b725910fc8d366e) Importer(2089858483,192608db42251d675da83286b1cce702)
Start importing Assets/PolygonSciFiSpace/Models/Collision/Convex/SM_Bld_Bridge_Console_Corner_02_Convex.asset using Guid(ad0dbc4805631c443b725910fc8d366e) Importer(2089858483,192608db42251d675da83286b1cce702) (ScriptedImporter) -> (artifact id: 'acf2a1e7a4fa3ae5935b49fe7f1ece49') in 0.0117803 seconds
Number of updated asset objects reloaded before import = 0Number of asset objects unloaded after import = 1

========================================================================
Received Import Request.
  Time since last request: 0.000057 seconds.
  path: Assets/Polygon Arsenal/Sound/Prefabs/Explosions/PolyShadowExplosionSND.prefab
  artifactKey: Guid(a2c4f37ca2208fb40b00d3e1df6f0e4f) Importer(2089858483,192608db42251d675da83286b1cce702)
Start importing Assets/Polygon Arsenal/Sound/Prefabs/Explosions/PolyShadowExplosionSND.prefab using Guid(a2c4f37ca2208fb40b00d3e1df6f0e4f) Importer(2089858483,192608db42251d675da83286b1cce702) (ScriptedImporter) -> (artifact id: '924378d9b28eb3917ffcc4602d3ca15d') in 0.0265884 seconds
Number of updated asset objects reloaded before import = 0Number of asset objects unloaded after import = 6

========================================================================
Received Import Request.
  Time since last request: 0.000030 seconds.
  path: Assets/FishNet/Runtime/Object/NetworkBehaviour/NetworkBehaviour.RPCLinks.cs
  artifactKey: Guid(7136e9ee3f7eee44abab09285ab7b939) Importer(2089858483,192608db42251d675da83286b1cce702)
Start importing Assets/FishNet/Runtime/Object/NetworkBehaviour/NetworkBehaviour.RPCLinks.cs using Guid(7136e9ee3f7eee44abab09285ab7b939) Importer(2089858483,192608db42251d675da83286b1cce702) (ScriptedImporter) -> (artifact id: '43725bc87aed72339c96f34063b48f89') in 0.0093782 seconds
Number of updated asset objects reloaded before import = 0Number of asset objects unloaded after import = 0

========================================================================
Received Import Request.
  Time since last request: 0.000025 seconds.
  path: Assets/Polygon Arsenal/Demo/Scenes/Environment/PolyFire.unity
  artifactKey: Guid(5c9798ff9dc798846beab7f82d369c69) Importer(2089858483,192608db42251d675da83286b1cce702)
Start importing Assets/Polygon Arsenal/Demo/Scenes/Environment/PolyFire.unity using Guid(5c9798ff9dc798846beab7f82d369c69) Importer(2089858483,192608db42251d675da83286b1cce702) (ScriptedImporter) -> (artifact id: 'bfffc6152f1bd3ec1366cbf8bda19314') in 0.0141491 seconds
Number of updated asset objects reloaded before import = 0Number of asset objects unloaded after import = 1

========================================================================
Received Import Request.
  Time since last request: 0.000076 seconds.
  path: Assets/Polygon Arsenal/Sound/Prefabs/Missile/PolySpikeMissileSND.prefab
  artifactKey: Guid(be8cc359a07ee7a49a0f1bc0d7767122) Importer(2089858483,192608db42251d675da83286b1cce702)
Start importing Assets/Polygon Arsenal/Sound/Prefabs/Missile/PolySpikeMissileSND.prefab using Guid(be8cc359a07ee7a49a0f1bc0d7767122) Importer(2089858483,192608db42251d675da83286b1cce702) (ScriptedImporter) -> (artifact id: '34ca0ad83d49d55f4c3f8bef239d5faf') in 0.0237923 seconds
Number of updated asset objects reloaded before import = 0Number of asset objects unloaded after import = 6

========================================================================
Received Import Request.
  Time since last request: 0.000043 seconds.
  path: Assets/PolygonSciFiSpace/Models/Collision/Convex/SM_Bld_Bridge_Console_02_Convex.asset
  artifactKey: Guid(2ee99552b0f48e84ba6a4102c68eb98a) Importer(2089858483,192608db42251d675da83286b1cce702)
Start importing Assets/PolygonSciFiSpace/Models/Collision/Convex/SM_Bld_Bridge_Console_02_Convex.asset using Guid(2ee99552b0f48e84ba6a4102c68eb98a) Importer(2089858483,192608db42251d675da83286b1cce702) (ScriptedImporter) -> (artifact id: '49ab8c1122b13df27878c2b360ca04ad') in 0.0090442 seconds
Number of updated asset objects reloaded before import = 0Number of asset objects unloaded after import = 1

========================================================================
Received Import Request.
  Time since last request: 0.000028 seconds.
  path: Assets/Polygon Arsenal/Prefabs/Interactive/Checkpoint/CheckpointYellow.prefab
  artifactKey: Guid(d575c2c7f31a3cc4499837e0375086e4) Importer(2089858483,192608db42251d675da83286b1cce702)
Start importing Assets/Polygon Arsenal/Prefabs/Interactive/Checkpoint/CheckpointYellow.prefab using Guid(d575c2c7f31a3cc4499837e0375086e4) Importer(2089858483,192608db42251d675da83286b1cce702) (ScriptedImporter) -> (artifact id: '938cf913b0d926b4b1edaeeed9150cfb') in 0.1016373 seconds
Number of updated asset objects reloaded before import = 0Number of asset objects unloaded after import = 20

========================================================================
Received Import Request.
  Time since last request: 0.000042 seconds.
  path: Assets/Polygon Arsenal/Sound/Prefabs/Explosions/PolyNatureExplosionSND.prefab
  artifactKey: Guid(a3f8b7224da733e4e8347fe662a1be55) Importer(2089858483,192608db42251d675da83286b1cce702)
Start importing Assets/Polygon Arsenal/Sound/Prefabs/Explosions/PolyNatureExplosionSND.prefab using Guid(a3f8b7224da733e4e8347fe662a1be55) Importer(2089858483,192608db42251d675da83286b1cce702) (ScriptedImporter) -> (artifact id: '8e218b491c8d1d2b5dd4bca2ad3f62ef') in 0.0301323 seconds
Number of updated asset objects reloaded before import = 0Number of asset objects unloaded after import = 6

========================================================================
Received Import Request.
  Time since last request: 0.000061 seconds.
  path: Assets/Polygon Arsenal/Sound/Prefabs/Explosions/PolyFlashGrenadeExplosionSND.prefab
  artifactKey: Guid(a5454a3bd40ff7e4b9e27a68e3fc0c11) Importer(2089858483,192608db42251d675da83286b1cce702)
Start importing Assets/Polygon Arsenal/Sound/Prefabs/Explosions/PolyFlashGrenadeExplosionSND.prefab using Guid(a5454a3bd40ff7e4b9e27a68e3fc0c11) Importer(2089858483,192608db42251d675da83286b1cce702) (ScriptedImporter) -> (artifact id: '45dccc870bfed3d111977735169ed69a') in 0.0324774 seconds
Number of updated asset objects reloaded before import = 0Number of asset objects unloaded after import = 6

========================================================================
Received Import Request.
  Time since last request: 0.000036 seconds.
  path: Assets/PolygonSciFiSpace/Models/Collision/Convex/SM_Bld_Bridge_Console_Corner_02_Convex 2.asset
  artifactKey: Guid(f3fa6cdcb14b93e42a4daa702f6ddb2f) Importer(2089858483,192608db42251d675da83286b1cce702)
Start importing Assets/PolygonSciFiSpace/Models/Collision/Convex/SM_Bld_Bridge_Console_Corner_02_Convex 2.asset using Guid(f3fa6cdcb14b93e42a4daa702f6ddb2f) Importer(2089858483,192608db42251d675da83286b1cce702) (ScriptedImporter) -> (artifact id: 'f75c1714cc4495c0dd64125173091fcf') in 0.0207989 seconds
Number of updated asset objects reloaded before import = 0Number of asset objects unloaded after import = 4

========================================================================
Received Import Request.
  Time since last request: 0.000030 seconds.
  path: Assets/PolygonSciFiSpace/Models/Collision/Convex/SM_Bld_Bridge_Console_01_Convex 1.asset
  artifactKey: Guid(f997bca380825a345ad436bf3df274a5) Importer(2089858483,192608db42251d675da83286b1cce702)
Start importing Assets/PolygonSciFiSpace/Models/Collision/Convex/SM_Bld_Bridge_Console_01_Convex 1.asset using Guid(f997bca380825a345ad436bf3df274a5) Importer(2089858483,192608db42251d675da83286b1cce702) (ScriptedImporter) -> (artifact id: 'bea03571e773456aee994d1deb62b2d6') in 0.0165884 seconds
Number of updated asset objects reloaded before import = 0Number of asset objects unloaded after import = 2

========================================================================
Received Import Request.
  Time since last request: 0.000031 seconds.
  path: Assets/PolygonSciFiSpace/Models/Collision/Convex/SM_Bld_Bridge_Ceiling_01_Convex.asset
  artifactKey: Guid(cc6386c2a0d2a584488382f6082f74b9) Importer(2089858483,192608db42251d675da83286b1cce702)
Start importing Assets/PolygonSciFiSpace/Models/Collision/Convex/SM_Bld_Bridge_Ceiling_01_Convex.asset using Guid(cc6386c2a0d2a584488382f6082f74b9) Importer(2089858483,192608db42251d675da83286b1cce702) (ScriptedImporter) -> (artifact id: '68b1de2b4647676e0d94b65dba300f88') in 0.0123995 seconds
Number of updated asset objects reloaded before import = 0Number of asset objects unloaded after import = 1

========================================================================
Received Import Request.
  Time since last request: 0.000047 seconds.
  path: Assets/Polygon Arsenal/Prefabs/Interactive/Healing/HealLoop.prefab
  artifactKey: Guid(42544422015c35b4eb8bda8cbacaa387) Importer(2089858483,192608db42251d675da83286b1cce702)
Start importing Assets/Polygon Arsenal/Prefabs/Interactive/Healing/HealLoop.prefab using Guid(42544422015c35b4eb8bda8cbacaa387) Importer(2089858483,192608db42251d675da83286b1cce702) (ScriptedImporter) -> (artifact id: 'a6e251e4c5f79d8d6f303e4933c184ed') in 0.1106927 seconds
Number of updated asset objects reloaded before import = 0Number of asset objects unloaded after import = 25

========================================================================
Received Import Request.
  Time since last request: 0.000055 seconds.
  path: Assets/Polygon Arsenal/Sound/Prefabs/Missile/PolyIceBigMissileSND.prefab
  artifactKey: Guid(4c41838ab83801b40a6c32d55f29c98b) Importer(2089858483,192608db42251d675da83286b1cce702)
Start importing Assets/Polygon Arsenal/Sound/Prefabs/Missile/PolyIceBigMissileSND.prefab using Guid(4c41838ab83801b40a6c32d55f29c98b) Importer(2089858483,192608db42251d675da83286b1cce702) (ScriptedImporter) -> (artifact id: 'af2f37b7b8ca95842e9747c0f4b70214') in 0.0305811 seconds
Number of updated asset objects reloaded before import = 0Number of asset objects unloaded after import = 6

========================================================================
Received Import Request.
  Time since last request: 0.000045 seconds.
  path: Assets/Polygon Arsenal/Sound/Prefabs/Explosions/PolyBlackHoleExplosionSND.prefab
  artifactKey: Guid(b3c605644a3980b4aa760e7cb1da201b) Importer(2089858483,192608db42251d675da83286b1cce702)
Start importing Assets/Polygon Arsenal/Sound/Prefabs/Explosions/PolyBlackHoleExplosionSND.prefab using Guid(b3c605644a3980b4aa760e7cb1da201b) Importer(2089858483,192608db42251d675da83286b1cce702) (ScriptedImporter) -> (artifact id: 'f87711a8acfe5a4fdc8111aec003390e') in 0.0319137 seconds
Number of updated asset objects reloaded before import = 0Number of asset objects unloaded after import = 6

========================================================================
Received Import Request.
  Time since last request: 0.000049 seconds.
  path: Assets/Polygon Arsenal/Prefabs/Interactive/Mining/StoneRubyExplosion.prefab
  artifactKey: Guid(ebb990470c008a448ae79ed7c31dc0c4) Importer(2089858483,192608db42251d675da83286b1cce702)
Start importing Assets/Polygon Arsenal/Prefabs/Interactive/Mining/StoneRubyExplosion.prefab using Guid(ebb990470c008a448ae79ed7c31dc0c4) Importer(2089858483,192608db42251d675da83286b1cce702) (ScriptedImporter) -> (artifact id: '9b88aaa6eb2fe6e3634fedbf34e7ecae') in 0.1159658 seconds
Number of updated asset objects reloaded before import = 0Number of asset objects unloaded after import = 21

========================================================================
Received Import Request.
  Time since last request: 0.000040 seconds.
  path: Assets/PolygonSciFiSpace/Models/Collision/Convex/SM_Bld_Bridge_Console_02_Convex 4.asset
  artifactKey: Guid(2003e1f08396bf7439fd37acaad2bf69) Importer(2089858483,192608db42251d675da83286b1cce702)
Start importing Assets/PolygonSciFiSpace/Models/Collision/Convex/SM_Bld_Bridge_Console_02_Convex 4.asset using Guid(2003e1f08396bf7439fd37acaad2bf69) Importer(2089858483,192608db42251d675da83286b1cce702) (ScriptedImporter) -> (artifact id: 'fafece658d82da6918ab9292db09c7ce') in 0.0145905 seconds
Number of updated asset objects reloaded before import = 0Number of asset objects unloaded after import = 5

========================================================================
Received Import Request.
  Time since last request: 0.000039 seconds.
  path: Assets/Polygon Arsenal/Prefabs/Combat/Wall/WallWater.prefab
  artifactKey: Guid(874d90406570b704d9bb4aacea7f8a4b) Importer(2089858483,192608db42251d675da83286b1cce702)
Start importing Assets/Polygon Arsenal/Prefabs/Combat/Wall/WallWater.prefab using Guid(874d90406570b704d9bb4aacea7f8a4b) Importer(2089858483,192608db42251d675da83286b1cce702) (ScriptedImporter) -> (artifact id: '3a8d2cb7406f6f7bd2dcd768ad0d5d7b') in 0.1124132 seconds
Number of updated asset objects reloaded before import = 0Number of asset objects unloaded after import = 31

========================================================================
Received Import Request.
  Time since last request: 0.000042 seconds.
  path: Assets/PolygonSciFiSpace/Models/Collision/Convex/SM_Bld_Wall_Corner_Pillar_01_Convex 2.asset
  artifactKey: Guid(d900e7064da5cdd48b3c32e3fb6f947f) Importer(2089858483,192608db42251d675da83286b1cce702)
Start importing Assets/PolygonSciFiSpace/Models/Collision/Convex/SM_Bld_Wall_Corner_Pillar_01_Convex 2.asset using Guid(d900e7064da5cdd48b3c32e3fb6f947f) Importer(2089858483,192608db42251d675da83286b1cce702) (ScriptedImporter) -> (artifact id: '418c7847182a030eb6c30a3eba1042d3') in 0.0233833 seconds
Number of updated asset objects reloaded before import = 0Number of asset objects unloaded after import = 3

========================================================================
Received Import Request.
  Time since last request: 0.000022 seconds.
  path: Assets/PolygonSciFiSpace/Models/Collision/Convex/SM_Bld_Floor_010_Convex.asset
  artifactKey: Guid(82a789da6e8188840bd5e125bc2cb18b) Importer(2089858483,192608db42251d675da83286b1cce702)
Start importing Assets/PolygonSciFiSpace/Models/Collision/Convex/SM_Bld_Floor_010_Convex.asset using Guid(82a789da6e8188840bd5e125bc2cb18b) Importer(2089858483,192608db42251d675da83286b1cce702) (ScriptedImporter) -> (artifact id: 'e6d42eef626029a8c7b7b4dd1aea68a7') in 0.0089295 seconds
Number of updated asset objects reloaded before import = 0Number of asset objects unloaded after import = 1

========================================================================
Received Import Request.
  Time since last request: 0.000027 seconds.
  path: Assets/PolygonSciFiSpace/Models/Collision/Convex/SM_Bld_Crew_Beds_01_Convex.asset
  artifactKey: Guid(f202d0598f0881444b4fb8ecddf72bc7) Importer(2089858483,192608db42251d675da83286b1cce702)
Start importing Assets/PolygonSciFiSpace/Models/Collision/Convex/SM_Bld_Crew_Beds_01_Convex.asset using Guid(f202d0598f0881444b4fb8ecddf72bc7) Importer(2089858483,192608db42251d675da83286b1cce702) (ScriptedImporter) -> (artifact id: '375f8b2ce65e6e7766d479e4c6f4d44b') in 0.0101255 seconds
Number of updated asset objects reloaded before import = 0Number of asset objects unloaded after import = 1

========================================================================
Received Import Request.
  Time since last request: 0.000029 seconds.
  path: Assets/PolygonSciFiSpace/Models/Collision/Convex/SM_Bld_Crew_Blank_01_Convex.asset
  artifactKey: Guid(28500ded7e0b2cb4d8e905077ddfbd67) Importer(2089858483,192608db42251d675da83286b1cce702)
Start importing Assets/PolygonSciFiSpace/Models/Collision/Convex/SM_Bld_Crew_Blank_01_Convex.asset using Guid(28500ded7e0b2cb4d8e905077ddfbd67) Importer(2089858483,192608db42251d675da83286b1cce702) (ScriptedImporter) -> (artifact id: 'c4f49a4ed6bb8e63c4e7ebf32aea5db4') in 0.0089263 seconds
Number of updated asset objects reloaded before import = 0Number of asset objects unloaded after import = 1

========================================================================
Received Import Request.
  Time since last request: 0.000043 seconds.
  path: Assets/PolygonSciFiSpace/Models/Collision/Convex/SM_Bld_Floor_05_Convex.asset
  artifactKey: Guid(7adb0cb1e316db842b9ed9b48870e4f2) Importer(2089858483,192608db42251d675da83286b1cce702)
Start importing Assets/PolygonSciFiSpace/Models/Collision/Convex/SM_Bld_Floor_05_Convex.asset using Guid(7adb0cb1e316db842b9ed9b48870e4f2) Importer(2089858483,192608db42251d675da83286b1cce702) (ScriptedImporter) -> (artifact id: '64caa1d79cad8f9122f005f25cced0bb') in 0.0102785 seconds
Number of updated asset objects reloaded before import = 0Number of asset objects unloaded after import = 1

========================================================================
Received Import Request.
  Time since last request: 0.000031 seconds.
  path: Assets/PolygonSciFiSpace/Models/Collision/Convex/SM_Bld_Wall_01_Alt_Convex 1.asset
  artifactKey: Guid(48918206ed7c3f64eb5a35274d77ce87) Importer(2089858483,192608db42251d675da83286b1cce702)
Start importing Assets/PolygonSciFiSpace/Models/Collision/Convex/SM_Bld_Wall_01_Alt_Convex 1.asset using Guid(48918206ed7c3f64eb5a35274d77ce87) Importer(2089858483,192608db42251d675da83286b1cce702) (ScriptedImporter) -> (artifact id: 'fd3e9d48eb05447135df9c444b3eaa3b') in 0.0147269 seconds
Number of updated asset objects reloaded before import = 0Number of asset objects unloaded after import = 3

========================================================================
Received Import Request.
  Time since last request: 0.000024 seconds.
  path: Assets/PolygonSciFiSpace/Models/Collision/Convex/SM_Bld_Floor_Small_01_Convex.asset
  artifactKey: Guid(4b250c0f4dbf76043a3fc717052e3d36) Importer(2089858483,192608db42251d675da83286b1cce702)
Start importing Assets/PolygonSciFiSpace/Models/Collision/Convex/SM_Bld_Floor_Small_01_Convex.asset using Guid(4b250c0f4dbf76043a3fc717052e3d36) Importer(2089858483,192608db42251d675da83286b1cce702) (ScriptedImporter) -> (artifact id: 'ff091b8ebef066d78083f603ef014c77') in 0.0114412 seconds
Number of updated asset objects reloaded before import = 0Number of asset objects unloaded after import = 1

========================================================================
Received Import Request.
  Time since last request: 0.000037 seconds.
  path: Assets/PolygonSciFiSpace/Models/Collision/Convex/SM_Bld_HangarExteriorShip_01_Convex.asset
  artifactKey: Guid(4ff88ad8476337f4f873125b371fdb76) Importer(2089858483,192608db42251d675da83286b1cce702)
Start importing Assets/PolygonSciFiSpace/Models/Collision/Convex/SM_Bld_HangarExteriorShip_01_Convex.asset using Guid(4ff88ad8476337f4f873125b371fdb76) Importer(2089858483,192608db42251d675da83286b1cce702) (ScriptedImporter) -> (artifact id: '10ed032ad45fb5a486655e7ca2feabd5') in 0.0092146 seconds
Number of updated asset objects reloaded before import = 0Number of asset objects unloaded after import = 1

========================================================================
Received Import Request.
  Time since last request: 0.000051 seconds.
  path: Assets/PolygonSciFiSpace/Models/Collision/Convex/SM_Bld_Floor_Small_06_Convex.asset
  artifactKey: Guid(ff4c84653442cc9458359f88de9bc228) Importer(2089858483,192608db42251d675da83286b1cce702)
Start importing Assets/PolygonSciFiSpace/Models/Collision/Convex/SM_Bld_Floor_Small_06_Convex.asset using Guid(ff4c84653442cc9458359f88de9bc228) Importer(2089858483,192608db42251d675da83286b1cce702) (ScriptedImporter) -> (artifact id: '9b5cee03a0f055e98d117d46d1799224') in 0.0101347 seconds
Number of updated asset objects reloaded before import = 0Number of asset objects unloaded after import = 1

========================================================================
Received Import Request.
  Time since last request: 0.000025 seconds.
  path: Assets/PolygonSciFiSpace/Models/Collision/Convex/SM_Bld_Wall_06_Convex.asset
  artifactKey: Guid(39d570a7fc8937043b8de4609ca244c4) Importer(2089858483,192608db42251d675da83286b1cce702)
Start importing Assets/PolygonSciFiSpace/Models/Collision/Convex/SM_Bld_Wall_06_Convex.asset using Guid(39d570a7fc8937043b8de4609ca244c4) Importer(2089858483,192608db42251d675da83286b1cce702) (ScriptedImporter) -> (artifact id: '28d239105214db08f0a7fff4222f0f0c') in 0.008639 seconds
Number of updated asset objects reloaded before import = 0Number of asset objects unloaded after import = 1

========================================================================
Received Import Request.
  Time since last request: 0.000029 seconds.
  path: Assets/PolygonSciFiSpace/Models/Collision/Convex/SM_Bld_Wall_Corner_Pillar_01_Convex.asset
  artifactKey: Guid(16085dc31a538364c8e2178563e7b090) Importer(2089858483,192608db42251d675da83286b1cce702)
Start importing Assets/PolygonSciFiSpace/Models/Collision/Convex/SM_Bld_Wall_Corner_Pillar_01_Convex.asset using Guid(16085dc31a538364c8e2178563e7b090) Importer(2089858483,192608db42251d675da83286b1cce702) (ScriptedImporter) -> (artifact id: 'fddc302891ddeb04b9af3a8041ff6235') in 0.0080822 seconds
Number of updated asset objects reloaded before import = 0Number of asset objects unloaded after import = 1

========================================================================
Received Import Request.
  Time since last request: 0.000028 seconds.
  path: Assets/PolygonSciFiSpace/Models/Collision/Convex/SM_Bld_Bridge_Wall_Details_01_Convex.asset
  artifactKey: Guid(b0a8ffdf86369fe42850e701a9c84c52) Importer(2089858483,192608db42251d675da83286b1cce702)
Start importing Assets/PolygonSciFiSpace/Models/Collision/Convex/SM_Bld_Bridge_Wall_Details_01_Convex.asset using Guid(b0a8ffdf86369fe42850e701a9c84c52) Importer(2089858483,192608db42251d675da83286b1cce702) (ScriptedImporter) -> (artifact id: '563bfafbba3ec45d61d11652ef7a0470') in 0.009375 seconds
Number of updated asset objects reloaded before import = 0Number of asset objects unloaded after import = 1

========================================================================
Received Import Request.
  Time since last request: 0.000028 seconds.
  path: Assets/PolygonSciFiSpace/Models/Collision/Convex/SM_Bld_Wall_04_Alt_Convex.asset
  artifactKey: Guid(c8d5c3593bab69341b7e5a5dc4c62d7f) Importer(2089858483,192608db42251d675da83286b1cce702)
Start importing Assets/PolygonSciFiSpace/Models/Collision/Convex/SM_Bld_Wall_04_Alt_Convex.asset using Guid(c8d5c3593bab69341b7e5a5dc4c62d7f) Importer(2089858483,192608db42251d675da83286b1cce702) (ScriptedImporter) -> (artifact id: '06bb93daccc663ce653bdcaed0cae542') in 0.0085535 seconds
Number of updated asset objects reloaded before import = 0Number of asset objects unloaded after import = 1

========================================================================
Received Import Request.
  Time since last request: 0.000050 seconds.
  path: Assets/PolygonSciFiSpace/Models/Collision/Convex/SM_Bld_Wall_01_Convex.asset
  artifactKey: Guid(0febdd27cb4c6104bade6641fbbca734) Importer(2089858483,192608db42251d675da83286b1cce702)
Start importing Assets/PolygonSciFiSpace/Models/Collision/Convex/SM_Bld_Wall_01_Convex.asset using Guid(0febdd27cb4c6104bade6641fbbca734) Importer(2089858483,192608db42251d675da83286b1cce702) (ScriptedImporter) -> (artifact id: '7b4f514160372241290ebfe385957f50') in 0.0085051 seconds
Number of updated asset objects reloaded before import = 0Number of asset objects unloaded after import = 1

========================================================================
Received Import Request.
  Time since last request: 0.000024 seconds.
  path: Assets/PolygonSciFiSpace/Models/Collision/Convex/SM_Bld_Wall_03_Convex 1.asset
  artifactKey: Guid(ba1606400cbe50c418ddf18a5af38858) Importer(2089858483,192608db42251d675da83286b1cce702)
Start importing Assets/PolygonSciFiSpace/Models/Collision/Convex/SM_Bld_Wall_03_Convex 1.asset using Guid(ba1606400cbe50c418ddf18a5af38858) Importer(2089858483,192608db42251d675da83286b1cce702) (ScriptedImporter) -> (artifact id: '6d127c5966d8a233dc5a93d08369b480') in 0.0117284 seconds
Number of updated asset objects reloaded before import = 0Number of asset objects unloaded after import = 3

========================================================================
Received Import Request.
  Time since last request: 0.000027 seconds.
  path: Assets/PolygonSciFiSpace/Models/Collision/Convex/SM_Bld_Floor_07_Convex.asset
  artifactKey: Guid(55e890caade69b340bced5650ce950b4) Importer(2089858483,192608db42251d675da83286b1cce702)
Start importing Assets/PolygonSciFiSpace/Models/Collision/Convex/SM_Bld_Floor_07_Convex.asset using Guid(55e890caade69b340bced5650ce950b4) Importer(2089858483,192608db42251d675da83286b1cce702) (ScriptedImporter) -> (artifact id: '9bf08c26db21141ba501f5c87138a928') in 0.0107595 seconds
Number of updated asset objects reloaded before import = 0Number of asset objects unloaded after import = 1

========================================================================
Received Import Request.
  Time since last request: 0.000037 seconds.
  path: Assets/PolygonSciFiSpace/Models/Collision/Convex/SM_Bld_Ceiling_Pipes_Turn_L_01_Convex.asset
  artifactKey: Guid(2c64fa91211622f48b81f307a3c87428) Importer(2089858483,192608db42251d675da83286b1cce702)
Start importing Assets/PolygonSciFiSpace/Models/Collision/Convex/SM_Bld_Ceiling_Pipes_Turn_L_01_Convex.asset using Guid(2c64fa91211622f48b81f307a3c87428) Importer(2089858483,192608db42251d675da83286b1cce702) (ScriptedImporter) -> (artifact id: '2123355f6de85171294477b33224282a') in 0.0103711 seconds
Number of updated asset objects reloaded before import = 0Number of asset objects unloaded after import = 1

========================================================================
Received Import Request.
  Time since last request: 0.000074 seconds.
  path: Assets/PolygonSciFiSpace/Models/Collision/Convex/SM_Bld_Hangar_01_Convex.asset
  artifactKey: Guid(a838fab0fe84e65468baa09d342e2160) Importer(2089858483,192608db42251d675da83286b1cce702)
Start importing Assets/PolygonSciFiSpace/Models/Collision/Convex/SM_Bld_Hangar_01_Convex.asset using Guid(a838fab0fe84e65468baa09d342e2160) Importer(2089858483,192608db42251d675da83286b1cce702) (ScriptedImporter) -> (artifact id: 'a3e764995009a739bf2a3fb65a46b462') in 0.0100195 seconds
Number of updated asset objects reloaded before import = 0Number of asset objects unloaded after import = 1

========================================================================
Received Import Request.
  Time since last request: 0.000031 seconds.
  path: Assets/Polygon Arsenal/Sound/Prefabs/Missile/PolySmokeGrenadeMissileSND.prefab
  artifactKey: Guid(52bd043f8f4e14e4c901335600a207eb) Importer(2089858483,192608db42251d675da83286b1cce702)
Start importing Assets/Polygon Arsenal/Sound/Prefabs/Missile/PolySmokeGrenadeMissileSND.prefab using Guid(52bd043f8f4e14e4c901335600a207eb) Importer(2089858483,192608db42251d675da83286b1cce702) (ScriptedImporter) -> (artifact id: '52fac30023de647878482bb1e73275b5') in 0.0255038 seconds
Number of updated asset objects reloaded before import = 0Number of asset objects unloaded after import = 6

========================================================================
Received Import Request.
  Time since last request: 0.000027 seconds.
  path: Assets/PolygonSciFiSpace/Models/Collision/Convex/SM_Bld_Bridge_Console_Corner_02_Convex 1.asset
  artifactKey: Guid(bf663aa1ade68c7479a2729874b509ac) Importer(2089858483,192608db42251d675da83286b1cce702)
Start importing Assets/PolygonSciFiSpace/Models/Collision/Convex/SM_Bld_Bridge_Console_Corner_02_Convex 1.asset using Guid(bf663aa1ade68c7479a2729874b509ac) Importer(2089858483,192608db42251d675da83286b1cce702) (ScriptedImporter) -> (artifact id: 'f9c656a8b7e0c7a92581939efdbe9c9c') in 0.0166953 seconds
Number of updated asset objects reloaded before import = 0Number of asset objects unloaded after import = 3

========================================================================
Received Import Request.
  Time since last request: 0.000043 seconds.
  path: Assets/Polygon Arsenal/Prefabs/Combat/Orbital Beam/OrbitalBeamRed.prefab
  artifactKey: Guid(f14de583596f39a4c83c5375cdd323c3) Importer(2089858483,192608db42251d675da83286b1cce702)
Start importing Assets/Polygon Arsenal/Prefabs/Combat/Orbital Beam/OrbitalBeamRed.prefab using Guid(f14de583596f39a4c83c5375cdd323c3) Importer(2089858483,192608db42251d675da83286b1cce702) (ScriptedImporter) -> (artifact id: 'cff4d9799337ea4b3f358b80f1e927fe') in 0.1467138 seconds
Number of updated asset objects reloaded before import = 0Number of asset objects unloaded after import = 43

========================================================================
Received Import Request.
  Time since last request: 0.000053 seconds.
  path: Assets/Polygon Arsenal/Prefabs/Combat/Surface Impact/SurfaceImpactGrass.prefab
  artifactKey: Guid(b051378a03016a4479d22e24a4f68766) Importer(2089858483,192608db42251d675da83286b1cce702)
Start importing Assets/Polygon Arsenal/Prefabs/Combat/Surface Impact/SurfaceImpactGrass.prefab using Guid(b051378a03016a4479d22e24a4f68766) Importer(2089858483,192608db42251d675da83286b1cce702) (ScriptedImporter) -> (artifact id: '7f4e8dea49b7d617e75857e4c608f9a7') in 0.1122003 seconds
Number of updated asset objects reloaded before import = 0Number of asset objects unloaded after import = 13

========================================================================
Received Import Request.
  Time since last request: 0.000039 seconds.
  path: Assets/PolygonSciFiSpace/Models/Collision/Convex/SM_Bld_Ceiling_01_Convex.asset
  artifactKey: Guid(e8f215fc3f869524db82f596c8c3220a) Importer(2089858483,192608db42251d675da83286b1cce702)
Start importing Assets/PolygonSciFiSpace/Models/Collision/Convex/SM_Bld_Ceiling_01_Convex.asset using Guid(e8f215fc3f869524db82f596c8c3220a) Importer(2089858483,192608db42251d675da83286b1cce702) (ScriptedImporter) -> (artifact id: 'a3c36d9280964729e613e9fbc9be1038') in 0.0107346 seconds
Number of updated asset objects reloaded before import = 0Number of asset objects unloaded after import = 1

========================================================================
Received Import Request.
  Time since last request: 0.000041 seconds.
  path: Assets/Polygon Arsenal/Prefabs/Environment/LightRays/LightRayFlickerRound01.prefab
  artifactKey: Guid(e998ca61780336a45b2f30142d059ef1) Importer(2089858483,192608db42251d675da83286b1cce702)
Start importing Assets/Polygon Arsenal/Prefabs/Environment/LightRays/LightRayFlickerRound01.prefab using Guid(e998ca61780336a45b2f30142d059ef1) Importer(2089858483,192608db42251d675da83286b1cce702) (ScriptedImporter) -> (artifact id: 'bd83ff28186d38a09a2e867843d9b881') in 0.1236368 seconds
Number of updated asset objects reloaded before import = 0Number of asset objects unloaded after import = 13

========================================================================
Received Import Request.
  Time since last request: 0.000049 seconds.
  path: Assets/PolygonSciFiSpace/Models/Collision/Convex/SM_Bld_Wall_Corner_Pillar_Wide_02_Convex 1.asset
  artifactKey: Guid(42defa37b568bc1429f8d77bea698d69) Importer(2089858483,192608db42251d675da83286b1cce702)
Start importing Assets/PolygonSciFiSpace/Models/Collision/Convex/SM_Bld_Wall_Corner_Pillar_Wide_02_Convex 1.asset using Guid(42defa37b568bc1429f8d77bea698d69) Importer(2089858483,192608db42251d675da83286b1cce702) (ScriptedImporter) -> (artifact id: '5106e43989c48401d9f19a0a2d28ed34') in 0.0160595 seconds
Number of updated asset objects reloaded before import = 0Number of asset objects unloaded after import = 2

========================================================================
Received Import Request.
  Time since last request: 0.000033 seconds.
  path: Assets/PolygonSciFiSpace/Models/Collision/Convex/SM_Env_Debris_Shell_08_Convex.asset
  artifactKey: Guid(73d13033306f1134785b467092b0d2d2) Importer(2089858483,192608db42251d675da83286b1cce702)
Start importing Assets/PolygonSciFiSpace/Models/Collision/Convex/SM_Env_Debris_Shell_08_Convex.asset using Guid(73d13033306f1134785b467092b0d2d2) Importer(2089858483,192608db42251d675da83286b1cce702) (ScriptedImporter) -> (artifact id: 'd1c41afd866fcd8690746d60ea58706e') in 0.0099253 seconds
Number of updated asset objects reloaded before import = 0Number of asset objects unloaded after import = 1

========================================================================
Received Import Request.
  Time since last request: 0.000026 seconds.
  path: Assets/PolygonSciFiSpace/Models/Collision/Convex/SM_Bld_Wall_Pillar_07_Convex 1.asset
  artifactKey: Guid(3e3bf564872a7e5408f50dda1affc04f) Importer(2089858483,192608db42251d675da83286b1cce702)
Start importing Assets/PolygonSciFiSpace/Models/Collision/Convex/SM_Bld_Wall_Pillar_07_Convex 1.asset using Guid(3e3bf564872a7e5408f50dda1affc04f) Importer(2089858483,192608db42251d675da83286b1cce702) (ScriptedImporter) -> (artifact id: '7aea50e1ad509c057226e7a85129e5cd') in 0.011108 seconds
Number of updated asset objects reloaded before import = 0Number of asset objects unloaded after import = 1

========================================================================
Received Import Request.
  Time since last request: 0.000049 seconds.
  path: Assets/PolygonSciFiSpace/Models/Collision/Convex/SM_Bld_Wall_Corner_Pillar_05_Convex.asset
  artifactKey: Guid(180b091a9c5e56a42b227ef2fb629cb9) Importer(2089858483,192608db42251d675da83286b1cce702)
Start importing Assets/PolygonSciFiSpace/Models/Collision/Convex/SM_Bld_Wall_Corner_Pillar_05_Convex.asset using Guid(180b091a9c5e56a42b227ef2fb629cb9) Importer(2089858483,192608db42251d675da83286b1cce702) (ScriptedImporter) -> (artifact id: '0c4608968d2146d545010510980d709e') in 0.0092326 seconds
Number of updated asset objects reloaded before import = 0Number of asset objects unloaded after import = 1

========================================================================
Received Import Request.
  Time since last request: 0.000044 seconds.
  path: Assets/PolygonSciFiSpace/Models/Collision/Convex/SM_Bld_Wall_Mechanical_02_Convex 1.asset
  artifactKey: Guid(e1761f1fc816e0345a3e98e448e4ab30) Importer(2089858483,192608db42251d675da83286b1cce702)
Start importing Assets/PolygonSciFiSpace/Models/Collision/Convex/SM_Bld_Wall_Mechanical_02_Convex 1.asset using Guid(e1761f1fc816e0345a3e98e448e4ab30) Importer(2089858483,192608db42251d675da83286b1cce702) (ScriptedImporter) -> (artifact id: 'ff74d512bcb225b7855eb306d80116d3') in 0.0134187 seconds
Number of updated asset objects reloaded before import = 0Number of asset objects unloaded after import = 2

========================================================================
Received Import Request.
  Time since last request: 0.000033 seconds.
  path: Assets/PolygonSciFiSpace/Models/Collision/Convex/SM_Bld_Wall_Doorframe_02_Convex.asset
  artifactKey: Guid(243e145a079a0e847afdfa9dacc09113) Importer(2089858483,192608db42251d675da83286b1cce702)
Start importing Assets/PolygonSciFiSpace/Models/Collision/Convex/SM_Bld_Wall_Doorframe_02_Convex.asset using Guid(243e145a079a0e847afdfa9dacc09113) Importer(2089858483,192608db42251d675da83286b1cce702) (ScriptedImporter) -> (artifact id: 'f239d07535561cf57a28900f5b7e0303') in 0.009608 seconds
Number of updated asset objects reloaded before import = 0Number of asset objects unloaded after import = 1

========================================================================
Received Import Request.
  Time since last request: 0.000024 seconds.
  path: Assets/PolygonSciFiSpace/Models/Collision/Convex/SM_Bld_Wall_Corner_Pillar_05_Convex 2.asset
  artifactKey: Guid(2f0b7aa55cadbca4faddd6046d2455e0) Importer(2089858483,192608db42251d675da83286b1cce702)
Start importing Assets/PolygonSciFiSpace/Models/Collision/Convex/SM_Bld_Wall_Corner_Pillar_05_Convex 2.asset using Guid(2f0b7aa55cadbca4faddd6046d2455e0) Importer(2089858483,192608db42251d675da83286b1cce702) (ScriptedImporter) -> (artifact id: 'b96f740554242fa326785a1401d6f98a') in 0.0162056 seconds
Number of updated asset objects reloaded before import = 0Number of asset objects unloaded after import = 3

========================================================================
Received Import Request.
  Time since last request: 0.000028 seconds.
  path: Assets/PolygonSciFiSpace/Models/Collision/Convex/SM_Bld_Wall_Pillar_05_Convex 1.asset
  artifactKey: Guid(38d481564fbd12345a310b94e6868c65) Importer(2089858483,192608db42251d675da83286b1cce702)
Start importing Assets/PolygonSciFiSpace/Models/Collision/Convex/SM_Bld_Wall_Pillar_05_Convex 1.asset using Guid(38d481564fbd12345a310b94e6868c65) Importer(2089858483,192608db42251d675da83286b1cce702) (ScriptedImporter) -> (artifact id: '179b8ca21a1e447ee8ddb6ca0ae1a542') in 0.0085119 seconds
Number of updated asset objects reloaded before import = 0Number of asset objects unloaded after import = 1

========================================================================
Received Import Request.
  Time since last request: 0.000063 seconds.
  path: Assets/PolygonSciFiSpace/Models/Collision/Convex/SM_Env_Debris_Shell_06_Convex.asset
  artifactKey: Guid(676f8fb50bdce9f4c9f4db563f4262e2) Importer(2089858483,192608db42251d675da83286b1cce702)
Start importing Assets/PolygonSciFiSpace/Models/Collision/Convex/SM_Env_Debris_Shell_06_Convex.asset using Guid(676f8fb50bdce9f4c9f4db563f4262e2) Importer(2089858483,192608db42251d675da83286b1cce702) (ScriptedImporter) -> (artifact id: 'd1891d25f2145bed353b15586b94edf4') in 0.0119008 seconds
Number of updated asset objects reloaded before import = 0Number of asset objects unloaded after import = 1

========================================================================
Received Import Request.
  Time since last request: 0.000026 seconds.
  path: Assets/PolygonSciFiSpace/Models/Collision/Convex/SM_Env_Debris_Shell_04_Convex.asset
  artifactKey: Guid(d5a8305fc1e91f1419977184337677f0) Importer(2089858483,192608db42251d675da83286b1cce702)
Start importing Assets/PolygonSciFiSpace/Models/Collision/Convex/SM_Env_Debris_Shell_04_Convex.asset using Guid(d5a8305fc1e91f1419977184337677f0) Importer(2089858483,192608db42251d675da83286b1cce702) (ScriptedImporter) -> (artifact id: 'cfdc0cdda69e50b3f388de318c1bbd28') in 0.0091725 seconds
Number of updated asset objects reloaded before import = 0Number of asset objects unloaded after import = 1

========================================================================
Received Import Request.
  Time since last request: 0.000032 seconds.
  path: Assets/PolygonSciFiSpace/Models/Collision/Convex/SM_Bld_Wall_Pillar_06_Convex 1.asset
  artifactKey: Guid(2e819618beb3e924eb78adf200dc0101) Importer(2089858483,192608db42251d675da83286b1cce702)
Start importing Assets/PolygonSciFiSpace/Models/Collision/Convex/SM_Bld_Wall_Pillar_06_Convex 1.asset using Guid(2e819618beb3e924eb78adf200dc0101) Importer(2089858483,192608db42251d675da83286b1cce702) (ScriptedImporter) -> (artifact id: 'cbcf3d6e1f2eec9ca529f2c757ebfe78') in 0.0110935 seconds
Number of updated asset objects reloaded before import = 0Number of asset objects unloaded after import = 1

========================================================================
Received Import Request.
  Time since last request: 0.000040 seconds.
  path: Assets/PolygonSciFiSpace/Models/Collision/Convex/SM_Bld_Wall_Corner_Pillar_Wide_04_Convex.asset
  artifactKey: Guid(6665187220ca93a43a8beacc3ad30f0d) Importer(2089858483,192608db42251d675da83286b1cce702)
Start importing Assets/PolygonSciFiSpace/Models/Collision/Convex/SM_Bld_Wall_Corner_Pillar_Wide_04_Convex.asset using Guid(6665187220ca93a43a8beacc3ad30f0d) Importer(2089858483,192608db42251d675da83286b1cce702) (ScriptedImporter) -> (artifact id: '533cf5bd8953e2accb4026a4e9a1c887') in 0.0107552 seconds
Number of updated asset objects reloaded before import = 0Number of asset objects unloaded after import = 1

========================================================================
Received Import Request.
  Time since last request: 0.000041 seconds.
  path: Assets/PolygonSciFiSpace/Models/Collision/Convex/SM_Prop_Bed_02_Convex.asset
  artifactKey: Guid(a151f6f4033c43b47967a75202c6e215) Importer(2089858483,192608db42251d675da83286b1cce702)
Start importing Assets/PolygonSciFiSpace/Models/Collision/Convex/SM_Prop_Bed_02_Convex.asset using Guid(a151f6f4033c43b47967a75202c6e215) Importer(2089858483,192608db42251d675da83286b1cce702) (ScriptedImporter) -> (artifact id: '8b6ee181ebd6cb7832ed25540ff71af9') in 0.0084844 seconds
Number of updated asset objects reloaded before import = 0Number of asset objects unloaded after import = 1

========================================================================
Received Import Request.
  Time since last request: 0.000029 seconds.
  path: Assets/PolygonSciFiSpace/Models/Collision/Convex/SM_Bld_Wall_Doorframe_06_Convex.asset
  artifactKey: Guid(ea66664e55eb01d449db8dff5366a079) Importer(2089858483,192608db42251d675da83286b1cce702)
Start importing Assets/PolygonSciFiSpace/Models/Collision/Convex/SM_Bld_Wall_Doorframe_06_Convex.asset using Guid(ea66664e55eb01d449db8dff5366a079) Importer(2089858483,192608db42251d675da83286b1cce702) (ScriptedImporter) -> (artifact id: 'ecf64256e9e9e1b122c20e810fd9e1cf') in 0.0109 seconds
Number of updated asset objects reloaded before import = 0Number of asset objects unloaded after import = 1

========================================================================
Received Import Request.
  Time since last request: 0.000043 seconds.
  path: Assets/PolygonSciFiSpace/Models/Collision/Convex/SM_Bld_Wall_Corner_Pillar_03_Convex.asset
  artifactKey: Guid(c6d37c04cf205054ab051ed5276be289) Importer(2089858483,192608db42251d675da83286b1cce702)
Start importing Assets/PolygonSciFiSpace/Models/Collision/Convex/SM_Bld_Wall_Corner_Pillar_03_Convex.asset using Guid(c6d37c04cf205054ab051ed5276be289) Importer(2089858483,192608db42251d675da83286b1cce702) (ScriptedImporter) -> (artifact id: 'fc59a5c5084b35bcc14f3d3332a4e99d') in 0.0115611 seconds
Number of updated asset objects reloaded before import = 0Number of asset objects unloaded after import = 1

========================================================================
Received Import Request.
  Time since last request: 0.000044 seconds.
  path: Assets/PolygonSciFiSpace/Models/Collision/Convex/SM_Bld_Wall_Pillar_04_Convex.asset
  artifactKey: Guid(f38c852b95db7504a8bd9de0800d0137) Importer(2089858483,192608db42251d675da83286b1cce702)
Start importing Assets/PolygonSciFiSpace/Models/Collision/Convex/SM_Bld_Wall_Pillar_04_Convex.asset using Guid(f38c852b95db7504a8bd9de0800d0137) Importer(2089858483,192608db42251d675da83286b1cce702) (ScriptedImporter) -> (artifact id: 'b343030ae32c0344fdfb7e43ea188bdc') in 0.0109097 seconds
Number of updated asset objects reloaded before import = 0Number of asset objects unloaded after import = 1

========================================================================
Received Import Request.
  Time since last request: 0.000052 seconds.
  path: Assets/PolygonSciFiSpace/Models/Collision/Convex/SM_Env_Debris_Shell_07_Convex.asset
  artifactKey: Guid(5df378281714baa4195126de2478e2c6) Importer(2089858483,192608db42251d675da83286b1cce702)
Start importing Assets/PolygonSciFiSpace/Models/Collision/Convex/SM_Env_Debris_Shell_07_Convex.asset using Guid(5df378281714baa4195126de2478e2c6) Importer(2089858483,192608db42251d675da83286b1cce702) (ScriptedImporter) -> (artifact id: 'cf5d3a9d5d980883b9b7b8a9efd948e1') in 0.0105746 seconds
Number of updated asset objects reloaded before import = 0Number of asset objects unloaded after import = 1

========================================================================
Received Import Request.
  Time since last request: 0.000036 seconds.
  path: Assets/PolygonSciFiSpace/Models/Collision/Convex/SM_Env_Debris_Shell_05_Convex.asset
  artifactKey: Guid(c953bdc972af3514f9ad91ed66d98ce5) Importer(2089858483,192608db42251d675da83286b1cce702)
Start importing Assets/PolygonSciFiSpace/Models/Collision/Convex/SM_Env_Debris_Shell_05_Convex.asset using Guid(c953bdc972af3514f9ad91ed66d98ce5) Importer(2089858483,192608db42251d675da83286b1cce702) (ScriptedImporter) -> (artifact id: '2d4ecc6920036093c51c01f41e06cb2e') in 0.0102216 seconds
Number of updated asset objects reloaded before import = 0Number of asset objects unloaded after import = 1

========================================================================
Received Import Request.
  Time since last request: 0.000026 seconds.
  path: Assets/PolygonSciFiSpace/Models/Collision/Convex/SM_Bld_Wall_Corner_Pillar_Wide_04_Convex 3.asset
  artifactKey: Guid(6186ac6dc14eb9c4ba0fe45558450d52) Importer(2089858483,192608db42251d675da83286b1cce702)
Start importing Assets/PolygonSciFiSpace/Models/Collision/Convex/SM_Bld_Wall_Corner_Pillar_Wide_04_Convex 3.asset using Guid(6186ac6dc14eb9c4ba0fe45558450d52) Importer(2089858483,192608db42251d675da83286b1cce702) (ScriptedImporter) -> (artifact id: 'ee15021d605636aba959b8c4823f23d6') in 0.0206251 seconds
Number of updated asset objects reloaded before import = 0Number of asset objects unloaded after import = 3

========================================================================
Received Import Request.
  Time since last request: 0.000037 seconds.
  path: Assets/PolygonSciFiSpace/Models/Collision/Convex/SM_Bld_Wall_Pods_01_Convex.asset
  artifactKey: Guid(a1f785309498d4740b1cc86121d96a4f) Importer(2089858483,192608db42251d675da83286b1cce702)
Start importing Assets/PolygonSciFiSpace/Models/Collision/Convex/SM_Bld_Wall_Pods_01_Convex.asset using Guid(a1f785309498d4740b1cc86121d96a4f) Importer(2089858483,192608db42251d675da83286b1cce702) (ScriptedImporter) -> (artifact id: 'a1875f0bfd2bf8b21716ac93c4b506cf') in 0.012514 seconds
Number of updated asset objects reloaded before import = 0Number of asset objects unloaded after import = 1

========================================================================
Received Import Request.
  Time since last request: 0.000063 seconds.
  path: Assets/PolygonSciFiSpace/Models/Collision/Convex/SM_Env_Debris_Pipe_01_Convex.asset
  artifactKey: Guid(f27255648becb33448e771a323c095f8) Importer(2089858483,192608db42251d675da83286b1cce702)
Start importing Assets/PolygonSciFiSpace/Models/Collision/Convex/SM_Env_Debris_Pipe_01_Convex.asset using Guid(f27255648becb33448e771a323c095f8) Importer(2089858483,192608db42251d675da83286b1cce702) (ScriptedImporter) -> (artifact id: 'a2d56b923ff067a8ec6401a6914659c2') in 0.0115872 seconds
Number of updated asset objects reloaded before import = 0Number of asset objects unloaded after import = 1

========================================================================
Received Import Request.
  Time since last request: 0.000037 seconds.
  path: Assets/PolygonSciFiSpace/Models/Collision/Convex/SM_Env_Debris_Shell_02_Convex.asset
  artifactKey: Guid(e9a1519038db35448b57833bd21d5d91) Importer(2089858483,192608db42251d675da83286b1cce702)
Start importing Assets/PolygonSciFiSpace/Models/Collision/Convex/SM_Env_Debris_Shell_02_Convex.asset using Guid(e9a1519038db35448b57833bd21d5d91) Importer(2089858483,192608db42251d675da83286b1cce702) (ScriptedImporter) -> (artifact id: '9629e6a757412097643ed1fddc79fa4f') in 0.0128755 seconds
Number of updated asset objects reloaded before import = 0Number of asset objects unloaded after import = 1

========================================================================
Received Import Request.
  Time since last request: 0.000039 seconds.
  path: Assets/PolygonSciFiSpace/Models/Collision/Convex/SM_Bld_Wall_Corner_Pillar_Wide_05_Convex 1.asset
  artifactKey: Guid(4c0d41da5dd156f4aa24720cb93d7759) Importer(2089858483,192608db42251d675da83286b1cce702)
Start importing Assets/PolygonSciFiSpace/Models/Collision/Convex/SM_Bld_Wall_Corner_Pillar_Wide_05_Convex 1.asset using Guid(4c0d41da5dd156f4aa24720cb93d7759) Importer(2089858483,192608db42251d675da83286b1cce702) (ScriptedImporter) -> (artifact id: 'dd404546678cf5d5e88e3cd98464ed5a') in 0.0158299 seconds
Number of updated asset objects reloaded before import = 0Number of asset objects unloaded after import = 2

========================================================================
Received Import Request.
  Time since last request: 0.000062 seconds.
  path: Assets/Polygon Arsenal/Prefabs/Environment/Dust/DustCalm.prefab
  artifactKey: Guid(29f14dec24e07db4eaa6ffa1a1d5b604) Importer(2089858483,192608db42251d675da83286b1cce702)
Start importing Assets/Polygon Arsenal/Prefabs/Environment/Dust/DustCalm.prefab using Guid(29f14dec24e07db4eaa6ffa1a1d5b604) Importer(2089858483,192608db42251d675da83286b1cce702) (ScriptedImporter) -> (artifact id: '412737a3485ec03dffd4e2e64ad0df6b') in 0.1049046 seconds
Number of updated asset objects reloaded before import = 0Number of asset objects unloaded after import = 12

========================================================================
Received Import Request.
  Time since last request: 0.000034 seconds.
  path: Assets/PolygonSciFiSpace/Models/Collision/Convex/SM_Prop_Buttons_08_Convex.asset
  artifactKey: Guid(339e2c8c6e09f154c909fa3a01b9ac14) Importer(2089858483,192608db42251d675da83286b1cce702)
Start importing Assets/PolygonSciFiSpace/Models/Collision/Convex/SM_Prop_Buttons_08_Convex.asset using Guid(339e2c8c6e09f154c909fa3a01b9ac14) Importer(2089858483,192608db42251d675da83286b1cce702) (ScriptedImporter) -> (artifact id: '7d1ad216bbc5b94b84f13f506229dd01') in 0.0110275 seconds
Number of updated asset objects reloaded before import = 0Number of asset objects unloaded after import = 1

========================================================================
Received Import Request.
  Time since last request: 0.000077 seconds.
  path: Assets/PolygonSciFiSpace/Models/Collision/Convex/SM_Prop_Detail_Pipe_Pillar_01_Convex.asset
  artifactKey: Guid(6fac9e24b94bfa541a5c9b2c0499ebc3) Importer(2089858483,192608db42251d675da83286b1cce702)
Start importing Assets/PolygonSciFiSpace/Models/Collision/Convex/SM_Prop_Detail_Pipe_Pillar_01_Convex.asset using Guid(6fac9e24b94bfa541a5c9b2c0499ebc3) Importer(2089858483,192608db42251d675da83286b1cce702) (ScriptedImporter) -> (artifact id: 'c16b094fa6086e90e50500c01b11449d') in 0.0126587 seconds
Number of updated asset objects reloaded before import = 0Number of asset objects unloaded after import = 1

========================================================================
Received Import Request.
  Time since last request: 0.000058 seconds.
  path: Assets/PolygonSciFiSpace/Models/Collision/Convex/SM_Prop_Detail_SynCola_02_Convex.asset
  artifactKey: Guid(f3a56ce5d86b85141a3610cfa97e4768) Importer(2089858483,192608db42251d675da83286b1cce702)
Start importing Assets/PolygonSciFiSpace/Models/Collision/Convex/SM_Prop_Detail_SynCola_02_Convex.asset using Guid(f3a56ce5d86b85141a3610cfa97e4768) Importer(2089858483,192608db42251d675da83286b1cce702) (ScriptedImporter) -> (artifact id: '2798317395b983ca04be7029415c22b1') in 0.0166618 seconds
Number of updated asset objects reloaded before import = 0Number of asset objects unloaded after import = 1

========================================================================
Received Import Request.
  Time since last request: 0.000026 seconds.
  path: Assets/PolygonSciFiSpace/Models/Collision/Convex/SM_Prop_FoodTray_01_Convex.asset
  artifactKey: Guid(d1f8a9f1d9ec5714e8fea1400597077c) Importer(2089858483,192608db42251d675da83286b1cce702)
Start importing Assets/PolygonSciFiSpace/Models/Collision/Convex/SM_Prop_FoodTray_01_Convex.asset using Guid(d1f8a9f1d9ec5714e8fea1400597077c) Importer(2089858483,192608db42251d675da83286b1cce702) (ScriptedImporter) -> (artifact id: '15ab8373cb07d1fe27a0d8c70d0441a0') in 0.0099492 seconds
Number of updated asset objects reloaded before import = 0Number of asset objects unloaded after import = 1

========================================================================
Received Import Request.
  Time since last request: 0.000055 seconds.
  path: Assets/PolygonSciFiSpace/Models/Collision/Convex/SM_Prop_Detail_Airvent_01_Convex.asset
  artifactKey: Guid(86e11ea7f07e9844e9c0ca56ee285daf) Importer(2089858483,192608db42251d675da83286b1cce702)
Start importing Assets/PolygonSciFiSpace/Models/Collision/Convex/SM_Prop_Detail_Airvent_01_Convex.asset using Guid(86e11ea7f07e9844e9c0ca56ee285daf) Importer(2089858483,192608db42251d675da83286b1cce702) (ScriptedImporter) -> (artifact id: 'ef758f1739c663b368b1075dc4bbbca8') in 0.0117412 seconds
Number of updated asset objects reloaded before import = 0Number of asset objects unloaded after import = 1

========================================================================
Received Import Request.
  Time since last request: 0.000042 seconds.
  path: Assets/PolygonSciFiSpace/Models/Collision/Convex/SM_Prop_Decontamination_Shower_01_Convex.asset
  artifactKey: Guid(83912b3eda6dba3439ea386422dc383e) Importer(2089858483,192608db42251d675da83286b1cce702)
Start importing Assets/PolygonSciFiSpace/Models/Collision/Convex/SM_Prop_Decontamination_Shower_01_Convex.asset using Guid(83912b3eda6dba3439ea386422dc383e) Importer(2089858483,192608db42251d675da83286b1cce702) (ScriptedImporter) -> (artifact id: '90e10b075215cd0c0d3d352e2e96bd84') in 0.0145056 seconds
Number of updated asset objects reloaded before import = 0Number of asset objects unloaded after import = 1

========================================================================
Received Import Request.
  Time since last request: 0.000050 seconds.
  path: Assets/PolygonSciFiSpace/Models/Collision/Convex/SM_Prop_Buttons_13_Convex.asset
  artifactKey: Guid(e7e64c53d8270fd4a8230a4a37d25173) Importer(2089858483,192608db42251d675da83286b1cce702)
Start importing Assets/PolygonSciFiSpace/Models/Collision/Convex/SM_Prop_Buttons_13_Convex.asset using Guid(e7e64c53d8270fd4a8230a4a37d25173) Importer(2089858483,192608db42251d675da83286b1cce702) (ScriptedImporter) -> (artifact id: '91c2f9b311aa5c5960fa652f0a02eb99') in 0.0118126 seconds
Number of updated asset objects reloaded before import = 0Number of asset objects unloaded after import = 1

========================================================================
Received Import Request.
  Time since last request: 0.000035 seconds.
  path: Assets/PolygonSciFiSpace/Models/Collision/Convex/SM_Prop_Buttons_04_Convex.asset
  artifactKey: Guid(81665442d910a2e40b9501e14f0c2c17) Importer(2089858483,192608db42251d675da83286b1cce702)
Start importing Assets/PolygonSciFiSpace/Models/Collision/Convex/SM_Prop_Buttons_04_Convex.asset using Guid(81665442d910a2e40b9501e14f0c2c17) Importer(2089858483,192608db42251d675da83286b1cce702) (ScriptedImporter) -> (artifact id: '64e59973a8b4a606b7e8609a8a696594') in 0.0146165 seconds
Number of updated asset objects reloaded before import = 0Number of asset objects unloaded after import = 1

========================================================================
Received Import Request.
  Time since last request: 0.000036 seconds.
  path: Assets/PolygonSciFiSpace/Models/Collision/Convex/SM_Prop_Buttons_10_Convex.asset
  artifactKey: Guid(ba3ec232968708e4b94a3d1e1307fb45) Importer(2089858483,192608db42251d675da83286b1cce702)
Start importing Assets/PolygonSciFiSpace/Models/Collision/Convex/SM_Prop_Buttons_10_Convex.asset using Guid(ba3ec232968708e4b94a3d1e1307fb45) Importer(2089858483,192608db42251d675da83286b1cce702) (ScriptedImporter) -> (artifact id: '76e03f9aaf9f6cbc7692cceed9ea37bc') in 0.0085876 seconds
Number of updated asset objects reloaded before import = 0Number of asset objects unloaded after import = 1

========================================================================
Received Import Request.
  Time since last request: 0.000053 seconds.
  path: Assets/PolygonSciFiSpace/Models/Collision/Convex/SM_Prop_Detail_Pipe_Broken_01_Convex.asset
  artifactKey: Guid(8cd1f5ed74b8c2a40a9de6315b53370e) Importer(2089858483,192608db42251d675da83286b1cce702)
Start importing Assets/PolygonSciFiSpace/Models/Collision/Convex/SM_Prop_Detail_Pipe_Broken_01_Convex.asset using Guid(8cd1f5ed74b8c2a40a9de6315b53370e) Importer(2089858483,192608db42251d675da83286b1cce702) (ScriptedImporter) -> (artifact id: 'd4b46893dd9d2df6c6efc643e9e01857') in 0.0129745 seconds
Number of updated asset objects reloaded before import = 0Number of asset objects unloaded after import = 1

========================================================================
Received Import Request.
  Time since last request: 0.000030 seconds.
  path: Assets/PolygonSciFiSpace/Models/Collision/Convex/SM_Prop_CenterTube_02_Convex.asset
  artifactKey: Guid(5be7f2fe793b0f7419880a805a6b0125) Importer(2089858483,192608db42251d675da83286b1cce702)
Start importing Assets/PolygonSciFiSpace/Models/Collision/Convex/SM_Prop_CenterTube_02_Convex.asset using Guid(5be7f2fe793b0f7419880a805a6b0125) Importer(2089858483,192608db42251d675da83286b1cce702) (ScriptedImporter) -> (artifact id: '74aeb6ac09b46d7f0e010c617ab66cfc') in 0.0128142 seconds
Number of updated asset objects reloaded before import = 0Number of asset objects unloaded after import = 1

========================================================================
Received Import Request.
  Time since last request: 0.000041 seconds.
  path: Assets/PolygonSciFiSpace/Models/Collision/Convex/SM_Prop_Detail_Button_01_Convex.asset
  artifactKey: Guid(b9fe8cff51a8ad8418c77507390e9d3e) Importer(2089858483,192608db42251d675da83286b1cce702)
Start importing Assets/PolygonSciFiSpace/Models/Collision/Convex/SM_Prop_Detail_Button_01_Convex.asset using Guid(b9fe8cff51a8ad8418c77507390e9d3e) Importer(2089858483,192608db42251d675da83286b1cce702) (ScriptedImporter) -> (artifact id: '0d42bdbb58cfc852d721d2812cd94f73') in 0.0127023 seconds
Number of updated asset objects reloaded before import = 0Number of asset objects unloaded after import = 1

========================================================================
Received Import Request.
  Time since last request: 0.000059 seconds.
  path: Assets/PolygonSciFiSpace/Models/Collision/Convex/SM_Prop_Crate_01_Convex.asset
  artifactKey: Guid(e91820d93c8f5664f84a2a6745ef6f7d) Importer(2089858483,192608db42251d675da83286b1cce702)
Start importing Assets/PolygonSciFiSpace/Models/Collision/Convex/SM_Prop_Crate_01_Convex.asset using Guid(e91820d93c8f5664f84a2a6745ef6f7d) Importer(2089858483,192608db42251d675da83286b1cce702) (ScriptedImporter) -> (artifact id: 'e042ce7aaf9181513fab1e4b851b8604') in 0.0160635 seconds
Number of updated asset objects reloaded before import = 0Number of asset objects unloaded after import = 1

========================================================================
Received Import Request.
  Time since last request: 0.000034 seconds.
  path: Assets/PolygonSciFiSpace/Models/Collision/Convex/SM_Prop_Chr_Male_Cryo_01_Convex.asset
  artifactKey: Guid(dd32fe2ed60535446b3d10784a5e913c) Importer(2089858483,192608db42251d675da83286b1cce702)
Start importing Assets/PolygonSciFiSpace/Models/Collision/Convex/SM_Prop_Chr_Male_Cryo_01_Convex.asset using Guid(dd32fe2ed60535446b3d10784a5e913c) Importer(2089858483,192608db42251d675da83286b1cce702) (ScriptedImporter) -> (artifact id: '9355e43bdffa024aeaf5af5823128e7c') in 0.0211072 seconds
Number of updated asset objects reloaded before import = 0Number of asset objects unloaded after import = 1

========================================================================
Received Import Request.
  Time since last request: 0.000097 seconds.
  path: Assets/PolygonSciFiSpace/Models/Collision/Convex/SM_Prop_Detail_Pipes_03_Convex.asset
  artifactKey: Guid(edacdecce38899d418409ef6fa158bde) Importer(2089858483,192608db42251d675da83286b1cce702)
Start importing Assets/PolygonSciFiSpace/Models/Collision/Convex/SM_Prop_Detail_Pipes_03_Convex.asset using Guid(edacdecce38899d418409ef6fa158bde) Importer(2089858483,192608db42251d675da83286b1cce702) (ScriptedImporter) -> (artifact id: 'e8db5e708e616c8d3bac3a3c4c77aeba') in 0.0095909 seconds
Number of updated asset objects reloaded before import = 0Number of asset objects unloaded after import = 1

========================================================================
Received Import Request.
  Time since last request: 0.000065 seconds.
  path: Assets/PolygonSciFiSpace/Models/Collision/Convex/SM_Prop_Crate_Wide_01_Convex.asset
  artifactKey: Guid(230e54622c6a6764fa831732b6170349) Importer(2089858483,192608db42251d675da83286b1cce702)
Start importing Assets/PolygonSciFiSpace/Models/Collision/Convex/SM_Prop_Crate_Wide_01_Convex.asset using Guid(230e54622c6a6764fa831732b6170349) Importer(2089858483,192608db42251d675da83286b1cce702) (ScriptedImporter) -> (artifact id: 'edf05005a1f528c77d8e1d60ea478e9f') in 0.0106979 seconds
Number of updated asset objects reloaded before import = 0Number of asset objects unloaded after import = 1

========================================================================
Received Import Request.
  Time since last request: 0.000026 seconds.
  path: Assets/PolygonSciFiSpace/Models/Collision/Convex/SM_Prop_Detail_Panel_Broken_01_Convex.asset
  artifactKey: Guid(643a42f76a4a3e64a9ebd3d0c73edac9) Importer(2089858483,192608db42251d675da83286b1cce702)
Start importing Assets/PolygonSciFiSpace/Models/Collision/Convex/SM_Prop_Detail_Panel_Broken_01_Convex.asset using Guid(643a42f76a4a3e64a9ebd3d0c73edac9) Importer(2089858483,192608db42251d675da83286b1cce702) (ScriptedImporter) -> (artifact id: '1b8c96ebce3c1bed5413a4a8530abe07') in 0.0085377 seconds
Number of updated asset objects reloaded before import = 0Number of asset objects unloaded after import = 1

========================================================================
Received Import Request.
  Time since last request: 0.000030 seconds.
  path: Assets/PolygonSciFiSpace/Models/Collision/Convex/SM_Prop_Detail_Lights_02_Convex.asset
  artifactKey: Guid(5538535428085af48a9a00799d5457c9) Importer(2089858483,192608db42251d675da83286b1cce702)
Start importing Assets/PolygonSciFiSpace/Models/Collision/Convex/SM_Prop_Detail_Lights_02_Convex.asset using Guid(5538535428085af48a9a00799d5457c9) Importer(2089858483,192608db42251d675da83286b1cce702) (ScriptedImporter) -> (artifact id: '73296fe3b7aa7fa69d22584a60ffa7fe') in 0.0119177 seconds
Number of updated asset objects reloaded before import = 0Number of asset objects unloaded after import = 1

========================================================================
Received Import Request.
  Time since last request: 0.000046 seconds.
  path: Assets/PolygonSciFiSpace/Models/Collision/Convex/SM_Prop_ControlPanel_02_Convex.asset
  artifactKey: Guid(e87fa03b44bcf224f971597139a2dd85) Importer(2089858483,192608db42251d675da83286b1cce702)
Start importing Assets/PolygonSciFiSpace/Models/Collision/Convex/SM_Prop_ControlPanel_02_Convex.asset using Guid(e87fa03b44bcf224f971597139a2dd85) Importer(2089858483,192608db42251d675da83286b1cce702) (ScriptedImporter) -> (artifact id: '82f5103c23c1e45ae7b40254d0b553e5') in 0.0096874 seconds
Number of updated asset objects reloaded before import = 0Number of asset objects unloaded after import = 1

========================================================================
Received Import Request.
  Time since last request: 0.000058 seconds.
  path: Assets/PolygonSciFiSpace/Models/Collision/Convex/SM_Prop_Engine_Construction_01_Convex.asset
  artifactKey: Guid(cd31b55f95832664891dcaa9c25bff6c) Importer(2089858483,192608db42251d675da83286b1cce702)
Start importing Assets/PolygonSciFiSpace/Models/Collision/Convex/SM_Prop_Engine_Construction_01_Convex.asset using Guid(cd31b55f95832664891dcaa9c25bff6c) Importer(2089858483,192608db42251d675da83286b1cce702) (ScriptedImporter) -> (artifact id: '7561d2e41bde8228e2516b8c478521b1') in 0.0132731 seconds
Number of updated asset objects reloaded before import = 0Number of asset objects unloaded after import = 1

========================================================================
Received Import Request.
  Time since last request: 0.000033 seconds.
  path: Assets/PolygonSciFiSpace/Models/Collision/Convex/SM_Prop_Light_Small_06_Convex.asset
  artifactKey: Guid(a52ced253cf0f9e4f8594205015bedfb) Importer(2089858483,192608db42251d675da83286b1cce702)
Start importing Assets/PolygonSciFiSpace/Models/Collision/Convex/SM_Prop_Light_Small_06_Convex.asset using Guid(a52ced253cf0f9e4f8594205015bedfb) Importer(2089858483,192608db42251d675da83286b1cce702) (ScriptedImporter) -> (artifact id: '62bf8d92ce04f0e2bd9dba806bbbb58b') in 0.011608 seconds
Number of updated asset objects reloaded before import = 0Number of asset objects unloaded after import = 1

========================================================================
Received Import Request.
  Time since last request: 0.000030 seconds.
  path: Assets/PolygonSciFiSpace/Models/Collision/Convex/SM_Prop_Pillar_Detail_01_Convex.asset
  artifactKey: Guid(2f990ecf9333f674e818c85aa0689b48) Importer(2089858483,192608db42251d675da83286b1cce702)
Start importing Assets/PolygonSciFiSpace/Models/Collision/Convex/SM_Prop_Pillar_Detail_01_Convex.asset using Guid(2f990ecf9333f674e818c85aa0689b48) Importer(2089858483,192608db42251d675da83286b1cce702) (ScriptedImporter) -> (artifact id: 'c832a0a2f226a12742d7841e90488c68') in 0.0088318 seconds
Number of updated asset objects reloaded before import = 0Number of asset objects unloaded after import = 1

========================================================================
Received Import Request.
  Time since last request: 0.000043 seconds.
  path: Assets/PolygonSciFiSpace/Models/Collision/Convex/SM_Prop_Light_Panel_04_Convex.asset
  artifactKey: Guid(ac257ef7d4f9d0f45843311659cb24b6) Importer(2089858483,192608db42251d675da83286b1cce702)
Start importing Assets/PolygonSciFiSpace/Models/Collision/Convex/SM_Prop_Light_Panel_04_Convex.asset using Guid(ac257ef7d4f9d0f45843311659cb24b6) Importer(2089858483,192608db42251d675da83286b1cce702) (ScriptedImporter) -> (artifact id: '93736704cdfc9262bd23b3dea32f772e') in 0.0116539 seconds
Number of updated asset objects reloaded before import = 0Number of asset objects unloaded after import = 1

========================================================================
Received Import Request.
  Time since last request: 0.000046 seconds.
  path: Assets/PolygonSciFiSpace/Models/Collision/Convex/SM_Prop_Light_Panel_05_Convex.asset
  artifactKey: Guid(37e78c9f5a886794d8f61bdafe9f8f4c) Importer(2089858483,192608db42251d675da83286b1cce702)
Start importing Assets/PolygonSciFiSpace/Models/Collision/Convex/SM_Prop_Light_Panel_05_Convex.asset using Guid(37e78c9f5a886794d8f61bdafe9f8f4c) Importer(2089858483,192608db42251d675da83286b1cce702) (ScriptedImporter) -> (artifact id: 'd1f90adcb876653ef34b2720ee53fb51') in 0.0149765 seconds
Number of updated asset objects reloaded before import = 0Number of asset objects unloaded after import = 1

========================================================================
Received Import Request.
  Time since last request: 0.000028 seconds.
  path: Assets/PolygonSciFiSpace/Models/Collision/Convex/SM_Prop_Plant_Vase_02_Convex.asset
  artifactKey: Guid(1a6d0680480093546bb4d6efc9024f7e) Importer(2089858483,192608db42251d675da83286b1cce702)
Start importing Assets/PolygonSciFiSpace/Models/Collision/Convex/SM_Prop_Plant_Vase_02_Convex.asset using Guid(1a6d0680480093546bb4d6efc9024f7e) Importer(2089858483,192608db42251d675da83286b1cce702) (ScriptedImporter) -> (artifact id: '417db588fcef01b248c584941443e46a') in 0.0101445 seconds
Number of updated asset objects reloaded before import = 0Number of asset objects unloaded after import = 1

========================================================================
Received Import Request.
  Time since last request: 0.000034 seconds.
  path: Assets/PolygonSciFiSpace/Models/Collision/Convex/SM_Prop_StairsPlatform_01_Convex.asset
  artifactKey: Guid(d04665c69e25ff541b835d6bc9ca0c64) Importer(2089858483,192608db42251d675da83286b1cce702)
Start importing Assets/PolygonSciFiSpace/Models/Collision/Convex/SM_Prop_StairsPlatform_01_Convex.asset using Guid(d04665c69e25ff541b835d6bc9ca0c64) Importer(2089858483,192608db42251d675da83286b1cce702) (ScriptedImporter) -> (artifact id: 'ddfa9019f3148c2c190d8a6ed841e721') in 0.0132474 seconds
Number of updated asset objects reloaded before import = 0Number of asset objects unloaded after import = 1

========================================================================
Received Import Request.
  Time since last request: 0.000040 seconds.
  path: Assets/PolygonSciFiSpace/Models/Collision/Convex/SM_Prop_Hose_03_Convex.asset
  artifactKey: Guid(7c2cd9eaf5b8dd1498d8766b83483841) Importer(2089858483,192608db42251d675da83286b1cce702)
Start importing Assets/PolygonSciFiSpace/Models/Collision/Convex/SM_Prop_Hose_03_Convex.asset using Guid(7c2cd9eaf5b8dd1498d8766b83483841) Importer(2089858483,192608db42251d675da83286b1cce702) (ScriptedImporter) -> (artifact id: 'df982ca1953368c56a8805e7158394b7') in 0.0127284 seconds
Number of updated asset objects reloaded before import = 0Number of asset objects unloaded after import = 1

========================================================================
Received Import Request.
  Time since last request: 0.000051 seconds.
  path: Assets/PolygonSciFiSpace/Models/Collision/Convex/SM_Prop_SpaceWalk_End_01_Convex.asset
  artifactKey: Guid(77086e3c2cf050247afb233480e43524) Importer(2089858483,192608db42251d675da83286b1cce702)
Start importing Assets/PolygonSciFiSpace/Models/Collision/Convex/SM_Prop_SpaceWalk_End_01_Convex.asset using Guid(77086e3c2cf050247afb233480e43524) Importer(2089858483,192608db42251d675da83286b1cce702) (ScriptedImporter) -> (artifact id: 'c05dbe4f62c6ca94f5b3144793b9aa19') in 0.0174007 seconds
Number of updated asset objects reloaded before import = 0Number of asset objects unloaded after import = 1

========================================================================
Received Import Request.
  Time since last request: 0.000032 seconds.
  path: Assets/PolygonSciFiSpace/Models/Collision/Convex/SM_Prop_Screen_06_Convex.asset
  artifactKey: Guid(c2917c1aacc0d79409bea99809a8df61) Importer(2089858483,192608db42251d675da83286b1cce702)
Start importing Assets/PolygonSciFiSpace/Models/Collision/Convex/SM_Prop_Screen_06_Convex.asset using Guid(c2917c1aacc0d79409bea99809a8df61) Importer(2089858483,192608db42251d675da83286b1cce702) (ScriptedImporter) -> (artifact id: 'fb09ccb207c1aee4c44c8a55a39449e2') in 0.0135406 seconds
Number of updated asset objects reloaded before import = 0Number of asset objects unloaded after import = 1

========================================================================
Received Import Request.
  Time since last request: 0.000036 seconds.
  path: Assets/PolygonSciFiSpace/Models/Collision/Convex/SM_Prop_Solar_Hex_01_Convex.asset
  artifactKey: Guid(685a97226c63f654e8922f6e782974fc) Importer(2089858483,192608db42251d675da83286b1cce702)
Start importing Assets/PolygonSciFiSpace/Models/Collision/Convex/SM_Prop_Solar_Hex_01_Convex.asset using Guid(685a97226c63f654e8922f6e782974fc) Importer(2089858483,192608db42251d675da83286b1cce702) (ScriptedImporter) -> (artifact id: 'accaf4e2dd4081412ae83064b9fc48fb') in 0.0121009 seconds
Number of updated asset objects reloaded before import = 0Number of asset objects unloaded after import = 1

========================================================================
Received Import Request.
  Time since last request: 0.000049 seconds.
  path: Assets/PolygonSciFiSpace/Models/Collision/Convex/SM_Prop_Keycard_01_Convex.asset
  artifactKey: Guid(56f8ff7e50c4d3e4fa63970af301c7a9) Importer(2089858483,192608db42251d675da83286b1cce702)
Start importing Assets/PolygonSciFiSpace/Models/Collision/Convex/SM_Prop_Keycard_01_Convex.asset using Guid(56f8ff7e50c4d3e4fa63970af301c7a9) Importer(2089858483,192608db42251d675da83286b1cce702) (ScriptedImporter) -> (artifact id: 'f3281a84d51d1591aa06bdca954be176') in 0.0107993 seconds
Number of updated asset objects reloaded before import = 0Number of asset objects unloaded after import = 1

========================================================================
Received Import Request.
  Time since last request: 0.000062 seconds.
  path: Assets/PolygonSciFiSpace/Models/Collision/Convex/SM_Prop_Missile_03_Convex.asset
  artifactKey: Guid(91663975894a4fc4297684fa09725947) Importer(2089858483,192608db42251d675da83286b1cce702)
Start importing Assets/PolygonSciFiSpace/Models/Collision/Convex/SM_Prop_Missile_03_Convex.asset using Guid(91663975894a4fc4297684fa09725947) Importer(2089858483,192608db42251d675da83286b1cce702) (ScriptedImporter) -> (artifact id: '83954d6b522b72a6e798e4dcfa87462e') in 0.0169586 seconds
Number of updated asset objects reloaded before import = 0Number of asset objects unloaded after import = 1

========================================================================
Received Import Request.
  Time since last request: 0.000031 seconds.
  path: Assets/PolygonSciFiSpace/Models/Collision/Convex/SM_Prop_Light_Small_02_Convex.asset
  artifactKey: Guid(58f62da2e0e2b51409c514bd7f2a6a24) Importer(2089858483,192608db42251d675da83286b1cce702)
Start importing Assets/PolygonSciFiSpace/Models/Collision/Convex/SM_Prop_Light_Small_02_Convex.asset using Guid(58f62da2e0e2b51409c514bd7f2a6a24) Importer(2089858483,192608db42251d675da83286b1cce702) (ScriptedImporter) -> (artifact id: '6c40e674371cf7c2c85f5d3078c176ea') in 0.0103126 seconds
Number of updated asset objects reloaded before import = 0Number of asset objects unloaded after import = 1

========================================================================
Received Import Request.
  Time since last request: 0.000025 seconds.
  path: Assets/PolygonSciFiSpace/Models/Collision/Convex/SM_Prop_Light_Small_05_Convex.asset
  artifactKey: Guid(8b7379f434da14f4a94d76f4aa7fb2e4) Importer(2089858483,192608db42251d675da83286b1cce702)
Start importing Assets/PolygonSciFiSpace/Models/Collision/Convex/SM_Prop_Light_Small_05_Convex.asset using Guid(8b7379f434da14f4a94d76f4aa7fb2e4) Importer(2089858483,192608db42251d675da83286b1cce702) (ScriptedImporter) -> (artifact id: '77d05b00738093fa84b195257655e4f0') in 0.0120103 seconds
Number of updated asset objects reloaded before import = 0Number of asset objects unloaded after import = 1

========================================================================
Received Import Request.
  Time since last request: 0.000036 seconds.
  path: Assets/PolygonSciFiSpace/Models/Collision/Convex/SM_Prop_Plant_Vase_01_Convex.asset
  artifactKey: Guid(fc4eeb5818e42644b8d2be1e3473eb06) Importer(2089858483,192608db42251d675da83286b1cce702)
Start importing Assets/PolygonSciFiSpace/Models/Collision/Convex/SM_Prop_Plant_Vase_01_Convex.asset using Guid(fc4eeb5818e42644b8d2be1e3473eb06) Importer(2089858483,192608db42251d675da83286b1cce702) (ScriptedImporter) -> (artifact id: 'b4ab7cad5d421b2465ccd542a07741a7') in 0.0107305 seconds
Number of updated asset objects reloaded before import = 0Number of asset objects unloaded after import = 1

========================================================================
Received Import Request.
  Time since last request: 0.000051 seconds.
  path: Assets/PolygonSciFiSpace/Models/Collision/Convex/SM_Prop_Light_Small_04_Convex.asset
  artifactKey: Guid(f0348ce1e0f440d469db178a03a0fb7a) Importer(2089858483,192608db42251d675da83286b1cce702)
Start importing Assets/PolygonSciFiSpace/Models/Collision/Convex/SM_Prop_Light_Small_04_Convex.asset using Guid(f0348ce1e0f440d469db178a03a0fb7a) Importer(2089858483,192608db42251d675da83286b1cce702) (ScriptedImporter) -> (artifact id: '17f9b8a89c2be593dd7e14b481b46cd4') in 0.0108117 seconds
Number of updated asset objects reloaded before import = 0Number of asset objects unloaded after import = 1

========================================================================
Received Import Request.
  Time since last request: 0.000033 seconds.
  path: Assets/PolygonSciFiSpace/Models/Collision/Convex/SM_Prop_Detail_Box_04_Convex.asset
  artifactKey: Guid(da5560e0b02ee5841b844fc9361bfe58) Importer(2089858483,192608db42251d675da83286b1cce702)
Start importing Assets/PolygonSciFiSpace/Models/Collision/Convex/SM_Prop_Detail_Box_04_Convex.asset using Guid(da5560e0b02ee5841b844fc9361bfe58) Importer(2089858483,192608db42251d675da83286b1cce702) (ScriptedImporter) -> (artifact id: '626806ffa15c75332d8366db533f9f00') in 0.01109 seconds
Number of updated asset objects reloaded before import = 0Number of asset objects unloaded after import = 1

========================================================================
Received Import Request.
  Time since last request: 0.000046 seconds.
  path: Assets/PolygonSciFiSpace/Models/Collision/Convex/SM_Prop_FoodPacket_01_Convex.asset
  artifactKey: Guid(befd4ef4b18e16b43b8362ce38fd6758) Importer(2089858483,192608db42251d675da83286b1cce702)
Start importing Assets/PolygonSciFiSpace/Models/Collision/Convex/SM_Prop_FoodPacket_01_Convex.asset using Guid(befd4ef4b18e16b43b8362ce38fd6758) Importer(2089858483,192608db42251d675da83286b1cce702) (ScriptedImporter) -> (artifact id: 'c1385b4599095b9215cd3aaabc324619') in 0.0108227 seconds
Number of updated asset objects reloaded before import = 0Number of asset objects unloaded after import = 1

========================================================================
Received Import Request.
  Time since last request: 0.000043 seconds.
  path: Assets/PolygonSciFiSpace/Models/Collision/Convex/SM_Prop_Light_Small_03_Convex.asset
  artifactKey: Guid(7294ed7f6a1942549ae1a07b9521e7d3) Importer(2089858483,192608db42251d675da83286b1cce702)
Start importing Assets/PolygonSciFiSpace/Models/Collision/Convex/SM_Prop_Light_Small_03_Convex.asset using Guid(7294ed7f6a1942549ae1a07b9521e7d3) Importer(2089858483,192608db42251d675da83286b1cce702) (ScriptedImporter) -> (artifact id: '02867342a67f85461436e959fbb52ce2') in 0.0092074 seconds
Number of updated asset objects reloaded before import = 0Number of asset objects unloaded after import = 1

========================================================================
Received Import Request.
  Time since last request: 0.000056 seconds.
  path: Assets/PolygonSciFiSpace/Models/Collision/Convex/SM_Prop_HandScanner_01_Convex.asset
  artifactKey: Guid(d8a8c46481173034286b3f5ba20a2795) Importer(2089858483,192608db42251d675da83286b1cce702)
Start importing Assets/PolygonSciFiSpace/Models/Collision/Convex/SM_Prop_HandScanner_01_Convex.asset using Guid(d8a8c46481173034286b3f5ba20a2795) Importer(2089858483,192608db42251d675da83286b1cce702) (ScriptedImporter) -> (artifact id: '6a8a6054d0b8a0ff2a2d0f36d628f7eb') in 0.010597 seconds
Number of updated asset objects reloaded before import = 0Number of asset objects unloaded after import = 1

========================================================================
Received Import Request.
  Time since last request: 0.000028 seconds.
  path: Assets/Polygon Arsenal/Demo/Missile Prefabs/Nuke/NukePinkOBJ.prefab
  artifactKey: Guid(cc579fed44dadf34b86d5d95ca951d42) Importer(2089858483,192608db42251d675da83286b1cce702)
Start importing Assets/Polygon Arsenal/Demo/Missile Prefabs/Nuke/NukePinkOBJ.prefab using Guid(cc579fed44dadf34b86d5d95ca951d42) Importer(2089858483,192608db42251d675da83286b1cce702) (ScriptedImporter) -> (artifact id: 'eae92dec2c4f881cbd4ad6deccf7db0d') in 0.057427 seconds
Number of updated asset objects reloaded before import = 0Number of asset objects unloaded after import = 83

========================================================================
Received Import Request.
  Time since last request: 0.000043 seconds.
  path: Assets/PolygonSciFiSpace/Models/Collision/Convex/SM_Prop_Stairs_01_Convex.asset
  artifactKey: Guid(e643606c50cc79f4dac0de1de4470fe8) Importer(2089858483,192608db42251d675da83286b1cce702)
Start importing Assets/PolygonSciFiSpace/Models/Collision/Convex/SM_Prop_Stairs_01_Convex.asset using Guid(e643606c50cc79f4dac0de1de4470fe8) Importer(2089858483,192608db42251d675da83286b1cce702) (ScriptedImporter) -> (artifact id: '72254d22a762117fe7c74177bb82031d') in 0.0115094 seconds
Number of updated asset objects reloaded before import = 0Number of asset objects unloaded after import = 1

========================================================================
Received Import Request.
  Time since last request: 0.000050 seconds.
  path: Assets/PolygonSciFiSpace/Models/Collision/Convex/SM_Veh_Part_Misc_011_Convex.asset
  artifactKey: Guid(3a4e25672cb72a84c87d5e91ce3c10f4) Importer(2089858483,192608db42251d675da83286b1cce702)
Start importing Assets/PolygonSciFiSpace/Models/Collision/Convex/SM_Veh_Part_Misc_011_Convex.asset using Guid(3a4e25672cb72a84c87d5e91ce3c10f4) Importer(2089858483,192608db42251d675da83286b1cce702) (ScriptedImporter) -> (artifact id: '99ed9d8e9d56a39d7e5ded5bf4a245dd') in 0.0097494 seconds
Number of updated asset objects reloaded before import = 0Number of asset objects unloaded after import = 1

========================================================================
Received Import Request.
  Time since last request: 0.000030 seconds.
  path: Assets/PolygonSciFiSpace/Models/Collision/Convex/SM_Prop_Turret_Base_Double_06_Convex.asset
  artifactKey: Guid(ef4b4af2ea4f1e243a5f256ad0f7d790) Importer(2089858483,192608db42251d675da83286b1cce702)
Start importing Assets/PolygonSciFiSpace/Models/Collision/Convex/SM_Prop_Turret_Base_Double_06_Convex.asset using Guid(ef4b4af2ea4f1e243a5f256ad0f7d790) Importer(2089858483,192608db42251d675da83286b1cce702) (ScriptedImporter) -> (artifact id: '5b8e7aa5c84c6c0df70fcd379a30f06d') in 0.0112765 seconds
Number of updated asset objects reloaded before import = 0Number of asset objects unloaded after import = 1

========================================================================
Received Import Request.
  Time since last request: 0.000027 seconds.
  path: Assets/PolygonSciFiSpace/Models/Collision/Convex/SM_Veh_Part_Misc_010_Convex.asset
  artifactKey: Guid(72e5028342255df458056acef45babc5) Importer(2089858483,192608db42251d675da83286b1cce702)
Start importing Assets/PolygonSciFiSpace/Models/Collision/Convex/SM_Veh_Part_Misc_010_Convex.asset using Guid(72e5028342255df458056acef45babc5) Importer(2089858483,192608db42251d675da83286b1cce702) (ScriptedImporter) -> (artifact id: '8311d2ed07dd0fc7fed8370b064995f6') in 0.0108999 seconds
Number of updated asset objects reloaded before import = 0Number of asset objects unloaded after import = 1

========================================================================
Received Import Request.
  Time since last request: 0.000033 seconds.
  path: Assets/PolygonSciFiSpace/Models/Collision/Convex/SM_Prop_Turret_Large_01_Convex 1.asset
  artifactKey: Guid(c1cb74d542589ea4ca2651fd49669fb6) Importer(2089858483,192608db42251d675da83286b1cce702)
Start importing Assets/PolygonSciFiSpace/Models/Collision/Convex/SM_Prop_Turret_Large_01_Convex 1.asset using Guid(c1cb74d542589ea4ca2651fd49669fb6) Importer(2089858483,192608db42251d675da83286b1cce702) (ScriptedImporter) -> (artifact id: 'c9cbdb652be8bacc99e7fc2bc06b264a') in 0.009518 seconds
Number of updated asset objects reloaded before import = 0Number of asset objects unloaded after import = 1

========================================================================
Received Import Request.
  Time since last request: 0.000051 seconds.
  path: Assets/PolygonSciFiSpace/Models/Collision/Convex/SM_Prop_Stairs_02_Convex.asset
  artifactKey: Guid(a104406f735bc594783c45690b4901ff) Importer(2089858483,192608db42251d675da83286b1cce702)
Start importing Assets/PolygonSciFiSpace/Models/Collision/Convex/SM_Prop_Stairs_02_Convex.asset using Guid(a104406f735bc594783c45690b4901ff) Importer(2089858483,192608db42251d675da83286b1cce702) (ScriptedImporter) -> (artifact id: 'd12bb6e132fdb2ab0f72eabaf2ed4dae') in 0.0118878 seconds
Number of updated asset objects reloaded before import = 0Number of asset objects unloaded after import = 1

========================================================================
Received Import Request.
  Time since last request: 0.000050 seconds.
  path: Assets/PolygonSciFiSpace/Models/Collision/Convex/SM_Veh_Part_Body_04_Convex.asset
  artifactKey: Guid(a8d17dd24dbd3494b854c5e6aed91b63) Importer(2089858483,192608db42251d675da83286b1cce702)
Start importing Assets/PolygonSciFiSpace/Models/Collision/Convex/SM_Veh_Part_Body_04_Convex.asset using Guid(a8d17dd24dbd3494b854c5e6aed91b63) Importer(2089858483,192608db42251d675da83286b1cce702) (ScriptedImporter) -> (artifact id: 'c6a54dc077ff11ef6ddf48d4cd5138c8') in 0.0077296 seconds
Number of updated asset objects reloaded before import = 0Number of asset objects unloaded after import = 1

========================================================================
Received Import Request.
  Time since last request: 0.000035 seconds.
  path: Assets/PolygonSciFiSpace/Models/Collision/Convex/SM_Prop_Turret_Small_Ceiling_01_Convex.asset
  artifactKey: Guid(042857f5450820c41ae8e3d7e749ef1b) Importer(2089858483,192608db42251d675da83286b1cce702)
Start importing Assets/PolygonSciFiSpace/Models/Collision/Convex/SM_Prop_Turret_Small_Ceiling_01_Convex.asset using Guid(042857f5450820c41ae8e3d7e749ef1b) Importer(2089858483,192608db42251d675da83286b1cce702) (ScriptedImporter) -> (artifact id: '853fc83b559eebb6fd078ba229cd24ab') in 0.0099512 seconds
Number of updated asset objects reloaded before import = 0Number of asset objects unloaded after import = 1

========================================================================
Received Import Request.
  Time since last request: 0.000032 seconds.
  path: Assets/PolygonSciFiSpace/Models/Collision/Convex/SM_Veh_EscapePod_Small_01_Convex.asset
  artifactKey: Guid(ed4c62b4ce04e1543bbb62583abe6dd4) Importer(2089858483,192608db42251d675da83286b1cce702)
Start importing Assets/PolygonSciFiSpace/Models/Collision/Convex/SM_Veh_EscapePod_Small_01_Convex.asset using Guid(ed4c62b4ce04e1543bbb62583abe6dd4) Importer(2089858483,192608db42251d675da83286b1cce702) (ScriptedImporter) -> (artifact id: 'e91853ca788e1ee966984b366cf42108') in 0.0093827 seconds
Number of updated asset objects reloaded before import = 0Number of asset objects unloaded after import = 1

========================================================================
Received Import Request.
  Time since last request: 0.000055 seconds.
  path: Assets/PolygonSciFiSpace/Models/Collision/Convex/SM_Prop_Stairs_04_Convex.asset
  artifactKey: Guid(5005afb1c6385174db4f18e98130bc53) Importer(2089858483,192608db42251d675da83286b1cce702)
Start importing Assets/PolygonSciFiSpace/Models/Collision/Convex/SM_Prop_Stairs_04_Convex.asset using Guid(5005afb1c6385174db4f18e98130bc53) Importer(2089858483,192608db42251d675da83286b1cce702) (ScriptedImporter) -> (artifact id: '6c24e004dd6fc0ef68223f9919e18353') in 0.0135384 seconds
Number of updated asset objects reloaded before import = 0Number of asset objects unloaded after import = 1

========================================================================
Received Import Request.
  Time since last request: 0.000025 seconds.
  path: Assets/PolygonSciFiSpace/Models/Collision/Convex/SM_Veh_Part_Engine_04_Convex.asset
  artifactKey: Guid(dc40011fca3f5da4fa857d2cb7f7ab83) Importer(2089858483,192608db42251d675da83286b1cce702)
Start importing Assets/PolygonSciFiSpace/Models/Collision/Convex/SM_Veh_Part_Engine_04_Convex.asset using Guid(dc40011fca3f5da4fa857d2cb7f7ab83) Importer(2089858483,192608db42251d675da83286b1cce702) (ScriptedImporter) -> (artifact id: 'ce78ee035993c98150707793ba834d98') in 0.0120139 seconds
Number of updated asset objects reloaded before import = 0Number of asset objects unloaded after import = 1

========================================================================
Received Import Request.
  Time since last request: 0.000032 seconds.
  path: Assets/PolygonSciFiSpace/Models/Collision/Convex/SM_Veh_Part_Cockpit_03_Convex.asset
  artifactKey: Guid(37454a0719f20b1448734c7e5a1db83b) Importer(2089858483,192608db42251d675da83286b1cce702)
Start importing Assets/PolygonSciFiSpace/Models/Collision/Convex/SM_Veh_Part_Cockpit_03_Convex.asset using Guid(37454a0719f20b1448734c7e5a1db83b) Importer(2089858483,192608db42251d675da83286b1cce702) (ScriptedImporter) -> (artifact id: '4c9118d406929f548c44de9c6d3a4c23') in 0.0129083 seconds
Number of updated asset objects reloaded before import = 0Number of asset objects unloaded after import = 1

========================================================================
Received Import Request.
  Time since last request: 0.000036 seconds.
  path: Assets/PolygonSciFiSpace/Models/Collision/Convex/SM_Veh_Part_Engine_02_Convex.asset
  artifactKey: Guid(b6e6d7c388b07324b9bc63537a550b3d) Importer(2089858483,192608db42251d675da83286b1cce702)
Start importing Assets/PolygonSciFiSpace/Models/Collision/Convex/SM_Veh_Part_Engine_02_Convex.asset using Guid(b6e6d7c388b07324b9bc63537a550b3d) Importer(2089858483,192608db42251d675da83286b1cce702) (ScriptedImporter) -> (artifact id: '1e8b03e7971497a016c643f38a9a68d9') in 0.0097691 seconds
Number of updated asset objects reloaded before import = 0Number of asset objects unloaded after import = 1

========================================================================
Received Import Request.
  Time since last request: 0.000046 seconds.
  path: Assets/PolygonSciFiSpace/Models/Collision/Convex/SM_Veh_Drone_Repair_01_Convex.asset
  artifactKey: Guid(9eaad94394a8eb842b68d1db405ce72c) Importer(2089858483,192608db42251d675da83286b1cce702)
Start importing Assets/PolygonSciFiSpace/Models/Collision/Convex/SM_Veh_Drone_Repair_01_Convex.asset using Guid(9eaad94394a8eb842b68d1db405ce72c) Importer(2089858483,192608db42251d675da83286b1cce702) (ScriptedImporter) -> (artifact id: '0b5ca972189b2370d4b301206fbcf6d5') in 0.0091041 seconds
Number of updated asset objects reloaded before import = 0Number of asset objects unloaded after import = 1

========================================================================
Received Import Request.
  Time since last request: 0.000033 seconds.
  path: Assets/PolygonSciFiSpace/Models/Collision/Convex/SM_Prop_Turret_Base_Double_05_Convex.asset
  artifactKey: Guid(55c64b17fd3429f46bc75b17c8d17042) Importer(2089858483,192608db42251d675da83286b1cce702)
Start importing Assets/PolygonSciFiSpace/Models/Collision/Convex/SM_Prop_Turret_Base_Double_05_Convex.asset using Guid(55c64b17fd3429f46bc75b17c8d17042) Importer(2089858483,192608db42251d675da83286b1cce702) (ScriptedImporter) -> (artifact id: 'de459447467947bb3bbe45392c1e9a27') in 0.0122352 seconds
Number of updated asset objects reloaded before import = 0Number of asset objects unloaded after import = 1

========================================================================
Received Import Request.
  Time since last request: 0.000026 seconds.
  path: Assets/PolygonSciFiSpace/Models/Collision/Convex/SM_Prop_Turret_Base_Single_06_Convex 1.asset
  artifactKey: Guid(73296c51aacba7144bfd0d41abbd72a4) Importer(2089858483,192608db42251d675da83286b1cce702)
Start importing Assets/PolygonSciFiSpace/Models/Collision/Convex/SM_Prop_Turret_Base_Single_06_Convex 1.asset using Guid(73296c51aacba7144bfd0d41abbd72a4) Importer(2089858483,192608db42251d675da83286b1cce702) (ScriptedImporter) -> (artifact id: '219c38decf5b833585891a9a23c8d177') in 0.0109501 seconds
Number of updated asset objects reloaded before import = 0Number of asset objects unloaded after import = 1

========================================================================
Received Import Request.
  Time since last request: 0.000046 seconds.
  path: Assets/PolygonSciFiSpace/Models/Collision/Convex/SM_Veh_Part_Misc_014_Convex.asset
  artifactKey: Guid(1bcd8af92ad3208458bdcfd17fc6888d) Importer(2089858483,192608db42251d675da83286b1cce702)
Start importing Assets/PolygonSciFiSpace/Models/Collision/Convex/SM_Veh_Part_Misc_014_Convex.asset using Guid(1bcd8af92ad3208458bdcfd17fc6888d) Importer(2089858483,192608db42251d675da83286b1cce702) (ScriptedImporter) -> (artifact id: 'ed39d87de8aafb8fe81596b506304b2f') in 0.0136633 seconds
Number of updated asset objects reloaded before import = 0Number of asset objects unloaded after import = 1

========================================================================
Received Import Request.
  Time since last request: 0.000062 seconds.
  path: Assets/PolygonSciFiSpace/Models/Collision/Convex/SM_Prop_Turret_Base_Single_02_Convex.asset
  artifactKey: Guid(f114b8a79efa90942bc15769013d55a4) Importer(2089858483,192608db42251d675da83286b1cce702)
Start importing Assets/PolygonSciFiSpace/Models/Collision/Convex/SM_Prop_Turret_Base_Single_02_Convex.asset using Guid(f114b8a79efa90942bc15769013d55a4) Importer(2089858483,192608db42251d675da83286b1cce702) (ScriptedImporter) -> (artifact id: '75028dc758d87043448346b11b6009be') in 0.0147683 seconds
Number of updated asset objects reloaded before import = 0Number of asset objects unloaded after import = 1

========================================================================
Received Import Request.
  Time since last request: 0.000041 seconds.
  path: Assets/PolygonSciFiSpace/Models/Collision/Convex/SM_Prop_Wires_05_Convex.asset
  artifactKey: Guid(59bed015965338f4592c3e8bcea73aab) Importer(2089858483,192608db42251d675da83286b1cce702)
Start importing Assets/PolygonSciFiSpace/Models/Collision/Convex/SM_Prop_Wires_05_Convex.asset using Guid(59bed015965338f4592c3e8bcea73aab) Importer(2089858483,192608db42251d675da83286b1cce702) (ScriptedImporter) -> (artifact id: 'e6df4eefc3340dd08a2b6facc58d1f07') in 0.0104592 seconds
Number of updated asset objects reloaded before import = 0Number of asset objects unloaded after import = 1

========================================================================
Received Import Request.
  Time since last request: 0.000023 seconds.
  path: Assets/PolygonSciFiSpace/Models/Collision/Convex/SM_Prop_Stool_01_Convex.asset
  artifactKey: Guid(e803962aaa4537e4c949b48e1eee2b2b) Importer(2089858483,192608db42251d675da83286b1cce702)
Start importing Assets/PolygonSciFiSpace/Models/Collision/Convex/SM_Prop_Stool_01_Convex.asset using Guid(e803962aaa4537e4c949b48e1eee2b2b) Importer(2089858483,192608db42251d675da83286b1cce702) (ScriptedImporter) -> (artifact id: '721f0b8ff7eeef173556f85eb9df6e0a') in 0.0118381 seconds
Number of updated asset objects reloaded before import = 0Number of asset objects unloaded after import = 1

========================================================================
Received Import Request.
  Time since last request: 0.000039 seconds.
  path: Assets/PolygonSciFiSpace/Models/Collision/Convex/SM_Prop_Turret_Base_Single_01_Convex.asset
  artifactKey: Guid(9264318a02957fd4b8b8924fdcb33e01) Importer(2089858483,192608db42251d675da83286b1cce702)
Start importing Assets/PolygonSciFiSpace/Models/Collision/Convex/SM_Prop_Turret_Base_Single_01_Convex.asset using Guid(9264318a02957fd4b8b8924fdcb33e01) Importer(2089858483,192608db42251d675da83286b1cce702) (ScriptedImporter) -> (artifact id: 'ddc4bbcad03467d0873976b48838c2b3') in 0.01417 seconds
Number of updated asset objects reloaded before import = 0Number of asset objects unloaded after import = 1

========================================================================
Received Import Request.
  Time since last request: 0.000058 seconds.
  path: Assets/PolygonSciFiSpace/Models/Collision/Convex/SM_Veh_Sweepo_01_Convex.asset
  artifactKey: Guid(d67d2742fcaae944f93091148447fe0c) Importer(2089858483,192608db42251d675da83286b1cce702)
Start importing Assets/PolygonSciFiSpace/Models/Collision/Convex/SM_Veh_Sweepo_01_Convex.asset using Guid(d67d2742fcaae944f93091148447fe0c) Importer(2089858483,192608db42251d675da83286b1cce702) (ScriptedImporter) -> (artifact id: '29c3dc20a35f04c20ad35e08a66d64de') in 0.0127598 seconds
Number of updated asset objects reloaded before import = 0Number of asset objects unloaded after import = 1

========================================================================
Received Import Request.
  Time since last request: 0.000031 seconds.
  path: Assets/PolygonSciFiSpace/Prefabs/Characters/Attachments/SM_Chr_Attach_Male_Hair_03.prefab
  artifactKey: Guid(2f14d0d1c5c52e34cbeb4ad77c688df2) Importer(2089858483,192608db42251d675da83286b1cce702)
Start importing Assets/PolygonSciFiSpace/Prefabs/Characters/Attachments/SM_Chr_Attach_Male_Hair_03.prefab using Guid(2f14d0d1c5c52e34cbeb4ad77c688df2) Importer(2089858483,192608db42251d675da83286b1cce702) (ScriptedImporter) -> (artifact id: '57a435d56027ade0941e551796202cb4') in 0.0387061 seconds
Number of updated asset objects reloaded before import = 0Number of asset objects unloaded after import = 8

========================================================================
Received Import Request.
  Time since last request: 0.000036 seconds.
  path: Assets/FishNet/Demos/Benchmarks/NetworkTransform/Prefabs/NetworkTransform Benchmark 2D.prefab
  artifactKey: Guid(35639798ad77fc145871588b25d66259) Importer(2089858483,192608db42251d675da83286b1cce702)
Start importing Assets/FishNet/Demos/Benchmarks/NetworkTransform/Prefabs/NetworkTransform Benchmark 2D.prefab using Guid(35639798ad77fc145871588b25d66259) Importer(2089858483,192608db42251d675da83286b1cce702) (ScriptedImporter) -> (artifact id: '2631fdd880608902d67b09340ab33663') in 0.0913658 seconds
Number of updated asset objects reloaded before import = 0Number of asset objects unloaded after import = 13

========================================================================
Received Import Request.
  Time since last request: 0.000048 seconds.
  path: Assets/PolygonSciFiSpace/Models/Collision/Convex/SM_Veh_Part_Wing_012_Convex.asset
  artifactKey: Guid(9b2efdd9e45103c489a8c15e368151ab) Importer(2089858483,192608db42251d675da83286b1cce702)
Start importing Assets/PolygonSciFiSpace/Models/Collision/Convex/SM_Veh_Part_Wing_012_Convex.asset using Guid(9b2efdd9e45103c489a8c15e368151ab) Importer(2089858483,192608db42251d675da83286b1cce702) (ScriptedImporter) -> (artifact id: 'cf2771fd63df81c0d9db896e66a058ef') in 0.0077271 seconds
Number of updated asset objects reloaded before import = 0Number of asset objects unloaded after import = 1

========================================================================
Received Import Request.
  Time since last request: 0.000032 seconds.
  path: Assets/FishNet/CodeGenerating/cecil-0.11.4/rocks/Mono.Cecil.Rocks/Functional.cs
  artifactKey: Guid(b481a942e0bdf8649b6b5b20db207190) Importer(2089858483,192608db42251d675da83286b1cce702)
Start importing Assets/FishNet/CodeGenerating/cecil-0.11.4/rocks/Mono.Cecil.Rocks/Functional.cs using Guid(b481a942e0bdf8649b6b5b20db207190) Importer(2089858483,192608db42251d675da83286b1cce702) (ScriptedImporter) -> (artifact id: '92d70c6a3f8cfab39b339ae4b8f60f1a') in 0.0125708 seconds
Number of updated asset objects reloaded before import = 0Number of asset objects unloaded after import = 0

========================================================================
Received Import Request.
  Time since last request: 0.000036 seconds.
  path: Assets/PolygonSciFiSpace/Models/Collision/Convex/SM_Wep_Shotgun_01_Convex.asset
  artifactKey: Guid(86a9670708d20324e8b946b3db38bad8) Importer(2089858483,192608db42251d675da83286b1cce702)
Start importing Assets/PolygonSciFiSpace/Models/Collision/Convex/SM_Wep_Shotgun_01_Convex.asset using Guid(86a9670708d20324e8b946b3db38bad8) Importer(2089858483,192608db42251d675da83286b1cce702) (ScriptedImporter) -> (artifact id: '10fbb4d5372feab50f711f766e71813f') in 0.0119707 seconds
Number of updated asset objects reloaded before import = 0Number of asset objects unloaded after import = 1

========================================================================
Received Import Request.
  Time since last request: 0.000043 seconds.
  path: Assets/PolygonSciFiSpace/Models/Collision/Convex/SM_Veh_Part_Wing_08_Convex.asset
  artifactKey: Guid(8f9a954d6abba5b44b53f8d136285688) Importer(2089858483,192608db42251d675da83286b1cce702)
Start importing Assets/PolygonSciFiSpace/Models/Collision/Convex/SM_Veh_Part_Wing_08_Convex.asset using Guid(8f9a954d6abba5b44b53f8d136285688) Importer(2089858483,192608db42251d675da83286b1cce702) (ScriptedImporter) -> (artifact id: 'd2c164a74a251318eeaa9a242cd18bff') in 0.0099273 seconds
Number of updated asset objects reloaded before import = 0Number of asset objects unloaded after import = 1

========================================================================
Received Import Request.
  Time since last request: 0.000044 seconds.
  path: Assets/PolygonSciFiSpace/Models/Collision/Convex/SM_Veh_Part_Wing_04_Convex.asset
  artifactKey: Guid(2ce667a8f49d0ae4fbd2ea87a8e6a865) Importer(2089858483,192608db42251d675da83286b1cce702)
Start importing Assets/PolygonSciFiSpace/Models/Collision/Convex/SM_Veh_Part_Wing_04_Convex.asset using Guid(2ce667a8f49d0ae4fbd2ea87a8e6a865) Importer(2089858483,192608db42251d675da83286b1cce702) (ScriptedImporter) -> (artifact id: 'e232d62cdd26be386a248458015ab604') in 0.0099645 seconds
Number of updated asset objects reloaded before import = 0Number of asset objects unloaded after import = 1

========================================================================
Received Import Request.
  Time since last request: 0.000030 seconds.
  path: Assets/PolygonSciFiSpace/Prefabs/Characters/Attachments/SM_Chr_Attach_Junker_Hair_Female_01.prefab
  artifactKey: Guid(57eea3a351aec1b47a3d58513c68c22c) Importer(2089858483,192608db42251d675da83286b1cce702)
Start importing Assets/PolygonSciFiSpace/Prefabs/Characters/Attachments/SM_Chr_Attach_Junker_Hair_Female_01.prefab using Guid(57eea3a351aec1b47a3d58513c68c22c) Importer(2089858483,192608db42251d675da83286b1cce702) (ScriptedImporter) -> (artifact id: 'd1e2ca2fee66f612c7d9e7c1aa3e374c') in 0.0313936 seconds
Number of updated asset objects reloaded before import = 0Number of asset objects unloaded after import = 8

========================================================================
Received Import Request.
  Time since last request: 0.000047 seconds.
  path: Assets/PolygonSciFiSpace/Models/Collision/Convex/SM_Veh_Part_Wing_014_Convex.asset
  artifactKey: Guid(9ff863f2bce675b419b78c0392d31851) Importer(2089858483,192608db42251d675da83286b1cce702)
Start importing Assets/PolygonSciFiSpace/Models/Collision/Convex/SM_Veh_Part_Wing_014_Convex.asset using Guid(9ff863f2bce675b419b78c0392d31851) Importer(2089858483,192608db42251d675da83286b1cce702) (ScriptedImporter) -> (artifact id: 'cffcd446b094e286fc15914947677061') in 0.0125518 seconds
Number of updated asset objects reloaded before import = 0Number of asset objects unloaded after import = 1

========================================================================
Received Import Request.
  Time since last request: 0.000059 seconds.
  path: Assets/PolygonSciFiSpace/Models/Collision/Convex/SM_Veh_Part_Wing_016_Convex.asset
  artifactKey: Guid(4481d83dfb8288e459c67cba39caafb6) Importer(2089858483,192608db42251d675da83286b1cce702)
Start importing Assets/PolygonSciFiSpace/Models/Collision/Convex/SM_Veh_Part_Wing_016_Convex.asset using Guid(4481d83dfb8288e459c67cba39caafb6) Importer(2089858483,192608db42251d675da83286b1cce702) (ScriptedImporter) -> (artifact id: '5f3d96160edfbe7e356379af777c4ac2') in 0.0102615 seconds
Number of updated asset objects reloaded before import = 0Number of asset objects unloaded after import = 1

========================================================================
Received Import Request.
  Time since last request: 0.000033 seconds.
  path: Assets/FishNet/CodeGenerating/cecil-0.11.4/rocks/Mono.Cecil.Rocks/ModuleDefinitionRocks.cs
  artifactKey: Guid(d90334a1cd085c047b9b8eddaa65cf09) Importer(2089858483,192608db42251d675da83286b1cce702)
Start importing Assets/FishNet/CodeGenerating/cecil-0.11.4/rocks/Mono.Cecil.Rocks/ModuleDefinitionRocks.cs using Guid(d90334a1cd085c047b9b8eddaa65cf09) Importer(2089858483,192608db42251d675da83286b1cce702) (ScriptedImporter) -> (artifact id: '6d3ab72dfd7e45436d3dab030cd2900e') in 0.0117132 seconds
Number of updated asset objects reloaded before import = 0Number of asset objects unloaded after import = 0

========================================================================
Received Import Request.
  Time since last request: 0.000086 seconds.
  path: Assets/FishNet/CodeGenerating/cecil-0.11.4/rocks/Mono.Cecil.Rocks/MethodBodyRocks.cs
  artifactKey: Guid(0c47d4756ed8120429bad0887cff0366) Importer(2089858483,192608db42251d675da83286b1cce702)
Start importing Assets/FishNet/CodeGenerating/cecil-0.11.4/rocks/Mono.Cecil.Rocks/MethodBodyRocks.cs using Guid(0c47d4756ed8120429bad0887cff0366) Importer(2089858483,192608db42251d675da83286b1cce702) (ScriptedImporter) -> (artifact id: 'c12ff3d644061c038d2e93a2cccb0db6') in 0.0094388 seconds
Number of updated asset objects reloaded before import = 0Number of asset objects unloaded after import = 0

========================================================================
Received Import Request.
  Time since last request: 0.000032 seconds.
  path: Assets/FishNet/CodeGenerating/cecil-0.11.4/rocks/Mono.Cecil.Rocks/ILParser.cs
  artifactKey: Guid(2916628c81c279046adb746612d6067b) Importer(2089858483,192608db42251d675da83286b1cce702)
Start importing Assets/FishNet/CodeGenerating/cecil-0.11.4/rocks/Mono.Cecil.Rocks/ILParser.cs using Guid(2916628c81c279046adb746612d6067b) Importer(2089858483,192608db42251d675da83286b1cce702) (ScriptedImporter) -> (artifact id: '4409b628854ef6d08140feba42f75c7d') in 0.0111082 seconds
Number of updated asset objects reloaded before import = 0Number of asset objects unloaded after import = 0

========================================================================
Received Import Request.
  Time since last request: 0.000076 seconds.
  path: Assets/PolygonSciFiSpace/Models/Collision/Convex/SM_Veh_Part_Misc_06_Convex.asset
  artifactKey: Guid(43d47ede0fd22f5458cc2cfe80c62c98) Importer(2089858483,192608db42251d675da83286b1cce702)
Start importing Assets/PolygonSciFiSpace/Models/Collision/Convex/SM_Veh_Part_Misc_06_Convex.asset using Guid(43d47ede0fd22f5458cc2cfe80c62c98) Importer(2089858483,192608db42251d675da83286b1cce702) (ScriptedImporter) -> (artifact id: '844a2a4169ffd92a7e0ff21c13c2234e') in 0.0102439 seconds
Number of updated asset objects reloaded before import = 0Number of asset objects unloaded after import = 1

========================================================================
Received Import Request.
  Time since last request: 0.000028 seconds.
  path: Assets/PolygonSciFiSpace/Prefabs/Characters/Attachments/SM_Chr_Attach_Male_Hair_07.prefab
  artifactKey: Guid(e4f7405ec90644749a3ab70ce6e107d6) Importer(2089858483,192608db42251d675da83286b1cce702)
Start importing Assets/PolygonSciFiSpace/Prefabs/Characters/Attachments/SM_Chr_Attach_Male_Hair_07.prefab using Guid(e4f7405ec90644749a3ab70ce6e107d6) Importer(2089858483,192608db42251d675da83286b1cce702) (ScriptedImporter) -> (artifact id: '545cdf7ef91e807b6c0dacb1fec11549') in 0.0310371 seconds
Number of updated asset objects reloaded before import = 0Number of asset objects unloaded after import = 8

========================================================================
Received Import Request.
  Time since last request: 0.000044 seconds.
  path: Assets/PolygonSciFiSpace/Models/Collision/Convex/SM_Veh_Part_Wing_01_Convex.asset
  artifactKey: Guid(261ff6954aa5711429f5a82ce7a5b3a6) Importer(2089858483,192608db42251d675da83286b1cce702)
Start importing Assets/PolygonSciFiSpace/Models/Collision/Convex/SM_Veh_Part_Wing_01_Convex.asset using Guid(261ff6954aa5711429f5a82ce7a5b3a6) Importer(2089858483,192608db42251d675da83286b1cce702) (ScriptedImporter) -> (artifact id: 'e4724642699d032284621d5c6bc66a3c') in 0.0154221 seconds
Number of updated asset objects reloaded before import = 0Number of asset objects unloaded after import = 1

========================================================================
Received Import Request.
  Time since last request: 0.000046 seconds.
  path: Assets/FishNet/Demos/Benchmarks/NetworkTransform/Prefabs/NetworkTransform Benchmark 3D Rigidbodies.prefab
  artifactKey: Guid(dafef736ca1ae384e9a19eb672843563) Importer(2089858483,192608db42251d675da83286b1cce702)
Start importing Assets/FishNet/Demos/Benchmarks/NetworkTransform/Prefabs/NetworkTransform Benchmark 3D Rigidbodies.prefab using Guid(dafef736ca1ae384e9a19eb672843563) Importer(2089858483,192608db42251d675da83286b1cce702) (ScriptedImporter) -> (artifact id: '786813a074d63c27b559215782d8ea6a') in 0.0997422 seconds
Number of updated asset objects reloaded before import = 0Number of asset objects unloaded after import = 25

========================================================================
Received Import Request.
  Time since last request: 0.000036 seconds.
  path: Assets/FishNet/Demos/Prediction/Rigidbody/Scripts/Spring.cs
  artifactKey: Guid(444bda66ca6dd6e44b13d36a2cab9c4b) Importer(2089858483,192608db42251d675da83286b1cce702)
Start importing Assets/FishNet/Demos/Prediction/Rigidbody/Scripts/Spring.cs using Guid(444bda66ca6dd6e44b13d36a2cab9c4b) Importer(2089858483,192608db42251d675da83286b1cce702) (ScriptedImporter) -> (artifact id: 'd4d0ae73ef988698b1e452f246342ce7') in 0.013309 seconds
Number of updated asset objects reloaded before import = 0Number of asset objects unloaded after import = 0

========================================================================
Received Import Request.
  Time since last request: 0.000044 seconds.
  path: Assets/FishNet/Demos/SceneManager/Additive Scenes/Scripts/Waypoint.cs
  artifactKey: Guid(70028e1b1708627408637ab9a3cd6bd4) Importer(2089858483,192608db42251d675da83286b1cce702)
Start importing Assets/FishNet/Demos/SceneManager/Additive Scenes/Scripts/Waypoint.cs using Guid(70028e1b1708627408637ab9a3cd6bd4) Importer(2089858483,192608db42251d675da83286b1cce702) (ScriptedImporter) -> (artifact id: '5bca888052c5cc5751d4bace612fcc01') in 0.0127658 seconds
Number of updated asset objects reloaded before import = 0Number of asset objects unloaded after import = 0

========================================================================
Received Import Request.
  Time since last request: 0.000055 seconds.
  path: Assets/FishNet/Demos/Prediction/Rigidbody/Materials/PinkMat.mat
  artifactKey: Guid(32fce2e1a2cbf23439c57e7b6b853934) Importer(2089858483,192608db42251d675da83286b1cce702)
Start importing Assets/FishNet/Demos/Prediction/Rigidbody/Materials/PinkMat.mat using Guid(32fce2e1a2cbf23439c57e7b6b853934) Importer(2089858483,192608db42251d675da83286b1cce702) (ScriptedImporter) -> (artifact id: 'b3a6d95b112b54665ef4b95c9b2fc928') in 0.0169605 seconds
Number of updated asset objects reloaded before import = 0Number of asset objects unloaded after import = 1

========================================================================
Received Import Request.
  Time since last request: 0.000027 seconds.
  path: Assets/FishNet/Demos/Prediction/Rigidbody/Materials/OrangeMat.mat
  artifactKey: Guid(927568f7fc1cfa14ca78ab4e2ecd8d76) Importer(2089858483,192608db42251d675da83286b1cce702)
Start importing Assets/FishNet/Demos/Prediction/Rigidbody/Materials/OrangeMat.mat using Guid(927568f7fc1cfa14ca78ab4e2ecd8d76) Importer(2089858483,192608db42251d675da83286b1cce702) (ScriptedImporter) -> (artifact id: 'a9fb2bb4d1eb4ea6a079d8fe83f1acdf') in 0.0149009 seconds
Number of updated asset objects reloaded before import = 0Number of asset objects unloaded after import = 1

========================================================================
Received Import Request.
  Time since last request: 0.000033 seconds.
  path: Assets/FishNet/Demos/SceneManager (Old Examples)/Scenes/Additive/AdditiveConnection.unity
  artifactKey: Guid(cc489be8bb6ae444283f394c5e5fa8e2) Importer(2089858483,192608db42251d675da83286b1cce702)
Start importing Assets/FishNet/Demos/SceneManager (Old Examples)/Scenes/Additive/AdditiveConnection.unity using Guid(cc489be8bb6ae444283f394c5e5fa8e2) Importer(2089858483,192608db42251d675da83286b1cce702) (ScriptedImporter) -> (artifact id: '906ba252f67cdd8f9b284041e58f7a34') in 0.0118109 seconds
Number of updated asset objects reloaded before import = 0Number of asset objects unloaded after import = 1

========================================================================
Received Import Request.
  Time since last request: 0.000049 seconds.
  path: Assets/FishNet/Demos/ColliderRollback/Scripts/Player/PlayerCamera.cs
  artifactKey: Guid(fe0209d73083bf744ba4925f8cad7144) Importer(2089858483,192608db42251d675da83286b1cce702)
Start importing Assets/FishNet/Demos/ColliderRollback/Scripts/Player/PlayerCamera.cs using Guid(fe0209d73083bf744ba4925f8cad7144) Importer(2089858483,192608db42251d675da83286b1cce702) (ScriptedImporter) -> (artifact id: '36b16eb8b528f99ffe07e34689161bb7') in 0.0088989 seconds
Number of updated asset objects reloaded before import = 0Number of asset objects unloaded after import = 0

========================================================================
Received Import Request.
  Time since last request: 0.000034 seconds.
  path: Assets/FishNet/Demos/Prediction/CharacterController/Scripts/StaminaCanvas.cs
  artifactKey: Guid(2ca42d40476d05444acd0179c78b44cc) Importer(2089858483,192608db42251d675da83286b1cce702)
Start importing Assets/FishNet/Demos/Prediction/CharacterController/Scripts/StaminaCanvas.cs using Guid(2ca42d40476d05444acd0179c78b44cc) Importer(2089858483,192608db42251d675da83286b1cce702) (ScriptedImporter) -> (artifact id: '3437d451e8c0790d92ac8d5c6249d768') in 0.0106084 seconds
Number of updated asset objects reloaded before import = 0Number of asset objects unloaded after import = 0

========================================================================
Received Import Request.
  Time since last request: 0.000036 seconds.
  path: Assets/FishNet/Demos/Benchmarks/NetworkTransform/Scripts/PrefabSpawner.cs
  artifactKey: Guid(3e21cdbd259430f4ea77e1f3a6c88fc4) Importer(2089858483,192608db42251d675da83286b1cce702)
Start importing Assets/FishNet/Demos/Benchmarks/NetworkTransform/Scripts/PrefabSpawner.cs using Guid(3e21cdbd259430f4ea77e1f3a6c88fc4) Importer(2089858483,192608db42251d675da83286b1cce702) (ScriptedImporter) -> (artifact id: 'ded551fa4f686101fa70239249a739b6') in 0.0102068 seconds
Number of updated asset objects reloaded before import = 0Number of asset objects unloaded after import = 0

========================================================================
Received Import Request.
  Time since last request: 0.000029 seconds.
  path: Assets/FishNet/Demos/Prediction/CharacterController/Materials/BlueMat.mat
  artifactKey: Guid(a2ca0973c8f8a4846bb7f3894c3bc5cf) Importer(2089858483,192608db42251d675da83286b1cce702)
Start importing Assets/FishNet/Demos/Prediction/CharacterController/Materials/BlueMat.mat using Guid(a2ca0973c8f8a4846bb7f3894c3bc5cf) Importer(2089858483,192608db42251d675da83286b1cce702) (ScriptedImporter) -> (artifact id: '8b0ff98f135e60d4b95186e67dd07e43') in 0.0143665 seconds
Number of updated asset objects reloaded before import = 0Number of asset objects unloaded after import = 1

========================================================================
Received Import Request.
  Time since last request: 0.000065 seconds.
  path: Assets/FishNet/Demos/Prediction/CharacterController/Textures/FlatInterpolation_Img.png
  artifactKey: Guid(e93a25d03197614429e1a8b5600d5a97) Importer(2089858483,192608db42251d675da83286b1cce702)
Start importing Assets/FishNet/Demos/Prediction/CharacterController/Textures/FlatInterpolation_Img.png using Guid(e93a25d03197614429e1a8b5600d5a97) Importer(2089858483,192608db42251d675da83286b1cce702) (ScriptedImporter) -> (artifact id: '835463d3c9d32e50837c5ce7e60e350f') in 0.0452427 seconds
Number of updated asset objects reloaded before import = 0Number of asset objects unloaded after import = 3

========================================================================
Received Import Request.
  Time since last request: 0.000029 seconds.
  path: Assets/FishNet/Demos/SceneManager/Additive Scenes/Scenes/AdditiveScenes_2.unity
  artifactKey: Guid(969cc8a8a67c58b4da9baa82a65c66bf) Importer(2089858483,192608db42251d675da83286b1cce702)
Start importing Assets/FishNet/Demos/SceneManager/Additive Scenes/Scenes/AdditiveScenes_2.unity using Guid(969cc8a8a67c58b4da9baa82a65c66bf) Importer(2089858483,192608db42251d675da83286b1cce702) (ScriptedImporter) -> (artifact id: '005e1b3338938120296d1a26a96aafba') in 0.0181142 seconds
Number of updated asset objects reloaded before import = 0Number of asset objects unloaded after import = 1

========================================================================
Received Import Request.
  Time since last request: 0.000038 seconds.
  path: Assets/FishNet/Demos/SceneManager/Additive Scenes/Scenes/AdditiveScenes_0.unity
  artifactKey: Guid(7643cdc3eefb15f4f8608cc633c55f7e) Importer(2089858483,192608db42251d675da83286b1cce702)
Start importing Assets/FishNet/Demos/SceneManager/Additive Scenes/Scenes/AdditiveScenes_0.unity using Guid(7643cdc3eefb15f4f8608cc633c55f7e) Importer(2089858483,192608db42251d675da83286b1cce702) (ScriptedImporter) -> (artifact id: '0c2674b4fbd5e3923d15f907ed04ec8e') in 0.0167826 seconds
Number of updated asset objects reloaded before import = 0Number of asset objects unloaded after import = 1

========================================================================
Received Import Request.
  Time since last request: 0.000049 seconds.
  path: Assets/FishNet/Demos/ColliderRollback/Scripts/Player/Aim.cs
  artifactKey: Guid(e6d656f377f37164d8d7431aa4e43cdb) Importer(2089858483,192608db42251d675da83286b1cce702)
Start importing Assets/FishNet/Demos/ColliderRollback/Scripts/Player/Aim.cs using Guid(e6d656f377f37164d8d7431aa4e43cdb) Importer(2089858483,192608db42251d675da83286b1cce702) (ScriptedImporter) -> (artifact id: '6060f4872c5545ba2740bf0ab9d30a6d') in 0.0105236 seconds
Number of updated asset objects reloaded before import = 0Number of asset objects unloaded after import = 0

========================================================================
Received Import Request.
  Time since last request: 0.000031 seconds.
  path: Assets/FishNet/Demos/Prediction/Rigidbody/Materials/Slippery.physicMaterial
  artifactKey: Guid(5279afe67245e4641af070c5a02df994) Importer(2089858483,192608db42251d675da83286b1cce702)
Start importing Assets/FishNet/Demos/Prediction/Rigidbody/Materials/Slippery.physicMaterial using Guid(5279afe67245e4641af070c5a02df994) Importer(2089858483,192608db42251d675da83286b1cce702) (ScriptedImporter) -> (artifact id: '30ee587b0758695475e10a69456d1662') in 0.0154496 seconds
Number of updated asset objects reloaded before import = 0Number of asset objects unloaded after import = 1

========================================================================
Received Import Request.
  Time since last request: 0.000035 seconds.
  path: Assets/FishNet/Runtime/Editor/Configuring/EditorCloning/EditorCloneType.cs
  artifactKey: Guid(9ef534ed79b320b4c8961e3666159de1) Importer(2089858483,192608db42251d675da83286b1cce702)
Start importing Assets/FishNet/Runtime/Editor/Configuring/EditorCloning/EditorCloneType.cs using Guid(9ef534ed79b320b4c8961e3666159de1) Importer(2089858483,192608db42251d675da83286b1cce702) (ScriptedImporter) -> (artifact id: 'e235b6405f87bb98ab0dd6c1ca41eaeb') in 0.010451 seconds
Number of updated asset objects reloaded before import = 0Number of asset objects unloaded after import = 0

========================================================================
Received Import Request.
  Time since last request: 0.000032 seconds.
  path: Assets/FishNet/Demos/Benchmarks/NetworkTransform/Scripts/MoveRandomlyNonPhysics.cs
  artifactKey: Guid(9880e85651efd71469092ce519317f7b) Importer(2089858483,192608db42251d675da83286b1cce702)
Start importing Assets/FishNet/Demos/Benchmarks/NetworkTransform/Scripts/MoveRandomlyNonPhysics.cs using Guid(9880e85651efd71469092ce519317f7b) Importer(2089858483,192608db42251d675da83286b1cce702) (ScriptedImporter) -> (artifact id: '95810396be85b302fe7653e6bc6b77f5') in 0.0141056 seconds
Number of updated asset objects reloaded before import = 0Number of asset objects unloaded after import = 0

========================================================================
Received Import Request.
  Time since last request: 0.000063 seconds.
  path: Assets/FishNet/Demos/SceneManager (Old Examples)/Scenes/Additive/AdditiveGlobal.unity
  artifactKey: Guid(c43835f124dc68747a2091c4b8c42f80) Importer(2089858483,192608db42251d675da83286b1cce702)
Start importing Assets/FishNet/Demos/SceneManager (Old Examples)/Scenes/Additive/AdditiveGlobal.unity using Guid(c43835f124dc68747a2091c4b8c42f80) Importer(2089858483,192608db42251d675da83286b1cce702) (ScriptedImporter) -> (artifact id: 'ac725069aff78d3828057829013aa463') in 0.0147643 seconds
Number of updated asset objects reloaded before import = 0Number of asset objects unloaded after import = 1

========================================================================
Received Import Request.
  Time since last request: 0.000041 seconds.
  path: Assets/FishNet/Demos/Benchmarks/NetworkTransform/Materials/Translucent_Unlit.mat
  artifactKey: Guid(22954e4ae0b986e41b7190d7a1548a41) Importer(2089858483,192608db42251d675da83286b1cce702)
Start importing Assets/FishNet/Demos/Benchmarks/NetworkTransform/Materials/Translucent_Unlit.mat using Guid(22954e4ae0b986e41b7190d7a1548a41) Importer(2089858483,192608db42251d675da83286b1cce702) (ScriptedImporter) -> (artifact id: 'b56e7b7a1f71eef084c38b3c26e352d4') in 0.0218672 seconds
Number of updated asset objects reloaded before import = 0Number of asset objects unloaded after import = 1

========================================================================
Received Import Request.
  Time since last request: 0.000030 seconds.
  path: Assets/FishNet/Runtime/Managing/Prediction/Editor/PredictionManagerEditor.cs
  artifactKey: Guid(5382c1ab98f25c8439d23140d36651fe) Importer(2089858483,192608db42251d675da83286b1cce702)
Start importing Assets/FishNet/Runtime/Managing/Prediction/Editor/PredictionManagerEditor.cs using Guid(5382c1ab98f25c8439d23140d36651fe) Importer(2089858483,192608db42251d675da83286b1cce702) (ScriptedImporter) -> (artifact id: 'bb69b1914105d316ae601a2fdeab1ad8') in 0.0146005 seconds
Number of updated asset objects reloaded before import = 0Number of asset objects unloaded after import = 0

========================================================================
Received Import Request.
  Time since last request: 0.000045 seconds.
  path: Assets/FishNet/Runtime/Managing/Scened/LoadUnloadDatas/SceneLoadData.cs
  artifactKey: Guid(ecd4065158ab62047a074c594f245d90) Importer(2089858483,192608db42251d675da83286b1cce702)
Start importing Assets/FishNet/Runtime/Managing/Scened/LoadUnloadDatas/SceneLoadData.cs using Guid(ecd4065158ab62047a074c594f245d90) Importer(2089858483,192608db42251d675da83286b1cce702) (ScriptedImporter) -> (artifact id: '6e1a0cb35ed2dac362aecd0163cc8ecc') in 0.0175839 seconds
Number of updated asset objects reloaded before import = 0Number of asset objects unloaded after import = 0

========================================================================
Received Import Request.
  Time since last request: 0.000057 seconds.
  path: Assets/FishNet/Runtime/Managing/Scened/LoadUnloadDatas/UnloadQueueData.cs
  artifactKey: Guid(ea9c20d60381ea74f974fb87a7e78297) Importer(2089858483,192608db42251d675da83286b1cce702)
Start importing Assets/FishNet/Runtime/Managing/Scened/LoadUnloadDatas/UnloadQueueData.cs using Guid(ea9c20d60381ea74f974fb87a7e78297) Importer(2089858483,192608db42251d675da83286b1cce702) (ScriptedImporter) -> (artifact id: '70f06287246a997502e8d21d7bfb8c39') in 0.0177713 seconds
Number of updated asset objects reloaded before import = 0Number of asset objects unloaded after import = 0

========================================================================
Received Import Request.
  Time since last request: 0.000035 seconds.
  path: Assets/FishNet/Runtime/Managing/Client/Editor/ClientManagerEditor.cs
  artifactKey: Guid(a652d51a1efa8a442966e885e2736599) Importer(2089858483,192608db42251d675da83286b1cce702)
Start importing Assets/FishNet/Runtime/Managing/Client/Editor/ClientManagerEditor.cs using Guid(a652d51a1efa8a442966e885e2736599) Importer(2089858483,192608db42251d675da83286b1cce702) (ScriptedImporter) -> (artifact id: 'bf5e1b6b0036e77ba1c9c0effdc1a56e') in 0.0167467 seconds
Number of updated asset objects reloaded before import = 0Number of asset objects unloaded after import = 0

========================================================================
Received Import Request.
  Time since last request: 0.001044 seconds.
  path: Assets/FishNet/Runtime/Generated/Component/TickSmoothing/InitializationSettings.cs
  artifactKey: Guid(0c6e8313aa3aa964585e4ec54b733627) Importer(2089858483,192608db42251d675da83286b1cce702)
Start importing Assets/FishNet/Runtime/Generated/Component/TickSmoothing/InitializationSettings.cs using Guid(0c6e8313aa3aa964585e4ec54b733627) Importer(2089858483,192608db42251d675da83286b1cce702) (ScriptedImporter) -> (artifact id: '141526b5b671686bca0845541a0f54dc') in 0.0138218 seconds
Number of updated asset objects reloaded before import = 0Number of asset objects unloaded after import = 0

========================================================================
Received Import Request.
  Time since last request: 0.000053 seconds.
  path: Assets/FishNet/Runtime/Generated/Component/TickSmoothing/MovementSettings.Threaded.cs
  artifactKey: Guid(7186c545fe7ae6148bec3847de098c65) Importer(2089858483,192608db42251d675da83286b1cce702)
Start importing Assets/FishNet/Runtime/Generated/Component/TickSmoothing/MovementSettings.Threaded.cs using Guid(7186c545fe7ae6148bec3847de098c65) Importer(2089858483,192608db42251d675da83286b1cce702) (ScriptedImporter) -> (artifact id: '6819908315142edb8f71b29444444054') in 0.0165567 seconds
Number of updated asset objects reloaded before import = 0Number of asset objects unloaded after import = 0

========================================================================
Received Import Request.
  Time since last request: 0.000029 seconds.
  path: Assets/FishNet/Runtime/Generated/Component/Prediction/RigidbodyType.cs
  artifactKey: Guid(7cf2d3fc2ff7a9042b4b7618db15b482) Importer(2089858483,192608db42251d675da83286b1cce702)
Start importing Assets/FishNet/Runtime/Generated/Component/Prediction/RigidbodyType.cs using Guid(7cf2d3fc2ff7a9042b4b7618db15b482) Importer(2089858483,192608db42251d675da83286b1cce702) (ScriptedImporter) -> (artifact id: 'f468bbe813a1c6b42ea63bd2189b328e') in 0.0120301 seconds
Number of updated asset objects reloaded before import = 0Number of asset objects unloaded after import = 0

========================================================================
Received Import Request.
  Time since last request: 0.000033 seconds.
  path: Assets/FishNet/Runtime/Generated/Component/TickSmoothing/NetworkTickSmoother.cs
  artifactKey: Guid(453481867b26f7c43b5bf38802a5f50e) Importer(2089858483,192608db42251d675da83286b1cce702)
Start importing Assets/FishNet/Runtime/Generated/Component/TickSmoothing/NetworkTickSmoother.cs using Guid(453481867b26f7c43b5bf38802a5f50e) Importer(2089858483,192608db42251d675da83286b1cce702) (ScriptedImporter) -> (artifact id: '278342a4b69583b03a0aa0b1771c8dbb') in 0.0114088 seconds
Number of updated asset objects reloaded before import = 0Number of asset objects unloaded after import = 0

========================================================================
Received Import Request.
  Time since last request: 0.000040 seconds.
  path: Assets/FishNet/Runtime/Generated/Component/Prediction/NetworkCollision2D.cs
  artifactKey: Guid(be3cb2952c351714c963b0766f53cef3) Importer(2089858483,192608db42251d675da83286b1cce702)
Start importing Assets/FishNet/Runtime/Generated/Component/Prediction/NetworkCollision2D.cs using Guid(be3cb2952c351714c963b0766f53cef3) Importer(2089858483,192608db42251d675da83286b1cce702) (ScriptedImporter) -> (artifact id: '7c1088f31b47d52bc814369c18869f7b') in 0.0171666 seconds
Number of updated asset objects reloaded before import = 0Number of asset objects unloaded after import = 0

========================================================================
Received Import Request.
  Time since last request: 0.000060 seconds.
  path: Assets/FishNet/Runtime/Generated/Component/Utility/DefaultScene.cs
  artifactKey: Guid(57ce8bbb58966cb45a7140f32da5327a) Importer(2089858483,192608db42251d675da83286b1cce702)
Start importing Assets/FishNet/Runtime/Generated/Component/Utility/DefaultScene.cs using Guid(57ce8bbb58966cb45a7140f32da5327a) Importer(2089858483,192608db42251d675da83286b1cce702) (ScriptedImporter) -> (artifact id: 'ae5dc28bf1c39d9c35fe2ca6eb7e6a94') in 0.0126766 seconds
Number of updated asset objects reloaded before import = 0Number of asset objects unloaded after import = 1

========================================================================
Received Import Request.
  Time since last request: 0.000033 seconds.
  path: Assets/FishNet/Runtime/Managing/Scened/LoadUnloadDatas/UnloadOptions.cs
  artifactKey: Guid(3de31d76de313bc49aefba61135fdffc) Importer(2089858483,192608db42251d675da83286b1cce702)
Start importing Assets/FishNet/Runtime/Managing/Scened/LoadUnloadDatas/UnloadOptions.cs using Guid(3de31d76de313bc49aefba61135fdffc) Importer(2089858483,192608db42251d675da83286b1cce702) (ScriptedImporter) -> (artifact id: 'b92627e263b65089720dde92444967c4') in 0.0099392 seconds
Number of updated asset objects reloaded before import = 0Number of asset objects unloaded after import = 0

========================================================================
Received Import Request.
  Time since last request: 0.000029 seconds.
  path: Assets/FishNet/Runtime/Managing/Object/PrefabObjects/SinglePrefabObjects.cs
  artifactKey: Guid(4489d77032a81ef42b0067acf2737d4d) Importer(2089858483,192608db42251d675da83286b1cce702)
Start importing Assets/FishNet/Runtime/Managing/Object/PrefabObjects/SinglePrefabObjects.cs using Guid(4489d77032a81ef42b0067acf2737d4d) Importer(2089858483,192608db42251d675da83286b1cce702) (ScriptedImporter) -> (artifact id: '0e41658a14e087f967f18a6664a38f70') in 0.0114377 seconds
Number of updated asset objects reloaded before import = 0Number of asset objects unloaded after import = 0

========================================================================
Received Import Request.
  Time since last request: 0.000044 seconds.
  path: Assets/FishNet/Runtime/Generated/Component/Utility/BandwidthDisplay.cs
  artifactKey: Guid(8bc8f0363ddc75946a958043c5e49a83) Importer(2089858483,192608db42251d675da83286b1cce702)
Start importing Assets/FishNet/Runtime/Generated/Component/Utility/BandwidthDisplay.cs using Guid(8bc8f0363ddc75946a958043c5e49a83) Importer(2089858483,192608db42251d675da83286b1cce702) (ScriptedImporter) -> (artifact id: '6451888f51e6067468627d89eabdd262') in 0.0098838 seconds
Number of updated asset objects reloaded before import = 0Number of asset objects unloaded after import = 1

========================================================================
Received Import Request.
  Time since last request: 0.000042 seconds.
  path: Assets/FishNet/Runtime/Generated/Component/TickSmoothing/TickSmootherController.Threaded.cs
  artifactKey: Guid(08a69e2de19910a4c848f7c34af11e41) Importer(2089858483,192608db42251d675da83286b1cce702)
Start importing Assets/FishNet/Runtime/Generated/Component/TickSmoothing/TickSmootherController.Threaded.cs using Guid(08a69e2de19910a4c848f7c34af11e41) Importer(2089858483,192608db42251d675da83286b1cce702) (ScriptedImporter) -> (artifact id: '4498c088e81ff468070777c7ce38d1ef') in 0.0109515 seconds
Number of updated asset objects reloaded before import = 0Number of asset objects unloaded after import = 0

========================================================================
Received Import Request.
  Time since last request: 0.000029 seconds.
  path: Assets/FishNet/Runtime/Editor/Textures/UI/Client_Text.png
  artifactKey: Guid(3ae205103debe66408545096e23a3780) Importer(2089858483,192608db42251d675da83286b1cce702)
Start importing Assets/FishNet/Runtime/Editor/Textures/UI/Client_Text.png using Guid(3ae205103debe66408545096e23a3780) Importer(2089858483,192608db42251d675da83286b1cce702) (ScriptedImporter) -> (artifact id: 'f4c4698b38638e3e3b338c8d67026ed5') in 0.0378558 seconds
Number of updated asset objects reloaded before import = 0Number of asset objects unloaded after import = 3

========================================================================
Received Import Request.
  Time since last request: 0.000032 seconds.
  path: Assets/FishNet/Demos/Prediction/CharacterController/Prefabs/CharacterControllerPrediction.prefab
  artifactKey: Guid(5b712878ecece354ba4ffb026c0a221c) Importer(2089858483,192608db42251d675da83286b1cce702)
Start importing Assets/FishNet/Demos/Prediction/CharacterController/Prefabs/CharacterControllerPrediction.prefab using Guid(5b712878ecece354ba4ffb026c0a221c) Importer(2089858483,192608db42251d675da83286b1cce702) (ScriptedImporter) -> (artifact id: 'f87d0aa5870c481bc4985011ff527a04') in 0.0458194 seconds
Number of updated asset objects reloaded before import = 0Number of asset objects unloaded after import = 17

========================================================================
Received Import Request.
  Time since last request: 0.000085 seconds.
  path: Assets/FishNet/Runtime/Managing/Scened/LoadUnloadDatas/ReplaceOption.cs
  artifactKey: Guid(cb8e2c0fe3b9d3344a05810936861555) Importer(2089858483,192608db42251d675da83286b1cce702)
Start importing Assets/FishNet/Runtime/Managing/Scened/LoadUnloadDatas/ReplaceOption.cs using Guid(cb8e2c0fe3b9d3344a05810936861555) Importer(2089858483,192608db42251d675da83286b1cce702) (ScriptedImporter) -> (artifact id: 'a5d4c4db2bf65cad7e3fcf27af9a77ce') in 0.0100143 seconds
Number of updated asset objects reloaded before import = 0Number of asset objects unloaded after import = 0

========================================================================
Received Import Request.
  Time since last request: 0.000054 seconds.
  path: Assets/Polygon Arsenal/Materials/Rimlight/Solid/BlackHole/PolyBlackHoleRed.mat
  artifactKey: Guid(d279c6dedb6e7c84ea5fbffe2a0a9349) Importer(2089858483,192608db42251d675da83286b1cce702)
Start importing Assets/Polygon Arsenal/Materials/Rimlight/Solid/BlackHole/PolyBlackHoleRed.mat using Guid(d279c6dedb6e7c84ea5fbffe2a0a9349) Importer(2089858483,192608db42251d675da83286b1cce702) (ScriptedImporter) -> (artifact id: '068a222fe47633093595b6cf399c39dc') in 0.0172759 seconds
Number of updated asset objects reloaded before import = 0Number of asset objects unloaded after import = 1

========================================================================
Received Import Request.
  Time since last request: 0.000028 seconds.
  path: Assets/Online_FPS_TPS_KIT/Scripts/v3.2/RIG/LocalRigs/WeaponCollisionRig.cs
  artifactKey: Guid(4f6e072e07f8c994cb7b834eb6faa3fa) Importer(2089858483,192608db42251d675da83286b1cce702)
Start importing Assets/Online_FPS_TPS_KIT/Scripts/v3.2/RIG/LocalRigs/WeaponCollisionRig.cs using Guid(4f6e072e07f8c994cb7b834eb6faa3fa) Importer(2089858483,192608db42251d675da83286b1cce702) (ScriptedImporter) -> (artifact id: '90ec6c89b31f84cd2b71d050978b2804') in 0.0100189 seconds
Number of updated asset objects reloaded before import = 0Number of asset objects unloaded after import = 0

========================================================================
Received Import Request.
  Time since last request: 0.000055 seconds.
  path: Assets/Polygon Arsenal/Materials/Rimlight/Solid/Crystals/PolyCrystalMolten.mat
  artifactKey: Guid(f3c28a544f639cc43a5c7b51157cf52e) Importer(2089858483,192608db42251d675da83286b1cce702)
Start importing Assets/Polygon Arsenal/Materials/Rimlight/Solid/Crystals/PolyCrystalMolten.mat using Guid(f3c28a544f639cc43a5c7b51157cf52e) Importer(2089858483,192608db42251d675da83286b1cce702) (ScriptedImporter) -> (artifact id: 'e4db6ae761c395679b503c94aa3bfcfd') in 0.0147954 seconds
Number of updated asset objects reloaded before import = 0Number of asset objects unloaded after import = 1

========================================================================
Received Import Request.
  Time since last request: 0.000039 seconds.
  path: Assets/Polygon Arsenal/Demo/Scenes/- Misc/xPolyLibrary/LightingData.asset
  artifactKey: Guid(83c107c284bcb9f46b9da32dfe0c73c7) Importer(2089858483,192608db42251d675da83286b1cce702)
Start importing Assets/Polygon Arsenal/Demo/Scenes/- Misc/xPolyLibrary/LightingData.asset using Guid(83c107c284bcb9f46b9da32dfe0c73c7) Importer(2089858483,192608db42251d675da83286b1cce702) (ScriptedImporter) -> (artifact id: '84ad5c0e00beea988fa66cc265c2d48e') in 0.0147591 seconds
Number of updated asset objects reloaded before import = 0Number of asset objects unloaded after import = 2

========================================================================
Received Import Request.
  Time since last request: 0.000056 seconds.
  path: Assets/FishNet/Runtime/Transporting/Transports/Multipass/Multipass.cs
  artifactKey: Guid(314b449d3505bd24487ba69b61c2fda5) Importer(2089858483,192608db42251d675da83286b1cce702)
Start importing Assets/FishNet/Runtime/Transporting/Transports/Multipass/Multipass.cs using Guid(314b449d3505bd24487ba69b61c2fda5) Importer(2089858483,192608db42251d675da83286b1cce702) (ScriptedImporter) -> (artifact id: '723dd79472d34f8e2fed07af13b33a6a') in 0.013999 seconds
Number of updated asset objects reloaded before import = 0Number of asset objects unloaded after import = 1

========================================================================
Received Import Request.
  Time since last request: 0.000035 seconds.
  path: Assets/Polygon Arsenal/Materials/Rimlight/Solid/Treasure/PolySolidTrsBronze.mat
  artifactKey: Guid(c4502fd8c2e86df429eab9cecf78ac4b) Importer(2089858483,192608db42251d675da83286b1cce702)
Start importing Assets/Polygon Arsenal/Materials/Rimlight/Solid/Treasure/PolySolidTrsBronze.mat using Guid(c4502fd8c2e86df429eab9cecf78ac4b) Importer(2089858483,192608db42251d675da83286b1cce702) (ScriptedImporter) -> (artifact id: 'ec7068a4b1562cdcbb391ae0efe85363') in 0.0192354 seconds
Number of updated asset objects reloaded before import = 0Number of asset objects unloaded after import = 1

========================================================================
Received Import Request.
  Time since last request: 0.000035 seconds.
  path: Assets/FishNet/Runtime/Plugins/ColliderRollback/Scripts/ColliderRollback.Types.cs
  artifactKey: Guid(83b62057280ff8e4faf4a7344b9f3bda) Importer(2089858483,192608db42251d675da83286b1cce702)
Start importing Assets/FishNet/Runtime/Plugins/ColliderRollback/Scripts/ColliderRollback.Types.cs using Guid(83b62057280ff8e4faf4a7344b9f3bda) Importer(2089858483,192608db42251d675da83286b1cce702) (ScriptedImporter) -> (artifact id: 'c2531bf15735adb07b57b1514170223d') in 0.0151995 seconds
Number of updated asset objects reloaded before import = 0Number of asset objects unloaded after import = 1

========================================================================
Received Import Request.
  Time since last request: 0.000039 seconds.
  path: Assets/FishNet/Runtime/Plugins/Yak/Core/CommonSocket.cs
  artifactKey: Guid(63afa30fa0251df44b9496aded55d795) Importer(2089858483,192608db42251d675da83286b1cce702)
Start importing Assets/FishNet/Runtime/Plugins/Yak/Core/CommonSocket.cs using Guid(63afa30fa0251df44b9496aded55d795) Importer(2089858483,192608db42251d675da83286b1cce702) (ScriptedImporter) -> (artifact id: 'a043627ba28585f01fb6c418a8c8b8b8') in 0.0165475 seconds
Number of updated asset objects reloaded before import = 0Number of asset objects unloaded after import = 0

========================================================================
Received Import Request.
  Time since last request: 0.000051 seconds.
  path: Assets/Polygon Arsenal/Materials/Rimlight/Solid/BlackHole/PolyBlackHoleOuterLayer.mat
  artifactKey: Guid(214e3b8c22cae79459c9e74027ee3d13) Importer(2089858483,192608db42251d675da83286b1cce702)
Start importing Assets/Polygon Arsenal/Materials/Rimlight/Solid/BlackHole/PolyBlackHoleOuterLayer.mat using Guid(214e3b8c22cae79459c9e74027ee3d13) Importer(2089858483,192608db42251d675da83286b1cce702) (ScriptedImporter) -> (artifact id: '93cb66c80f592051a69ccd108b728fea') in 0.0183354 seconds
Number of updated asset objects reloaded before import = 0Number of asset objects unloaded after import = 1

========================================================================
Received Import Request.
  Time since last request: 0.000061 seconds.
  path: Assets/Polygon Arsenal/Materials/Rimlight/Solid/BlackHole/PolyBlackHoleYellow.mat
  artifactKey: Guid(771bc9a064f296d46b95a50547cfba67) Importer(2089858483,192608db42251d675da83286b1cce702)
Start importing Assets/Polygon Arsenal/Materials/Rimlight/Solid/BlackHole/PolyBlackHoleYellow.mat using Guid(771bc9a064f296d46b95a50547cfba67) Importer(2089858483,192608db42251d675da83286b1cce702) (ScriptedImporter) -> (artifact id: '0d2d41e40896c62767c3bd1ec3039fb0') in 0.0183482 seconds
Number of updated asset objects reloaded before import = 0Number of asset objects unloaded after import = 1

========================================================================
Received Import Request.
  Time since last request: 0.000048 seconds.
  path: Assets/Polygon Arsenal/Materials/Rimlight/Transparent/Proton/PolyProtonYellow.mat
  artifactKey: Guid(d47bd75d84d60f345aa4de9f4fb2935b) Importer(2089858483,192608db42251d675da83286b1cce702)
Start importing Assets/Polygon Arsenal/Materials/Rimlight/Transparent/Proton/PolyProtonYellow.mat using Guid(d47bd75d84d60f345aa4de9f4fb2935b) Importer(2089858483,192608db42251d675da83286b1cce702) (ScriptedImporter) -> (artifact id: '3b14c1bfe743347d43679f4eabf694f3') in 0.0177246 seconds
Number of updated asset objects reloaded before import = 0Number of asset objects unloaded after import = 1

========================================================================
Received Import Request.
  Time since last request: 0.000052 seconds.
  path: Assets/FishNet/Runtime/Plugins/Yak/Core/LocalPacket.cs
  artifactKey: Guid(f52ce359669f91c4d981dc605a8875b7) Importer(2089858483,192608db42251d675da83286b1cce702)
Start importing Assets/FishNet/Runtime/Plugins/Yak/Core/LocalPacket.cs using Guid(f52ce359669f91c4d981dc605a8875b7) Importer(2089858483,192608db42251d675da83286b1cce702) (ScriptedImporter) -> (artifact id: '8262429a96c8e4945f43a28bfaac0a84') in 0.010996 seconds
Number of updated asset objects reloaded before import = 0Number of asset objects unloaded after import = 0

========================================================================
Received Import Request.
  Time since last request: 0.000036 seconds.
  path: Assets/FishNet/Runtime/Observing/Conditions/ScriptableObjects/OwnerOnlyCondition.asset
  artifactKey: Guid(bcf92670d91dbb74dad77c56b9b8712e) Importer(2089858483,192608db42251d675da83286b1cce702)
Start importing Assets/FishNet/Runtime/Observing/Conditions/ScriptableObjects/OwnerOnlyCondition.asset using Guid(bcf92670d91dbb74dad77c56b9b8712e) Importer(2089858483,192608db42251d675da83286b1cce702) (ScriptedImporter) -> (artifact id: 'd235e608c58364ad4b397952f029dcda') in 0.0165544 seconds
Number of updated asset objects reloaded before import = 0Number of asset objects unloaded after import = 1

========================================================================
Received Import Request.
  Time since last request: 0.000032 seconds.
  path: Assets/Polygon Arsenal/Materials/Rimlight/Solid/BlackHole/PolyBlackHoleBlue.mat
  artifactKey: Guid(8b67ed1b53a2fd04480c88b532880e84) Importer(2089858483,192608db42251d675da83286b1cce702)
Start importing Assets/Polygon Arsenal/Materials/Rimlight/Solid/BlackHole/PolyBlackHoleBlue.mat using Guid(8b67ed1b53a2fd04480c88b532880e84) Importer(2089858483,192608db42251d675da83286b1cce702) (ScriptedImporter) -> (artifact id: 'ad425be045fcbedae1be0638f01cd0b8') in 0.0136579 seconds
Number of updated asset objects reloaded before import = 0Number of asset objects unloaded after import = 1

========================================================================
Received Import Request.
  Time since last request: 0.000047 seconds.
  path: Assets/Polygon Arsenal/Materials/Rimlight/Transparent/Proton/PolyProtonWhite.mat
  artifactKey: Guid(5f0330dfd65a23e44a7ae451482b33b7) Importer(2089858483,192608db42251d675da83286b1cce702)
Start importing Assets/Polygon Arsenal/Materials/Rimlight/Transparent/Proton/PolyProtonWhite.mat using Guid(5f0330dfd65a23e44a7ae451482b33b7) Importer(2089858483,192608db42251d675da83286b1cce702) (ScriptedImporter) -> (artifact id: 'e341dc751c4bf8919989b0516418cf00') in 0.012625 seconds
Number of updated asset objects reloaded before import = 0Number of asset objects unloaded after import = 1

========================================================================
Received Import Request.
  Time since last request: 0.000046 seconds.
  path: Assets/Online_FPS_TPS_KIT/Scripts/v3.2/RIG/LocalRigs/HandIK.cs
  artifactKey: Guid(69f01abf1d24b6d4e9687aaca1552b9e) Importer(2089858483,192608db42251d675da83286b1cce702)
Start importing Assets/Online_FPS_TPS_KIT/Scripts/v3.2/RIG/LocalRigs/HandIK.cs using Guid(69f01abf1d24b6d4e9687aaca1552b9e) Importer(2089858483,192608db42251d675da83286b1cce702) (ScriptedImporter) -> (artifact id: '84e186fb91e657ca96cc70d92ba67c16') in 0.0116901 seconds
Number of updated asset objects reloaded before import = 0Number of asset objects unloaded after import = 0

========================================================================
Received Import Request.
  Time since last request: 0.000033 seconds.
  path: Assets/Online_FPS_TPS_KIT/Scripts/v3.2/RIG/LocalRigs/BodyAim.cs
  artifactKey: Guid(1c918424c7aa5c64eb626b38c606119b) Importer(2089858483,192608db42251d675da83286b1cce702)
Start importing Assets/Online_FPS_TPS_KIT/Scripts/v3.2/RIG/LocalRigs/BodyAim.cs using Guid(1c918424c7aa5c64eb626b38c606119b) Importer(2089858483,192608db42251d675da83286b1cce702) (ScriptedImporter) -> (artifact id: '4ca98e6e3fc7733a4184da953ea6302d') in 0.0094182 seconds
Number of updated asset objects reloaded before import = 0Number of asset objects unloaded after import = 0

========================================================================
Received Import Request.
  Time since last request: 0.000025 seconds.
  path: Assets/Polygon Arsenal/Materials/Rimlight/Solid/Crystals/PolyCrystalWhite.mat
  artifactKey: Guid(73f82df4f1d3a19419501e638eabe661) Importer(2089858483,192608db42251d675da83286b1cce702)
Start importing Assets/Polygon Arsenal/Materials/Rimlight/Solid/Crystals/PolyCrystalWhite.mat using Guid(73f82df4f1d3a19419501e638eabe661) Importer(2089858483,192608db42251d675da83286b1cce702) (ScriptedImporter) -> (artifact id: '5721d4d0968b4baa9258d45c23846881') in 0.0135455 seconds
Number of updated asset objects reloaded before import = 0Number of asset objects unloaded after import = 1

========================================================================
Received Import Request.
  Time since last request: 0.000031 seconds.
  path: Assets/Polygon Arsenal/Materials/Rimlight/Transparent/Shield/PolyShieldPink.mat
  artifactKey: Guid(dea69a4cc32d61a4aaaa542b5ccd7cfc) Importer(2089858483,192608db42251d675da83286b1cce702)
Start importing Assets/Polygon Arsenal/Materials/Rimlight/Transparent/Shield/PolyShieldPink.mat using Guid(dea69a4cc32d61a4aaaa542b5ccd7cfc) Importer(2089858483,192608db42251d675da83286b1cce702) (ScriptedImporter) -> (artifact id: '96568d0f1b45e92e4b9d112d8f02316c') in 0.0120791 seconds
Number of updated asset objects reloaded before import = 0Number of asset objects unloaded after import = 1

========================================================================
Received Import Request.
  Time since last request: 0.000054 seconds.
  path: Assets/Polygon Arsenal/Prefabs/Combat/Aura/DamageAura/DamageAuraLightningBlue.prefab
  artifactKey: Guid(7946c70af3b048440a5e52d114f76cd3) Importer(2089858483,192608db42251d675da83286b1cce702)
Start importing Assets/Polygon Arsenal/Prefabs/Combat/Aura/DamageAura/DamageAuraLightningBlue.prefab using Guid(7946c70af3b048440a5e52d114f76cd3) Importer(2089858483,192608db42251d675da83286b1cce702) (ScriptedImporter) -> (artifact id: '9be0cff4a447179c0bb44e6f5cf068ee') in 0.129371 seconds
Number of updated asset objects reloaded before import = 0Number of asset objects unloaded after import = 11

========================================================================
Received Import Request.
  Time since last request: 0.000039 seconds.
  path: Assets/Polygon Arsenal/Prefabs/Combat/Aura/ElementalAura/ElementalAuraFire.prefab
  artifactKey: Guid(c4e259058854a5042bd8631af85b465b) Importer(2089858483,192608db42251d675da83286b1cce702)
Start importing Assets/Polygon Arsenal/Prefabs/Combat/Aura/ElementalAura/ElementalAuraFire.prefab using Guid(c4e259058854a5042bd8631af85b465b) Importer(2089858483,192608db42251d675da83286b1cce702) (ScriptedImporter) -> (artifact id: '7e9e13b44b793247329a142af2bc84a2') in 0.1352802 seconds
Number of updated asset objects reloaded before import = 0Number of asset objects unloaded after import = 19

========================================================================
Received Import Request.
  Time since last request: 0.000052 seconds.
  path: Assets/Polygon Arsenal/Prefabs/Combat/Aura/ChargeAura/AuraChargeBlue.prefab
  artifactKey: Guid(a34303283eae569419f28256bff64733) Importer(2089858483,192608db42251d675da83286b1cce702)
Start importing Assets/Polygon Arsenal/Prefabs/Combat/Aura/ChargeAura/AuraChargeBlue.prefab using Guid(a34303283eae569419f28256bff64733) Importer(2089858483,192608db42251d675da83286b1cce702) (ScriptedImporter) -> (artifact id: '9298e56c5bb2127589126e7a0248deef') in 0.1375153 seconds
Number of updated asset objects reloaded before import = 0Number of asset objects unloaded after import = 25

========================================================================
Received Import Request.
  Time since last request: 0.000072 seconds.
  path: Assets/Polygon Arsenal/Prefabs/Combat/Aura/ElementalAura/ElementalAuraLightningBlue.prefab
  artifactKey: Guid(7296979f7da21d34683bec01108dc48c) Importer(2089858483,192608db42251d675da83286b1cce702)
Start importing Assets/Polygon Arsenal/Prefabs/Combat/Aura/ElementalAura/ElementalAuraLightningBlue.prefab using Guid(7296979f7da21d34683bec01108dc48c) Importer(2089858483,192608db42251d675da83286b1cce702) (ScriptedImporter) -> (artifact id: 'a02089b4618fefacd26ca40c17e98707') in 0.124342 seconds
Number of updated asset objects reloaded before import = 0Number of asset objects unloaded after import = 15

========================================================================
Received Import Request.
  Time since last request: 0.000029 seconds.
  path: Assets/Polygon Arsenal/Prefabs/Combat/Barrage/Nova/BarrageNovaIce2.prefab
  artifactKey: Guid(8dcf2296b7d42f3429188353da686d1c) Importer(2089858483,192608db42251d675da83286b1cce702)
Start importing Assets/Polygon Arsenal/Prefabs/Combat/Barrage/Nova/BarrageNovaIce2.prefab using Guid(8dcf2296b7d42f3429188353da686d1c) Importer(2089858483,192608db42251d675da83286b1cce702) (ScriptedImporter) -> (artifact id: '9b0d3d8983f0fd666d83dd6e17fb2460') in 0.1214288 seconds
Number of updated asset objects reloaded before import = 0Number of asset objects unloaded after import = 31

========================================================================
Received Import Request.
  Time since last request: 0.000042 seconds.
  path: Assets/Polygon Arsenal/Prefabs/Combat/Aura/SparkleAura/SparkleAuraPink.prefab
  artifactKey: Guid(d19c6672fb5a30841a1dd048d75230d6) Importer(2089858483,192608db42251d675da83286b1cce702)
Start importing Assets/Polygon Arsenal/Prefabs/Combat/Aura/SparkleAura/SparkleAuraPink.prefab using Guid(d19c6672fb5a30841a1dd048d75230d6) Importer(2089858483,192608db42251d675da83286b1cce702) (ScriptedImporter) -> (artifact id: 'f77080197c195de1522eaa8f88fd065d') in 0.1301861 seconds
Number of updated asset objects reloaded before import = 0Number of asset objects unloaded after import = 17

========================================================================
Received Import Request.
  Time since last request: 0.000053 seconds.
  path: Assets/Polygon Arsenal/Prefabs/Combat/Aura/ElementalAura/ElementalAuraStorm.prefab
  artifactKey: Guid(e404b24e4a281cd47bad4e89d8fc87b6) Importer(2089858483,192608db42251d675da83286b1cce702)
Start importing Assets/Polygon Arsenal/Prefabs/Combat/Aura/ElementalAura/ElementalAuraStorm.prefab using Guid(e404b24e4a281cd47bad4e89d8fc87b6) Importer(2089858483,192608db42251d675da83286b1cce702) (ScriptedImporter) -> (artifact id: '2e233a9fd2062868fc813e2a95c94288') in 0.1136286 seconds
Number of updated asset objects reloaded before import = 0Number of asset objects unloaded after import = 20

========================================================================
Received Import Request.
  Time since last request: 0.000038 seconds.
  path: Assets/Polygon Arsenal/Prefabs/Combat/Barrage/Nova/BarrageNovaShell.prefab
  artifactKey: Guid(6c9ef52b5950c0b4e8d9726df3a1320c) Importer(2089858483,192608db42251d675da83286b1cce702)
Start importing Assets/Polygon Arsenal/Prefabs/Combat/Barrage/Nova/BarrageNovaShell.prefab using Guid(6c9ef52b5950c0b4e8d9726df3a1320c) Importer(2089858483,192608db42251d675da83286b1cce702) (ScriptedImporter) -> (artifact id: '3ef4bd0ed9a8a919b31f1abaef885597') in 0.1463355 seconds
Number of updated asset objects reloaded before import = 0Number of asset objects unloaded after import = 35

========================================================================
Received Import Request.
  Time since last request: 0.000053 seconds.
  path: Assets/Polygon Arsenal/Prefabs/Combat/Beams/Setup/BeamBlue.prefab
  artifactKey: Guid(f4e37925a54636e4293491c991143948) Importer(2089858483,192608db42251d675da83286b1cce702)
Start importing Assets/Polygon Arsenal/Prefabs/Combat/Beams/Setup/BeamBlue.prefab using Guid(f4e37925a54636e4293491c991143948) Importer(2089858483,192608db42251d675da83286b1cce702) (ScriptedImporter) -> (artifact id: '30425b0ca1b99d1e6db0f7f1fdb6fee1') in 0.0497548 seconds
Number of updated asset objects reloaded before import = 0Number of asset objects unloaded after import = 6

========================================================================
Received Import Request.
  Time since last request: 0.000060 seconds.
  path: Assets/Polygon Arsenal/Prefabs/Combat/Beams/Setup/BeamYellow.prefab
  artifactKey: Guid(89393581439b2f845a76dab652442825) Importer(2089858483,192608db42251d675da83286b1cce702)
Start importing Assets/Polygon Arsenal/Prefabs/Combat/Beams/Setup/BeamYellow.prefab using Guid(89393581439b2f845a76dab652442825) Importer(2089858483,192608db42251d675da83286b1cce702) (ScriptedImporter) -> (artifact id: '54e019143d9a11c222a7629c69b2231b') in 0.0300803 seconds
Number of updated asset objects reloaded before import = 0Number of asset objects unloaded after import = 6

========================================================================
Received Import Request.
  Time since last request: 0.000082 seconds.
  path: Assets/Polygon Arsenal/Prefabs/Combat/Barrage/Rain/BarrageIce2.prefab
  artifactKey: Guid(4337833234dddfd47ac5f1a5de99e702) Importer(2089858483,192608db42251d675da83286b1cce702)
Start importing Assets/Polygon Arsenal/Prefabs/Combat/Barrage/Rain/BarrageIce2.prefab using Guid(4337833234dddfd47ac5f1a5de99e702) Importer(2089858483,192608db42251d675da83286b1cce702) (ScriptedImporter) -> (artifact id: 'cd309b6d39f09c7855b900ea385a68c4') in 0.2492487 seconds
Number of updated asset objects reloaded before import = 0Number of asset objects unloaded after import = 31

========================================================================
Received Import Request.
  Time since last request: 0.000052 seconds.
  path: Assets/Polygon Arsenal/Prefabs/Combat/Beams/Setup/BeamGreen.prefab
  artifactKey: Guid(421e1c2102d58be45ac9ad2b4441cd24) Importer(2089858483,192608db42251d675da83286b1cce702)
Start importing Assets/Polygon Arsenal/Prefabs/Combat/Beams/Setup/BeamGreen.prefab using Guid(421e1c2102d58be45ac9ad2b4441cd24) Importer(2089858483,192608db42251d675da83286b1cce702) (ScriptedImporter) -> (artifact id: 'c532d629b4a61f85e3ddf65e6db3bb53') in 0.0787802 seconds
Number of updated asset objects reloaded before import = 0Number of asset objects unloaded after import = 6

========================================================================
Received Import Request.
  Time since last request: 0.000060 seconds.
  path: Assets/Polygon Arsenal/Prefabs/Combat/Aura/ShieldAura/ShieldAuraRed.prefab
  artifactKey: Guid(44f53485b1604f64a89c89df1e81c578) Importer(2089858483,192608db42251d675da83286b1cce702)
Start importing Assets/Polygon Arsenal/Prefabs/Combat/Aura/ShieldAura/ShieldAuraRed.prefab using Guid(44f53485b1604f64a89c89df1e81c578) Importer(2089858483,192608db42251d675da83286b1cce702) (ScriptedImporter) -> (artifact id: '8732580b11d7a4ec163f4370439456db') in 0.202113 seconds
Number of updated asset objects reloaded before import = 0Number of asset objects unloaded after import = 22

========================================================================
Received Import Request.
  Time since last request: 0.000199 seconds.
  path: Assets/Polygon Arsenal/Prefabs/Combat/Barrage/Rain/BarrageMolten.prefab
  artifactKey: Guid(2e9002a4cb9ce75418a1b333090c512b) Importer(2089858483,192608db42251d675da83286b1cce702)
Start importing Assets/Polygon Arsenal/Prefabs/Combat/Barrage/Rain/BarrageMolten.prefab using Guid(2e9002a4cb9ce75418a1b333090c512b) Importer(2089858483,192608db42251d675da83286b1cce702) (ScriptedImporter) -> (artifact id: '4419ddf8e2121c55c80cf5b964cc4c42') in 0.2050056 seconds
Number of updated asset objects reloaded before import = 0Number of asset objects unloaded after import = 32

========================================================================
Received Import Request.
  Time since last request: 0.000058 seconds.
  path: Assets/Polygon Arsenal/Prefabs/Combat/Chains/ChainTarget/ChainTargetFire.prefab
  artifactKey: Guid(41503e5db06023b46873ae2eb41ca3b7) Importer(2089858483,192608db42251d675da83286b1cce702)
Start importing Assets/Polygon Arsenal/Prefabs/Combat/Chains/ChainTarget/ChainTargetFire.prefab using Guid(41503e5db06023b46873ae2eb41ca3b7) Importer(2089858483,192608db42251d675da83286b1cce702) (ScriptedImporter) -> (artifact id: '42d340ecef840f7c8e10c604aea114ce') in 0.1957597 seconds
Number of updated asset objects reloaded before import = 0Number of asset objects unloaded after import = 31

========================================================================
Received Import Request.
  Time since last request: 0.000050 seconds.
  path: Assets/Polygon Arsenal/Prefabs/Combat/Beams/Static Beam/PolyBeamStaticPink.prefab
  artifactKey: Guid(2d54241258766bf44bc6a95f2bc302d6) Importer(2089858483,192608db42251d675da83286b1cce702)
Start importing Assets/Polygon Arsenal/Prefabs/Combat/Beams/Static Beam/PolyBeamStaticPink.prefab using Guid(2d54241258766bf44bc6a95f2bc302d6) Importer(2089858483,192608db42251d675da83286b1cce702) (ScriptedImporter) -> (artifact id: '323b22b00f0e124c8363809582553f39') in 0.0662523 seconds
Number of updated asset objects reloaded before import = 0Number of asset objects unloaded after import = 52

========================================================================
Received Import Request.
  Time since last request: 0.000062 seconds.
  path: Assets/Polygon Arsenal/Materials/Rimlight/Transparent/Shield/PolyShieldGreen.mat
  artifactKey: Guid(29c883e67ee9cc04483151c00d52449d) Importer(2089858483,192608db42251d675da83286b1cce702)
Start importing Assets/Polygon Arsenal/Materials/Rimlight/Transparent/Shield/PolyShieldGreen.mat using Guid(29c883e67ee9cc04483151c00d52449d) Importer(2089858483,192608db42251d675da83286b1cce702) (ScriptedImporter) -> (artifact id: 'e7ec072b5fbb723d22c49fef0f4ee49d') in 0.0199556 seconds
Number of updated asset objects reloaded before import = 0Number of asset objects unloaded after import = 1

========================================================================
Received Import Request.
  Time since last request: 0.000039 seconds.
  path: Assets/Polygon Arsenal/Prefabs/Combat/Barrage/Nova/BarrageNovaMolten.prefab
  artifactKey: Guid(3bdaa57d6f9c12c4e88f97fdedf096cb) Importer(2089858483,192608db42251d675da83286b1cce702)
Start importing Assets/Polygon Arsenal/Prefabs/Combat/Barrage/Nova/BarrageNovaMolten.prefab using Guid(3bdaa57d6f9c12c4e88f97fdedf096cb) Importer(2089858483,192608db42251d675da83286b1cce702) (ScriptedImporter) -> (artifact id: '6de1933ccfad1e42c14b8a924b5939f9') in 0.1772372 seconds
Number of updated asset objects reloaded before import = 0Number of asset objects unloaded after import = 32

========================================================================
Received Import Request.
  Time since last request: 0.000046 seconds.
  path: Assets/Polygon Arsenal/Prefabs/Combat/Beams/Setup/BeamBlueStart.prefab
  artifactKey: Guid(864c4fff065664a458869a3f6fe0057b) Importer(2089858483,192608db42251d675da83286b1cce702)
Start importing Assets/Polygon Arsenal/Prefabs/Combat/Beams/Setup/BeamBlueStart.prefab using Guid(864c4fff065664a458869a3f6fe0057b) Importer(2089858483,192608db42251d675da83286b1cce702) (ScriptedImporter) -> (artifact id: '02f1ed909a9360849688be72af7a5bec') in 0.2230739 seconds
Number of updated asset objects reloaded before import = 0Number of asset objects unloaded after import = 28

========================================================================
Received Import Request.
  Time since last request: 0.000068 seconds.
  path: Assets/Polygon Arsenal/Prefabs/Combat/Charge/V1/ChargeSphereBlue.prefab
  artifactKey: Guid(8ae493ccd5d0cd445b5da9b30256cce9) Importer(2089858483,192608db42251d675da83286b1cce702)
Start importing Assets/Polygon Arsenal/Prefabs/Combat/Charge/V1/ChargeSphereBlue.prefab using Guid(8ae493ccd5d0cd445b5da9b30256cce9) Importer(2089858483,192608db42251d675da83286b1cce702) (ScriptedImporter) -> (artifact id: 'ee92a7226e72927596941be193a0d78a') in 0.1636284 seconds
Number of updated asset objects reloaded before import = 0Number of asset objects unloaded after import = 17

========================================================================
Received Import Request.
  Time since last request: 0.000042 seconds.
  path: Assets/Polygon Arsenal/Prefabs/Combat/Chains/ChainTarget/ChainTargetNature.prefab
  artifactKey: Guid(3e31b6ad87826f444b036223a30172e2) Importer(2089858483,192608db42251d675da83286b1cce702)
Start importing Assets/Polygon Arsenal/Prefabs/Combat/Chains/ChainTarget/ChainTargetNature.prefab using Guid(3e31b6ad87826f444b036223a30172e2) Importer(2089858483,192608db42251d675da83286b1cce702) (ScriptedImporter) -> (artifact id: '602ab4457df2acdf2fadb315ae3d047d') in 0.161478 seconds
Number of updated asset objects reloaded before import = 0Number of asset objects unloaded after import = 36

========================================================================
Received Import Request.
  Time since last request: 0.000051 seconds.
  path: Assets/Polygon Arsenal/Prefabs/Combat/Chains/ChainTarget/ChainTargetLightningPurple.prefab
  artifactKey: Guid(461f30ea84bf15043914df9a21e1b2c1) Importer(2089858483,192608db42251d675da83286b1cce702)
Start importing Assets/Polygon Arsenal/Prefabs/Combat/Chains/ChainTarget/ChainTargetLightningPurple.prefab using Guid(461f30ea84bf15043914df9a21e1b2c1) Importer(2089858483,192608db42251d675da83286b1cce702) (ScriptedImporter) -> (artifact id: '5e83ed082d78c8bdadb3cd6b3b9bd73a') in 0.1674671 seconds
Number of updated asset objects reloaded before import = 0Number of asset objects unloaded after import = 35

========================================================================
Received Import Request.
  Time since last request: 0.000042 seconds.
  path: Assets/Polygon Arsenal/Prefabs/Combat/Beams/Setup/BeamYellowEnd.prefab
  artifactKey: Guid(4910da04669ef424c9d560e761e78458) Importer(2089858483,192608db42251d675da83286b1cce702)
Start importing Assets/Polygon Arsenal/Prefabs/Combat/Beams/Setup/BeamYellowEnd.prefab using Guid(4910da04669ef424c9d560e761e78458) Importer(2089858483,192608db42251d675da83286b1cce702) (ScriptedImporter) -> (artifact id: '7683d17e52af66d5e525e819d927ebaf') in 0.1300355 seconds
Number of updated asset objects reloaded before import = 0Number of asset objects unloaded after import = 30

========================================================================
Received Import Request.
  Time since last request: 0.000077 seconds.
  path: Assets/Polygon Arsenal/Prefabs/Combat/Charge/V2/ChargeSphere2Blue.prefab
  artifactKey: Guid(6637ddd9f5fde8f4198cceb175fe2345) Importer(2089858483,192608db42251d675da83286b1cce702)
Start importing Assets/Polygon Arsenal/Prefabs/Combat/Charge/V2/ChargeSphere2Blue.prefab using Guid(6637ddd9f5fde8f4198cceb175fe2345) Importer(2089858483,192608db42251d675da83286b1cce702) (ScriptedImporter) -> (artifact id: '654e9ceaacd08b6aba69db8f976085b7') in 0.1361915 seconds
Number of updated asset objects reloaded before import = 0Number of asset objects unloaded after import = 21

========================================================================
Received Import Request.
  Time since last request: 0.000050 seconds.
  path: Assets/Polygon Arsenal/Prefabs/Combat/Barrage/Rain/BarrageArrowFire.prefab
  artifactKey: Guid(9a7c4cf1d03d8f849a42904e4d944801) Importer(2089858483,192608db42251d675da83286b1cce702)
Start importing Assets/Polygon Arsenal/Prefabs/Combat/Barrage/Rain/BarrageArrowFire.prefab using Guid(9a7c4cf1d03d8f849a42904e4d944801) Importer(2089858483,192608db42251d675da83286b1cce702) (ScriptedImporter) -> (artifact id: '146d5b4bc21176075c14e09b7e5bddd3') in 0.1494121 seconds
Number of updated asset objects reloaded before import = 0Number of asset objects unloaded after import = 30

========================================================================
Received Import Request.
  Time since last request: 0.000051 seconds.
  path: Assets/Polygon Arsenal/Prefabs/Combat/Explosions/Mini/MiniExploLava.prefab
  artifactKey: Guid(fcd3a89a131f9304c81a72ecc33235d5) Importer(2089858483,192608db42251d675da83286b1cce702)
Start importing Assets/Polygon Arsenal/Prefabs/Combat/Explosions/Mini/MiniExploLava.prefab using Guid(fcd3a89a131f9304c81a72ecc33235d5) Importer(2089858483,192608db42251d675da83286b1cce702) (ScriptedImporter) -> (artifact id: '491dae82c10bbdf2990c149051d48469') in 0.0916981 seconds
Number of updated asset objects reloaded before import = 0Number of asset objects unloaded after import = 17

========================================================================
Received Import Request.
  Time since last request: 0.000034 seconds.
  path: Assets/Polygon Arsenal/Prefabs/Combat/Curses & Debuffs/Curse/SleepCurse.prefab
  artifactKey: Guid(4c7dec9f886a90c44b489e7bcf7981d3) Importer(2089858483,192608db42251d675da83286b1cce702)
Start importing Assets/Polygon Arsenal/Prefabs/Combat/Curses & Debuffs/Curse/SleepCurse.prefab using Guid(4c7dec9f886a90c44b489e7bcf7981d3) Importer(2089858483,192608db42251d675da83286b1cce702) (ScriptedImporter) -> (artifact id: 'c7a344be78ff5b5935c3bed9ac97f768') in 0.1151684 seconds
Number of updated asset objects reloaded before import = 0Number of asset objects unloaded after import = 16

========================================================================
Received Import Request.
  Time since last request: 0.000045 seconds.
  path: Assets/Polygon Arsenal/Prefabs/Combat/Curses & Debuffs/Debuffs/TerrorDebuff.prefab
  artifactKey: Guid(4f8b5c6308312284990dd4dc3a97e818) Importer(2089858483,192608db42251d675da83286b1cce702)
Start importing Assets/Polygon Arsenal/Prefabs/Combat/Curses & Debuffs/Debuffs/TerrorDebuff.prefab using Guid(4f8b5c6308312284990dd4dc3a97e818) Importer(2089858483,192608db42251d675da83286b1cce702) (ScriptedImporter) -> (artifact id: 'b9f9b0696283e969c79f0f728c81ed2f') in 0.1447903 seconds
Number of updated asset objects reloaded before import = 0Number of asset objects unloaded after import = 16

========================================================================
Received Import Request.
  Time since last request: 0.000050 seconds.
  path: Assets/Polygon Arsenal/Prefabs/Combat/Explosions/Mini/MiniExploLightningBlue.prefab
  artifactKey: Guid(6854f10470f3a6240bcf8081a5cb6d77) Importer(2089858483,192608db42251d675da83286b1cce702)
Start importing Assets/Polygon Arsenal/Prefabs/Combat/Explosions/Mini/MiniExploLightningBlue.prefab using Guid(6854f10470f3a6240bcf8081a5cb6d77) Importer(2089858483,192608db42251d675da83286b1cce702) (ScriptedImporter) -> (artifact id: 'aa086912d5a265b8e661136eb0e17961') in 0.12551 seconds
Number of updated asset objects reloaded before import = 0Number of asset objects unloaded after import = 17

========================================================================
Received Import Request.
  Time since last request: 0.000034 seconds.
  path: Assets/Polygon Arsenal/Prefabs/Combat/Explosions/Mini/MiniExploNature.prefab
  artifactKey: Guid(004eeaa9e00bab7479757735ef4dec8c) Importer(2089858483,192608db42251d675da83286b1cce702)
Start importing Assets/Polygon Arsenal/Prefabs/Combat/Explosions/Mini/MiniExploNature.prefab using Guid(004eeaa9e00bab7479757735ef4dec8c) Importer(2089858483,192608db42251d675da83286b1cce702) (ScriptedImporter) -> (artifact id: 'f1388555e4d06c37996dbe4d8403b84e') in 0.1094812 seconds
Number of updated asset objects reloaded before import = 0Number of asset objects unloaded after import = 17

========================================================================
Received Import Request.
  Time since last request: 0.000046 seconds.
  path: Assets/Polygon Arsenal/Prefabs/Combat/Barrage/Rain/BarrageArrowShadow.prefab
  artifactKey: Guid(743c6ab4eb24e04418e98a79a4ff92b2) Importer(2089858483,192608db42251d675da83286b1cce702)
Start importing Assets/Polygon Arsenal/Prefabs/Combat/Barrage/Rain/BarrageArrowShadow.prefab using Guid(743c6ab4eb24e04418e98a79a4ff92b2) Importer(2089858483,192608db42251d675da83286b1cce702) (ScriptedImporter) -> (artifact id: 'c57190032418e0f0d493acdca88bc6d4') in 0.1618159 seconds
Number of updated asset objects reloaded before import = 0Number of asset objects unloaded after import = 34

========================================================================
Received Import Request.
  Time since last request: 0.000046 seconds.
  path: Assets/Polygon Arsenal/Prefabs/Combat/Chains/Chained/ChainedWater.prefab
  artifactKey: Guid(f9151a4c571265d4f894ab558f33a8de) Importer(2089858483,192608db42251d675da83286b1cce702)
Start importing Assets/Polygon Arsenal/Prefabs/Combat/Chains/Chained/ChainedWater.prefab using Guid(f9151a4c571265d4f894ab558f33a8de) Importer(2089858483,192608db42251d675da83286b1cce702) (ScriptedImporter) -> (artifact id: '94fd2398d12fd228ecec586793b72ae3') in 0.1326744 seconds
Number of updated asset objects reloaded before import = 0Number of asset objects unloaded after import = 24

========================================================================
Received Import Request.
  Time since last request: 0.000031 seconds.
  path: Assets/Polygon Arsenal/Prefabs/Combat/Aura/SparkleAura/SparkleAuraYellow.prefab
  artifactKey: Guid(e97d31033934c9a419628a9d03aac03a) Importer(2089858483,192608db42251d675da83286b1cce702)
Start importing Assets/Polygon Arsenal/Prefabs/Combat/Aura/SparkleAura/SparkleAuraYellow.prefab using Guid(e97d31033934c9a419628a9d03aac03a) Importer(2089858483,192608db42251d675da83286b1cce702) (ScriptedImporter) -> (artifact id: '6767a63bd36ae4e34f725a146d8bcb70') in 0.1219791 seconds
Number of updated asset objects reloaded before import = 0Number of asset objects unloaded after import = 17

========================================================================
Received Import Request.
  Time since last request: 0.000031 seconds.
  path: Assets/Polygon Arsenal/Prefabs/Combat/Gore/Green/BloodBoneExplosionBig2G.prefab
  artifactKey: Guid(968fc987636c3b84786d8f6d6c2045ec) Importer(2089858483,192608db42251d675da83286b1cce702)
Start importing Assets/Polygon Arsenal/Prefabs/Combat/Gore/Green/BloodBoneExplosionBig2G.prefab using Guid(968fc987636c3b84786d8f6d6c2045ec) Importer(2089858483,192608db42251d675da83286b1cce702) (ScriptedImporter) -> (artifact id: '8b0c3aff53c3c433b0362930d0da0560') in 0.1560169 seconds
Number of updated asset objects reloaded before import = 0Number of asset objects unloaded after import = 49

========================================================================
Received Import Request.
  Time since last request: 0.000047 seconds.
  path: Assets/Polygon Arsenal/Prefabs/Combat/Flamethrower/Spray/FlamethrowerSprayGreen.prefab
  artifactKey: Guid(72c64cbd523e5bf4489cd1c8e48b66a3) Importer(2089858483,192608db42251d675da83286b1cce702)
Start importing Assets/Polygon Arsenal/Prefabs/Combat/Flamethrower/Spray/FlamethrowerSprayGreen.prefab using Guid(72c64cbd523e5bf4489cd1c8e48b66a3) Importer(2089858483,192608db42251d675da83286b1cce702) (ScriptedImporter) -> (artifact id: 'a7b01d750e137b7cad31bb116fa07cca') in 0.0982251 seconds
Number of updated asset objects reloaded before import = 0Number of asset objects unloaded after import = 20

========================================================================
Received Import Request.
  Time since last request: 0.000036 seconds.
  path: Assets/Polygon Arsenal/Prefabs/Combat/Explosions/Standard/MinigunExplosionStandard.prefab
  artifactKey: Guid(a1ec3759f09cc1243a3a85534f69815e) Importer(2089858483,192608db42251d675da83286b1cce702)
Start importing Assets/Polygon Arsenal/Prefabs/Combat/Explosions/Standard/MinigunExplosionStandard.prefab using Guid(a1ec3759f09cc1243a3a85534f69815e) Importer(2089858483,192608db42251d675da83286b1cce702) (ScriptedImporter) -> (artifact id: 'e927f41d81ac808febee31a5fdaf1d95') in 0.0958553 seconds
Number of updated asset objects reloaded before import = 0Number of asset objects unloaded after import = 21

========================================================================
Received Import Request.
  Time since last request: 0.000034 seconds.
  path: Assets/Polygon Arsenal/Prefabs/Combat/Explosions/Mini/MiniExploWater.prefab
  artifactKey: Guid(e5ca3389658c95b4ca66e89989affce3) Importer(2089858483,192608db42251d675da83286b1cce702)
Start importing Assets/Polygon Arsenal/Prefabs/Combat/Explosions/Mini/MiniExploWater.prefab using Guid(e5ca3389658c95b4ca66e89989affce3) Importer(2089858483,192608db42251d675da83286b1cce702) (ScriptedImporter) -> (artifact id: '12d2d7e2148e031645f05ca71bbd146d') in 0.100532 seconds
Number of updated asset objects reloaded before import = 0Number of asset objects unloaded after import = 17

========================================================================
Received Import Request.
  Time since last request: 0.000048 seconds.
  path: Assets/Polygon Arsenal/Prefabs/Combat/Flamethrower/Pointy/FlamethrowerPointyGreen.prefab
  artifactKey: Guid(c8e003139917ec747b8c17a1e2ce8441) Importer(2089858483,192608db42251d675da83286b1cce702)
Start importing Assets/Polygon Arsenal/Prefabs/Combat/Flamethrower/Pointy/FlamethrowerPointyGreen.prefab using Guid(c8e003139917ec747b8c17a1e2ce8441) Importer(2089858483,192608db42251d675da83286b1cce702) (ScriptedImporter) -> (artifact id: '81fab68587a7474b3258912b1d44ac98') in 0.0919195 seconds
Number of updated asset objects reloaded before import = 0Number of asset objects unloaded after import = 21

========================================================================
Received Import Request.
  Time since last request: 0.000030 seconds.
  path: Assets/Polygon Arsenal/Prefabs/Combat/Chains/ChainTarget/ChainTargetLightningBlue.prefab
  artifactKey: Guid(4b08e4007765f3e4eb8d07dfeef52e6c) Importer(2089858483,192608db42251d675da83286b1cce702)
Start importing Assets/Polygon Arsenal/Prefabs/Combat/Chains/ChainTarget/ChainTargetLightningBlue.prefab using Guid(4b08e4007765f3e4eb8d07dfeef52e6c) Importer(2089858483,192608db42251d675da83286b1cce702) (ScriptedImporter) -> (artifact id: '386f9952a2e5daa51e95a129ea8782e5') in 0.1390637 seconds
Number of updated asset objects reloaded before import = 0Number of asset objects unloaded after import = 35

========================================================================
Received Import Request.
  Time since last request: 0.000043 seconds.
  path: Assets/Polygon Arsenal/Prefabs/Combat/Explosions/Mini/MiniExploShadow.prefab
  artifactKey: Guid(093a32ade00fda74bbc2f8a7e57c32bf) Importer(2089858483,192608db42251d675da83286b1cce702)
Start importing Assets/Polygon Arsenal/Prefabs/Combat/Explosions/Mini/MiniExploShadow.prefab using Guid(093a32ade00fda74bbc2f8a7e57c32bf) Importer(2089858483,192608db42251d675da83286b1cce702) (ScriptedImporter) -> (artifact id: 'ac9bf81af54ed84062640ce6690acaf9') in 0.1008708 seconds
Number of updated asset objects reloaded before import = 0Number of asset objects unloaded after import = 17

========================================================================
Received Import Request.
  Time since last request: 0.000060 seconds.
  path: Assets/Polygon Arsenal/Prefabs/Combat/GroundSpikes/Spike/SpikeSapphire.prefab
  artifactKey: Guid(d8616bcef433ec4438278014aa59934a) Importer(2089858483,192608db42251d675da83286b1cce702)
Start importing Assets/Polygon Arsenal/Prefabs/Combat/GroundSpikes/Spike/SpikeSapphire.prefab using Guid(d8616bcef433ec4438278014aa59934a) Importer(2089858483,192608db42251d675da83286b1cce702) (ScriptedImporter) -> (artifact id: '26a032511f17a697ef0f46fae4a87c3d') in 0.1109674 seconds
Number of updated asset objects reloaded before import = 0Number of asset objects unloaded after import = 25

========================================================================
Received Import Request.
  Time since last request: 0.000023 seconds.
  path: Assets/Polygon Arsenal/Prefabs/Combat/GroundSpikes/SpikeCleave/CleaveSapphire.prefab
  artifactKey: Guid(b29a2eb89a57683408133a6db234879f) Importer(2089858483,192608db42251d675da83286b1cce702)
Start importing Assets/Polygon Arsenal/Prefabs/Combat/GroundSpikes/SpikeCleave/CleaveSapphire.prefab using Guid(b29a2eb89a57683408133a6db234879f) Importer(2089858483,192608db42251d675da83286b1cce702) (ScriptedImporter) -> (artifact id: 'a596605a241ddc5c92e1e262088cf890') in 0.1155347 seconds
Number of updated asset objects reloaded before import = 0Number of asset objects unloaded after import = 28

========================================================================
Received Import Request.
  Time since last request: 0.000041 seconds.
  path: Assets/Polygon Arsenal/Prefabs/Combat/Gore/Red/BloodGoreExplosionSimple.prefab
  artifactKey: Guid(c8f15ebffd22e574aab45afa0b3ede9f) Importer(2089858483,192608db42251d675da83286b1cce702)
Start importing Assets/Polygon Arsenal/Prefabs/Combat/Gore/Red/BloodGoreExplosionSimple.prefab using Guid(c8f15ebffd22e574aab45afa0b3ede9f) Importer(2089858483,192608db42251d675da83286b1cce702) (ScriptedImporter) -> (artifact id: '641a48b6f8473c34d48b4e729f36ecc7') in 0.126077 seconds
Number of updated asset objects reloaded before import = 0Number of asset objects unloaded after import = 30

========================================================================
Received Import Request.
  Time since last request: 0.000055 seconds.
  path: Assets/Polygon Arsenal/Prefabs/Combat/GroundSpikes/SpikeCleave/CleaveStone.prefab
  artifactKey: Guid(49172d1dbfac00248a9d358960fa9eed) Importer(2089858483,192608db42251d675da83286b1cce702)
Start importing Assets/Polygon Arsenal/Prefabs/Combat/GroundSpikes/SpikeCleave/CleaveStone.prefab using Guid(49172d1dbfac00248a9d358960fa9eed) Importer(2089858483,192608db42251d675da83286b1cce702) (ScriptedImporter) -> (artifact id: 'ac0da5c373b424ef8cb08a7c97270eee') in 0.1213701 seconds
Number of updated asset objects reloaded before import = 0Number of asset objects unloaded after import = 28

========================================================================
Received Import Request.
  Time since last request: 0.000039 seconds.
  path: Assets/Polygon Arsenal/Prefabs/Combat/GroundSpikes/Spike/SpikeStone.prefab
  artifactKey: Guid(c91639566deccc74489652ecf4528557) Importer(2089858483,192608db42251d675da83286b1cce702)
Start importing Assets/Polygon Arsenal/Prefabs/Combat/GroundSpikes/Spike/SpikeStone.prefab using Guid(c91639566deccc74489652ecf4528557) Importer(2089858483,192608db42251d675da83286b1cce702) (ScriptedImporter) -> (artifact id: '04f36ed72f738b523bb4b2a9ac631d9a') in 0.1285658 seconds
Number of updated asset objects reloaded before import = 0Number of asset objects unloaded after import = 25

========================================================================
Received Import Request.
  Time since last request: 0.000045 seconds.
  path: Assets/Polygon Arsenal/Prefabs/Combat/GroundSpikes/Spike/SpikeVolcanic.prefab
  artifactKey: Guid(d28b955a8e4adc643bc95ae19616e5a7) Importer(2089858483,192608db42251d675da83286b1cce702)
Start importing Assets/Polygon Arsenal/Prefabs/Combat/GroundSpikes/Spike/SpikeVolcanic.prefab using Guid(d28b955a8e4adc643bc95ae19616e5a7) Importer(2089858483,192608db42251d675da83286b1cce702) (ScriptedImporter) -> (artifact id: '36c465cc91ebf2796663bb4ebcbbfc79') in 0.1246202 seconds
Number of updated asset objects reloaded before import = 0Number of asset objects unloaded after import = 31

========================================================================
Received Import Request.
  Time since last request: 0.000051 seconds.
  path: Assets/Polygon Arsenal/Prefabs/Combat/Beams/Setup/BeamYellowStart.prefab
  artifactKey: Guid(f553384660fc82d48a16f9421a25b1d7) Importer(2089858483,192608db42251d675da83286b1cce702)
Start importing Assets/Polygon Arsenal/Prefabs/Combat/Beams/Setup/BeamYellowStart.prefab using Guid(f553384660fc82d48a16f9421a25b1d7) Importer(2089858483,192608db42251d675da83286b1cce702) (ScriptedImporter) -> (artifact id: '2c951329c66fdf5e911eb4cd7ee122ce') in 0.1422294 seconds
Number of updated asset objects reloaded before import = 0Number of asset objects unloaded after import = 28

========================================================================
Received Import Request.
  Time since last request: 0.000037 seconds.
  path: Assets/Polygon Arsenal/Prefabs/Combat/GroundSpikes/SpikeCleaveFast/CleaveAmethystFast.prefab
  artifactKey: Guid(b1ac61b174879d84aaace59e3e7d0ea0) Importer(2089858483,192608db42251d675da83286b1cce702)
Start importing Assets/Polygon Arsenal/Prefabs/Combat/GroundSpikes/SpikeCleaveFast/CleaveAmethystFast.prefab using Guid(b1ac61b174879d84aaace59e3e7d0ea0) Importer(2089858483,192608db42251d675da83286b1cce702) (ScriptedImporter) -> (artifact id: '91e24292bb35ef10de3b290f3859dfe4') in 0.1471707 seconds
Number of updated asset objects reloaded before import = 0Number of asset objects unloaded after import = 20

========================================================================
Received Import Request.
  Time since last request: 0.000046 seconds.
  path: Assets/Polygon Arsenal/Prefabs/Combat/GroundSpikes/SpikeWall/SpikeWallStone.prefab
  artifactKey: Guid(bef98fe17df029b41a538cf85597e800) Importer(2089858483,192608db42251d675da83286b1cce702)
Start importing Assets/Polygon Arsenal/Prefabs/Combat/GroundSpikes/SpikeWall/SpikeWallStone.prefab using Guid(bef98fe17df029b41a538cf85597e800) Importer(2089858483,192608db42251d675da83286b1cce702) (ScriptedImporter) -> (artifact id: '44c10d391ba7875a25897497454d9f25') in 0.128563 seconds
Number of updated asset objects reloaded before import = 0Number of asset objects unloaded after import = 34

========================================================================
Received Import Request.
  Time since last request: 0.000063 seconds.
  path: Assets/Polygon Arsenal/Prefabs/Combat/GroundSpikes/SpikeField/SpikeFieldVolcanic.prefab
  artifactKey: Guid(0f3cb3ae6209ba34281a35ce54f74964) Importer(2089858483,192608db42251d675da83286b1cce702)
Start importing Assets/Polygon Arsenal/Prefabs/Combat/GroundSpikes/SpikeField/SpikeFieldVolcanic.prefab using Guid(0f3cb3ae6209ba34281a35ce54f74964) Importer(2089858483,192608db42251d675da83286b1cce702) (ScriptedImporter) -> (artifact id: '219aefdbb6102724c925e387fb081117') in 0.1545735 seconds
Number of updated asset objects reloaded before import = 0Number of asset objects unloaded after import = 47

========================================================================
Received Import Request.
  Time since last request: 0.000046 seconds.
  path: Assets/Polygon Arsenal/Prefabs/Combat/GroundSpikes/SpikeField/SpikeFieldStone.prefab
  artifactKey: Guid(eea00b895fd2fc746a114980fa77f60e) Importer(2089858483,192608db42251d675da83286b1cce702)
Start importing Assets/Polygon Arsenal/Prefabs/Combat/GroundSpikes/SpikeField/SpikeFieldStone.prefab using Guid(eea00b895fd2fc746a114980fa77f60e) Importer(2089858483,192608db42251d675da83286b1cce702) (ScriptedImporter) -> (artifact id: '59f45f4ced4a87db80d2ea74bb40d9b6') in 0.1013383 seconds
Number of updated asset objects reloaded before import = 0Number of asset objects unloaded after import = 42

========================================================================
Received Import Request.
  Time since last request: 0.000046 seconds.
  path: Assets/Polygon Arsenal/Prefabs/Combat/GroundSpikes/SpikeWall/SpikeWallIce.prefab
  artifactKey: Guid(559c9640ef7c24f4ea576e843111db1d) Importer(2089858483,192608db42251d675da83286b1cce702)
Start importing Assets/Polygon Arsenal/Prefabs/Combat/GroundSpikes/SpikeWall/SpikeWallIce.prefab using Guid(559c9640ef7c24f4ea576e843111db1d) Importer(2089858483,192608db42251d675da83286b1cce702) (ScriptedImporter) -> (artifact id: '8347e3427a349f329bc21d38fa0fd70f') in 0.1079031 seconds
Number of updated asset objects reloaded before import = 0Number of asset objects unloaded after import = 34

========================================================================
Received Import Request.
  Time since last request: 0.000028 seconds.
  path: Assets/Polygon Arsenal/Prefabs/Combat/Chains/Chained/ChainedLightningBlue.prefab
  artifactKey: Guid(3c3ef49580b2ec74fb0698dc57d105b2) Importer(2089858483,192608db42251d675da83286b1cce702)
Start importing Assets/Polygon Arsenal/Prefabs/Combat/Chains/Chained/ChainedLightningBlue.prefab using Guid(3c3ef49580b2ec74fb0698dc57d105b2) Importer(2089858483,192608db42251d675da83286b1cce702) (ScriptedImporter) -> (artifact id: 'aa4190d4689d9bd47be2fe44a5a9b23b') in 0.0997463 seconds
Number of updated asset objects reloaded before import = 0Number of asset objects unloaded after import = 25

========================================================================
Received Import Request.
  Time since last request: 0.000051 seconds.
  path: Assets/Polygon Arsenal/Prefabs/Combat/Barrage/Rain/BarrageBone.prefab
  artifactKey: Guid(0ee88c02acb30db44b034c4a95f027d2) Importer(2089858483,192608db42251d675da83286b1cce702)
Start importing Assets/Polygon Arsenal/Prefabs/Combat/Barrage/Rain/BarrageBone.prefab using Guid(0ee88c02acb30db44b034c4a95f027d2) Importer(2089858483,192608db42251d675da83286b1cce702) (ScriptedImporter) -> (artifact id: 'c5edfb13a93b7f1ff9208ed045e9bc79') in 0.1082776 seconds
Number of updated asset objects reloaded before import = 0Number of asset objects unloaded after import = 32

========================================================================
Received Import Request.
  Time since last request: 0.000049 seconds.
  path: Assets/Polygon Arsenal/Prefabs/Combat/GroundSpikes/SpikeWaveBig/SpikeWaveSapphireBig.prefab
  artifactKey: Guid(724fd95b1dcf2e84ab9e4b6f7e4fc55c) Importer(2089858483,192608db42251d675da83286b1cce702)
Start importing Assets/Polygon Arsenal/Prefabs/Combat/GroundSpikes/SpikeWaveBig/SpikeWaveSapphireBig.prefab using Guid(724fd95b1dcf2e84ab9e4b6f7e4fc55c) Importer(2089858483,192608db42251d675da83286b1cce702) (ScriptedImporter) -> (artifact id: 'e12407c314e0e6449b2472688f312969') in 0.1462039 seconds
Number of updated asset objects reloaded before import = 0Number of asset objects unloaded after import = 75

========================================================================
Received Import Request.
  Time since last request: 0.000035 seconds.
  path: Assets/Polygon Arsenal/Prefabs/Combat/Melee & Sword/Sword Enchantment/ShadowEnchantment.prefab
  artifactKey: Guid(af5d92b1449e31e4b86f17856946bef0) Importer(2089858483,192608db42251d675da83286b1cce702)
Start importing Assets/Polygon Arsenal/Prefabs/Combat/Melee & Sword/Sword Enchantment/ShadowEnchantment.prefab using Guid(af5d92b1449e31e4b86f17856946bef0) Importer(2089858483,192608db42251d675da83286b1cce702) (ScriptedImporter) -> (artifact id: '9ef951b93ec424fcabfc5c486cafc044') in 0.1048757 seconds
Number of updated asset objects reloaded before import = 0Number of asset objects unloaded after import = 8

========================================================================
Received Import Request.
  Time since last request: 0.000052 seconds.
  path: Assets/Polygon Arsenal/Prefabs/Combat/GroundSpikes/SpikeWaveBig/SpikeWaveStoneBig.prefab
  artifactKey: Guid(93b047b453330284aa9bb15741fe6b43) Importer(2089858483,192608db42251d675da83286b1cce702)
Start importing Assets/Polygon Arsenal/Prefabs/Combat/GroundSpikes/SpikeWaveBig/SpikeWaveStoneBig.prefab using Guid(93b047b453330284aa9bb15741fe6b43) Importer(2089858483,192608db42251d675da83286b1cce702) (ScriptedImporter) -> (artifact id: '8ce4a3ef7295d7c9120802d77c4031f5') in 0.1354502 seconds
Number of updated asset objects reloaded before import = 0Number of asset objects unloaded after import = 75

========================================================================
Received Import Request.
  Time since last request: 0.000048 seconds.
  path: Assets/Polygon Arsenal/Prefabs/Combat/Melee & Sword/Club Slam/ClubSlamGreen.prefab
  artifactKey: Guid(4b6584178aaa8d54a9b5dd1d3fee893c) Importer(2089858483,192608db42251d675da83286b1cce702)
Start importing Assets/Polygon Arsenal/Prefabs/Combat/Melee & Sword/Club Slam/ClubSlamGreen.prefab using Guid(4b6584178aaa8d54a9b5dd1d3fee893c) Importer(2089858483,192608db42251d675da83286b1cce702) (ScriptedImporter) -> (artifact id: 'c45a1f093610a9cdb2871284bb5a4913') in 0.131394 seconds
Number of updated asset objects reloaded before import = 0Number of asset objects unloaded after import = 21

========================================================================
Received Import Request.
  Time since last request: 0.000055 seconds.
  path: Assets/Polygon Arsenal/Prefabs/Combat/Melee & Sword/Club Slam/ClubSlamBlue.prefab
  artifactKey: Guid(3b8541d3220d8654cbd4a27009d840af) Importer(2089858483,192608db42251d675da83286b1cce702)
Start importing Assets/Polygon Arsenal/Prefabs/Combat/Melee & Sword/Club Slam/ClubSlamBlue.prefab using Guid(3b8541d3220d8654cbd4a27009d840af) Importer(2089858483,192608db42251d675da83286b1cce702) (ScriptedImporter) -> (artifact id: '983064d0aaa8d6acbb5d5802d31013f0') in 0.1199395 seconds
Number of updated asset objects reloaded before import = 0Number of asset objects unloaded after import = 21

========================================================================
Received Import Request.
  Time since last request: 0.000029 seconds.
  path: Assets/Polygon Arsenal/Prefabs/Combat/GroundSpikes/SpikeField/SpikeFieldSapphire.prefab
  artifactKey: Guid(117f766a583c3c54c9c2a06ab8bc494d) Importer(2089858483,192608db42251d675da83286b1cce702)
Start importing Assets/Polygon Arsenal/Prefabs/Combat/GroundSpikes/SpikeField/SpikeFieldSapphire.prefab using Guid(117f766a583c3c54c9c2a06ab8bc494d) Importer(2089858483,192608db42251d675da83286b1cce702) (ScriptedImporter) -> (artifact id: 'b04997e117141ddd1e21feefa47f0f84') in 0.1469878 seconds
Number of updated asset objects reloaded before import = 0Number of asset objects unloaded after import = 42

========================================================================
Received Import Request.
  Time since last request: 0.000047 seconds.
  path: Assets/Polygon Arsenal/Prefabs/Combat/Melee & Sword/Sword Enchantment/StormEnchantment.prefab
  artifactKey: Guid(1ab85011bf8713746b613a329c1d3982) Importer(2089858483,192608db42251d675da83286b1cce702)
Start importing Assets/Polygon Arsenal/Prefabs/Combat/Melee & Sword/Sword Enchantment/StormEnchantment.prefab using Guid(1ab85011bf8713746b613a329c1d3982) Importer(2089858483,192608db42251d675da83286b1cce702) (ScriptedImporter) -> (artifact id: 'c859bcbafca4a617f5d17e05c9784f00') in 0.1093083 seconds
Number of updated asset objects reloaded before import = 0Number of asset objects unloaded after import = 8

========================================================================
Received Import Request.
  Time since last request: 0.000046 seconds.
  path: Assets/Polygon Arsenal/Prefabs/Combat/Melee & Sword/Sword Trail/SwordTrailNature.prefab
  artifactKey: Guid(ca23ee16d29ab1d42b2d59bdd3a5fb9b) Importer(2089858483,192608db42251d675da83286b1cce702)
Start importing Assets/Polygon Arsenal/Prefabs/Combat/Melee & Sword/Sword Trail/SwordTrailNature.prefab using Guid(ca23ee16d29ab1d42b2d59bdd3a5fb9b) Importer(2089858483,192608db42251d675da83286b1cce702) (ScriptedImporter) -> (artifact id: '6f20d795b2542e9f0215da6cee8bf137') in 0.0951459 seconds
Number of updated asset objects reloaded before import = 0Number of asset objects unloaded after import = 15

========================================================================
Received Import Request.
  Time since last request: 0.000032 seconds.
  path: Assets/Polygon Arsenal/Prefabs/Combat/Melee & Sword/Sword Trail/SwordTrailLightningPurple.prefab
  artifactKey: Guid(4b6aa19cc83fb5348bc7e44382626b73) Importer(2089858483,192608db42251d675da83286b1cce702)
Start importing Assets/Polygon Arsenal/Prefabs/Combat/Melee & Sword/Sword Trail/SwordTrailLightningPurple.prefab using Guid(4b6aa19cc83fb5348bc7e44382626b73) Importer(2089858483,192608db42251d675da83286b1cce702) (ScriptedImporter) -> (artifact id: '823b917c6991966b7cd02b9b9b9ec52d') in 0.1150356 seconds
Number of updated asset objects reloaded before import = 0Number of asset objects unloaded after import = 15

========================================================================
Received Import Request.
  Time since last request: 0.000066 seconds.
  path: Assets/Polygon Arsenal/Prefabs/Combat/Melee & Sword/Sword Impact/SwordImpactEpicPurple.prefab
  artifactKey: Guid(1d5d84d281c8e7648b41ae8f089ebbbb) Importer(2089858483,192608db42251d675da83286b1cce702)
Start importing Assets/Polygon Arsenal/Prefabs/Combat/Melee & Sword/Sword Impact/SwordImpactEpicPurple.prefab using Guid(1d5d84d281c8e7648b41ae8f089ebbbb) Importer(2089858483,192608db42251d675da83286b1cce702) (ScriptedImporter) -> (artifact id: '1bbf5466164115f63e89449402297123') in 0.1114214 seconds
Number of updated asset objects reloaded before import = 0Number of asset objects unloaded after import = 25

========================================================================
Received Import Request.
  Time since last request: 0.000040 seconds.
  path: Assets/Polygon Arsenal/Prefabs/Combat/Melee & Sword/Sword Enchantment/WaterEnchantment.prefab
  artifactKey: Guid(871bad58e23c0bd44b1d7d09d95a1787) Importer(2089858483,192608db42251d675da83286b1cce702)
Start importing Assets/Polygon Arsenal/Prefabs/Combat/Melee & Sword/Sword Enchantment/WaterEnchantment.prefab using Guid(871bad58e23c0bd44b1d7d09d95a1787) Importer(2089858483,192608db42251d675da83286b1cce702) (ScriptedImporter) -> (artifact id: '7d8a320489f2c868c3ccd785f81966dd') in 0.1058562 seconds
Number of updated asset objects reloaded before import = 0Number of asset objects unloaded after import = 12

========================================================================
Received Import Request.
  Time since last request: 0.000028 seconds.
  path: Assets/Polygon Arsenal/Prefabs/Combat/Melee & Sword/Sword Impact/SwordImpactEpicGold.prefab
  artifactKey: Guid(dd08013976f981145974b063b0b0efa1) Importer(2089858483,192608db42251d675da83286b1cce702)
Start importing Assets/Polygon Arsenal/Prefabs/Combat/Melee & Sword/Sword Impact/SwordImpactEpicGold.prefab using Guid(dd08013976f981145974b063b0b0efa1) Importer(2089858483,192608db42251d675da83286b1cce702) (ScriptedImporter) -> (artifact id: '36d39b30ee369bd4fb3930d60a537bf2') in 0.1102043 seconds
Number of updated asset objects reloaded before import = 0Number of asset objects unloaded after import = 25

========================================================================
Received Import Request.
  Time since last request: 0.000040 seconds.
  path: Assets/Polygon Arsenal/Prefabs/Combat/Melee & Sword/Sword Impact/SwordChargeUp.prefab
  artifactKey: Guid(6c7d1bb01b5367449af7bfd40d2b630b) Importer(2089858483,192608db42251d675da83286b1cce702)
Start importing Assets/Polygon Arsenal/Prefabs/Combat/Melee & Sword/Sword Impact/SwordChargeUp.prefab using Guid(6c7d1bb01b5367449af7bfd40d2b630b) Importer(2089858483,192608db42251d675da83286b1cce702) (ScriptedImporter) -> (artifact id: 'ffff4a5a2b2dfbc8d00a645e5a49e421') in 0.1044596 seconds
Number of updated asset objects reloaded before import = 0Number of asset objects unloaded after import = 9

========================================================================
Received Import Request.
  Time since last request: 0.000052 seconds.
  path: Assets/Polygon Arsenal/Materials/Rimlight/Transparent/Shield/PolyShieldScarlet.mat
  artifactKey: Guid(7ad1345b35143c846ad322149d4657ef) Importer(2089858483,192608db42251d675da83286b1cce702)
Start importing Assets/Polygon Arsenal/Materials/Rimlight/Transparent/Shield/PolyShieldScarlet.mat using Guid(7ad1345b35143c846ad322149d4657ef) Importer(2089858483,192608db42251d675da83286b1cce702) (ScriptedImporter) -> (artifact id: '2c8fb5c3b18a872d24e63732f4dc6d6b') in 0.0166417 seconds
Number of updated asset objects reloaded before import = 0Number of asset objects unloaded after import = 1

========================================================================
Received Import Request.
  Time since last request: 0.000027 seconds.
  path: Assets/Polygon Arsenal/Prefabs/Combat/Nova/FireNova/FireNovaBlue.prefab
  artifactKey: Guid(81581f14ee46d3d4a8113ba8598ab643) Importer(2089858483,192608db42251d675da83286b1cce702)
Start importing Assets/Polygon Arsenal/Prefabs/Combat/Nova/FireNova/FireNovaBlue.prefab using Guid(81581f14ee46d3d4a8113ba8598ab643) Importer(2089858483,192608db42251d675da83286b1cce702) (ScriptedImporter) -> (artifact id: '047e1c8d2698ca1eee0748fabeceb1e4') in 0.1048082 seconds
Number of updated asset objects reloaded before import = 0Number of asset objects unloaded after import = 21

========================================================================
Received Import Request.
  Time since last request: 0.000038 seconds.
  path: Assets/Polygon Arsenal/Prefabs/Combat/Necromancy/BoneWave/BoneWaveSimpleFast.prefab
  artifactKey: Guid(27a679e73ca04b64282aa5be3855c4ad) Importer(2089858483,192608db42251d675da83286b1cce702)
Start importing Assets/Polygon Arsenal/Prefabs/Combat/Necromancy/BoneWave/BoneWaveSimpleFast.prefab using Guid(27a679e73ca04b64282aa5be3855c4ad) Importer(2089858483,192608db42251d675da83286b1cce702) (ScriptedImporter) -> (artifact id: '5171dd23602a9f028ecc7dcecf3908f6') in 0.09497 seconds
Number of updated asset objects reloaded before import = 0Number of asset objects unloaded after import = 21

========================================================================
Received Import Request.
  Time since last request: 0.000058 seconds.
  path: Assets/Polygon Arsenal/Prefabs/Combat/Necromancy/BonePrison/BonePrisonBig.prefab
  artifactKey: Guid(428810aacd5e50744b854f59b5f09e40) Importer(2089858483,192608db42251d675da83286b1cce702)
Start importing Assets/Polygon Arsenal/Prefabs/Combat/Necromancy/BonePrison/BonePrisonBig.prefab using Guid(428810aacd5e50744b854f59b5f09e40) Importer(2089858483,192608db42251d675da83286b1cce702) (ScriptedImporter) -> (artifact id: '87c81e9eca6039297ab31b8f1385a5f9') in 0.1052157 seconds
Number of updated asset objects reloaded before import = 0Number of asset objects unloaded after import = 41

========================================================================
Received Import Request.
  Time since last request: 0.000027 seconds.
  path: Assets/Polygon Arsenal/Prefabs/Combat/Necromancy/BoneWall/BoneWallCircle.prefab
  artifactKey: Guid(46136fa94794bec4ab283dc58c51a7b4) Importer(2089858483,192608db42251d675da83286b1cce702)
Start importing Assets/Polygon Arsenal/Prefabs/Combat/Necromancy/BoneWall/BoneWallCircle.prefab using Guid(46136fa94794bec4ab283dc58c51a7b4) Importer(2089858483,192608db42251d675da83286b1cce702) (ScriptedImporter) -> (artifact id: '055954256ab760580cee58d7960533f0') in 0.1355809 seconds
Number of updated asset objects reloaded before import = 0Number of asset objects unloaded after import = 41

========================================================================
Received Import Request.
  Time since last request: 0.000041 seconds.
  path: Assets/Polygon Arsenal/Prefabs/Combat/Nova/EnergyNova/EnergyNovaGreen.prefab
  artifactKey: Guid(4fd465643ccda884fbf671d073c5daf0) Importer(2089858483,192608db42251d675da83286b1cce702)
Start importing Assets/Polygon Arsenal/Prefabs/Combat/Nova/EnergyNova/EnergyNovaGreen.prefab using Guid(4fd465643ccda884fbf671d073c5daf0) Importer(2089858483,192608db42251d675da83286b1cce702) (ScriptedImporter) -> (artifact id: '2fd5796363bf6a841473e0aad13bb5f3') in 0.1128972 seconds
Number of updated asset objects reloaded before import = 0Number of asset objects unloaded after import = 38

========================================================================
Received Import Request.
  Time since last request: 0.000053 seconds.
  path: Assets/Polygon Arsenal/Prefabs/Combat/Necromancy/BoneField/BoneFieldRandom.prefab
  artifactKey: Guid(0c83d7acf6b402f4a96864f5ae610f1a) Importer(2089858483,192608db42251d675da83286b1cce702)
Start importing Assets/Polygon Arsenal/Prefabs/Combat/Necromancy/BoneField/BoneFieldRandom.prefab using Guid(0c83d7acf6b402f4a96864f5ae610f1a) Importer(2089858483,192608db42251d675da83286b1cce702) (ScriptedImporter) -> (artifact id: '6dd57484f398342d5e52f55a9b998383') in 0.1066908 seconds
Number of updated asset objects reloaded before import = 0Number of asset objects unloaded after import = 13

========================================================================
Received Import Request.
  Time since last request: 0.000025 seconds.
  path: Assets/Polygon Arsenal/Prefabs/Combat/Necromancy/BoneCleave/CleaveBone.prefab
  artifactKey: Guid(22f92810de332724ba9df45145741484) Importer(2089858483,192608db42251d675da83286b1cce702)
Start importing Assets/Polygon Arsenal/Prefabs/Combat/Necromancy/BoneCleave/CleaveBone.prefab using Guid(22f92810de332724ba9df45145741484) Importer(2089858483,192608db42251d675da83286b1cce702) (ScriptedImporter) -> (artifact id: '6e5ffadd2ff1d49b98c5c855fe73e74d') in 0.1516439 seconds
Number of updated asset objects reloaded before import = 0Number of asset objects unloaded after import = 30

========================================================================
Received Import Request.
  Time since last request: 0.000043 seconds.
  path: Assets/Polygon Arsenal/Prefabs/Combat/Nova/LightningNova/LightningNovaPurple.prefab
  artifactKey: Guid(dd3f06ef4a9030241b22d4a5688508d9) Importer(2089858483,192608db42251d675da83286b1cce702)
Start importing Assets/Polygon Arsenal/Prefabs/Combat/Nova/LightningNova/LightningNovaPurple.prefab using Guid(dd3f06ef4a9030241b22d4a5688508d9) Importer(2089858483,192608db42251d675da83286b1cce702) (ScriptedImporter) -> (artifact id: '5638583dd92697b86daddec55dddef57') in 0.1258375 seconds
Number of updated asset objects reloaded before import = 0Number of asset objects unloaded after import = 38

========================================================================
Received Import Request.
  Time since last request: 0.000045 seconds.
  path: Assets/Polygon Arsenal/Prefabs/Combat/Nova/FireNova/FireNovaYellow.prefab
  artifactKey: Guid(bc763e6dccd6e5146b4ee0428b97d8e8) Importer(2089858483,192608db42251d675da83286b1cce702)
Start importing Assets/Polygon Arsenal/Prefabs/Combat/Nova/FireNova/FireNovaYellow.prefab using Guid(bc763e6dccd6e5146b4ee0428b97d8e8) Importer(2089858483,192608db42251d675da83286b1cce702) (ScriptedImporter) -> (artifact id: '13ffafa0e96eb67677d5609a9ee38513') in 0.1471491 seconds
Number of updated asset objects reloaded before import = 0Number of asset objects unloaded after import = 21

========================================================================
Received Import Request.
  Time since last request: 0.000041 seconds.
  path: Assets/Polygon Arsenal/Prefabs/Combat/Nova/SpikeNova/SpikeNovaBlue.prefab
  artifactKey: Guid(fc8b8112a83fbed439934d95a29420d0) Importer(2089858483,192608db42251d675da83286b1cce702)
Start importing Assets/Polygon Arsenal/Prefabs/Combat/Nova/SpikeNova/SpikeNovaBlue.prefab using Guid(fc8b8112a83fbed439934d95a29420d0) Importer(2089858483,192608db42251d675da83286b1cce702) (ScriptedImporter) -> (artifact id: '8dc5c6ffec5b96948be6f7db20a6bd2e') in 0.1448804 seconds
Number of updated asset objects reloaded before import = 0Number of asset objects unloaded after import = 20

========================================================================
Received Import Request.
  Time since last request: 0.000061 seconds.
  path: Assets/Polygon Arsenal/Prefabs/Combat/Regenerate/Normal/RegenerateBlue.prefab
  artifactKey: Guid(6f970eaba19434b438d8f7d7154b1b13) Importer(2089858483,192608db42251d675da83286b1cce702)
Start importing Assets/Polygon Arsenal/Prefabs/Combat/Regenerate/Normal/RegenerateBlue.prefab using Guid(6f970eaba19434b438d8f7d7154b1b13) Importer(2089858483,192608db42251d675da83286b1cce702) (ScriptedImporter) -> (artifact id: 'd8625d8e7d76d084d5ced23a1e88a68e') in 0.1381122 seconds
Number of updated asset objects reloaded before import = 0Number of asset objects unloaded after import = 16

========================================================================
Received Import Request.
  Time since last request: 0.000084 seconds.
  path: Assets/Polygon Arsenal/Prefabs/Combat/Regenerate/Normal/RegenerateRed.prefab
  artifactKey: Guid(97d281449bae4a84e8e05b8f06f05c6c) Importer(2089858483,192608db42251d675da83286b1cce702)
Start importing Assets/Polygon Arsenal/Prefabs/Combat/Regenerate/Normal/RegenerateRed.prefab using Guid(97d281449bae4a84e8e05b8f06f05c6c) Importer(2089858483,192608db42251d675da83286b1cce702) (ScriptedImporter) -> (artifact id: '9ef23e9116fe730e492f48a9553690df') in 0.1285944 seconds
Number of updated asset objects reloaded before import = 0Number of asset objects unloaded after import = 16

========================================================================
Received Import Request.
  Time since last request: 0.000062 seconds.
  path: Assets/Polygon Arsenal/Prefabs/Combat/Nova/SpikeNova/SpikeNovaPink.prefab
  artifactKey: Guid(ccdec8db5ae958c49ae4f5bfe29c4d99) Importer(2089858483,192608db42251d675da83286b1cce702)
Start importing Assets/Polygon Arsenal/Prefabs/Combat/Nova/SpikeNova/SpikeNovaPink.prefab using Guid(ccdec8db5ae958c49ae4f5bfe29c4d99) Importer(2089858483,192608db42251d675da83286b1cce702) (ScriptedImporter) -> (artifact id: 'cf237217475b0e732a05f0999850b482') in 0.1602983 seconds
Number of updated asset objects reloaded before import = 0Number of asset objects unloaded after import = 20

========================================================================
Received Import Request.
  Time since last request: 0.000051 seconds.
  path: Assets/Polygon Arsenal/Prefabs/Environment/Bubbles/Explosion/BubbleLavaExplosion.prefab
  artifactKey: Guid(3be3c98061e7c0c4c9f3f99a2f50227f) Importer(2089858483,192608db42251d675da83286b1cce702)
Start importing Assets/Polygon Arsenal/Prefabs/Environment/Bubbles/Explosion/BubbleLavaExplosion.prefab using Guid(3be3c98061e7c0c4c9f3f99a2f50227f) Importer(2089858483,192608db42251d675da83286b1cce702) (ScriptedImporter) -> (artifact id: '6d5798a60c05bef5f4aeb16e1edcfc8c') in 0.1307345 seconds
Number of updated asset objects reloaded before import = 0Number of asset objects unloaded after import = 30

========================================================================
Received Import Request.
  Time since last request: 0.000056 seconds.
  path: Assets/Polygon Arsenal/Prefabs/Environment/Bubbles/Surface/BubblesSurfaceLava.prefab
  artifactKey: Guid(d2c879185db1c7f478ab03620635a3cc) Importer(2089858483,192608db42251d675da83286b1cce702)
Start importing Assets/Polygon Arsenal/Prefabs/Environment/Bubbles/Surface/BubblesSurfaceLava.prefab using Guid(d2c879185db1c7f478ab03620635a3cc) Importer(2089858483,192608db42251d675da83286b1cce702) (ScriptedImporter) -> (artifact id: 'ad24151c4e747b5e71b3246a5b8f099e') in 0.1393895 seconds
Number of updated asset objects reloaded before import = 0Number of asset objects unloaded after import = 26

========================================================================
Received Import Request.
  Time since last request: 0.000039 seconds.
  path: Assets/Polygon Arsenal/Prefabs/Combat/Regenerate/Tube/RegenerateTubeGreen.prefab
  artifactKey: Guid(527a4c35f07b5a343b68a84e6f238373) Importer(2089858483,192608db42251d675da83286b1cce702)
Start importing Assets/Polygon Arsenal/Prefabs/Combat/Regenerate/Tube/RegenerateTubeGreen.prefab using Guid(527a4c35f07b5a343b68a84e6f238373) Importer(2089858483,192608db42251d675da83286b1cce702) (ScriptedImporter) -> (artifact id: 'd16fab2f7a59d9d68403aa773b201352') in 0.1212136 seconds
Number of updated asset objects reloaded before import = 0Number of asset objects unloaded after import = 17

========================================================================
Received Import Request.
  Time since last request: 0.000070 seconds.
  path: Assets/Polygon Arsenal/Prefabs/Environment/Bubbles/Explosion/BubbleSlimeExplosion.prefab
  artifactKey: Guid(212a829d776579a40859ae9f24b4c2a2) Importer(2089858483,192608db42251d675da83286b1cce702)
Start importing Assets/Polygon Arsenal/Prefabs/Environment/Bubbles/Explosion/BubbleSlimeExplosion.prefab using Guid(212a829d776579a40859ae9f24b4c2a2) Importer(2089858483,192608db42251d675da83286b1cce702) (ScriptedImporter) -> (artifact id: '6613174e29d4aeec5b7651282b35c45b') in 0.1097329 seconds
Number of updated asset objects reloaded before import = 0Number of asset objects unloaded after import = 30

========================================================================
Received Import Request.
  Time since last request: 0.000035 seconds.
  path: Assets/Polygon Arsenal/Prefabs/Environment/Fire/Big/FireBigPurple.prefab
  artifactKey: Guid(6195882f75867334bb30f5a2c5c2cb55) Importer(2089858483,192608db42251d675da83286b1cce702)
Start importing Assets/Polygon Arsenal/Prefabs/Environment/Fire/Big/FireBigPurple.prefab using Guid(6195882f75867334bb30f5a2c5c2cb55) Importer(2089858483,192608db42251d675da83286b1cce702) (ScriptedImporter) -> (artifact id: 'd54abf895f3c1975931896d266816fb1') in 0.0984713 seconds
Number of updated asset objects reloaded before import = 0Number of asset objects unloaded after import = 25

========================================================================
Received Import Request.
  Time since last request: 0.000047 seconds.
  path: Assets/Polygon Arsenal/Prefabs/Combat/Nova/FireNova/FireNovaPink.prefab
  artifactKey: Guid(3deb9069b47224a4b944b75c5ba7bf17) Importer(2089858483,192608db42251d675da83286b1cce702)
Start importing Assets/Polygon Arsenal/Prefabs/Combat/Nova/FireNova/FireNovaPink.prefab using Guid(3deb9069b47224a4b944b75c5ba7bf17) Importer(2089858483,192608db42251d675da83286b1cce702) (ScriptedImporter) -> (artifact id: 'd92860c7d89319fc80c1df1cff79a893') in 0.1268926 seconds
Number of updated asset objects reloaded before import = 0Number of asset objects unloaded after import = 21

========================================================================
Received Import Request.
  Time since last request: 0.000062 seconds.
  path: Assets/Polygon Arsenal/Prefabs/Environment/Fire/OilFire/OilFireBlue.prefab
  artifactKey: Guid(f2a7c8b00ec3551498120b4dd0cb16fe) Importer(2089858483,192608db42251d675da83286b1cce702)
Start importing Assets/Polygon Arsenal/Prefabs/Environment/Fire/OilFire/OilFireBlue.prefab using Guid(f2a7c8b00ec3551498120b4dd0cb16fe) Importer(2089858483,192608db42251d675da83286b1cce702) (ScriptedImporter) -> (artifact id: '2e6c9ab6431a62d4a2feb16a4e807b48') in 0.1031442 seconds
Number of updated asset objects reloaded before import = 0Number of asset objects unloaded after import = 12

========================================================================
Received Import Request.
  Time since last request: 0.000028 seconds.
  path: Assets/Polygon Arsenal/Prefabs/Environment/Fire/Big/FireBigRed.prefab
  artifactKey: Guid(c682204164606df499a38e728334fefa) Importer(2089858483,192608db42251d675da83286b1cce702)
Start importing Assets/Polygon Arsenal/Prefabs/Environment/Fire/Big/FireBigRed.prefab using Guid(c682204164606df499a38e728334fefa) Importer(2089858483,192608db42251d675da83286b1cce702) (ScriptedImporter) -> (artifact id: '184bbc340c2c809edfc58c0b1f1c1069') in 0.1259806 seconds
Number of updated asset objects reloaded before import = 0Number of asset objects unloaded after import = 25

========================================================================
Received Import Request.
  Time since last request: 0.000041 seconds.
  path: Assets/Polygon Arsenal/Prefabs/Environment/Fire/Big Spiky/FireBigSpikyYellow.prefab
  artifactKey: Guid(ef252a97ab56b0045af1231a1fde0458) Importer(2089858483,192608db42251d675da83286b1cce702)
Start importing Assets/Polygon Arsenal/Prefabs/Environment/Fire/Big Spiky/FireBigSpikyYellow.prefab using Guid(ef252a97ab56b0045af1231a1fde0458) Importer(2089858483,192608db42251d675da83286b1cce702) (ScriptedImporter) -> (artifact id: '593d720d90a2e68cccb2acc63c7259c3') in 0.1145103 seconds
Number of updated asset objects reloaded before import = 0Number of asset objects unloaded after import = 21

========================================================================
Received Import Request.
  Time since last request: 0.000062 seconds.
  path: Assets/Polygon Arsenal/Prefabs/Environment/Fire/Big Spiky/FireBigSpikyPurple.prefab
  artifactKey: Guid(5b72fe666adf9b043aa0c8f39c05cc1a) Importer(2089858483,192608db42251d675da83286b1cce702)
Start importing Assets/Polygon Arsenal/Prefabs/Environment/Fire/Big Spiky/FireBigSpikyPurple.prefab using Guid(5b72fe666adf9b043aa0c8f39c05cc1a) Importer(2089858483,192608db42251d675da83286b1cce702) (ScriptedImporter) -> (artifact id: 'ea6d4d91e55dde0ffaf1023f8260cd65') in 0.115725 seconds
Number of updated asset objects reloaded before import = 0Number of asset objects unloaded after import = 21

========================================================================
Received Import Request.
  Time since last request: 0.000037 seconds.
  path: Assets/Polygon Arsenal/Prefabs/Environment/Fire/OilFire/OilFireGreen.prefab
  artifactKey: Guid(71578d02b96a67f4480a9d1639b5fde0) Importer(2089858483,192608db42251d675da83286b1cce702)
Start importing Assets/Polygon Arsenal/Prefabs/Environment/Fire/OilFire/OilFireGreen.prefab using Guid(71578d02b96a67f4480a9d1639b5fde0) Importer(2089858483,192608db42251d675da83286b1cce702) (ScriptedImporter) -> (artifact id: '0b5e571db30f9c6f0cd261d3aea2438e') in 0.1334831 seconds
Number of updated asset objects reloaded before import = 0Number of asset objects unloaded after import = 12

========================================================================
Received Import Request.
  Time since last request: 0.000041 seconds.
  path: Assets/Polygon Arsenal/Prefabs/Combat/Chains/Chained/ChainedFrost.prefab
  artifactKey: Guid(1cf5c0d2ddd66d54f86a1319deafb5cb) Importer(2089858483,192608db42251d675da83286b1cce702)
Start importing Assets/Polygon Arsenal/Prefabs/Combat/Chains/Chained/ChainedFrost.prefab using Guid(1cf5c0d2ddd66d54f86a1319deafb5cb) Importer(2089858483,192608db42251d675da83286b1cce702) (ScriptedImporter) -> (artifact id: '4be080e0a3782f2877469c7ead17bfa8') in 0.1659527 seconds
Number of updated asset objects reloaded before import = 0Number of asset objects unloaded after import = 25

========================================================================
Received Import Request.
  Time since last request: 0.000063 seconds.
  path: Assets/Polygon Arsenal/Prefabs/Environment/Fireflies/Advanced/FireFliesYellow.prefab
  artifactKey: Guid(9e8337d240aa37b49b47f3f284ec5f87) Importer(2089858483,192608db42251d675da83286b1cce702)
Start importing Assets/Polygon Arsenal/Prefabs/Environment/Fireflies/Advanced/FireFliesYellow.prefab using Guid(9e8337d240aa37b49b47f3f284ec5f87) Importer(2089858483,192608db42251d675da83286b1cce702) (ScriptedImporter) -> (artifact id: '4daea078b1506233e93e80c74a77e2d1') in 0.1422884 seconds
Number of updated asset objects reloaded before import = 0Number of asset objects unloaded after import = 21

========================================================================
Received Import Request.
  Time since last request: 0.000033 seconds.
  path: Assets/Polygon Arsenal/Prefabs/Environment/Fire/Torch/TorchGreen.prefab
  artifactKey: Guid(2c4ebc0f33770ca4f82c1556aadb2c6c) Importer(2089858483,192608db42251d675da83286b1cce702)
Start importing Assets/Polygon Arsenal/Prefabs/Environment/Fire/Torch/TorchGreen.prefab using Guid(2c4ebc0f33770ca4f82c1556aadb2c6c) Importer(2089858483,192608db42251d675da83286b1cce702) (ScriptedImporter) -> (artifact id: '325272895f9e3299204259dfbdc2b107') in 0.15034 seconds
Number of updated asset objects reloaded before import = 0Number of asset objects unloaded after import = 17

========================================================================
Received Import Request.
  Time since last request: 0.000065 seconds.
  path: Assets/Polygon Arsenal/Prefabs/Environment/Fireflies/Simple/FirefliesSimplePurple.prefab
  artifactKey: Guid(8a1841b6c28614e4087ead4ce026312c) Importer(2089858483,192608db42251d675da83286b1cce702)
Start importing Assets/Polygon Arsenal/Prefabs/Environment/Fireflies/Simple/FirefliesSimplePurple.prefab using Guid(8a1841b6c28614e4087ead4ce026312c) Importer(2089858483,192608db42251d675da83286b1cce702) (ScriptedImporter) -> (artifact id: 'c9e273235844ffa256037cdb1f4ed3cf') in 0.1602148 seconds
Number of updated asset objects reloaded before import = 0Number of asset objects unloaded after import = 13

========================================================================
Received Import Request.
  Time since last request: 0.000056 seconds.
  path: Assets/Polygon Arsenal/Prefabs/Environment/Fireflies/Advanced/FireFliesPink.prefab
  artifactKey: Guid(375feaa9559b4d043a7a2f75c35c0358) Importer(2089858483,192608db42251d675da83286b1cce702)
Start importing Assets/Polygon Arsenal/Prefabs/Environment/Fireflies/Advanced/FireFliesPink.prefab using Guid(375feaa9559b4d043a7a2f75c35c0358) Importer(2089858483,192608db42251d675da83286b1cce702) (ScriptedImporter) -> (artifact id: 'c75ef80af575062666e464fe96dfd7d6') in 0.1417883 seconds
Number of updated asset objects reloaded before import = 0Number of asset objects unloaded after import = 21

========================================================================
Received Import Request.
  Time since last request: 0.000151 seconds.
  path: Assets/Polygon Arsenal/Prefabs/Environment/Fireworks/Explosion/FireworksRainbow.prefab
  artifactKey: Guid(fc94b69fd85e8244cbd4bd102eac954e) Importer(2089858483,192608db42251d675da83286b1cce702)
Start importing Assets/Polygon Arsenal/Prefabs/Environment/Fireworks/Explosion/FireworksRainbow.prefab using Guid(fc94b69fd85e8244cbd4bd102eac954e) Importer(2089858483,192608db42251d675da83286b1cce702) (ScriptedImporter) -> (artifact id: '5b9f27cb12da7d7ba926a32cbe7d8f28') in 0.1965973 seconds
Number of updated asset objects reloaded before import = 0Number of asset objects unloaded after import = 16

========================================================================
Received Import Request.
  Time since last request: 0.000055 seconds.
  path: Assets/Polygon Arsenal/Prefabs/Environment/Fireworks/Explosion (Expensive)/FireworksGreen.prefab
  artifactKey: Guid(3cc0a5e83e8d3904ca2763d1f0f7735d) Importer(2089858483,192608db42251d675da83286b1cce702)
Start importing Assets/Polygon Arsenal/Prefabs/Environment/Fireworks/Explosion (Expensive)/FireworksGreen.prefab using Guid(3cc0a5e83e8d3904ca2763d1f0f7735d) Importer(2089858483,192608db42251d675da83286b1cce702) (ScriptedImporter) -> (artifact id: '7086fac404aee41f6674783b67ab67e4') in 0.1622886 seconds
Number of updated asset objects reloaded before import = 0Number of asset objects unloaded after import = 16

========================================================================
Received Import Request.
  Time since last request: 0.000049 seconds.
  path: Assets/Polygon Arsenal/Prefabs/Environment/Fireworks/Explosion/FireworksOrange.prefab
  artifactKey: Guid(25f8a06e8555a5041904acded44bc97c) Importer(2089858483,192608db42251d675da83286b1cce702)
Start importing Assets/Polygon Arsenal/Prefabs/Environment/Fireworks/Explosion/FireworksOrange.prefab using Guid(25f8a06e8555a5041904acded44bc97c) Importer(2089858483,192608db42251d675da83286b1cce702) (ScriptedImporter) -> (artifact id: 'dc1f3eaa4c2f641dffc516b32b3c48f3') in 0.1717927 seconds
Number of updated asset objects reloaded before import = 0Number of asset objects unloaded after import = 16

========================================================================
Received Import Request.
  Time since last request: 0.000042 seconds.
  path: Assets/Polygon Arsenal/Prefabs/Environment/Fire/Small/FireSmallGreen.prefab
  artifactKey: Guid(4ec3e2a82c739ec4681ea8b8448af865) Importer(2089858483,192608db42251d675da83286b1cce702)
Start importing Assets/Polygon Arsenal/Prefabs/Environment/Fire/Small/FireSmallGreen.prefab using Guid(4ec3e2a82c739ec4681ea8b8448af865) Importer(2089858483,192608db42251d675da83286b1cce702) (ScriptedImporter) -> (artifact id: 'f8a0f82ece2bc71248a93556d5466651') in 0.172008 seconds
Number of updated asset objects reloaded before import = 0Number of asset objects unloaded after import = 26

========================================================================
Received Import Request.
  Time since last request: 0.000060 seconds.
  path: Assets/Polygon Arsenal/Prefabs/Environment/Liquid/Drip/SlimeDrip.prefab
  artifactKey: Guid(2e1c0b8011b0f2f469b6177bfbe55a65) Importer(2089858483,192608db42251d675da83286b1cce702)
Start importing Assets/Polygon Arsenal/Prefabs/Environment/Liquid/Drip/SlimeDrip.prefab using Guid(2e1c0b8011b0f2f469b6177bfbe55a65) Importer(2089858483,192608db42251d675da83286b1cce702) (ScriptedImporter) -> (artifact id: '0fc96258b8f0c10d5e1254dad3bc2683') in 0.1406055 seconds
Number of updated asset objects reloaded before import = 0Number of asset objects unloaded after import = 17

========================================================================
Received Import Request.
  Time since last request: 0.000034 seconds.
  path: Assets/Polygon Arsenal/Prefabs/Environment/Liquid/Drip/AcidDrip.prefab
  artifactKey: Guid(02f9b7403c0b2fd46ae119f92aeb1ce5) Importer(2089858483,192608db42251d675da83286b1cce702)
Start importing Assets/Polygon Arsenal/Prefabs/Environment/Liquid/Drip/AcidDrip.prefab using Guid(02f9b7403c0b2fd46ae119f92aeb1ce5) Importer(2089858483,192608db42251d675da83286b1cce702) (ScriptedImporter) -> (artifact id: 'c4fb4cfc32b3572244b48ef0473070ca') in 0.1482127 seconds
Number of updated asset objects reloaded before import = 0Number of asset objects unloaded after import = 21

========================================================================
Received Import Request.
  Time since last request: 0.000052 seconds.
  path: Assets/Polygon Arsenal/Prefabs/Environment/Liquid/Drip/LavaDrip.prefab
  artifactKey: Guid(8bb2f15dcd550704bb41d77779006f43) Importer(2089858483,192608db42251d675da83286b1cce702)
Start importing Assets/Polygon Arsenal/Prefabs/Environment/Liquid/Drip/LavaDrip.prefab using Guid(8bb2f15dcd550704bb41d77779006f43) Importer(2089858483,192608db42251d675da83286b1cce702) (ScriptedImporter) -> (artifact id: '48c524fd3e0f0a28c3dd6ae0300052b8') in 0.1578375 seconds
Number of updated asset objects reloaded before import = 0Number of asset objects unloaded after import = 21

========================================================================
Received Import Request.
  Time since last request: 0.000041 seconds.
  path: Assets/Polygon Arsenal/Prefabs/Environment/Fireworks/Fountain/FireworkFountainRainbow.prefab
  artifactKey: Guid(10bcc8d2846e7fe4f9b067fb0812eadd) Importer(2089858483,192608db42251d675da83286b1cce702)
Start importing Assets/Polygon Arsenal/Prefabs/Environment/Fireworks/Fountain/FireworkFountainRainbow.prefab using Guid(10bcc8d2846e7fe4f9b067fb0812eadd) Importer(2089858483,192608db42251d675da83286b1cce702) (ScriptedImporter) -> (artifact id: '3453c47b1964f4505f84fe02dbc1660c') in 0.1600578 seconds
Number of updated asset objects reloaded before import = 0Number of asset objects unloaded after import = 21

========================================================================
Received Import Request.
  Time since last request: 0.000079 seconds.
  path: Assets/Polygon Arsenal/Prefabs/Environment/Fire/Small/FireSmallPurple.prefab
  artifactKey: Guid(9f9aa0507e6555e4dbb899b1dd59f7b9) Importer(2089858483,192608db42251d675da83286b1cce702)
Start importing Assets/Polygon Arsenal/Prefabs/Environment/Fire/Small/FireSmallPurple.prefab using Guid(9f9aa0507e6555e4dbb899b1dd59f7b9) Importer(2089858483,192608db42251d675da83286b1cce702) (ScriptedImporter) -> (artifact id: 'cfbe7589c37fa8ebf8b7105dbd6b9f92') in 0.1929767 seconds
Number of updated asset objects reloaded before import = 0Number of asset objects unloaded after import = 26

========================================================================
Received Import Request.
  Time since last request: 0.000069 seconds.
  path: Assets/Polygon Arsenal/Prefabs/Environment/Liquid/Fountain/SlimeFountain.prefab
  artifactKey: Guid(45c2a8748eba60947a285b96a9f94320) Importer(2089858483,192608db42251d675da83286b1cce702)
Start importing Assets/Polygon Arsenal/Prefabs/Environment/Liquid/Fountain/SlimeFountain.prefab using Guid(45c2a8748eba60947a285b96a9f94320) Importer(2089858483,192608db42251d675da83286b1cce702) (ScriptedImporter) -> (artifact id: '9dfef19de145a4356b5c8b17ea5306f1') in 0.1762999 seconds
Number of updated asset objects reloaded before import = 0Number of asset objects unloaded after import = 12

========================================================================
Received Import Request.
  Time since last request: 0.000058 seconds.
  path: Assets/Polygon Arsenal/Prefabs/Environment/Smoke/Rising/SmokestackDark.prefab
  artifactKey: Guid(627300b803fbd6d4e954ccdf41c7d01d) Importer(2089858483,192608db42251d675da83286b1cce702)
Start importing Assets/Polygon Arsenal/Prefabs/Environment/Smoke/Rising/SmokestackDark.prefab using Guid(627300b803fbd6d4e954ccdf41c7d01d) Importer(2089858483,192608db42251d675da83286b1cce702) (ScriptedImporter) -> (artifact id: 'bd9b28e9da2b7de74b407f4aa42754e7') in 0.1494589 seconds
Number of updated asset objects reloaded before import = 0Number of asset objects unloaded after import = 8

========================================================================
Received Import Request.
  Time since last request: 0.000036 seconds.
  path: Assets/Polygon Arsenal/Prefabs/Environment/Liquid/Fountain/LavaFountain.prefab
  artifactKey: Guid(285fd8dda2329924b94e521f939ca3d0) Importer(2089858483,192608db42251d675da83286b1cce702)
Start importing Assets/Polygon Arsenal/Prefabs/Environment/Liquid/Fountain/LavaFountain.prefab using Guid(285fd8dda2329924b94e521f939ca3d0) Importer(2089858483,192608db42251d675da83286b1cce702) (ScriptedImporter) -> (artifact id: '4d7f7c63742e17cd810d77401a868965') in 0.1290579 seconds
Number of updated asset objects reloaded before import = 0Number of asset objects unloaded after import = 12

========================================================================
Received Import Request.
  Time since last request: 0.000056 seconds.
  path: Assets/Polygon Arsenal/Prefabs/Environment/Smoke/Explosion/SmokeCircleDark.prefab
  artifactKey: Guid(32b679ac2fa27cb4f921a45940ac0e7c) Importer(2089858483,192608db42251d675da83286b1cce702)
Start importing Assets/Polygon Arsenal/Prefabs/Environment/Smoke/Explosion/SmokeCircleDark.prefab using Guid(32b679ac2fa27cb4f921a45940ac0e7c) Importer(2089858483,192608db42251d675da83286b1cce702) (ScriptedImporter) -> (artifact id: 'f16ef1953a138c3918d9da5e6b9cab51') in 0.1394534 seconds
Number of updated asset objects reloaded before import = 0Number of asset objects unloaded after import = 16

========================================================================
Received Import Request.
  Time since last request: 0.000055 seconds.
  path: Assets/Polygon Arsenal/Prefabs/Environment/Sparks/Fountain/SparkFountainNormal.prefab
  artifactKey: Guid(d01fdcfda5e827f468e2e3d6f00bf07d) Importer(2089858483,192608db42251d675da83286b1cce702)
Start importing Assets/Polygon Arsenal/Prefabs/Environment/Sparks/Fountain/SparkFountainNormal.prefab using Guid(d01fdcfda5e827f468e2e3d6f00bf07d) Importer(2089858483,192608db42251d675da83286b1cce702) (ScriptedImporter) -> (artifact id: 'a300aa641661b9a00ed8174b92e72290') in 0.1500307 seconds
Number of updated asset objects reloaded before import = 0Number of asset objects unloaded after import = 13

========================================================================
Received Import Request.
  Time since last request: 0.000060 seconds.
  path: Assets/Polygon Arsenal/Prefabs/Environment/Sparks/Fountain/SparkFountainSmall.prefab
  artifactKey: Guid(5ebf80a0de9099641bcd3aac29d7b3ca) Importer(2089858483,192608db42251d675da83286b1cce702)
Start importing Assets/Polygon Arsenal/Prefabs/Environment/Sparks/Fountain/SparkFountainSmall.prefab using Guid(5ebf80a0de9099641bcd3aac29d7b3ca) Importer(2089858483,192608db42251d675da83286b1cce702) (ScriptedImporter) -> (artifact id: '545fc0b44cb0ec3b2b97c4444562052a') in 0.118761 seconds
Number of updated asset objects reloaded before import = 0Number of asset objects unloaded after import = 13

========================================================================
Received Import Request.
  Time since last request: 0.000044 seconds.
  path: Assets/Polygon Arsenal/Prefabs/Environment/Sparks/Explosion/SparkDuoDirectionalEpic.prefab
  artifactKey: Guid(a613074613827344fa064849504a0a41) Importer(2089858483,192608db42251d675da83286b1cce702)
Start importing Assets/Polygon Arsenal/Prefabs/Environment/Sparks/Explosion/SparkDuoDirectionalEpic.prefab using Guid(a613074613827344fa064849504a0a41) Importer(2089858483,192608db42251d675da83286b1cce702) (ScriptedImporter) -> (artifact id: 'dadc3b7b1714842e9ee47904ae4b0ea5') in 0.1596318 seconds
Number of updated asset objects reloaded before import = 0Number of asset objects unloaded after import = 13

========================================================================
Received Import Request.
  Time since last request: 0.000040 seconds.
  path: Assets/Polygon Arsenal/Prefabs/Environment/Sparks/Explosion/SparkDirectionalMega.prefab
  artifactKey: Guid(e8a77f1d57a29ee478055cfdb418ea36) Importer(2089858483,192608db42251d675da83286b1cce702)
Start importing Assets/Polygon Arsenal/Prefabs/Environment/Sparks/Explosion/SparkDirectionalMega.prefab using Guid(e8a77f1d57a29ee478055cfdb418ea36) Importer(2089858483,192608db42251d675da83286b1cce702) (ScriptedImporter) -> (artifact id: 'd1dbb5f0e950b69f60af7d409d4675e6') in 0.142246 seconds
Number of updated asset objects reloaded before import = 0Number of asset objects unloaded after import = 13

========================================================================
Received Import Request.
  Time since last request: 0.000068 seconds.
  path: Assets/Polygon Arsenal/Prefabs/Combat/Chains/Chained/ChainedStorm.prefab
  artifactKey: Guid(93e41480150220f4d91156a01d36f1df) Importer(2089858483,192608db42251d675da83286b1cce702)
Start importing Assets/Polygon Arsenal/Prefabs/Combat/Chains/Chained/ChainedStorm.prefab using Guid(93e41480150220f4d91156a01d36f1df) Importer(2089858483,192608db42251d675da83286b1cce702) (ScriptedImporter) -> (artifact id: '3a5ff37fe73671205beb46600805dd00') in 0.1609546 seconds
Number of updated asset objects reloaded before import = 0Number of asset objects unloaded after import = 29

========================================================================
Received Import Request.
  Time since last request: 0.000038 seconds.
  path: Assets/Polygon Arsenal/Prefabs/Interactive/BeamUp/Cloud/BeamupCloudPink.prefab
  artifactKey: Guid(02de1e8b84e01094ba286dbec07cc987) Importer(2089858483,192608db42251d675da83286b1cce702)
Start importing Assets/Polygon Arsenal/Prefabs/Interactive/BeamUp/Cloud/BeamupCloudPink.prefab using Guid(02de1e8b84e01094ba286dbec07cc987) Importer(2089858483,192608db42251d675da83286b1cce702) (ScriptedImporter) -> (artifact id: '87141f02e44289cd4e50854fdc615a93') in 0.1253552 seconds
Number of updated asset objects reloaded before import = 0Number of asset objects unloaded after import = 17

========================================================================
Received Import Request.
  Time since last request: 0.000049 seconds.
  path: Assets/Polygon Arsenal/Prefabs/Interactive/BeamUp/Chargeup/BeamupChargeupScarlet.prefab
  artifactKey: Guid(6fea82253fce8c944b818dad190d40b1) Importer(2089858483,192608db42251d675da83286b1cce702)
Start importing Assets/Polygon Arsenal/Prefabs/Interactive/BeamUp/Chargeup/BeamupChargeupScarlet.prefab using Guid(6fea82253fce8c944b818dad190d40b1) Importer(2089858483,192608db42251d675da83286b1cce702) (ScriptedImporter) -> (artifact id: 'f1d1757eb2c811451a4e93cd340ff263') in 0.1360072 seconds
Number of updated asset objects reloaded before import = 0Number of asset objects unloaded after import = 29

========================================================================
Received Import Request.
  Time since last request: 0.000046 seconds.
  path: Assets/Polygon Arsenal/Prefabs/Interactive/BeamUp/Cylinder/BeamupCylinderGreen.prefab
  artifactKey: Guid(a60781ace6ae49347be6710ccaf6e9dd) Importer(2089858483,192608db42251d675da83286b1cce702)
Start importing Assets/Polygon Arsenal/Prefabs/Interactive/BeamUp/Cylinder/BeamupCylinderGreen.prefab using Guid(a60781ace6ae49347be6710ccaf6e9dd) Importer(2089858483,192608db42251d675da83286b1cce702) (ScriptedImporter) -> (artifact id: '0d621f8cd4e3bf60ebe81089ee3d194e') in 0.1002335 seconds
Number of updated asset objects reloaded before import = 0Number of asset objects unloaded after import = 25

========================================================================
Received Import Request.
  Time since last request: 0.000043 seconds.
  path: Assets/Polygon Arsenal/Prefabs/Interactive/BeamUp/Cloud/BeamupCloudPurple.prefab
  artifactKey: Guid(b044747ba241f804cbb887ff224f341b) Importer(2089858483,192608db42251d675da83286b1cce702)
Start importing Assets/Polygon Arsenal/Prefabs/Interactive/BeamUp/Cloud/BeamupCloudPurple.prefab using Guid(b044747ba241f804cbb887ff224f341b) Importer(2089858483,192608db42251d675da83286b1cce702) (ScriptedImporter) -> (artifact id: '74ca7ae9b37a71533e42e3d137d1cf7c') in 0.1338618 seconds
Number of updated asset objects reloaded before import = 0Number of asset objects unloaded after import = 17

========================================================================
Received Import Request.
  Time since last request: 0.000068 seconds.
  path: Assets/Polygon Arsenal/Prefabs/Interactive/BeamUp/Cylinder/BeamupCylinderPink.prefab
  artifactKey: Guid(49f3607343e22e84c8a64858028be7b1) Importer(2089858483,192608db42251d675da83286b1cce702)
Start importing Assets/Polygon Arsenal/Prefabs/Interactive/BeamUp/Cylinder/BeamupCylinderPink.prefab using Guid(49f3607343e22e84c8a64858028be7b1) Importer(2089858483,192608db42251d675da83286b1cce702) (ScriptedImporter) -> (artifact id: 'c1e0b45c20f92319e9cdfdabb4655b41') in 0.1479092 seconds
Number of updated asset objects reloaded before import = 0Number of asset objects unloaded after import = 25

========================================================================
Received Import Request.
  Time since last request: 0.000034 seconds.
  path: Assets/Polygon Arsenal/Prefabs/Interactive/BlackHole/Mega/MegaBlackHolePurple.prefab
  artifactKey: Guid(75f5ad6880835f54a861b2b0b26203a0) Importer(2089858483,192608db42251d675da83286b1cce702)
Start importing Assets/Polygon Arsenal/Prefabs/Interactive/BlackHole/Mega/MegaBlackHolePurple.prefab using Guid(75f5ad6880835f54a861b2b0b26203a0) Importer(2089858483,192608db42251d675da83286b1cce702) (ScriptedImporter) -> (artifact id: '8ef2030170c56382243440b492d39429') in 0.1259516 seconds
Number of updated asset objects reloaded before import = 0Number of asset objects unloaded after import = 33

========================================================================
Received Import Request.
  Time since last request: 0.000053 seconds.
  path: Assets/Polygon Arsenal/Prefabs/Interactive/Jets/Jet02/Jet02Green.prefab
  artifactKey: Guid(8aff3ffa43d0f4b4baa41c76d0ceff49) Importer(2089858483,192608db42251d675da83286b1cce702)
Start importing Assets/Polygon Arsenal/Prefabs/Interactive/Jets/Jet02/Jet02Green.prefab using Guid(8aff3ffa43d0f4b4baa41c76d0ceff49) Importer(2089858483,192608db42251d675da83286b1cce702) (ScriptedImporter) -> (artifact id: 'bbb2f720f125d5c6662a201ac1ddc670') in 0.1353216 seconds
Number of updated asset objects reloaded before import = 0Number of asset objects unloaded after import = 29

========================================================================
Received Import Request.
  Time since last request: 0.000036 seconds.
  path: Assets/Polygon Arsenal/Prefabs/Interactive/BlackHole/Normal/BlackHoleBlue.prefab
  artifactKey: Guid(2940c2810344ebd4bad38aa313486551) Importer(2089858483,192608db42251d675da83286b1cce702)
Start importing Assets/Polygon Arsenal/Prefabs/Interactive/BlackHole/Normal/BlackHoleBlue.prefab using Guid(2940c2810344ebd4bad38aa313486551) Importer(2089858483,192608db42251d675da83286b1cce702) (ScriptedImporter) -> (artifact id: '1ec31f32e312a258f271afecdee7f7f1') in 0.1190395 seconds
Number of updated asset objects reloaded before import = 0Number of asset objects unloaded after import = 29

========================================================================
Received Import Request.
  Time since last request: 0.000034 seconds.
  path: Assets/Polygon Arsenal/Prefabs/Interactive/BlackHole/Normal/BlackHolePink.prefab
  artifactKey: Guid(0dae1104d8240b140a7fd9246d5fcb0f) Importer(2089858483,192608db42251d675da83286b1cce702)
Start importing Assets/Polygon Arsenal/Prefabs/Interactive/BlackHole/Normal/BlackHolePink.prefab using Guid(0dae1104d8240b140a7fd9246d5fcb0f) Importer(2089858483,192608db42251d675da83286b1cce702) (ScriptedImporter) -> (artifact id: 'b25af28838f55abfd0aab9cd46cd3c84') in 0.1446561 seconds
Number of updated asset objects reloaded before import = 0Number of asset objects unloaded after import = 29

========================================================================
Received Import Request.
  Time since last request: 0.000063 seconds.
  path: Assets/Polygon Arsenal/Prefabs/Interactive/BlackHole/Normal/BlackHoleYellow.prefab
  artifactKey: Guid(930c8171faa80cf42a62a826303953e6) Importer(2089858483,192608db42251d675da83286b1cce702)
Start importing Assets/Polygon Arsenal/Prefabs/Interactive/BlackHole/Normal/BlackHoleYellow.prefab using Guid(930c8171faa80cf42a62a826303953e6) Importer(2089858483,192608db42251d675da83286b1cce702) (ScriptedImporter) -> (artifact id: '697464bc0435a6ab80970ebe77bf82b3') in 0.1534769 seconds
Number of updated asset objects reloaded before import = 0Number of asset objects unloaded after import = 30

========================================================================
Received Import Request.
  Time since last request: 0.000052 seconds.
  path: Assets/Polygon Arsenal/Prefabs/Interactive/Jets/Jet04/Jet04Red.prefab
  artifactKey: Guid(66ab16c7b88aa544b99b905fdb7c8312) Importer(2089858483,192608db42251d675da83286b1cce702)
Start importing Assets/Polygon Arsenal/Prefabs/Interactive/Jets/Jet04/Jet04Red.prefab using Guid(66ab16c7b88aa544b99b905fdb7c8312) Importer(2089858483,192608db42251d675da83286b1cce702) (ScriptedImporter) -> (artifact id: '4b47119cfb5a63e00c0642cfe7912043') in 0.1429586 seconds
Number of updated asset objects reloaded before import = 0Number of asset objects unloaded after import = 29

========================================================================
Received Import Request.
  Time since last request: 0.000073 seconds.
  path: Assets/Polygon Arsenal/Prefabs/Interactive/Jets/Jet05/Jet05Blue.prefab
  artifactKey: Guid(ad446af3bc2beab4c898bcc5f3bfbcb2) Importer(2089858483,192608db42251d675da83286b1cce702)
Start importing Assets/Polygon Arsenal/Prefabs/Interactive/Jets/Jet05/Jet05Blue.prefab using Guid(ad446af3bc2beab4c898bcc5f3bfbcb2) Importer(2089858483,192608db42251d675da83286b1cce702) (ScriptedImporter) -> (artifact id: '1a02bfa671c430b1c13ebe3d8e65a5dd') in 0.1358998 seconds
Number of updated asset objects reloaded before import = 0Number of asset objects unloaded after import = 29

========================================================================
Received Import Request.
  Time since last request: 0.000043 seconds.
  path: Assets/Polygon Arsenal/Prefabs/Interactive/Jets/Jet03/Jet03Red.prefab
  artifactKey: Guid(056fd822f5f4ce846b2fa388efb9f4e3) Importer(2089858483,192608db42251d675da83286b1cce702)
Start importing Assets/Polygon Arsenal/Prefabs/Interactive/Jets/Jet03/Jet03Red.prefab using Guid(056fd822f5f4ce846b2fa388efb9f4e3) Importer(2089858483,192608db42251d675da83286b1cce702) (ScriptedImporter) -> (artifact id: '7ff353e686c1dfa0833a7d2fe8c9ace8') in 0.1555655 seconds
Number of updated asset objects reloaded before import = 0Number of asset objects unloaded after import = 29

========================================================================
Received Import Request.
  Time since last request: 0.000061 seconds.
  path: Assets/Polygon Arsenal/Prefabs/Interactive/Jets/Jet04/Jet04Green.prefab
  artifactKey: Guid(5fa059fb0fb51ff439467bcfe1c296f4) Importer(2089858483,192608db42251d675da83286b1cce702)
Start importing Assets/Polygon Arsenal/Prefabs/Interactive/Jets/Jet04/Jet04Green.prefab using Guid(5fa059fb0fb51ff439467bcfe1c296f4) Importer(2089858483,192608db42251d675da83286b1cce702) (ScriptedImporter) -> (artifact id: '87acd600deb049b7ca9f519506f45da4') in 0.1455708 seconds
Number of updated asset objects reloaded before import = 0Number of asset objects unloaded after import = 29

========================================================================
Received Import Request.
  Time since last request: 0.000034 seconds.
  path: Assets/Polygon Arsenal/Prefabs/Combat/Aura/ShieldAura/ShieldDefenseScarlet.prefab
  artifactKey: Guid(07d6ce935b04fd04ba57a45e4329ecf6) Importer(2089858483,192608db42251d675da83286b1cce702)
Start importing Assets/Polygon Arsenal/Prefabs/Combat/Aura/ShieldAura/ShieldDefenseScarlet.prefab using Guid(07d6ce935b04fd04ba57a45e4329ecf6) Importer(2089858483,192608db42251d675da83286b1cce702) (ScriptedImporter) -> (artifact id: '24d74fdde1aea80c2e178e13d341b0b4') in 0.1269703 seconds
Number of updated asset objects reloaded before import = 0Number of asset objects unloaded after import = 18

========================================================================
Received Import Request.
  Time since last request: 0.000047 seconds.
  path: Assets/Polygon Arsenal/Prefabs/Interactive/Loot/LootEssence/LootEssenceRed.prefab
  artifactKey: Guid(2e5ba0f0fbb806b4395467d382875e60) Importer(2089858483,192608db42251d675da83286b1cce702)
Start importing Assets/Polygon Arsenal/Prefabs/Interactive/Loot/LootEssence/LootEssenceRed.prefab using Guid(2e5ba0f0fbb806b4395467d382875e60) Importer(2089858483,192608db42251d675da83286b1cce702) (ScriptedImporter) -> (artifact id: '3d344561b0142bb27c417d96896a807a') in 0.1125116 seconds
Number of updated asset objects reloaded before import = 0Number of asset objects unloaded after import = 12

========================================================================
Received Import Request.
  Time since last request: 0.000035 seconds.
  path: Assets/Polygon Arsenal/Prefabs/Interactive/Loot/LootRay/LootRayYellow.prefab
  artifactKey: Guid(c9ddd59d7f4e88a4582b05c4ac4c0a8e) Importer(2089858483,192608db42251d675da83286b1cce702)
Start importing Assets/Polygon Arsenal/Prefabs/Interactive/Loot/LootRay/LootRayYellow.prefab using Guid(c9ddd59d7f4e88a4582b05c4ac4c0a8e) Importer(2089858483,192608db42251d675da83286b1cce702) (ScriptedImporter) -> (artifact id: 'c3af8259a70c7205cb1c09a24e7763bc') in 0.1383926 seconds
Number of updated asset objects reloaded before import = 0Number of asset objects unloaded after import = 21

========================================================================
Received Import Request.
  Time since last request: 0.000040 seconds.
  path: Assets/Polygon Arsenal/Prefabs/Interactive/Loot/LootEssence/LootEssenceWhite.prefab
  artifactKey: Guid(ca97d3903f5a95e4f9176b90a8021415) Importer(2089858483,192608db42251d675da83286b1cce702)
Start importing Assets/Polygon Arsenal/Prefabs/Interactive/Loot/LootEssence/LootEssenceWhite.prefab using Guid(ca97d3903f5a95e4f9176b90a8021415) Importer(2089858483,192608db42251d675da83286b1cce702) (ScriptedImporter) -> (artifact id: 'a231ae90113acbb4e66c5d26084c4e7f') in 0.1140579 seconds
Number of updated asset objects reloaded before import = 0Number of asset objects unloaded after import = 12

========================================================================
Received Import Request.
  Time since last request: 0.000049 seconds.
  path: Assets/Polygon Arsenal/Prefabs/Interactive/Loot/LootEssence/LootEssenceGreen.prefab
  artifactKey: Guid(42b03443c4d2859479c6f2efb18027b6) Importer(2089858483,192608db42251d675da83286b1cce702)
Start importing Assets/Polygon Arsenal/Prefabs/Interactive/Loot/LootEssence/LootEssenceGreen.prefab using Guid(42b03443c4d2859479c6f2efb18027b6) Importer(2089858483,192608db42251d675da83286b1cce702) (ScriptedImporter) -> (artifact id: 'b63598c109b412ef71c45c940ff0add4') in 0.1564345 seconds
Number of updated asset objects reloaded before import = 0Number of asset objects unloaded after import = 12

========================================================================
Received Import Request.
  Time since last request: 0.000044 seconds.
  path: Assets/Polygon Arsenal/Prefabs/Combat/Barrage/Rain/BarrageDaggerPoison.prefab
  artifactKey: Guid(e65762a72f10ae849bc2fc071b5d3129) Importer(2089858483,192608db42251d675da83286b1cce702)
Start importing Assets/Polygon Arsenal/Prefabs/Combat/Barrage/Rain/BarrageDaggerPoison.prefab using Guid(e65762a72f10ae849bc2fc071b5d3129) Importer(2089858483,192608db42251d675da83286b1cce702) (ScriptedImporter) -> (artifact id: '68682d61a7fee7a6aa009de3354024cc') in 0.1456676 seconds
Number of updated asset objects reloaded before import = 0Number of asset objects unloaded after import = 30

========================================================================
Received Import Request.
  Time since last request: 0.000054 seconds.
  path: Assets/Polygon Arsenal/Prefabs/Interactive/Loot/LootRaySimple/LootRaySimpleYellow.prefab
  artifactKey: Guid(590597403d9324b42929d54f5ecb9b96) Importer(2089858483,192608db42251d675da83286b1cce702)
Start importing Assets/Polygon Arsenal/Prefabs/Interactive/Loot/LootRaySimple/LootRaySimpleYellow.prefab using Guid(590597403d9324b42929d54f5ecb9b96) Importer(2089858483,192608db42251d675da83286b1cce702) (ScriptedImporter) -> (artifact id: 'ec3156b1f26b650d87e992a80b956cee') in 0.1406176 seconds
Number of updated asset objects reloaded before import = 0Number of asset objects unloaded after import = 16

========================================================================
Received Import Request.
  Time since last request: 0.000042 seconds.
  path: Assets/Polygon Arsenal/Prefabs/Interactive/Portal/Glow/GlowPortalBlue.prefab
  artifactKey: Guid(bfd8fc178a9aa4c468336c3a0f6fb12a) Importer(2089858483,192608db42251d675da83286b1cce702)
Start importing Assets/Polygon Arsenal/Prefabs/Interactive/Portal/Glow/GlowPortalBlue.prefab using Guid(bfd8fc178a9aa4c468336c3a0f6fb12a) Importer(2089858483,192608db42251d675da83286b1cce702) (ScriptedImporter) -> (artifact id: '1bbd486a2918f49bae62b65f371b03e8') in 0.1390687 seconds
Number of updated asset objects reloaded before import = 0Number of asset objects unloaded after import = 21

========================================================================
Received Import Request.
  Time since last request: 0.000061 seconds.
  path: Assets/Polygon Arsenal/Prefabs/Interactive/Portal/Basic/PortalBasicBlue.prefab
  artifactKey: Guid(f5b8e81f02a915d4fb4be69b6257ca89) Importer(2089858483,192608db42251d675da83286b1cce702)
Start importing Assets/Polygon Arsenal/Prefabs/Interactive/Portal/Basic/PortalBasicBlue.prefab using Guid(f5b8e81f02a915d4fb4be69b6257ca89) Importer(2089858483,192608db42251d675da83286b1cce702) (ScriptedImporter) -> (artifact id: 'ad957c2f3c734ff739a0cecb92014ad3') in 0.1152985 seconds
Number of updated asset objects reloaded before import = 0Number of asset objects unloaded after import = 28

========================================================================
Received Import Request.
  Time since last request: 0.000036 seconds.
  path: Assets/Polygon Arsenal/Prefabs/Interactive/Portal/Glow/GlowPortalPink.prefab
  artifactKey: Guid(6e01d259e3116e540b740e8a2fb99ffd) Importer(2089858483,192608db42251d675da83286b1cce702)
Start importing Assets/Polygon Arsenal/Prefabs/Interactive/Portal/Glow/GlowPortalPink.prefab using Guid(6e01d259e3116e540b740e8a2fb99ffd) Importer(2089858483,192608db42251d675da83286b1cce702) (ScriptedImporter) -> (artifact id: '34a67df46ba194dbec546d9d8ca44ba5') in 0.1113544 seconds
Number of updated asset objects reloaded before import = 0Number of asset objects unloaded after import = 21

========================================================================
Received Import Request.
  Time since last request: 0.000058 seconds.
  path: Assets/Polygon Arsenal/Prefabs/Interactive/Portal/Glow/GlowPortalRed.prefab
  artifactKey: Guid(b0f84aa5dc0941e41ab8e53590cdfdcb) Importer(2089858483,192608db42251d675da83286b1cce702)
Start importing Assets/Polygon Arsenal/Prefabs/Interactive/Portal/Glow/GlowPortalRed.prefab using Guid(b0f84aa5dc0941e41ab8e53590cdfdcb) Importer(2089858483,192608db42251d675da83286b1cce702) (ScriptedImporter) -> (artifact id: '9178065bff86554f608af3c4b9d58a35') in 0.1047714 seconds
Number of updated asset objects reloaded before import = 0Number of asset objects unloaded after import = 21

========================================================================
Received Import Request.
  Time since last request: 0.000078 seconds.
  path: Assets/Polygon Arsenal/Prefabs/Interactive/Powerups/Icons Bright/PowerIconAmmoSinglev3.prefab
  artifactKey: Guid(e830db541be7b3c40b18455c06bbd560) Importer(2089858483,192608db42251d675da83286b1cce702)
Start importing Assets/Polygon Arsenal/Prefabs/Interactive/Powerups/Icons Bright/PowerIconAmmoSinglev3.prefab using Guid(e830db541be7b3c40b18455c06bbd560) Importer(2089858483,192608db42251d675da83286b1cce702) (ScriptedImporter) -> (artifact id: '4d7808d4d962a1e853ed85d76e2bfe10') in 0.1315482 seconds
Number of updated asset objects reloaded before import = 0Number of asset objects unloaded after import = 13

========================================================================
Received Import Request.
  Time since last request: 0.000027 seconds.
  path: Assets/Polygon Arsenal/Prefabs/Interactive/Powerups/Icons Bright/PowerIconHealthv3.prefab
  artifactKey: Guid(1a1bdbcfe947d7f4fa556ec7f3c40d2a) Importer(2089858483,192608db42251d675da83286b1cce702)
Start importing Assets/Polygon Arsenal/Prefabs/Interactive/Powerups/Icons Bright/PowerIconHealthv3.prefab using Guid(1a1bdbcfe947d7f4fa556ec7f3c40d2a) Importer(2089858483,192608db42251d675da83286b1cce702) (ScriptedImporter) -> (artifact id: '0d0f4fec1c55b0caca6a160e14d0f95b') in 0.1007479 seconds
Number of updated asset objects reloaded before import = 0Number of asset objects unloaded after import = 13

========================================================================
Received Import Request.
  Time since last request: 0.000034 seconds.
  path: Assets/Polygon Arsenal/Prefabs/Interactive/Portal/Glow/GlowPortalYellow.prefab
  artifactKey: Guid(83d54b4ea9e1b2a45bf4a6e788568be1) Importer(2089858483,192608db42251d675da83286b1cce702)
Start importing Assets/Polygon Arsenal/Prefabs/Interactive/Portal/Glow/GlowPortalYellow.prefab using Guid(83d54b4ea9e1b2a45bf4a6e788568be1) Importer(2089858483,192608db42251d675da83286b1cce702) (ScriptedImporter) -> (artifact id: '0a54315166f8c7fe925439ffc01aedb1') in 0.1227319 seconds
Number of updated asset objects reloaded before import = 0Number of asset objects unloaded after import = 21

========================================================================
Received Import Request.
  Time since last request: 0.000059 seconds.
  path: Assets/Polygon Arsenal/Prefabs/Interactive/Loot/LootRing/LootRingRed.prefab
  artifactKey: Guid(1f71a30319178e04bb7ccbb4eb0f8e31) Importer(2089858483,192608db42251d675da83286b1cce702)
Start importing Assets/Polygon Arsenal/Prefabs/Interactive/Loot/LootRing/LootRingRed.prefab using Guid(1f71a30319178e04bb7ccbb4eb0f8e31) Importer(2089858483,192608db42251d675da83286b1cce702) (ScriptedImporter) -> (artifact id: '76d847cd3cc0eada152eeee401d2363a') in 0.1090983 seconds
Number of updated asset objects reloaded before import = 0Number of asset objects unloaded after import = 22

========================================================================
Received Import Request.
  Time since last request: 0.000038 seconds.
  path: Assets/Polygon Arsenal/Prefabs/Environment/Smoke/Explosion/SmokeArcExplosionBright.prefab
  artifactKey: Guid(04a5d3d48f12ec0499c47ecfe4ea1f77) Importer(2089858483,192608db42251d675da83286b1cce702)
Start importing Assets/Polygon Arsenal/Prefabs/Environment/Smoke/Explosion/SmokeArcExplosionBright.prefab using Guid(04a5d3d48f12ec0499c47ecfe4ea1f77) Importer(2089858483,192608db42251d675da83286b1cce702) (ScriptedImporter) -> (artifact id: '485e766c3b512f9277e668b636704b2e') in 0.1399755 seconds
Number of updated asset objects reloaded before import = 0Number of asset objects unloaded after import = 20

========================================================================
Received Import Request.
  Time since last request: 0.000037 seconds.
  path: Assets/Polygon Arsenal/Prefabs/Interactive/Powerups/Icons Solid/PowerIconSkullv2.prefab
  artifactKey: Guid(0e0f1098a86b90b4db05057cc754feee) Importer(2089858483,192608db42251d675da83286b1cce702)
Start importing Assets/Polygon Arsenal/Prefabs/Interactive/Powerups/Icons Solid/PowerIconSkullv2.prefab using Guid(0e0f1098a86b90b4db05057cc754feee) Importer(2089858483,192608db42251d675da83286b1cce702) (ScriptedImporter) -> (artifact id: 'b6e7a6c38b041fcdb9fe9006676d9c9d') in 0.1081719 seconds
Number of updated asset objects reloaded before import = 0Number of asset objects unloaded after import = 17

========================================================================
Received Import Request.
  Time since last request: 0.000046 seconds.
  path: Assets/Polygon Arsenal/Prefabs/Interactive/Powerups/Icons Bright/PowerIconSkullv3.prefab
  artifactKey: Guid(6b539faab3658d74ea243b4941c03bfc) Importer(2089858483,192608db42251d675da83286b1cce702)
Start importing Assets/Polygon Arsenal/Prefabs/Interactive/Powerups/Icons Bright/PowerIconSkullv3.prefab using Guid(6b539faab3658d74ea243b4941c03bfc) Importer(2089858483,192608db42251d675da83286b1cce702) (ScriptedImporter) -> (artifact id: 'c4f2f14295681d1f77857072a2a9bfbd') in 0.0960317 seconds
Number of updated asset objects reloaded before import = 0Number of asset objects unloaded after import = 13

========================================================================
Received Import Request.
  Time since last request: 0.000024 seconds.
  path: Assets/Polygon Arsenal/Prefabs/Interactive/Powerups/Icons Solid/PowerIconLightningv2.prefab
  artifactKey: Guid(b1dfa7d353eb5184baaf53e26ace3892) Importer(2089858483,192608db42251d675da83286b1cce702)
Start importing Assets/Polygon Arsenal/Prefabs/Interactive/Powerups/Icons Solid/PowerIconLightningv2.prefab using Guid(b1dfa7d353eb5184baaf53e26ace3892) Importer(2089858483,192608db42251d675da83286b1cce702) (ScriptedImporter) -> (artifact id: '2a0b59e0495734fb6e1c8caeaaee2bc3') in 0.105283 seconds
Number of updated asset objects reloaded before import = 0Number of asset objects unloaded after import = 17

========================================================================
Received Import Request.
  Time since last request: 0.000030 seconds.
  path: Assets/Polygon Arsenal/Prefabs/Interactive/Powerups/Icons Holo/PowerIconShield.prefab
  artifactKey: Guid(30f9b24fda1c6854da58f6ea1bc3cae6) Importer(2089858483,192608db42251d675da83286b1cce702)
Start importing Assets/Polygon Arsenal/Prefabs/Interactive/Powerups/Icons Holo/PowerIconShield.prefab using Guid(30f9b24fda1c6854da58f6ea1bc3cae6) Importer(2089858483,192608db42251d675da83286b1cce702) (ScriptedImporter) -> (artifact id: 'b023a17a0bc0afcf1ef41954a977b256') in 0.1034981 seconds
Number of updated asset objects reloaded before import = 0Number of asset objects unloaded after import = 17

========================================================================
Received Import Request.
  Time since last request: 0.000063 seconds.
  path: Assets/Polygon Arsenal/Prefabs/Interactive/Powerups/Icons Holo/PowerIconHealth.prefab
  artifactKey: Guid(6083f7eb523e46e438d9bd70972cce9a) Importer(2089858483,192608db42251d675da83286b1cce702)
Start importing Assets/Polygon Arsenal/Prefabs/Interactive/Powerups/Icons Holo/PowerIconHealth.prefab using Guid(6083f7eb523e46e438d9bd70972cce9a) Importer(2089858483,192608db42251d675da83286b1cce702) (ScriptedImporter) -> (artifact id: '55ff5be62fd5b4bd594075370de8b827') in 0.1109533 seconds
Number of updated asset objects reloaded before import = 0Number of asset objects unloaded after import = 17

========================================================================
Received Import Request.
  Time since last request: 0.000034 seconds.
  path: Assets/Polygon Arsenal/Prefabs/Interactive/Spawn/Nova/SpawnNovaPurple.prefab
  artifactKey: Guid(6aed5a3057d00d84aabcbed62f48a79a) Importer(2089858483,192608db42251d675da83286b1cce702)
Start importing Assets/Polygon Arsenal/Prefabs/Interactive/Spawn/Nova/SpawnNovaPurple.prefab using Guid(6aed5a3057d00d84aabcbed62f48a79a) Importer(2089858483,192608db42251d675da83286b1cce702) (ScriptedImporter) -> (artifact id: '9630e39ecdc5d04855fd2524fc33b001') in 0.1009662 seconds
Number of updated asset objects reloaded before import = 0Number of asset objects unloaded after import = 29

========================================================================
Received Import Request.
  Time since last request: 0.000041 seconds.
  path: Assets/Polygon Arsenal/Prefabs/Interactive/Trails/AirTrails/BubbleWaterTrail.prefab
  artifactKey: Guid(387fa9ad50030d04dbc639dae48951d4) Importer(2089858483,192608db42251d675da83286b1cce702)
Start importing Assets/Polygon Arsenal/Prefabs/Interactive/Trails/AirTrails/BubbleWaterTrail.prefab using Guid(387fa9ad50030d04dbc639dae48951d4) Importer(2089858483,192608db42251d675da83286b1cce702) (ScriptedImporter) -> (artifact id: '3606dac71e35246cd45f69f9f5627d1c') in 0.120522 seconds
Number of updated asset objects reloaded before import = 0Number of asset objects unloaded after import = 22

========================================================================
Received Import Request.
  Time since last request: 0.000057 seconds.
  path: Assets/Polygon Arsenal/Prefabs/Interactive/Spawn/Nova/SpawnNovaGreen.prefab
  artifactKey: Guid(df335fb1db6375f4d96d741e3d35beff) Importer(2089858483,192608db42251d675da83286b1cce702)
Start importing Assets/Polygon Arsenal/Prefabs/Interactive/Spawn/Nova/SpawnNovaGreen.prefab using Guid(df335fb1db6375f4d96d741e3d35beff) Importer(2089858483,192608db42251d675da83286b1cce702) (ScriptedImporter) -> (artifact id: '25d8e1a077bbc86d462aaa4a0c4d10b4') in 0.1130786 seconds
Number of updated asset objects reloaded before import = 0Number of asset objects unloaded after import = 29

========================================================================
Received Import Request.
  Time since last request: 0.000034 seconds.
  path: Assets/Polygon Arsenal/Prefabs/Interactive/Spawn/Simple/SpawnSimplePurple.prefab
  artifactKey: Guid(252f86a458af6494385dc7bdbf08057f) Importer(2089858483,192608db42251d675da83286b1cce702)
Start importing Assets/Polygon Arsenal/Prefabs/Interactive/Spawn/Simple/SpawnSimplePurple.prefab using Guid(252f86a458af6494385dc7bdbf08057f) Importer(2089858483,192608db42251d675da83286b1cce702) (ScriptedImporter) -> (artifact id: 'c6659a75f9c7b53fe4744aeda80052c5') in 0.1168195 seconds
Number of updated asset objects reloaded before import = 0Number of asset objects unloaded after import = 21

========================================================================
Received Import Request.
  Time since last request: 0.000041 seconds.
  path: Assets/Polygon Arsenal/Prefabs/Interactive/Trails/AirTrails/BrightSmokeTrail.prefab
  artifactKey: Guid(eac7894746a985341a280e45d7abac75) Importer(2089858483,192608db42251d675da83286b1cce702)
Start importing Assets/Polygon Arsenal/Prefabs/Interactive/Trails/AirTrails/BrightSmokeTrail.prefab using Guid(eac7894746a985341a280e45d7abac75) Importer(2089858483,192608db42251d675da83286b1cce702) (ScriptedImporter) -> (artifact id: '854bba05d085949da420f2bf5b382eee') in 0.1226559 seconds
Number of updated asset objects reloaded before import = 0Number of asset objects unloaded after import = 12

========================================================================
Received Import Request.
  Time since last request: 0.000058 seconds.
  path: Assets/Polygon Arsenal/Prefabs/Interactive/Zone/Simple/SimpleZoneGreen.prefab
  artifactKey: Guid(ac712588e54a2be468777dad0573bba2) Importer(2089858483,192608db42251d675da83286b1cce702)
Start importing Assets/Polygon Arsenal/Prefabs/Interactive/Zone/Simple/SimpleZoneGreen.prefab using Guid(ac712588e54a2be468777dad0573bba2) Importer(2089858483,192608db42251d675da83286b1cce702) (ScriptedImporter) -> (artifact id: 'eaf3e4295798068e831f2ef1758da337') in 0.1068459 seconds
Number of updated asset objects reloaded before import = 0Number of asset objects unloaded after import = 16

========================================================================
Received Import Request.
  Time since last request: 0.000037 seconds.
  path: Assets/Polygon Arsenal/Prefabs/Interactive/Treasure/Grab/TreasureGrabYellow.prefab
  artifactKey: Guid(4503a62621dd98c4f94a29a4eb9a14d6) Importer(2089858483,192608db42251d675da83286b1cce702)
Start importing Assets/Polygon Arsenal/Prefabs/Interactive/Treasure/Grab/TreasureGrabYellow.prefab using Guid(4503a62621dd98c4f94a29a4eb9a14d6) Importer(2089858483,192608db42251d675da83286b1cce702) (ScriptedImporter) -> (artifact id: '647459de45da229a847d26482bbda77c') in 0.0990683 seconds
Number of updated asset objects reloaded before import = 0Number of asset objects unloaded after import = 21

========================================================================
Received Import Request.
  Time since last request: 0.000048 seconds.
  path: Assets/Polygon Arsenal/Prefabs/Interactive/Treasure/Grab/TreasureGrabGreen.prefab
  artifactKey: Guid(8777b69d78ff71a47b2dec9daf2ac61f) Importer(2089858483,192608db42251d675da83286b1cce702)
Start importing Assets/Polygon Arsenal/Prefabs/Interactive/Treasure/Grab/TreasureGrabGreen.prefab using Guid(8777b69d78ff71a47b2dec9daf2ac61f) Importer(2089858483,192608db42251d675da83286b1cce702) (ScriptedImporter) -> (artifact id: '2e10d3fdeaa480020bc4e8f308b05d63') in 0.1645861 seconds
Number of updated asset objects reloaded before import = 0Number of asset objects unloaded after import = 21

========================================================================
Received Import Request.
  Time since last request: 0.000059 seconds.
  path: Assets/Polygon Arsenal/Prefabs/Interactive/Zone/Simple/SimpleZoneBlue.prefab
  artifactKey: Guid(67a1e2dc77bb5154186fd9188fbe6b46) Importer(2089858483,192608db42251d675da83286b1cce702)
Start importing Assets/Polygon Arsenal/Prefabs/Interactive/Zone/Simple/SimpleZoneBlue.prefab using Guid(67a1e2dc77bb5154186fd9188fbe6b46) Importer(2089858483,192608db42251d675da83286b1cce702) (ScriptedImporter) -> (artifact id: '8616990d7a9fa1adf08a5902aac2489d') in 0.109435 seconds
Number of updated asset objects reloaded before import = 0Number of asset objects unloaded after import = 16

========================================================================
Received Import Request.
  Time since last request: 0.000032 seconds.
  path: Assets/Polygon Arsenal/Prefabs/Interactive/Zone/Glow/GlowZoneYellow.prefab
  artifactKey: Guid(89a5880db63937c4db5ac8be1cce8406) Importer(2089858483,192608db42251d675da83286b1cce702)
Start importing Assets/Polygon Arsenal/Prefabs/Interactive/Zone/Glow/GlowZoneYellow.prefab using Guid(89a5880db63937c4db5ac8be1cce8406) Importer(2089858483,192608db42251d675da83286b1cce702) (ScriptedImporter) -> (artifact id: 'f43ea278e6d38af1140c9123da5a255e') in 0.1071732 seconds
Number of updated asset objects reloaded before import = 0Number of asset objects unloaded after import = 24

========================================================================
Received Import Request.
  Time since last request: 0.000039 seconds.
  path: Assets/FishNet/Demos/ColliderRollback/Models/Weapons/Materials/Gray4.mat
  artifactKey: Guid(36f616b823d57714b97b12b9319c9db9) Importer(2089858483,192608db42251d675da83286b1cce702)
Start importing Assets/FishNet/Demos/ColliderRollback/Models/Weapons/Materials/Gray4.mat using Guid(36f616b823d57714b97b12b9319c9db9) Importer(2089858483,192608db42251d675da83286b1cce702) (ScriptedImporter) -> (artifact id: '26f00a1f04f499b252017bb3a2691838') in 0.0117005 seconds
Number of updated asset objects reloaded before import = 0Number of asset objects unloaded after import = 1

========================================================================
Received Import Request.
  Time since last request: 0.000038 seconds.
  path: Assets/FishNet/Demos/ColliderRollback/Models/Weapons/Materials/Gray8.mat
  artifactKey: Guid(e86c377702aa20748ac223d70f899dc1) Importer(2089858483,192608db42251d675da83286b1cce702)
Start importing Assets/FishNet/Demos/ColliderRollback/Models/Weapons/Materials/Gray8.mat using Guid(e86c377702aa20748ac223d70f899dc1) Importer(2089858483,192608db42251d675da83286b1cce702) (ScriptedImporter) -> (artifact id: '6e8a36b6f8b4212339904e1c573093a5') in 0.0123036 seconds
Number of updated asset objects reloaded before import = 0Number of asset objects unloaded after import = 1

========================================================================
Received Import Request.
  Time since last request: 0.000032 seconds.
  path: Assets/FishNet/Runtime/Plugins/GameKit/Dependencies/Utilities/ApplicationState.cs
  artifactKey: Guid(54eb82a57a65e8548b57f5ca2a62bb76) Importer(2089858483,192608db42251d675da83286b1cce702)
Start importing Assets/FishNet/Runtime/Plugins/GameKit/Dependencies/Utilities/ApplicationState.cs using Guid(54eb82a57a65e8548b57f5ca2a62bb76) Importer(2089858483,192608db42251d675da83286b1cce702) (ScriptedImporter) -> (artifact id: 'ad305762bbd8738f4136231827d15b57') in 0.0151982 seconds
Number of updated asset objects reloaded before import = 0Number of asset objects unloaded after import = 0

========================================================================
Received Import Request.
  Time since last request: 0.000028 seconds.
  path: Assets/FishNet/Runtime/Generated/Component/NetworkAnimator/Editor/NetworkAnimatorEditor.cs
  artifactKey: Guid(65609e99a0823a347a2f615b0e6f736e) Importer(2089858483,192608db42251d675da83286b1cce702)
Start importing Assets/FishNet/Runtime/Generated/Component/NetworkAnimator/Editor/NetworkAnimatorEditor.cs using Guid(65609e99a0823a347a2f615b0e6f736e) Importer(2089858483,192608db42251d675da83286b1cce702) (ScriptedImporter) -> (artifact id: '648926998b09aa8082d93648a23af834') in 0.0104113 seconds
Number of updated asset objects reloaded before import = 0Number of asset objects unloaded after import = 0

========================================================================
Received Import Request.
  Time since last request: 0.000037 seconds.
  path: Assets/FishNet/Runtime/Generated/Component/TickSmoothing/Editor/MovementSettingsDrawer.cs
  artifactKey: Guid(aa57faea7c2b2ce4b95e4865a64f3551) Importer(2089858483,192608db42251d675da83286b1cce702)
Start importing Assets/FishNet/Runtime/Generated/Component/TickSmoothing/Editor/MovementSettingsDrawer.cs using Guid(aa57faea7c2b2ce4b95e4865a64f3551) Importer(2089858483,192608db42251d675da83286b1cce702) (ScriptedImporter) -> (artifact id: 'e1db666923a6105ae8a41bc2651fa991') in 0.0128441 seconds
Number of updated asset objects reloaded before import = 0Number of asset objects unloaded after import = 0

========================================================================
Received Import Request.
  Time since last request: 0.000063 seconds.
  path: Assets/Polygon Arsenal/Prefabs/Environment/Smoke/Rising/SmokeRisingDark.prefab
  artifactKey: Guid(1134ea02ea10de94b8f6bc48116442e2) Importer(2089858483,192608db42251d675da83286b1cce702)
Start importing Assets/Polygon Arsenal/Prefabs/Environment/Smoke/Rising/SmokeRisingDark.prefab using Guid(1134ea02ea10de94b8f6bc48116442e2) Importer(2089858483,192608db42251d675da83286b1cce702) (ScriptedImporter) -> (artifact id: 'f88fa868f78099d6fd365114c7714e00') in 0.1492117 seconds
Number of updated asset objects reloaded before import = 0Number of asset objects unloaded after import = 8

========================================================================
Received Import Request.
  Time since last request: 0.000051 seconds.
  path: Assets/Polygon Arsenal/Prefabs/Combat/Barrage/Nova/BarrageNovaArrowPoison.prefab
  artifactKey: Guid(b31ab7445b64e8f40822935048c2602d) Importer(2089858483,192608db42251d675da83286b1cce702)
Start importing Assets/Polygon Arsenal/Prefabs/Combat/Barrage/Nova/BarrageNovaArrowPoison.prefab using Guid(b31ab7445b64e8f40822935048c2602d) Importer(2089858483,192608db42251d675da83286b1cce702) (ScriptedImporter) -> (artifact id: '9f01b65b1363732c090b6769b685d5d2') in 0.1205853 seconds
Number of updated asset objects reloaded before import = 0Number of asset objects unloaded after import = 26

========================================================================
Received Import Request.
  Time since last request: 0.000051 seconds.
  path: Assets/PolygonSciFiSpace/Models/SM_Veh_Part_Misc_01.fbx
  artifactKey: Guid(2dcee5f16d6d5ad4baf7170670217447) Importer(2089858483,192608db42251d675da83286b1cce702)
Start importing Assets/PolygonSciFiSpace/Models/SM_Veh_Part_Misc_01.fbx using Guid(2dcee5f16d6d5ad4baf7170670217447) Importer(2089858483,192608db42251d675da83286b1cce702) (ScriptedImporter) -> (artifact id: '759673f1884af909768d84ec3177444e') in 0.0403287 seconds
Number of updated asset objects reloaded before import = 0Number of asset objects unloaded after import = 7

========================================================================
Received Import Request.
  Time since last request: 0.000028 seconds.
  path: Assets/FishNet/Runtime/Plugins/GameKit/Dependencies/Utilities/ObjectCaching.cs
  artifactKey: Guid(3cb13274f7491a941b6e89a767905f56) Importer(2089858483,192608db42251d675da83286b1cce702)
Start importing Assets/FishNet/Runtime/Plugins/GameKit/Dependencies/Utilities/ObjectCaching.cs using Guid(3cb13274f7491a941b6e89a767905f56) Importer(2089858483,192608db42251d675da83286b1cce702) (ScriptedImporter) -> (artifact id: '71c227114fd28b397ce496ee495ef95e') in 0.0120884 seconds
Number of updated asset objects reloaded before import = 0Number of asset objects unloaded after import = 0

========================================================================
Received Import Request.
  Time since last request: 0.000038 seconds.
  path: Assets/FishNet/Runtime/Plugins/GameKit/Dependencies/Utilities/Enums.cs
  artifactKey: Guid(e6c66aec505f9254491b2b126a2d4745) Importer(2089858483,192608db42251d675da83286b1cce702)
Start importing Assets/FishNet/Runtime/Plugins/GameKit/Dependencies/Utilities/Enums.cs using Guid(e6c66aec505f9254491b2b126a2d4745) Importer(2089858483,192608db42251d675da83286b1cce702) (ScriptedImporter) -> (artifact id: 'a5297c9e3104bbfa8b37a18921349db8') in 0.0187394 seconds
Number of updated asset objects reloaded before import = 0Number of asset objects unloaded after import = 0

========================================================================
Received Import Request.
  Time since last request: 0.000034 seconds.
  path: Assets/FishNet/Runtime/Plugins/GameKit/Dependencies/Utilities/Layers.cs
  artifactKey: Guid(1c18e15e44d21a94d8919f4b6b125a1f) Importer(2089858483,192608db42251d675da83286b1cce702)
Start importing Assets/FishNet/Runtime/Plugins/GameKit/Dependencies/Utilities/Layers.cs using Guid(1c18e15e44d21a94d8919f4b6b125a1f) Importer(2089858483,192608db42251d675da83286b1cce702) (ScriptedImporter) -> (artifact id: '24e94c80003eae2774fca83d3b0b728c') in 0.0110534 seconds
Number of updated asset objects reloaded before import = 0Number of asset objects unloaded after import = 0

========================================================================
Received Import Request.
  Time since last request: 0.000045 seconds.
  path: Assets/FishNet/Runtime/Plugins/GameKit/Dependencies/Utilities/Bytes.cs
  artifactKey: Guid(26489022ceafbfe4d85bfd5cccf37303) Importer(2089858483,192608db42251d675da83286b1cce702)
Start importing Assets/FishNet/Runtime/Plugins/GameKit/Dependencies/Utilities/Bytes.cs using Guid(26489022ceafbfe4d85bfd5cccf37303) Importer(2089858483,192608db42251d675da83286b1cce702) (ScriptedImporter) -> (artifact id: '3b6dd1aebb0e24dbcfb5974a1953e874') in 0.0110318 seconds
Number of updated asset objects reloaded before import = 0Number of asset objects unloaded after import = 0

========================================================================
Received Import Request.
  Time since last request: 0.000027 seconds.
  path: Assets/FishNet/Runtime/Plugins/GameKit/Dependencies/Utilities/NewInput.cs
  artifactKey: Guid(ea6d91237dc169249b4a375e7e9eef00) Importer(2089858483,192608db42251d675da83286b1cce702)
Start importing Assets/FishNet/Runtime/Plugins/GameKit/Dependencies/Utilities/NewInput.cs using Guid(ea6d91237dc169249b4a375e7e9eef00) Importer(2089858483,192608db42251d675da83286b1cce702) (ScriptedImporter) -> (artifact id: '80c63a1a57fdcf5a4c6fa8e45328e626') in 0.008671 seconds
Number of updated asset objects reloaded before import = 0Number of asset objects unloaded after import = 0

========================================================================
Received Import Request.
  Time since last request: 0.000032 seconds.
  path: Assets/FishNet/Runtime/Plugins/GameKit/Dependencies/Utilities/Ints.cs
  artifactKey: Guid(c673118198f5c4b41986d52762828363) Importer(2089858483,192608db42251d675da83286b1cce702)
Start importing Assets/FishNet/Runtime/Plugins/GameKit/Dependencies/Utilities/Ints.cs using Guid(c673118198f5c4b41986d52762828363) Importer(2089858483,192608db42251d675da83286b1cce702) (ScriptedImporter) -> (artifact id: '8ff70d35fb65aeec77ee4e1a3474c96a') in 0.0110159 seconds
Number of updated asset objects reloaded before import = 0Number of asset objects unloaded after import = 0

========================================================================
Received Import Request.
  Time since last request: 0.000040 seconds.
  path: Assets/FishNet/Runtime/Plugins/GameKit/Dependencies/Utilities/Dictionaries.cs
  artifactKey: Guid(9d31d19bc39eb6041bad18d8eb68ed68) Importer(2089858483,192608db42251d675da83286b1cce702)
Start importing Assets/FishNet/Runtime/Plugins/GameKit/Dependencies/Utilities/Dictionaries.cs using Guid(9d31d19bc39eb6041bad18d8eb68ed68) Importer(2089858483,192608db42251d675da83286b1cce702) (ScriptedImporter) -> (artifact id: '3f9bdfaf698e7f79b5c395194a0d1c29') in 0.0106474 seconds
Number of updated asset objects reloaded before import = 0Number of asset objects unloaded after import = 0

========================================================================
Received Import Request.
  Time since last request: 0.000096 seconds.
  path: Assets/Polygon Arsenal/Prefabs/Combat/Flamethrower/Pointy/FlamethrowerPointyRed.prefab
  artifactKey: Guid(c2cc4dd26b4ab8045a54cd6b5103ce1f) Importer(2089858483,192608db42251d675da83286b1cce702)
Start importing Assets/Polygon Arsenal/Prefabs/Combat/Flamethrower/Pointy/FlamethrowerPointyRed.prefab using Guid(c2cc4dd26b4ab8045a54cd6b5103ce1f) Importer(2089858483,192608db42251d675da83286b1cce702) (ScriptedImporter) -> (artifact id: '457a062bc14b79a8486597efa8d4918d') in 0.1355866 seconds
Number of updated asset objects reloaded before import = 0Number of asset objects unloaded after import = 21

========================================================================
Received Import Request.
  Time since last request: 0.000041 seconds.
  path: Assets/FishNet/Runtime/Transporting/Transports/Tugboat/LiteNetLib/BaseChannel.cs
  artifactKey: Guid(70b7c357a9f57f5479c5d94550d26280) Importer(2089858483,192608db42251d675da83286b1cce702)
Start importing Assets/FishNet/Runtime/Transporting/Transports/Tugboat/LiteNetLib/BaseChannel.cs using Guid(70b7c357a9f57f5479c5d94550d26280) Importer(2089858483,192608db42251d675da83286b1cce702) (ScriptedImporter) -> (artifact id: 'af436b394865f7df0c541ffab90eb2fd') in 0.0104441 seconds
Number of updated asset objects reloaded before import = 0Number of asset objects unloaded after import = 0

========================================================================
Received Import Request.
  Time since last request: 0.000079 seconds.
  path: Assets/FishNet/Runtime/Transporting/Transports/Tugboat/LiteNetLib/INetEventListener.cs
  artifactKey: Guid(79436ed5864cf48418ac341ea3c70a6b) Importer(2089858483,192608db42251d675da83286b1cce702)
Start importing Assets/FishNet/Runtime/Transporting/Transports/Tugboat/LiteNetLib/INetEventListener.cs using Guid(79436ed5864cf48418ac341ea3c70a6b) Importer(2089858483,192608db42251d675da83286b1cce702) (ScriptedImporter) -> (artifact id: 'e5fd086870899546c07ecb3fddadfe20') in 0.0096192 seconds
Number of updated asset objects reloaded before import = 0Number of asset objects unloaded after import = 0

========================================================================
Received Import Request.
  Time since last request: 0.000037 seconds.
  path: Assets/FishNet/Runtime/Transporting/Transports/Tugboat/Core/ServerSocket.cs
  artifactKey: Guid(5c6703e8024041e45ae92566123865ad) Importer(2089858483,192608db42251d675da83286b1cce702)
Start importing Assets/FishNet/Runtime/Transporting/Transports/Tugboat/Core/ServerSocket.cs using Guid(5c6703e8024041e45ae92566123865ad) Importer(2089858483,192608db42251d675da83286b1cce702) (ScriptedImporter) -> (artifact id: '28a52b97e65386270371cbe6c5ebeafd') in 0.0100646 seconds
Number of updated asset objects reloaded before import = 0Number of asset objects unloaded after import = 0

========================================================================
Received Import Request.
  Time since last request: 0.000032 seconds.
  path: Assets/FishNet/Runtime/Transporting/Transports/Tugboat/LiteNetLib/NetConstants.cs
  artifactKey: Guid(b42ee5a523e67ff4c9149f91f7fe4245) Importer(2089858483,192608db42251d675da83286b1cce702)
Start importing Assets/FishNet/Runtime/Transporting/Transports/Tugboat/LiteNetLib/NetConstants.cs using Guid(b42ee5a523e67ff4c9149f91f7fe4245) Importer(2089858483,192608db42251d675da83286b1cce702) (ScriptedImporter) -> (artifact id: '560bb8f67b81572185ee55a8b797c250') in 0.0086798 seconds
Number of updated asset objects reloaded before import = 0Number of asset objects unloaded after import = 0

========================================================================
Received Import Request.
  Time since last request: 0.000047 seconds.
  path: Assets/FishNet/Runtime/Transporting/Transports/Tugboat/Core/CommonSocket.cs
  artifactKey: Guid(329169cdf51866c43a8c42e8aeb291fb) Importer(2089858483,192608db42251d675da83286b1cce702)
Start importing Assets/FishNet/Runtime/Transporting/Transports/Tugboat/Core/CommonSocket.cs using Guid(329169cdf51866c43a8c42e8aeb291fb) Importer(2089858483,192608db42251d675da83286b1cce702) (ScriptedImporter) -> (artifact id: '86e2220d5e676c0fcfc0d03f4c1b7836') in 0.0086373 seconds
Number of updated asset objects reloaded before import = 0Number of asset objects unloaded after import = 0

========================================================================
Received Import Request.
  Time since last request: 0.000059 seconds.
  path: Assets/FishNet/Runtime/Plugins/GameKit/Dependencies/Utilities/Transforms.cs
  artifactKey: Guid(ba23540de73f58b458e7d7a200f3bb30) Importer(2089858483,192608db42251d675da83286b1cce702)
Start importing Assets/FishNet/Runtime/Plugins/GameKit/Dependencies/Utilities/Transforms.cs using Guid(ba23540de73f58b458e7d7a200f3bb30) Importer(2089858483,192608db42251d675da83286b1cce702) (ScriptedImporter) -> (artifact id: 'e6a6700f44786ae8d2fc1f93570d8862') in 0.0098195 seconds
Number of updated asset objects reloaded before import = 0Number of asset objects unloaded after import = 0

========================================================================
Received Import Request.
  Time since last request: 0.000037 seconds.
  path: Assets/FishNet/Runtime/Transporting/Transports/Tugboat/LiteNetLib/LiteNetLib.csproj
  artifactKey: Guid(1ec83424c5410b04aab06dddca60e7f6) Importer(2089858483,192608db42251d675da83286b1cce702)
Start importing Assets/FishNet/Runtime/Transporting/Transports/Tugboat/LiteNetLib/LiteNetLib.csproj using Guid(1ec83424c5410b04aab06dddca60e7f6) Importer(2089858483,192608db42251d675da83286b1cce702) (ScriptedImporter) -> (artifact id: '2eea248313625323f7b55b6aba2354d3') in 0.0093766 seconds
Number of updated asset objects reloaded before import = 0Number of asset objects unloaded after import = 1

========================================================================
Received Import Request.
  Time since last request: 0.000038 seconds.
  path: Assets/Polygon Arsenal/Prefabs/Combat/Aura/ShieldAura/ShieldDefensePurple.prefab
  artifactKey: Guid(3338092c35932c040aff1be659009575) Importer(2089858483,192608db42251d675da83286b1cce702)
Start importing Assets/Polygon Arsenal/Prefabs/Combat/Aura/ShieldAura/ShieldDefensePurple.prefab using Guid(3338092c35932c040aff1be659009575) Importer(2089858483,192608db42251d675da83286b1cce702) (ScriptedImporter) -> (artifact id: '6ab28da31870619979d657d7ee0a0680') in 0.1121035 seconds
Number of updated asset objects reloaded before import = 0Number of asset objects unloaded after import = 18

========================================================================
Received Import Request.
  Time since last request: 0.000053 seconds.
  path: Assets/Polygon Arsenal/Prefabs/Combat/Explosions/Magic/Fireball/FireballExplosionGreen.prefab
  artifactKey: Guid(30d2aa8b9225a3846b91b4e55dca1939) Importer(2089858483,192608db42251d675da83286b1cce702)
Start importing Assets/Polygon Arsenal/Prefabs/Combat/Explosions/Magic/Fireball/FireballExplosionGreen.prefab using Guid(30d2aa8b9225a3846b91b4e55dca1939) Importer(2089858483,192608db42251d675da83286b1cce702) (ScriptedImporter) -> (artifact id: '6a7ca42240ec1a21c4324d02a0f07570') in 0.1480662 seconds
Number of updated asset objects reloaded before import = 0Number of asset objects unloaded after import = 31

========================================================================
Received Import Request.
  Time since last request: 0.000061 seconds.
  path: Assets/Polygon Arsenal/Prefabs/Combat/Explosions/Magic/Arrow/ArrowExplosionGreen.prefab
  artifactKey: Guid(371d6dbaded598e409dc7da8e5edfe27) Importer(2089858483,192608db42251d675da83286b1cce702)
Start importing Assets/Polygon Arsenal/Prefabs/Combat/Explosions/Magic/Arrow/ArrowExplosionGreen.prefab using Guid(371d6dbaded598e409dc7da8e5edfe27) Importer(2089858483,192608db42251d675da83286b1cce702) (ScriptedImporter) -> (artifact id: 'e481382120024a1da27c6465860e47ab') in 0.1370783 seconds
Number of updated asset objects reloaded before import = 0Number of asset objects unloaded after import = 22

========================================================================
Received Import Request.
  Time since last request: 0.000038 seconds.
  path: Assets/Polygon Arsenal/Prefabs/Combat/Explosions/Magic/Crystals/SapphireExplosion.prefab
  artifactKey: Guid(3b1a0808ae16739448c7bdcfd2aac83e) Importer(2089858483,192608db42251d675da83286b1cce702)
Start importing Assets/Polygon Arsenal/Prefabs/Combat/Explosions/Magic/Crystals/SapphireExplosion.prefab using Guid(3b1a0808ae16739448c7bdcfd2aac83e) Importer(2089858483,192608db42251d675da83286b1cce702) (ScriptedImporter) -> (artifact id: '87bc46662637503c506791eac73f1b79') in 0.1556731 seconds
Number of updated asset objects reloaded before import = 0Number of asset objects unloaded after import = 36

========================================================================
Received Import Request.
  Time since last request: 0.000048 seconds.
  path: Assets/Polygon Arsenal/Prefabs/Combat/Explosions/Magic/Arrow/ArrowExplosionBlue.prefab
  artifactKey: Guid(a243ede5b09758142b90ff5893e9712e) Importer(2089858483,192608db42251d675da83286b1cce702)
Start importing Assets/Polygon Arsenal/Prefabs/Combat/Explosions/Magic/Arrow/ArrowExplosionBlue.prefab using Guid(a243ede5b09758142b90ff5893e9712e) Importer(2089858483,192608db42251d675da83286b1cce702) (ScriptedImporter) -> (artifact id: '74ca302085d64d7d10d6dfaa417969b6') in 0.1613981 seconds
Number of updated asset objects reloaded before import = 0Number of asset objects unloaded after import = 22

========================================================================
Received Import Request.
  Time since last request: 0.000046 seconds.
  path: Assets/Polygon Arsenal/Prefabs/Combat/Explosions/Magic/Lightning/LightningExplosionPink.prefab
  artifactKey: Guid(ec0b960c2f3b95349ad9b1a85f07858c) Importer(2089858483,192608db42251d675da83286b1cce702)
Start importing Assets/Polygon Arsenal/Prefabs/Combat/Explosions/Magic/Lightning/LightningExplosionPink.prefab using Guid(ec0b960c2f3b95349ad9b1a85f07858c) Importer(2089858483,192608db42251d675da83286b1cce702) (ScriptedImporter) -> (artifact id: '19245b3657a8b34965900a75abc69665') in 0.1611691 seconds
Number of updated asset objects reloaded before import = 0Number of asset objects unloaded after import = 31

========================================================================
Received Import Request.
  Time since last request: 0.000055 seconds.
  path: Assets/Polygon Arsenal/Prefabs/Combat/Explosions/Magic/CritSpike/CritSpikeExplosionGreen.prefab
  artifactKey: Guid(3e0333c5e0c685c48afb9db84f619d4d) Importer(2089858483,192608db42251d675da83286b1cce702)
Start importing Assets/Polygon Arsenal/Prefabs/Combat/Explosions/Magic/CritSpike/CritSpikeExplosionGreen.prefab using Guid(3e0333c5e0c685c48afb9db84f619d4d) Importer(2089858483,192608db42251d675da83286b1cce702) (ScriptedImporter) -> (artifact id: '0bb17bf8df9f8a34b6225dff79919d8f') in 0.1621697 seconds
Number of updated asset objects reloaded before import = 0Number of asset objects unloaded after import = 29

========================================================================
Received Import Request.
  Time since last request: 0.000048 seconds.
  path: Assets/Polygon Arsenal/Prefabs/Combat/Explosions/Magic/CritSpike/CritSpikeExplosionYellow.prefab
  artifactKey: Guid(d9990725e6c716d4ba91b118edc624ca) Importer(2089858483,192608db42251d675da83286b1cce702)
Start importing Assets/Polygon Arsenal/Prefabs/Combat/Explosions/Magic/CritSpike/CritSpikeExplosionYellow.prefab using Guid(d9990725e6c716d4ba91b118edc624ca) Importer(2089858483,192608db42251d675da83286b1cce702) (ScriptedImporter) -> (artifact id: '5bbdd3e2b2cb9dda7c6838e3e15be6bd') in 0.2084466 seconds
Number of updated asset objects reloaded before import = 0Number of asset objects unloaded after import = 29

========================================================================
Received Import Request.
  Time since last request: 0.000071 seconds.
  path: Assets/Polygon Arsenal/Prefabs/Combat/Explosions/Magic/Sharp/SharpExplosionPurple.prefab
  artifactKey: Guid(0bbbc69132553c54ba23bc6c0b92d1b7) Importer(2089858483,192608db42251d675da83286b1cce702)
Start importing Assets/Polygon Arsenal/Prefabs/Combat/Explosions/Magic/Sharp/SharpExplosionPurple.prefab using Guid(0bbbc69132553c54ba23bc6c0b92d1b7) Importer(2089858483,192608db42251d675da83286b1cce702) (ScriptedImporter) -> (artifact id: 'd265607a59458700171d1661f9589a50') in 0.1716394 seconds
Number of updated asset objects reloaded before import = 0Number of asset objects unloaded after import = 30

========================================================================
Received Import Request.
  Time since last request: 0.000051 seconds.
  path: Assets/Polygon Arsenal/Prefabs/Combat/Explosions/Magic/Sharp/SharpExplosionPink.prefab
  artifactKey: Guid(cd95dc2d1f2830a43907d6d37e9b0b06) Importer(2089858483,192608db42251d675da83286b1cce702)
Start importing Assets/Polygon Arsenal/Prefabs/Combat/Explosions/Magic/Sharp/SharpExplosionPink.prefab using Guid(cd95dc2d1f2830a43907d6d37e9b0b06) Importer(2089858483,192608db42251d675da83286b1cce702) (ScriptedImporter) -> (artifact id: '6f52beb3868fada14b3433805e8e4ee9') in 0.1894558 seconds
Number of updated asset objects reloaded before import = 0Number of asset objects unloaded after import = 30

========================================================================
Received Import Request.
  Time since last request: 0.000060 seconds.
  path: Assets/Polygon Arsenal/Prefabs/Combat/Explosions/Magic/Skull/SkullExplosionPurple.prefab
  artifactKey: Guid(2694d58c642771846a1ecd6c0f0dbc90) Importer(2089858483,192608db42251d675da83286b1cce702)
Start importing Assets/Polygon Arsenal/Prefabs/Combat/Explosions/Magic/Skull/SkullExplosionPurple.prefab using Guid(2694d58c642771846a1ecd6c0f0dbc90) Importer(2089858483,192608db42251d675da83286b1cce702) (ScriptedImporter) -> (artifact id: '9f3ec68612325c0c06f4c67a7b7328e1') in 0.2064814 seconds
Number of updated asset objects reloaded before import = 0Number of asset objects unloaded after import = 31

========================================================================
Received Import Request.
  Time since last request: 0.000072 seconds.
  path: Assets/Polygon Arsenal/Prefabs/Combat/Explosions/Sci-Fi/Antimatter/AntimatterExplosionPurple.prefab
  artifactKey: Guid(1136e183095a225479ac1b7c87e2ebfa) Importer(2089858483,192608db42251d675da83286b1cce702)
Start importing Assets/Polygon Arsenal/Prefabs/Combat/Explosions/Sci-Fi/Antimatter/AntimatterExplosionPurple.prefab using Guid(1136e183095a225479ac1b7c87e2ebfa) Importer(2089858483,192608db42251d675da83286b1cce702) (ScriptedImporter) -> (artifact id: '610f83bd6355d79599a5697e7f427a85') in 0.2255543 seconds
Number of updated asset objects reloaded before import = 0Number of asset objects unloaded after import = 40

========================================================================
Received Import Request.
  Time since last request: 0.000057 seconds.
  path: Assets/Polygon Arsenal/Prefabs/Combat/Explosions/Magic/Liquid/OilExplosion.prefab
  artifactKey: Guid(776fc47fbaaba544ab653e0be69d81d9) Importer(2089858483,192608db42251d675da83286b1cce702)
Start importing Assets/Polygon Arsenal/Prefabs/Combat/Explosions/Magic/Liquid/OilExplosion.prefab using Guid(776fc47fbaaba544ab653e0be69d81d9) Importer(2089858483,192608db42251d675da83286b1cce702) (ScriptedImporter) -> (artifact id: '9edc1c39fed3ff091a6aa6428a9fb694') in 0.1889176 seconds
Number of updated asset objects reloaded before import = 0Number of asset objects unloaded after import = 26

========================================================================
Received Import Request.
  Time since last request: 0.000041 seconds.
  path: Assets/Polygon Arsenal/Prefabs/Combat/Explosions/Sci-Fi/Bullet/BulletExplosionBlue.prefab
  artifactKey: Guid(62bd9cb00576bac4fb66f9bcc0adf19d) Importer(2089858483,192608db42251d675da83286b1cce702)
Start importing Assets/Polygon Arsenal/Prefabs/Combat/Explosions/Sci-Fi/Bullet/BulletExplosionBlue.prefab using Guid(62bd9cb00576bac4fb66f9bcc0adf19d) Importer(2089858483,192608db42251d675da83286b1cce702) (ScriptedImporter) -> (artifact id: '0a8f16499428c5c9f38f2d4732e0bf05') in 0.1753484 seconds
Number of updated asset objects reloaded before import = 0Number of asset objects unloaded after import = 32

========================================================================
Received Import Request.
  Time since last request: 0.000068 seconds.
  path: Assets/Polygon Arsenal/Prefabs/Combat/Explosions/Sci-Fi/BlackHole/BlackHoleExplosionYellow.prefab
  artifactKey: Guid(57a74851d90817d41ab6145e6ba11534) Importer(2089858483,192608db42251d675da83286b1cce702)
Start importing Assets/Polygon Arsenal/Prefabs/Combat/Explosions/Sci-Fi/BlackHole/BlackHoleExplosionYellow.prefab using Guid(57a74851d90817d41ab6145e6ba11534) Importer(2089858483,192608db42251d675da83286b1cce702) (ScriptedImporter) -> (artifact id: '9fdc5eca85f02bcc0101006cb6b03c2a') in 0.1684925 seconds
Number of updated asset objects reloaded before import = 0Number of asset objects unloaded after import = 48

========================================================================
Received Import Request.
  Time since last request: 0.000044 seconds.
  path: Assets/Polygon Arsenal/Prefabs/Combat/Explosions/Sci-Fi/Energy/EnergyExplosionPurple.prefab
  artifactKey: Guid(538eb01e61af89d47b65f893b9a2ea59) Importer(2089858483,192608db42251d675da83286b1cce702)
Start importing Assets/Polygon Arsenal/Prefabs/Combat/Explosions/Sci-Fi/Energy/EnergyExplosionPurple.prefab using Guid(538eb01e61af89d47b65f893b9a2ea59) Importer(2089858483,192608db42251d675da83286b1cce702) (ScriptedImporter) -> (artifact id: '7d9d6246de7a801825ad4553f6335ebf') in 0.1982945 seconds
Number of updated asset objects reloaded before import = 0Number of asset objects unloaded after import = 30

========================================================================
Received Import Request.
  Time since last request: 0.000228 seconds.
  path: Assets/Polygon Arsenal/Prefabs/Combat/Explosions/Sci-Fi/Energy/EnergyExplosionBlue.prefab
  artifactKey: Guid(56ec512fc9739e441aaf446625e29fcb) Importer(2089858483,192608db42251d675da83286b1cce702)
Start importing Assets/Polygon Arsenal/Prefabs/Combat/Explosions/Sci-Fi/Energy/EnergyExplosionBlue.prefab using Guid(56ec512fc9739e441aaf446625e29fcb) Importer(2089858483,192608db42251d675da83286b1cce702) (ScriptedImporter) -> (artifact id: '68801827e41bb743728d93a92eb6cfcf') in 0.1472044 seconds
Number of updated asset objects reloaded before import = 0Number of asset objects unloaded after import = 24

========================================================================
Received Import Request.
  Time since last request: 0.000040 seconds.
  path: Assets/Polygon Arsenal/Prefabs/Combat/Explosions/Magic/Storm/StormExplosionBlue.prefab
  artifactKey: Guid(56cd45f92f23796489f7cd4d407ac05f) Importer(2089858483,192608db42251d675da83286b1cce702)
Start importing Assets/Polygon Arsenal/Prefabs/Combat/Explosions/Magic/Storm/StormExplosionBlue.prefab using Guid(56cd45f92f23796489f7cd4d407ac05f) Importer(2089858483,192608db42251d675da83286b1cce702) (ScriptedImporter) -> (artifact id: 'a1a729456093b045f27d96a355aaa7bc') in 0.1932934 seconds
Number of updated asset objects reloaded before import = 0Number of asset objects unloaded after import = 35

========================================================================
Received Import Request.
  Time since last request: 0.000063 seconds.
  path: Assets/Polygon Arsenal/Prefabs/Combat/Explosions/Sci-Fi/Grenade/GrenadeExplosionGreen.prefab
  artifactKey: Guid(de0ee17e75b1b4448adcc9399db914dd) Importer(2089858483,192608db42251d675da83286b1cce702)
Start importing Assets/Polygon Arsenal/Prefabs/Combat/Explosions/Sci-Fi/Grenade/GrenadeExplosionGreen.prefab using Guid(de0ee17e75b1b4448adcc9399db914dd) Importer(2089858483,192608db42251d675da83286b1cce702) (ScriptedImporter) -> (artifact id: '650a929d2daf0e136164677c3dbc3453') in 0.1784783 seconds
Number of updated asset objects reloaded before import = 0Number of asset objects unloaded after import = 39

========================================================================
Received Import Request.
  Time since last request: 0.000115 seconds.
  path: Assets/Polygon Arsenal/Prefabs/Combat/Explosions/Sci-Fi/Grenade/GrenadeExplosionYellow.prefab
  artifactKey: Guid(9aa670fab9a0c664e85bcf9d96b4c506) Importer(2089858483,192608db42251d675da83286b1cce702)
Start importing Assets/Polygon Arsenal/Prefabs/Combat/Explosions/Sci-Fi/Grenade/GrenadeExplosionYellow.prefab using Guid(9aa670fab9a0c664e85bcf9d96b4c506) Importer(2089858483,192608db42251d675da83286b1cce702) (ScriptedImporter) -> (artifact id: '23120a5589a3f3bde22e2fb10c454666') in 0.1569629 seconds
Number of updated asset objects reloaded before import = 0Number of asset objects unloaded after import = 39

========================================================================
Received Import Request.
  Time since last request: 0.000065 seconds.
  path: Assets/Polygon Arsenal/Prefabs/Combat/Explosions/Sci-Fi/Antimatter/AntimatterExplosionBlue.prefab
  artifactKey: Guid(ae14b44785a276b4ca60cab0d2cb2561) Importer(2089858483,192608db42251d675da83286b1cce702)
Start importing Assets/Polygon Arsenal/Prefabs/Combat/Explosions/Sci-Fi/Antimatter/AntimatterExplosionBlue.prefab using Guid(ae14b44785a276b4ca60cab0d2cb2561) Importer(2089858483,192608db42251d675da83286b1cce702) (ScriptedImporter) -> (artifact id: 'ea1997e28389abe4fd2d811d4cac8d69') in 0.16474 seconds
Number of updated asset objects reloaded before import = 0Number of asset objects unloaded after import = 40

========================================================================
Received Import Request.
  Time since last request: 0.000085 seconds.
  path: Assets/Polygon Arsenal/Prefabs/Combat/Explosions/Sci-Fi/NukeDome/DomeNukeGreen.prefab
  artifactKey: Guid(80125870821d60e46b4f276c90c69cab) Importer(2089858483,192608db42251d675da83286b1cce702)
Start importing Assets/Polygon Arsenal/Prefabs/Combat/Explosions/Sci-Fi/NukeDome/DomeNukeGreen.prefab using Guid(80125870821d60e46b4f276c90c69cab) Importer(2089858483,192608db42251d675da83286b1cce702) (ScriptedImporter) -> (artifact id: '0d6186ee8492c45e724b0d31d5097276') in 0.1481331 seconds
Number of updated asset objects reloaded before import = 0Number of asset objects unloaded after import = 41

========================================================================
Received Import Request.
  Time since last request: 0.000053 seconds.
  path: Assets/Polygon Arsenal/Prefabs/Combat/Explosions/Sci-Fi/Laser/LaserExplosionPurple.prefab
  artifactKey: Guid(c42388d728d5ca14b8d7a4f3d26326d9) Importer(2089858483,192608db42251d675da83286b1cce702)
Start importing Assets/Polygon Arsenal/Prefabs/Combat/Explosions/Sci-Fi/Laser/LaserExplosionPurple.prefab using Guid(c42388d728d5ca14b8d7a4f3d26326d9) Importer(2089858483,192608db42251d675da83286b1cce702) (ScriptedImporter) -> (artifact id: '8066372b3ab33b829dc88e6fb315a212') in 0.1398771 seconds
Number of updated asset objects reloaded before import = 0Number of asset objects unloaded after import = 31

========================================================================
Received Prepare
Begin MonoManager ReloadAssembly
- Loaded All Assemblies, in  1.624 seconds
Refreshing native plugins compatible for Editor in 1.20 ms, found 3 plugins.
Native extension for LinuxStandalone target not found
Native extension for Android target not found
Native extension for WindowsStandalone target not found
Mono: successfully reloaded assembly
- Finished resetting the current domain, in  2.271 seconds
Domain Reload Profiling: 3900ms
	BeginReloadAssembly (465ms)
		ExecutionOrderSort (0ms)
		DisableScriptedObjects (18ms)
		BackupInstance (0ms)
		ReleaseScriptingObjects (1ms)
		CreateAndSetChildDomain (155ms)
	RebuildCommonClasses (65ms)
	RebuildNativeTypeToScriptingClass (34ms)
	initialDomainReloadingComplete (61ms)
	LoadAllAssembliesAndSetupDomain (1003ms)
		LoadAssemblies (733ms)
		RebuildTransferFunctionScriptingTraits (0ms)
		AnalyzeDomain (450ms)
			TypeCache.Refresh (21ms)
				TypeCache.ScanAssembly (2ms)
			BuildScriptInfoCaches (384ms)
			ResolveRequiredComponents (36ms)
	FinalizeReload (2272ms)
		ReleaseScriptCaches (0ms)
		RebuildScriptCaches (0ms)
		SetupLoadedEditorAssemblies (1888ms)
			LogAssemblyErrors (0ms)
			InitializePlatformSupportModulesInManaged (48ms)
			SetLoadedEditorAssemblies (13ms)
			BeforeProcessingInitializeOnLoad (479ms)
			ProcessInitializeOnLoadAttributes (1216ms)
			ProcessInitializeOnLoadMethodAttributes (118ms)
			AfterProcessingInitializeOnLoad (13ms)
			EditorAssembliesLoaded (1ms)
		ExecutionOrderSort2 (0ms)
		AwakeInstancesAfterBackupRestoration (37ms)
Refreshing native plugins compatible for Editor in 2.24 ms, found 3 plugins.
Preloading 0 native plugins for Editor in 0.00 ms.
Unloading 53 Unused Serialized files (Serialized files now loaded: 0)
Unloading 7294 unused Assets / (10.2 MB). Loaded Objects now: 8016.
Memory consumption went from 246.2 MB to 236.0 MB.
Total: 61.220200 ms (FindLiveObjects: 1.502700 ms CreateObjectMapping: 1.703100 ms MarkObjects: 15.866000 ms  DeleteObjects: 42.146500 ms)

Prepare: number of updated asset objects reloaded= 0
========================================================================
Received Import Request.
  Time since last request: 18.780574 seconds.
  path: Assets/Fate/Scripts/Networking/FateNetworkDirector.cs
  artifactKey: Guid(809afaf6114921a4599212184753d101) Importer(815301076,1909f56bfc062723c751e8b465ee728b)
Start importing Assets/Fate/Scripts/Networking/FateNetworkDirector.cs using Guid(809afaf6114921a4599212184753d101) Importer(815301076,1909f56bfc062723c751e8b465ee728b) (PreviewImporter) -> (artifact id: 'faed13b97455e92dc2ac657c60f767cc') in 0.0247148 seconds
Number of updated asset objects reloaded before import = 0Number of asset objects unloaded after import = 0

========================================================================
Received Prepare
Begin MonoManager ReloadAssembly
- Loaded All Assemblies, in  1.445 seconds
Refreshing native plugins compatible for Editor in 1.42 ms, found 3 plugins.
Native extension for LinuxStandalone target not found
Native extension for Android target not found
Native extension for WindowsStandalone target not found
Mono: successfully reloaded assembly
- Finished resetting the current domain, in  2.101 seconds
Domain Reload Profiling: 3549ms
	BeginReloadAssembly (392ms)
		ExecutionOrderSort (0ms)
		DisableScriptedObjects (14ms)
		BackupInstance (0ms)
		ReleaseScriptingObjects (0ms)
		CreateAndSetChildDomain (103ms)
	RebuildCommonClasses (75ms)
	RebuildNativeTypeToScriptingClass (29ms)
	initialDomainReloadingComplete (54ms)
	LoadAllAssembliesAndSetupDomain (895ms)
		LoadAssemblies (639ms)
		RebuildTransferFunctionScriptingTraits (0ms)
		AnalyzeDomain (437ms)
			TypeCache.Refresh (19ms)
				TypeCache.ScanAssembly (2ms)
			BuildScriptInfoCaches (393ms)
			ResolveRequiredComponents (20ms)
	FinalizeReload (2103ms)
		ReleaseScriptCaches (0ms)
		RebuildScriptCaches (0ms)
		SetupLoadedEditorAssemblies (1755ms)
			LogAssemblyErrors (0ms)
			InitializePlatformSupportModulesInManaged (52ms)
			SetLoadedEditorAssemblies (15ms)
			BeforeProcessingInitializeOnLoad (475ms)
			ProcessInitializeOnLoadAttributes (1100ms)
			ProcessInitializeOnLoadMethodAttributes (104ms)
			AfterProcessingInitializeOnLoad (9ms)
			EditorAssembliesLoaded (1ms)
		ExecutionOrderSort2 (0ms)
		AwakeInstancesAfterBackupRestoration (27ms)
Refreshing native plugins compatible for Editor in 1.88 ms, found 3 plugins.
Preloading 0 native plugins for Editor in 0.00 ms.
Unloading 44 Unused Serialized files (Serialized files now loaded: 0)
Unloading 7288 unused Assets / (8.6 MB). Loaded Objects now: 8019.
Memory consumption went from 244.6 MB to 235.9 MB.
Total: 28.915000 ms (FindLiveObjects: 1.375600 ms CreateObjectMapping: 2.368000 ms MarkObjects: 14.716600 ms  DeleteObjects: 10.451600 ms)

Prepare: number of updated asset objects reloaded= 0
========================================================================
Received Import Request.
  Time since last request: 30.824030 seconds.
  path: Assets/Fate/Scripts/Networking/FateNetworkDirector.cs
  artifactKey: Guid(809afaf6114921a4599212184753d101) Importer(815301076,1909f56bfc062723c751e8b465ee728b)
Start importing Assets/Fate/Scripts/Networking/FateNetworkDirector.cs using Guid(809afaf6114921a4599212184753d101) Importer(815301076,1909f56bfc062723c751e8b465ee728b) (PreviewImporter) -> (artifact id: 'cd9a15f1326d95908d12396404d07138') in 0.0241423 seconds
Number of updated asset objects reloaded before import = 0Number of asset objects unloaded after import = 0

========================================================================
Received Prepare
Begin MonoManager ReloadAssembly
- Loaded All Assemblies, in  1.201 seconds
Refreshing native plugins compatible for Editor in 0.87 ms, found 3 plugins.
Native extension for LinuxStandalone target not found
Native extension for Android target not found
Native extension for WindowsStandalone target not found
Mono: successfully reloaded assembly
- Finished resetting the current domain, in  1.582 seconds
Domain Reload Profiling: 2784ms
	BeginReloadAssembly (339ms)
		ExecutionOrderSort (0ms)
		DisableScriptedObjects (10ms)
		BackupInstance (0ms)
		ReleaseScriptingObjects (0ms)
		CreateAndSetChildDomain (95ms)
	RebuildCommonClasses (48ms)
	RebuildNativeTypeToScriptingClass (18ms)
	initialDomainReloadingComplete (38ms)
	LoadAllAssembliesAndSetupDomain (759ms)
		LoadAssemblies (564ms)
		RebuildTransferFunctionScriptingTraits (0ms)
		AnalyzeDomain (342ms)
			TypeCache.Refresh (19ms)
				TypeCache.ScanAssembly (2ms)
			BuildScriptInfoCaches (300ms)
			ResolveRequiredComponents (18ms)
	FinalizeReload (1583ms)
		ReleaseScriptCaches (0ms)
		RebuildScriptCaches (0ms)
		SetupLoadedEditorAssemblies (1303ms)
			LogAssemblyErrors (0ms)
			InitializePlatformSupportModulesInManaged (29ms)
			SetLoadedEditorAssemblies (9ms)
			BeforeProcessingInitializeOnLoad (301ms)
			ProcessInitializeOnLoadAttributes (876ms)
			ProcessInitializeOnLoadMethodAttributes (79ms)
			AfterProcessingInitializeOnLoad (7ms)
			EditorAssembliesLoaded (1ms)
		ExecutionOrderSort2 (0ms)
		AwakeInstancesAfterBackupRestoration (22ms)
Refreshing native plugins compatible for Editor in 1.66 ms, found 3 plugins.
Preloading 0 native plugins for Editor in 0.00 ms.
Unloading 44 Unused Serialized files (Serialized files now loaded: 0)
Unloading 7288 unused Assets / (8.0 MB). Loaded Objects now: 8022.
Memory consumption went from 244.6 MB to 236.6 MB.
Total: 21.318000 ms (FindLiveObjects: 1.180800 ms CreateObjectMapping: 1.071600 ms MarkObjects: 11.359800 ms  DeleteObjects: 7.703700 ms)

Prepare: number of updated asset objects reloaded= 0
========================================================================
Received Prepare
Begin MonoManager ReloadAssembly
- Loaded All Assemblies, in  1.118 seconds
Refreshing native plugins compatible for Editor in 0.84 ms, found 3 plugins.
Native extension for LinuxStandalone target not found
Native extension for Android target not found
Native extension for WindowsStandalone target not found
Mono: successfully reloaded assembly
- Finished resetting the current domain, in  1.565 seconds
Domain Reload Profiling: 2685ms
	BeginReloadAssembly (307ms)
		ExecutionOrderSort (0ms)
		DisableScriptedObjects (9ms)
		BackupInstance (0ms)
		ReleaseScriptingObjects (0ms)
		CreateAndSetChildDomain (91ms)
	RebuildCommonClasses (50ms)
	RebuildNativeTypeToScriptingClass (22ms)
	initialDomainReloadingComplete (37ms)
	LoadAllAssembliesAndSetupDomain (703ms)
		LoadAssemblies (533ms)
		RebuildTransferFunctionScriptingTraits (0ms)
		AnalyzeDomain (300ms)
			TypeCache.Refresh (17ms)
				TypeCache.ScanAssembly (2ms)
			BuildScriptInfoCaches (260ms)
			ResolveRequiredComponents (18ms)
	FinalizeReload (1566ms)
		ReleaseScriptCaches (0ms)
		RebuildScriptCaches (0ms)
		SetupLoadedEditorAssemblies (1297ms)
			LogAssemblyErrors (0ms)
			InitializePlatformSupportModulesInManaged (33ms)
			SetLoadedEditorAssemblies (13ms)
			BeforeProcessingInitializeOnLoad (312ms)
			ProcessInitializeOnLoadAttributes (841ms)
			ProcessInitializeOnLoadMethodAttributes (90ms)
			AfterProcessingInitializeOnLoad (7ms)
			EditorAssembliesLoaded (1ms)
		ExecutionOrderSort2 (0ms)
		AwakeInstancesAfterBackupRestoration (22ms)
Refreshing native plugins compatible for Editor in 1.88 ms, found 3 plugins.
Preloading 0 native plugins for Editor in 0.00 ms.
Unloading 44 Unused Serialized files (Serialized files now loaded: 0)
Unloading 7288 unused Assets / (9.4 MB). Loaded Objects now: 8025.
Memory consumption went from 244.6 MB to 235.3 MB.
Total: 25.729100 ms (FindLiveObjects: 1.286700 ms CreateObjectMapping: 1.639900 ms MarkObjects: 10.706100 ms  DeleteObjects: 12.091800 ms)

Prepare: number of updated asset objects reloaded= 0
========================================================================
Received Import Request.
  Time since last request: 463.113319 seconds.
  path: Assets/Fate/Scripts/Networking/FateNetworkDirector.cs
  artifactKey: Guid(809afaf6114921a4599212184753d101) Importer(815301076,1909f56bfc062723c751e8b465ee728b)
Start importing Assets/Fate/Scripts/Networking/FateNetworkDirector.cs using Guid(809afaf6114921a4599212184753d101) Importer(815301076,1909f56bfc062723c751e8b465ee728b) (PreviewImporter) -> (artifact id: '8233074ece051db65fbfe7175942d179') in 0.0513059 seconds
Number of updated asset objects reloaded before import = 0Number of asset objects unloaded after import = 0

========================================================================
Received Import Request.
  Time since last request: 2.884653 seconds.
  path: Assets/Fate/Prefabs/FatePlayer Variant.prefab
  artifactKey: Guid(960b53cb5b2e7b045a8513eca10d9d32) Importer(815301076,1909f56bfc062723c751e8b465ee728b)
Start importing Assets/Fate/Prefabs/FatePlayer Variant.prefab using Guid(960b53cb5b2e7b045a8513eca10d9d32) Importer(815301076,1909f56bfc062723c751e8b465ee728b) (PreviewImporter) -> (artifact id: '99f0a718ef36dd604c0a7454beeed726') in 0.7464536 seconds
Number of updated asset objects reloaded before import = 0Number of asset objects unloaded after import = 1656

========================================================================
Received Prepare
Refreshing native plugins compatible for Editor in 1.75 ms, found 3 plugins.
Preloading 0 native plugins for Editor in 0.00 ms.
Unloading 44 Unused Serialized files (Serialized files now loaded: 0)
Unloading 7283 unused Assets / (8.7 MB). Loaded Objects now: 8167.
Memory consumption went from 257.5 MB to 248.9 MB.
Total: 35.807500 ms (FindLiveObjects: 2.179000 ms CreateObjectMapping: 2.006800 ms MarkObjects: 20.336400 ms  DeleteObjects: 11.282200 ms)

Prepare: number of updated asset objects reloaded= 0
========================================================================
Received Prepare
Begin MonoManager ReloadAssembly
- Loaded All Assemblies, in  1.127 seconds
Refreshing native plugins compatible for Editor in 0.53 ms, found 3 plugins.
Native extension for LinuxStandalone target not found
Native extension for Android target not found
Native extension for WindowsStandalone target not found
Mono: successfully reloaded assembly
- Finished resetting the current domain, in  1.244 seconds
Domain Reload Profiling: 2372ms
	BeginReloadAssembly (326ms)
		ExecutionOrderSort (0ms)
		DisableScriptedObjects (37ms)
		BackupInstance (0ms)
		ReleaseScriptingObjects (0ms)
		CreateAndSetChildDomain (89ms)
	RebuildCommonClasses (64ms)
	RebuildNativeTypeToScriptingClass (16ms)
	initialDomainReloadingComplete (34ms)
	LoadAllAssembliesAndSetupDomain (688ms)
		LoadAssemblies (488ms)
		RebuildTransferFunctionScriptingTraits (0ms)
		AnalyzeDomain (324ms)
			TypeCache.Refresh (16ms)
				TypeCache.ScanAssembly (2ms)
			BuildScriptInfoCaches (286ms)
			ResolveRequiredComponents (17ms)
	FinalizeReload (1244ms)
		ReleaseScriptCaches (0ms)
		RebuildScriptCaches (0ms)
		SetupLoadedEditorAssemblies (1045ms)
			LogAssemblyErrors (0ms)
			InitializePlatformSupportModulesInManaged (34ms)
			SetLoadedEditorAssemblies (10ms)
			BeforeProcessingInitializeOnLoad (245ms)
			ProcessInitializeOnLoadAttributes (687ms)
			ProcessInitializeOnLoadMethodAttributes (62ms)
			AfterProcessingInitializeOnLoad (7ms)
			EditorAssembliesLoaded (0ms)
		ExecutionOrderSort2 (0ms)
		AwakeInstancesAfterBackupRestoration (17ms)
Refreshing native plugins compatible for Editor in 1.27 ms, found 3 plugins.
Preloading 0 native plugins for Editor in 0.00 ms.
Unloading 44 Unused Serialized files (Serialized files now loaded: 0)
Unloading 7288 unused Assets / (8.6 MB). Loaded Objects now: 8061.
Memory consumption went from 255.8 MB to 247.2 MB.
Total: 22.138400 ms (FindLiveObjects: 1.353200 ms CreateObjectMapping: 1.938600 ms MarkObjects: 9.711000 ms  DeleteObjects: 9.133600 ms)

Prepare: number of updated asset objects reloaded= 0
========================================================================
Received Prepare
Refreshing native plugins compatible for Editor in 1.74 ms, found 3 plugins.
Preloading 0 native plugins for Editor in 0.00 ms.
Unloading 44 Unused Serialized files (Serialized files now loaded: 0)
Unloading 7282 unused Assets / (8.6 MB). Loaded Objects now: 8062.
Memory consumption went from 255.9 MB to 247.3 MB.
Total: 19.692900 ms (FindLiveObjects: 1.186100 ms CreateObjectMapping: 1.909500 ms MarkObjects: 9.086000 ms  DeleteObjects: 7.509600 ms)

Prepare: number of updated asset objects reloaded= 0
========================================================================
Received Import Request.
  Time since last request: 1147.461374 seconds.
  path: Assets/Fate/Scripts/Networking/FateNetworkPlayerSpawner.cs
  artifactKey: Guid(7b4eb0ff737ee0248b14ccbfa5172886) Importer(815301076,1909f56bfc062723c751e8b465ee728b)
Start importing Assets/Fate/Scripts/Networking/FateNetworkPlayerSpawner.cs using Guid(7b4eb0ff737ee0248b14ccbfa5172886) Importer(815301076,1909f56bfc062723c751e8b465ee728b) (PreviewImporter) -> (artifact id: '4307d69d400b84a0d2ca7f748a52c317') in 0.042993 seconds
Number of updated asset objects reloaded before import = 0Number of asset objects unloaded after import = 0

========================================================================
Received Prepare
Begin MonoManager ReloadAssembly
- Loaded All Assemblies, in  1.259 seconds
Refreshing native plugins compatible for Editor in 0.85 ms, found 3 plugins.
Native extension for LinuxStandalone target not found
Native extension for Android target not found
Native extension for WindowsStandalone target not found
Mono: successfully reloaded assembly
- Finished resetting the current domain, in  1.462 seconds
Domain Reload Profiling: 2722ms
	BeginReloadAssembly (319ms)
		ExecutionOrderSort (0ms)
		DisableScriptedObjects (9ms)
		BackupInstance (0ms)
		ReleaseScriptingObjects (0ms)
		CreateAndSetChildDomain (97ms)
	RebuildCommonClasses (56ms)
	RebuildNativeTypeToScriptingClass (23ms)
	initialDomainReloadingComplete (38ms)
	LoadAllAssembliesAndSetupDomain (823ms)
		LoadAssemblies (605ms)
		RebuildTransferFunctionScriptingTraits (0ms)
		AnalyzeDomain (361ms)
			TypeCache.Refresh (20ms)
				TypeCache.ScanAssembly (2ms)
			BuildScriptInfoCaches (305ms)
			ResolveRequiredComponents (29ms)
	FinalizeReload (1463ms)
		ReleaseScriptCaches (0ms)
		RebuildScriptCaches (0ms)
		SetupLoadedEditorAssemblies (1208ms)
			LogAssemblyErrors (0ms)
			InitializePlatformSupportModulesInManaged (33ms)
			SetLoadedEditorAssemblies (12ms)
			BeforeProcessingInitializeOnLoad (277ms)
			ProcessInitializeOnLoadAttributes (799ms)
			ProcessInitializeOnLoadMethodAttributes (79ms)
			AfterProcessingInitializeOnLoad (7ms)
			EditorAssembliesLoaded (1ms)
		ExecutionOrderSort2 (0ms)
		AwakeInstancesAfterBackupRestoration (21ms)
Refreshing native plugins compatible for Editor in 1.56 ms, found 3 plugins.
Preloading 0 native plugins for Editor in 0.00 ms.
Unloading 44 Unused Serialized files (Serialized files now loaded: 0)
Unloading 7289 unused Assets / (9.2 MB). Loaded Objects now: 8065.
Memory consumption went from 255.7 MB to 246.5 MB.
Total: 26.495100 ms (FindLiveObjects: 1.981500 ms CreateObjectMapping: 1.459600 ms MarkObjects: 11.368800 ms  DeleteObjects: 11.683000 ms)

Prepare: number of updated asset objects reloaded= 0
========================================================================
Received Import Request.
  Time since last request: 14.797055 seconds.
  path: Assets/Fate/Scripts/Networking/FateNetworkPlayerSpawner.cs
  artifactKey: Guid(7b4eb0ff737ee0248b14ccbfa5172886) Importer(815301076,1909f56bfc062723c751e8b465ee728b)
Start importing Assets/Fate/Scripts/Networking/FateNetworkPlayerSpawner.cs using Guid(7b4eb0ff737ee0248b14ccbfa5172886) Importer(815301076,1909f56bfc062723c751e8b465ee728b) (PreviewImporter) -> (artifact id: '91c2a213033b751bcdbb97e10716526c') in 0.0153124 seconds
Number of updated asset objects reloaded before import = 0Number of asset objects unloaded after import = 0

========================================================================
Received Prepare
Refreshing native plugins compatible for Editor in 1.62 ms, found 3 plugins.
Preloading 0 native plugins for Editor in 0.00 ms.
Unloading 44 Unused Serialized files (Serialized files now loaded: 0)
Unloading 7282 unused Assets / (8.4 MB). Loaded Objects now: 8065.
Memory consumption went from 255.9 MB to 247.5 MB.
Total: 25.640000 ms (FindLiveObjects: 1.208400 ms CreateObjectMapping: 2.083200 ms MarkObjects: 13.422500 ms  DeleteObjects: 8.924000 ms)

Prepare: number of updated asset objects reloaded= 0
========================================================================
Received Prepare
Refreshing native plugins compatible for Editor in 1.82 ms, found 3 plugins.
Preloading 0 native plugins for Editor in 0.00 ms.
Unloading 44 Unused Serialized files (Serialized files now loaded: 0)
Unloading 7282 unused Assets / (8.9 MB). Loaded Objects now: 8065.
Memory consumption went from 255.9 MB to 247.0 MB.
Total: 25.706900 ms (FindLiveObjects: 1.474600 ms CreateObjectMapping: 1.909300 ms MarkObjects: 11.563700 ms  DeleteObjects: 10.757100 ms)

Prepare: number of updated asset objects reloaded= 0
========================================================================
Received Prepare
Begin MonoManager ReloadAssembly
- Loaded All Assemblies, in  1.143 seconds
Refreshing native plugins compatible for Editor in 0.81 ms, found 3 plugins.
Native extension for LinuxStandalone target not found
Native extension for Android target not found
Native extension for WindowsStandalone target not found
Mono: successfully reloaded assembly
- Finished resetting the current domain, in  1.396 seconds
Domain Reload Profiling: 2540ms
	BeginReloadAssembly (309ms)
		ExecutionOrderSort (0ms)
		DisableScriptedObjects (15ms)
		BackupInstance (0ms)
		ReleaseScriptingObjects (0ms)
		CreateAndSetChildDomain (86ms)
	RebuildCommonClasses (65ms)
	RebuildNativeTypeToScriptingClass (20ms)
	initialDomainReloadingComplete (43ms)
	LoadAllAssembliesAndSetupDomain (706ms)
		LoadAssemblies (513ms)
		RebuildTransferFunctionScriptingTraits (0ms)
		AnalyzeDomain (325ms)
			TypeCache.Refresh (17ms)
				TypeCache.ScanAssembly (1ms)
			BuildScriptInfoCaches (271ms)
			ResolveRequiredComponents (31ms)
	FinalizeReload (1397ms)
		ReleaseScriptCaches (0ms)
		RebuildScriptCaches (0ms)
		SetupLoadedEditorAssemblies (1190ms)
			LogAssemblyErrors (0ms)
			InitializePlatformSupportModulesInManaged (31ms)
			SetLoadedEditorAssemblies (11ms)
			BeforeProcessingInitializeOnLoad (289ms)
			ProcessInitializeOnLoadAttributes (781ms)
			ProcessInitializeOnLoadMethodAttributes (70ms)
			AfterProcessingInitializeOnLoad (6ms)
			EditorAssembliesLoaded (1ms)
		ExecutionOrderSort2 (0ms)
		AwakeInstancesAfterBackupRestoration (19ms)
Refreshing native plugins compatible for Editor in 1.56 ms, found 3 plugins.
Preloading 0 native plugins for Editor in 0.00 ms.
Unloading 44 Unused Serialized files (Serialized files now loaded: 0)
Unloading 7289 unused Assets / (7.8 MB). Loaded Objects now: 8068.
Memory consumption went from 255.8 MB to 247.9 MB.
Total: 27.269400 ms (FindLiveObjects: 1.363300 ms CreateObjectMapping: 1.714700 ms MarkObjects: 12.548100 ms  DeleteObjects: 11.640500 ms)

Prepare: number of updated asset objects reloaded= 0
========================================================================
Received Prepare
Refreshing native plugins compatible for Editor in 1.47 ms, found 3 plugins.
Preloading 0 native plugins for Editor in 0.00 ms.
Unloading 44 Unused Serialized files (Serialized files now loaded: 0)
Unloading 7282 unused Assets / (8.5 MB). Loaded Objects now: 8068.
Memory consumption went from 256.0 MB to 247.4 MB.
Total: 26.368100 ms (FindLiveObjects: 1.704100 ms CreateObjectMapping: 1.632200 ms MarkObjects: 12.900100 ms  DeleteObjects: 10.127300 ms)

Prepare: number of updated asset objects reloaded= 0
========================================================================
Received Import Request.
  Time since last request: 27.454684 seconds.
  path: Assets/Fate/Scripts/Networking/FateNetworkPlayerSpawner.cs
  artifactKey: Guid(7b4eb0ff737ee0248b14ccbfa5172886) Importer(815301076,1909f56bfc062723c751e8b465ee728b)
Start importing Assets/Fate/Scripts/Networking/FateNetworkPlayerSpawner.cs using Guid(7b4eb0ff737ee0248b14ccbfa5172886) Importer(815301076,1909f56bfc062723c751e8b465ee728b) (PreviewImporter) -> (artifact id: '38c51c72da163fa065e0ae27ba59fb8b') in 0.0841568 seconds
Number of updated asset objects reloaded before import = 0Number of asset objects unloaded after import = 0

========================================================================
Received Prepare
Begin MonoManager ReloadAssembly
- Loaded All Assemblies, in  1.196 seconds
Refreshing native plugins compatible for Editor in 0.52 ms, found 3 plugins.
Native extension for LinuxStandalone target not found
Native extension for Android target not found
Native extension for WindowsStandalone target not found
Mono: successfully reloaded assembly
- Finished resetting the current domain, in  1.330 seconds
Domain Reload Profiling: 2528ms
	BeginReloadAssembly (325ms)
		ExecutionOrderSort (0ms)
		DisableScriptedObjects (10ms)
		BackupInstance (0ms)
		ReleaseScriptingObjects (0ms)
		CreateAndSetChildDomain (86ms)
	RebuildCommonClasses (74ms)
	RebuildNativeTypeToScriptingClass (25ms)
	initialDomainReloadingComplete (45ms)
	LoadAllAssembliesAndSetupDomain (728ms)
		LoadAssemblies (543ms)
		RebuildTransferFunctionScriptingTraits (0ms)
		AnalyzeDomain (335ms)
			TypeCache.Refresh (16ms)
				TypeCache.ScanAssembly (2ms)
			BuildScriptInfoCaches (294ms)
			ResolveRequiredComponents (19ms)
	FinalizeReload (1331ms)
		ReleaseScriptCaches (0ms)
		RebuildScriptCaches (0ms)
		SetupLoadedEditorAssemblies (1108ms)
			LogAssemblyErrors (0ms)
			InitializePlatformSupportModulesInManaged (26ms)
			SetLoadedEditorAssemblies (8ms)
			BeforeProcessingInitializeOnLoad (278ms)
			ProcessInitializeOnLoadAttributes (712ms)
			ProcessInitializeOnLoadMethodAttributes (75ms)
			AfterProcessingInitializeOnLoad (8ms)
			EditorAssembliesLoaded (1ms)
		ExecutionOrderSort2 (0ms)
		AwakeInstancesAfterBackupRestoration (24ms)
Refreshing native plugins compatible for Editor in 1.74 ms, found 3 plugins.
Preloading 0 native plugins for Editor in 0.00 ms.
Unloading 44 Unused Serialized files (Serialized files now loaded: 0)
Unloading 7289 unused Assets / (8.6 MB). Loaded Objects now: 8071.
Memory consumption went from 255.8 MB to 247.2 MB.
Total: 26.862800 ms (FindLiveObjects: 1.507600 ms CreateObjectMapping: 2.227200 ms MarkObjects: 11.736100 ms  DeleteObjects: 11.389500 ms)

Prepare: number of updated asset objects reloaded= 0
========================================================================
Received Prepare
Refreshing native plugins compatible for Editor in 1.77 ms, found 3 plugins.
Preloading 0 native plugins for Editor in 0.00 ms.
Unloading 44 Unused Serialized files (Serialized files now loaded: 0)
Unloading 7282 unused Assets / (8.3 MB). Loaded Objects now: 8071.
Memory consumption went from 256.0 MB to 247.7 MB.
Total: 27.453800 ms (FindLiveObjects: 1.635400 ms CreateObjectMapping: 2.203900 ms MarkObjects: 14.414400 ms  DeleteObjects: 9.197100 ms)

Prepare: number of updated asset objects reloaded= 0
========================================================================
Received Prepare
Begin MonoManager ReloadAssembly
- Loaded All Assemblies, in  1.212 seconds
Refreshing native plugins compatible for Editor in 0.76 ms, found 3 plugins.
Native extension for LinuxStandalone target not found
Native extension for Android target not found
Native extension for WindowsStandalone target not found
Mono: successfully reloaded assembly
- Finished resetting the current domain, in  1.652 seconds
Domain Reload Profiling: 2865ms
	BeginReloadAssembly (316ms)
		ExecutionOrderSort (0ms)
		DisableScriptedObjects (10ms)
		BackupInstance (0ms)
		ReleaseScriptingObjects (0ms)
		CreateAndSetChildDomain (91ms)
	RebuildCommonClasses (56ms)
	RebuildNativeTypeToScriptingClass (23ms)
	initialDomainReloadingComplete (45ms)
	LoadAllAssembliesAndSetupDomain (772ms)
		LoadAssemblies (546ms)
		RebuildTransferFunctionScriptingTraits (0ms)
		AnalyzeDomain (365ms)
			TypeCache.Refresh (16ms)
				TypeCache.ScanAssembly (2ms)
			BuildScriptInfoCaches (325ms)
			ResolveRequiredComponents (19ms)
	FinalizeReload (1653ms)
		ReleaseScriptCaches (0ms)
		RebuildScriptCaches (0ms)
		SetupLoadedEditorAssemblies (1391ms)
			LogAssemblyErrors (0ms)
			InitializePlatformSupportModulesInManaged (28ms)
			SetLoadedEditorAssemblies (9ms)
			BeforeProcessingInitializeOnLoad (305ms)
			ProcessInitializeOnLoadAttributes (913ms)
			ProcessInitializeOnLoadMethodAttributes (127ms)
			AfterProcessingInitializeOnLoad (9ms)
			EditorAssembliesLoaded (1ms)
		ExecutionOrderSort2 (0ms)
		AwakeInstancesAfterBackupRestoration (29ms)
Refreshing native plugins compatible for Editor in 1.74 ms, found 3 plugins.
Preloading 0 native plugins for Editor in 0.00 ms.
Unloading 44 Unused Serialized files (Serialized files now loaded: 0)
Unloading 7289 unused Assets / (8.3 MB). Loaded Objects now: 8074.
Memory consumption went from 255.9 MB to 247.6 MB.
Total: 28.229800 ms (FindLiveObjects: 2.600500 ms CreateObjectMapping: 2.019600 ms MarkObjects: 14.342300 ms  DeleteObjects: 9.264600 ms)

Prepare: number of updated asset objects reloaded= 0
========================================================================
Received Prepare
Refreshing native plugins compatible for Editor in 2.47 ms, found 3 plugins.
Preloading 0 native plugins for Editor in 0.00 ms.
Unloading 44 Unused Serialized files (Serialized files now loaded: 0)
Unloading 7282 unused Assets / (11.6 MB). Loaded Objects now: 8074.
Memory consumption went from 256.0 MB to 244.4 MB.
Total: 85.030200 ms (FindLiveObjects: 3.383400 ms CreateObjectMapping: 2.896100 ms MarkObjects: 46.881800 ms  DeleteObjects: 31.866700 ms)

Prepare: number of updated asset objects reloaded= 0
========================================================================
Received Import Request.
  Time since last request: 30.289696 seconds.
  path: Assets/Fate/Scripts/Networking/FateNetworkPlayerSpawner.cs
  artifactKey: Guid(7b4eb0ff737ee0248b14ccbfa5172886) Importer(815301076,1909f56bfc062723c751e8b465ee728b)
Start importing Assets/Fate/Scripts/Networking/FateNetworkPlayerSpawner.cs using Guid(7b4eb0ff737ee0248b14ccbfa5172886) Importer(815301076,1909f56bfc062723c751e8b465ee728b) (PreviewImporter) -> (artifact id: '5bee361b1ec05072c03e98f80f5e4e8d') in 0.0749426 seconds
Number of updated asset objects reloaded before import = 0Number of asset objects unloaded after import = 0

========================================================================
Received Prepare
Begin MonoManager ReloadAssembly
- Loaded All Assemblies, in  1.184 seconds
Refreshing native plugins compatible for Editor in 0.81 ms, found 3 plugins.
Native extension for LinuxStandalone target not found
Native extension for Android target not found
Native extension for WindowsStandalone target not found
Mono: successfully reloaded assembly
- Finished resetting the current domain, in  1.386 seconds
Domain Reload Profiling: 2572ms
	BeginReloadAssembly (289ms)
		ExecutionOrderSort (0ms)
		DisableScriptedObjects (13ms)
		BackupInstance (0ms)
		ReleaseScriptingObjects (0ms)
		CreateAndSetChildDomain (74ms)
	RebuildCommonClasses (50ms)
	RebuildNativeTypeToScriptingClass (25ms)
	initialDomainReloadingComplete (39ms)
	LoadAllAssembliesAndSetupDomain (783ms)
		LoadAssemblies (538ms)
		RebuildTransferFunctionScriptingTraits (0ms)
		AnalyzeDomain (373ms)
			TypeCache.Refresh (17ms)
				TypeCache.ScanAssembly (2ms)
			BuildScriptInfoCaches (321ms)
			ResolveRequiredComponents (28ms)
	FinalizeReload (1387ms)
		ReleaseScriptCaches (0ms)
		RebuildScriptCaches (0ms)
		SetupLoadedEditorAssemblies (1156ms)
			LogAssemblyErrors (0ms)
			InitializePlatformSupportModulesInManaged (30ms)
			SetLoadedEditorAssemblies (10ms)
			BeforeProcessingInitializeOnLoad (274ms)
			ProcessInitializeOnLoadAttributes (744ms)
			ProcessInitializeOnLoadMethodAttributes (90ms)
			AfterProcessingInitializeOnLoad (7ms)
			EditorAssembliesLoaded (1ms)
		ExecutionOrderSort2 (0ms)
		AwakeInstancesAfterBackupRestoration (23ms)
Refreshing native plugins compatible for Editor in 1.79 ms, found 3 plugins.
Preloading 0 native plugins for Editor in 0.00 ms.
Unloading 44 Unused Serialized files (Serialized files now loaded: 0)
Unloading 7289 unused Assets / (8.6 MB). Loaded Objects now: 8077.
Memory consumption went from 255.9 MB to 247.3 MB.
Total: 24.048900 ms (FindLiveObjects: 1.861100 ms CreateObjectMapping: 1.489600 ms MarkObjects: 11.418500 ms  DeleteObjects: 9.277800 ms)

Prepare: number of updated asset objects reloaded= 0
========================================================================
Received Prepare
Refreshing native plugins compatible for Editor in 2.15 ms, found 3 plugins.
Preloading 0 native plugins for Editor in 0.00 ms.
Unloading 44 Unused Serialized files (Serialized files now loaded: 0)
Unloading 7282 unused Assets / (8.4 MB). Loaded Objects now: 8077.
Memory consumption went from 256.1 MB to 247.6 MB.
Total: 23.044500 ms (FindLiveObjects: 1.360500 ms CreateObjectMapping: 1.814700 ms MarkObjects: 9.859300 ms  DeleteObjects: 10.008100 ms)

Prepare: number of updated asset objects reloaded= 0
========================================================================
Received Prepare
Begin MonoManager ReloadAssembly
- Loaded All Assemblies, in  1.135 seconds
Refreshing native plugins compatible for Editor in 0.88 ms, found 3 plugins.
Native extension for LinuxStandalone target not found
Native extension for Android target not found
Native extension for WindowsStandalone target not found
Mono: successfully reloaded assembly
- Finished resetting the current domain, in  1.870 seconds
Domain Reload Profiling: 3007ms
	BeginReloadAssembly (269ms)
		ExecutionOrderSort (0ms)
		DisableScriptedObjects (8ms)
		BackupInstance (0ms)
		ReleaseScriptingObjects (0ms)
		CreateAndSetChildDomain (73ms)
	RebuildCommonClasses (50ms)
	RebuildNativeTypeToScriptingClass (16ms)
	initialDomainReloadingComplete (37ms)
	LoadAllAssembliesAndSetupDomain (763ms)
		LoadAssemblies (513ms)
		RebuildTransferFunctionScriptingTraits (0ms)
		AnalyzeDomain (368ms)
			TypeCache.Refresh (18ms)
				TypeCache.ScanAssembly (2ms)
			BuildScriptInfoCaches (326ms)
			ResolveRequiredComponents (18ms)
	FinalizeReload (1870ms)
		ReleaseScriptCaches (0ms)
		RebuildScriptCaches (0ms)
		SetupLoadedEditorAssemblies (1579ms)
			LogAssemblyErrors (0ms)
			InitializePlatformSupportModulesInManaged (35ms)
			SetLoadedEditorAssemblies (13ms)
			BeforeProcessingInitializeOnLoad (425ms)
			ProcessInitializeOnLoadAttributes (989ms)
			ProcessInitializeOnLoadMethodAttributes (105ms)
			AfterProcessingInitializeOnLoad (11ms)
			EditorAssembliesLoaded (1ms)
		ExecutionOrderSort2 (0ms)
		AwakeInstancesAfterBackupRestoration (29ms)
Refreshing native plugins compatible for Editor in 1.81 ms, found 3 plugins.
Preloading 0 native plugins for Editor in 0.00 ms.
Unloading 44 Unused Serialized files (Serialized files now loaded: 0)
Unloading 7289 unused Assets / (8.5 MB). Loaded Objects now: 8080.
Memory consumption went from 255.9 MB to 247.4 MB.
Total: 26.522100 ms (FindLiveObjects: 1.393800 ms CreateObjectMapping: 1.552200 ms MarkObjects: 14.080600 ms  DeleteObjects: 9.493000 ms)

Prepare: number of updated asset objects reloaded= 0
========================================================================
Received Prepare
Refreshing native plugins compatible for Editor in 1.46 ms, found 3 plugins.
Preloading 0 native plugins for Editor in 0.00 ms.
Unloading 44 Unused Serialized files (Serialized files now loaded: 0)
Unloading 7282 unused Assets / (9.9 MB). Loaded Objects now: 8080.
Memory consumption went from 256.1 MB to 246.2 MB.
Total: 31.955300 ms (FindLiveObjects: 1.386500 ms CreateObjectMapping: 1.743200 ms MarkObjects: 14.511400 ms  DeleteObjects: 14.312300 ms)

Prepare: number of updated asset objects reloaded= 0
========================================================================
Received Prepare
Begin MonoManager ReloadAssembly
- Loaded All Assemblies, in  1.127 seconds
Refreshing native plugins compatible for Editor in 0.69 ms, found 3 plugins.
Native extension for LinuxStandalone target not found
Native extension for Android target not found
Native extension for WindowsStandalone target not found
Mono: successfully reloaded assembly
- Finished resetting the current domain, in  1.500 seconds
Domain Reload Profiling: 2630ms
	BeginReloadAssembly (282ms)
		ExecutionOrderSort (0ms)
		DisableScriptedObjects (9ms)
		BackupInstance (0ms)
		ReleaseScriptingObjects (0ms)
		CreateAndSetChildDomain (78ms)
	RebuildCommonClasses (57ms)
	RebuildNativeTypeToScriptingClass (24ms)
	initialDomainReloadingComplete (38ms)
	LoadAllAssembliesAndSetupDomain (728ms)
		LoadAssemblies (512ms)
		RebuildTransferFunctionScriptingTraits (0ms)
		AnalyzeDomain (333ms)
			TypeCache.Refresh (16ms)
				TypeCache.ScanAssembly (1ms)
			BuildScriptInfoCaches (292ms)
			ResolveRequiredComponents (21ms)
	FinalizeReload (1501ms)
		ReleaseScriptCaches (0ms)
		RebuildScriptCaches (0ms)
		SetupLoadedEditorAssemblies (1291ms)
			LogAssemblyErrors (0ms)
			InitializePlatformSupportModulesInManaged (30ms)
			SetLoadedEditorAssemblies (11ms)
			BeforeProcessingInitializeOnLoad (296ms)
			ProcessInitializeOnLoadAttributes (858ms)
			ProcessInitializeOnLoadMethodAttributes (87ms)
			AfterProcessingInitializeOnLoad (8ms)
			EditorAssembliesLoaded (0ms)
		ExecutionOrderSort2 (0ms)
		AwakeInstancesAfterBackupRestoration (23ms)
Refreshing native plugins compatible for Editor in 1.63 ms, found 3 plugins.
Preloading 0 native plugins for Editor in 0.00 ms.
Unloading 44 Unused Serialized files (Serialized files now loaded: 0)
Unloading 7289 unused Assets / (8.5 MB). Loaded Objects now: 8083.
Memory consumption went from 256.0 MB to 247.5 MB.
Total: 24.353500 ms (FindLiveObjects: 1.595800 ms CreateObjectMapping: 1.944300 ms MarkObjects: 11.364800 ms  DeleteObjects: 9.446200 ms)

Prepare: number of updated asset objects reloaded= 0
========================================================================
Received Prepare
Refreshing native plugins compatible for Editor in 1.93 ms, found 3 plugins.
Preloading 0 native plugins for Editor in 0.00 ms.
Unloading 44 Unused Serialized files (Serialized files now loaded: 0)
Unloading 7282 unused Assets / (9.1 MB). Loaded Objects now: 8083.
Memory consumption went from 256.2 MB to 247.1 MB.
Total: 22.694700 ms (FindLiveObjects: 1.407300 ms CreateObjectMapping: 1.700700 ms MarkObjects: 9.951100 ms  DeleteObjects: 9.633700 ms)

Prepare: number of updated asset objects reloaded= 0
========================================================================
Received Prepare
Begin MonoManager ReloadAssembly
- Loaded All Assemblies, in  1.150 seconds
Refreshing native plugins compatible for Editor in 0.81 ms, found 3 plugins.
Native extension for LinuxStandalone target not found
Native extension for Android target not found
Native extension for WindowsStandalone target not found
Mono: successfully reloaded assembly
- Finished resetting the current domain, in  1.347 seconds
Domain Reload Profiling: 2500ms
	BeginReloadAssembly (290ms)
		ExecutionOrderSort (0ms)
		DisableScriptedObjects (11ms)
		BackupInstance (0ms)
		ReleaseScriptingObjects (0ms)
		CreateAndSetChildDomain (70ms)
	RebuildCommonClasses (50ms)
	RebuildNativeTypeToScriptingClass (17ms)
	initialDomainReloadingComplete (34ms)
	LoadAllAssembliesAndSetupDomain (761ms)
		LoadAssemblies (496ms)
		RebuildTransferFunctionScriptingTraits (0ms)
		AnalyzeDomain (392ms)
			TypeCache.Refresh (23ms)
				TypeCache.ScanAssembly (2ms)
			BuildScriptInfoCaches (343ms)
			ResolveRequiredComponents (20ms)
	FinalizeReload (1348ms)
		ReleaseScriptCaches (0ms)
		RebuildScriptCaches (0ms)
		SetupLoadedEditorAssemblies (1120ms)
			LogAssemblyErrors (0ms)
			InitializePlatformSupportModulesInManaged (30ms)
			SetLoadedEditorAssemblies (10ms)
			BeforeProcessingInitializeOnLoad (292ms)
			ProcessInitializeOnLoadAttributes (699ms)
			ProcessInitializeOnLoadMethodAttributes (82ms)
			AfterProcessingInitializeOnLoad (6ms)
			EditorAssembliesLoaded (0ms)
		ExecutionOrderSort2 (0ms)
		AwakeInstancesAfterBackupRestoration (19ms)
Refreshing native plugins compatible for Editor in 2.00 ms, found 3 plugins.
Preloading 0 native plugins for Editor in 0.00 ms.
Unloading 44 Unused Serialized files (Serialized files now loaded: 0)
Unloading 7289 unused Assets / (9.0 MB). Loaded Objects now: 8086.
Memory consumption went from 256.0 MB to 247.0 MB.
Total: 24.585500 ms (FindLiveObjects: 1.496500 ms CreateObjectMapping: 1.509800 ms MarkObjects: 11.348500 ms  DeleteObjects: 10.228900 ms)

Prepare: number of updated asset objects reloaded= 0
========================================================================
Received Prepare
Refreshing native plugins compatible for Editor in 1.96 ms, found 3 plugins.
Preloading 0 native plugins for Editor in 0.00 ms.
Unloading 44 Unused Serialized files (Serialized files now loaded: 0)
Unloading 7282 unused Assets / (8.4 MB). Loaded Objects now: 8086.
Memory consumption went from 256.2 MB to 247.7 MB.
Total: 20.853800 ms (FindLiveObjects: 1.263400 ms CreateObjectMapping: 1.179600 ms MarkObjects: 8.740800 ms  DeleteObjects: 9.668200 ms)

Prepare: number of updated asset objects reloaded= 0
========================================================================
Received Prepare
Refreshing native plugins compatible for Editor in 2.33 ms, found 3 plugins.
Preloading 0 native plugins for Editor in 0.00 ms.
Unloading 44 Unused Serialized files (Serialized files now loaded: 0)
Unloading 7282 unused Assets / (9.1 MB). Loaded Objects now: 8086.
Memory consumption went from 256.2 MB to 247.1 MB.
Total: 30.525700 ms (FindLiveObjects: 1.378900 ms CreateObjectMapping: 1.786400 ms MarkObjects: 15.317300 ms  DeleteObjects: 12.040800 ms)

Prepare: number of updated asset objects reloaded= 0
========================================================================
Received Prepare
Refreshing native plugins compatible for Editor in 1.65 ms, found 3 plugins.
Preloading 0 native plugins for Editor in 0.00 ms.
Unloading 44 Unused Serialized files (Serialized files now loaded: 0)
Unloading 7282 unused Assets / (8.9 MB). Loaded Objects now: 8086.
Memory consumption went from 256.2 MB to 247.3 MB.
Total: 24.254200 ms (FindLiveObjects: 1.077000 ms CreateObjectMapping: 1.115900 ms MarkObjects: 11.982000 ms  DeleteObjects: 10.076800 ms)

Prepare: number of updated asset objects reloaded= 0
========================================================================
Received Prepare
Refreshing native plugins compatible for Editor in 1.79 ms, found 3 plugins.
Preloading 0 native plugins for Editor in 0.00 ms.
Unloading 44 Unused Serialized files (Serialized files now loaded: 0)
Unloading 7282 unused Assets / (10.0 MB). Loaded Objects now: 8086.
Memory consumption went from 256.2 MB to 246.2 MB.
Total: 30.980400 ms (FindLiveObjects: 1.615200 ms CreateObjectMapping: 1.946500 ms MarkObjects: 14.110900 ms  DeleteObjects: 13.303900 ms)

Prepare: number of updated asset objects reloaded= 0
========================================================================
Received Prepare
Begin MonoManager ReloadAssembly
- Loaded All Assemblies, in  1.166 seconds
Refreshing native plugins compatible for Editor in 0.84 ms, found 3 plugins.
Native extension for LinuxStandalone target not found
Native extension for Android target not found
Native extension for WindowsStandalone target not found
Mono: successfully reloaded assembly
- Finished resetting the current domain, in  1.310 seconds
Domain Reload Profiling: 2476ms
	BeginReloadAssembly (300ms)
		ExecutionOrderSort (0ms)
		DisableScriptedObjects (13ms)
		BackupInstance (0ms)
		ReleaseScriptingObjects (0ms)
		CreateAndSetChildDomain (82ms)
	RebuildCommonClasses (48ms)
	RebuildNativeTypeToScriptingClass (18ms)
	initialDomainReloadingComplete (41ms)
	LoadAllAssembliesAndSetupDomain (757ms)
		LoadAssemblies (527ms)
		RebuildTransferFunctionScriptingTraits (0ms)
		AnalyzeDomain (358ms)
			TypeCache.Refresh (17ms)
				TypeCache.ScanAssembly (2ms)
			BuildScriptInfoCaches (316ms)
			ResolveRequiredComponents (21ms)
	FinalizeReload (1311ms)
		ReleaseScriptCaches (0ms)
		RebuildScriptCaches (0ms)
		SetupLoadedEditorAssemblies (1086ms)
			LogAssemblyErrors (0ms)
			InitializePlatformSupportModulesInManaged (27ms)
			SetLoadedEditorAssemblies (9ms)
			BeforeProcessingInitializeOnLoad (265ms)
			ProcessInitializeOnLoadAttributes (697ms)
			ProcessInitializeOnLoadMethodAttributes (81ms)
			AfterProcessingInitializeOnLoad (7ms)
			EditorAssembliesLoaded (1ms)
		ExecutionOrderSort2 (0ms)
		AwakeInstancesAfterBackupRestoration (20ms)
Refreshing native plugins compatible for Editor in 1.87 ms, found 3 plugins.
Preloading 0 native plugins for Editor in 0.00 ms.
Unloading 44 Unused Serialized files (Serialized files now loaded: 0)
Unloading 7289 unused Assets / (8.7 MB). Loaded Objects now: 8089.
Memory consumption went from 256.0 MB to 247.3 MB.
Total: 22.016500 ms (FindLiveObjects: 1.520900 ms CreateObjectMapping: 1.464200 ms MarkObjects: 10.497000 ms  DeleteObjects: 8.532500 ms)

Prepare: number of updated asset objects reloaded= 0
========================================================================
Received Prepare
Refreshing native plugins compatible for Editor in 1.58 ms, found 3 plugins.
Preloading 0 native plugins for Editor in 0.00 ms.
Unloading 44 Unused Serialized files (Serialized files now loaded: 0)
Unloading 7282 unused Assets / (8.4 MB). Loaded Objects now: 8089.
Memory consumption went from 256.2 MB to 247.8 MB.
Total: 21.304600 ms (FindLiveObjects: 2.017100 ms CreateObjectMapping: 1.737700 ms MarkObjects: 8.796700 ms  DeleteObjects: 8.750500 ms)

Prepare: number of updated asset objects reloaded= 0
========================================================================
Received Prepare
Begin MonoManager ReloadAssembly
- Loaded All Assemblies, in  1.172 seconds
Refreshing native plugins compatible for Editor in 0.72 ms, found 3 plugins.
Native extension for LinuxStandalone target not found
Native extension for Android target not found
Native extension for WindowsStandalone target not found
Mono: successfully reloaded assembly
- Finished resetting the current domain, in  1.295 seconds
Domain Reload Profiling: 2467ms
	BeginReloadAssembly (288ms)
		ExecutionOrderSort (0ms)
		DisableScriptedObjects (12ms)
		BackupInstance (0ms)
		ReleaseScriptingObjects (0ms)
		CreateAndSetChildDomain (77ms)
	RebuildCommonClasses (63ms)
	RebuildNativeTypeToScriptingClass (19ms)
	initialDomainReloadingComplete (41ms)
	LoadAllAssembliesAndSetupDomain (761ms)
		LoadAssemblies (536ms)
		RebuildTransferFunctionScriptingTraits (0ms)
		AnalyzeDomain (345ms)
			TypeCache.Refresh (16ms)
				TypeCache.ScanAssembly (2ms)
			BuildScriptInfoCaches (301ms)
			ResolveRequiredComponents (22ms)
	FinalizeReload (1296ms)
		ReleaseScriptCaches (0ms)
		RebuildScriptCaches (0ms)
		SetupLoadedEditorAssemblies (1078ms)
			LogAssemblyErrors (0ms)
			InitializePlatformSupportModulesInManaged (22ms)
			SetLoadedEditorAssemblies (9ms)
			BeforeProcessingInitializeOnLoad (259ms)
			ProcessInitializeOnLoadAttributes (709ms)
			ProcessInitializeOnLoadMethodAttributes (70ms)
			AfterProcessingInitializeOnLoad (6ms)
			EditorAssembliesLoaded (1ms)
		ExecutionOrderSort2 (0ms)
		AwakeInstancesAfterBackupRestoration (22ms)
Refreshing native plugins compatible for Editor in 1.37 ms, found 3 plugins.
Preloading 0 native plugins for Editor in 0.00 ms.
Unloading 44 Unused Serialized files (Serialized files now loaded: 0)
Unloading 7289 unused Assets / (8.9 MB). Loaded Objects now: 8092.
Memory consumption went from 256.1 MB to 247.2 MB.
Total: 26.859100 ms (FindLiveObjects: 2.087500 ms CreateObjectMapping: 1.824700 ms MarkObjects: 12.909900 ms  DeleteObjects: 10.035200 ms)

Prepare: number of updated asset objects reloaded= 0
========================================================================
Received Prepare
Refreshing native plugins compatible for Editor in 1.37 ms, found 3 plugins.
Preloading 0 native plugins for Editor in 0.00 ms.
Unloading 44 Unused Serialized files (Serialized files now loaded: 0)
Unloading 7282 unused Assets / (8.9 MB). Loaded Objects now: 8092.
Memory consumption went from 256.3 MB to 247.4 MB.
Total: 24.834200 ms (FindLiveObjects: 1.517200 ms CreateObjectMapping: 1.890000 ms MarkObjects: 11.583400 ms  DeleteObjects: 9.841600 ms)

Prepare: number of updated asset objects reloaded= 0
========================================================================
Received Prepare
Refreshing native plugins compatible for Editor in 1.79 ms, found 3 plugins.
Preloading 0 native plugins for Editor in 0.00 ms.
Unloading 44 Unused Serialized files (Serialized files now loaded: 0)
Unloading 7282 unused Assets / (8.9 MB). Loaded Objects now: 8092.
Memory consumption went from 256.3 MB to 247.4 MB.
Total: 29.444500 ms (FindLiveObjects: 1.501000 ms CreateObjectMapping: 1.646900 ms MarkObjects: 14.370900 ms  DeleteObjects: 11.923500 ms)

Prepare: number of updated asset objects reloaded= 0
========================================================================
Received Prepare
Refreshing native plugins compatible for Editor in 1.68 ms, found 3 plugins.
Preloading 0 native plugins for Editor in 0.00 ms.
Unloading 44 Unused Serialized files (Serialized files now loaded: 0)
Unloading 7282 unused Assets / (8.8 MB). Loaded Objects now: 8092.
Memory consumption went from 256.3 MB to 247.4 MB.
Total: 28.961000 ms (FindLiveObjects: 1.447000 ms CreateObjectMapping: 1.966800 ms MarkObjects: 14.817700 ms  DeleteObjects: 10.716600 ms)

Prepare: number of updated asset objects reloaded= 0
========================================================================
Received Prepare
Refreshing native plugins compatible for Editor in 1.90 ms, found 3 plugins.
Preloading 0 native plugins for Editor in 0.00 ms.
Unloading 44 Unused Serialized files (Serialized files now loaded: 0)
Unloading 7282 unused Assets / (8.3 MB). Loaded Objects now: 8092.
Memory consumption went from 256.3 MB to 248.0 MB.
Total: 29.003200 ms (FindLiveObjects: 1.607100 ms CreateObjectMapping: 1.903100 ms MarkObjects: 15.116000 ms  DeleteObjects: 10.373700 ms)

Prepare: number of updated asset objects reloaded= 0
========================================================================
Received Prepare
Refreshing native plugins compatible for Editor in 1.85 ms, found 3 plugins.
Preloading 0 native plugins for Editor in 0.00 ms.
Unloading 44 Unused Serialized files (Serialized files now loaded: 0)
Unloading 7282 unused Assets / (8.3 MB). Loaded Objects now: 8092.
Memory consumption went from 256.3 MB to 248.0 MB.
Total: 28.488900 ms (FindLiveObjects: 2.449100 ms CreateObjectMapping: 1.775500 ms MarkObjects: 13.194500 ms  DeleteObjects: 11.061300 ms)

Prepare: number of updated asset objects reloaded= 0
========================================================================
Received Prepare
Refreshing native plugins compatible for Editor in 1.89 ms, found 3 plugins.
Preloading 0 native plugins for Editor in 0.00 ms.
Unloading 44 Unused Serialized files (Serialized files now loaded: 0)
Unloading 7282 unused Assets / (8.8 MB). Loaded Objects now: 8092.
Memory consumption went from 256.3 MB to 247.4 MB.
Total: 28.435700 ms (FindLiveObjects: 1.443900 ms CreateObjectMapping: 1.893500 ms MarkObjects: 14.629900 ms  DeleteObjects: 10.466300 ms)

Prepare: number of updated asset objects reloaded= 0
========================================================================
Received Prepare
Refreshing native plugins compatible for Editor in 1.70 ms, found 3 plugins.
Preloading 0 native plugins for Editor in 0.00 ms.
Unloading 44 Unused Serialized files (Serialized files now loaded: 0)
Unloading 7282 unused Assets / (8.9 MB). Loaded Objects now: 8092.
Memory consumption went from 256.3 MB to 247.4 MB.
Total: 30.592300 ms (FindLiveObjects: 1.546000 ms CreateObjectMapping: 1.492300 ms MarkObjects: 16.726000 ms  DeleteObjects: 10.825300 ms)

Prepare: number of updated asset objects reloaded= 0
========================================================================
Received Prepare
Refreshing native plugins compatible for Editor in 2.17 ms, found 3 plugins.
Preloading 0 native plugins for Editor in 0.00 ms.
Unloading 44 Unused Serialized files (Serialized files now loaded: 0)
Unloading 7282 unused Assets / (8.3 MB). Loaded Objects now: 8092.
Memory consumption went from 256.3 MB to 248.0 MB.
Total: 30.454600 ms (FindLiveObjects: 1.461600 ms CreateObjectMapping: 1.886000 ms MarkObjects: 14.425400 ms  DeleteObjects: 12.679100 ms)

Prepare: number of updated asset objects reloaded= 0
========================================================================
Received Prepare
Refreshing native plugins compatible for Editor in 1.66 ms, found 3 plugins.
Preloading 0 native plugins for Editor in 0.00 ms.
Unloading 44 Unused Serialized files (Serialized files now loaded: 0)
Unloading 7282 unused Assets / (8.6 MB). Loaded Objects now: 8092.
Memory consumption went from 256.3 MB to 247.7 MB.
Total: 30.755300 ms (FindLiveObjects: 1.739700 ms CreateObjectMapping: 3.692200 ms MarkObjects: 13.926400 ms  DeleteObjects: 11.394700 ms)

Prepare: number of updated asset objects reloaded= 0
========================================================================
Received Prepare
Refreshing native plugins compatible for Editor in 1.92 ms, found 3 plugins.
Preloading 0 native plugins for Editor in 0.00 ms.
Unloading 44 Unused Serialized files (Serialized files now loaded: 0)
Unloading 7282 unused Assets / (8.6 MB). Loaded Objects now: 8092.
Memory consumption went from 256.3 MB to 247.7 MB.
Total: 32.935800 ms (FindLiveObjects: 1.494100 ms CreateObjectMapping: 1.927400 ms MarkObjects: 17.268800 ms  DeleteObjects: 12.243700 ms)

Prepare: number of updated asset objects reloaded= 0
========================================================================
Received Prepare
Refreshing native plugins compatible for Editor in 2.01 ms, found 3 plugins.
Preloading 0 native plugins for Editor in 0.00 ms.
Unloading 44 Unused Serialized files (Serialized files now loaded: 0)
Unloading 7282 unused Assets / (9.0 MB). Loaded Objects now: 8092.
Memory consumption went from 256.3 MB to 247.3 MB.
Total: 30.205400 ms (FindLiveObjects: 1.403000 ms CreateObjectMapping: 3.242100 ms MarkObjects: 13.545500 ms  DeleteObjects: 12.012800 ms)

Prepare: number of updated asset objects reloaded= 0
========================================================================
Received Prepare
Refreshing native plugins compatible for Editor in 1.84 ms, found 3 plugins.
Preloading 0 native plugins for Editor in 0.00 ms.
Unloading 44 Unused Serialized files (Serialized files now loaded: 0)
Unloading 7282 unused Assets / (8.7 MB). Loaded Objects now: 8092.
Memory consumption went from 256.3 MB to 247.6 MB.
Total: 31.039800 ms (FindLiveObjects: 1.868900 ms CreateObjectMapping: 1.734000 ms MarkObjects: 15.580700 ms  DeleteObjects: 11.853500 ms)

Prepare: number of updated asset objects reloaded= 0
========================================================================
Received Prepare
Refreshing native plugins compatible for Editor in 3.15 ms, found 3 plugins.
Preloading 0 native plugins for Editor in 0.00 ms.
Unloading 44 Unused Serialized files (Serialized files now loaded: 0)
Unloading 7282 unused Assets / (8.5 MB). Loaded Objects now: 8092.
Memory consumption went from 256.3 MB to 247.7 MB.
Total: 26.393300 ms (FindLiveObjects: 1.829800 ms CreateObjectMapping: 1.907800 ms MarkObjects: 12.923500 ms  DeleteObjects: 9.729700 ms)

Prepare: number of updated asset objects reloaded= 0
========================================================================
Received Prepare
Refreshing native plugins compatible for Editor in 2.02 ms, found 3 plugins.
Preloading 0 native plugins for Editor in 0.00 ms.
Unloading 44 Unused Serialized files (Serialized files now loaded: 0)
Unloading 7282 unused Assets / (8.4 MB). Loaded Objects now: 8092.
Memory consumption went from 256.3 MB to 247.9 MB.
Total: 24.728700 ms (FindLiveObjects: 1.389400 ms CreateObjectMapping: 1.732700 ms MarkObjects: 12.772700 ms  DeleteObjects: 8.831700 ms)

Prepare: number of updated asset objects reloaded= 0
========================================================================
Received Prepare
Refreshing native plugins compatible for Editor in 1.70 ms, found 3 plugins.
Preloading 0 native plugins for Editor in 0.00 ms.
Unloading 44 Unused Serialized files (Serialized files now loaded: 0)
Unloading 7282 unused Assets / (8.6 MB). Loaded Objects now: 8092.
Memory consumption went from 256.3 MB to 247.7 MB.
Total: 34.215000 ms (FindLiveObjects: 1.383800 ms CreateObjectMapping: 1.737600 ms MarkObjects: 13.821200 ms  DeleteObjects: 17.269900 ms)

Prepare: number of updated asset objects reloaded= 0
========================================================================
Received Prepare
Refreshing native plugins compatible for Editor in 2.15 ms, found 3 plugins.
Preloading 0 native plugins for Editor in 0.00 ms.
Unloading 44 Unused Serialized files (Serialized files now loaded: 0)
Unloading 7282 unused Assets / (8.9 MB). Loaded Objects now: 8092.
Memory consumption went from 256.3 MB to 247.3 MB.
Total: 29.516000 ms (FindLiveObjects: 1.504500 ms CreateObjectMapping: 3.121400 ms MarkObjects: 12.487700 ms  DeleteObjects: 12.399900 ms)

Prepare: number of updated asset objects reloaded= 0
========================================================================
Received Prepare
Refreshing native plugins compatible for Editor in 2.72 ms, found 3 plugins.
Preloading 0 native plugins for Editor in 0.00 ms.
Unloading 44 Unused Serialized files (Serialized files now loaded: 0)
Unloading 7282 unused Assets / (8.6 MB). Loaded Objects now: 8092.
Memory consumption went from 256.3 MB to 247.6 MB.
Total: 75.106200 ms (FindLiveObjects: 1.442800 ms CreateObjectMapping: 13.476800 ms MarkObjects: 44.775900 ms  DeleteObjects: 15.409100 ms)

Prepare: number of updated asset objects reloaded= 0
========================================================================
Received Prepare
Refreshing native plugins compatible for Editor in 1.69 ms, found 3 plugins.
Preloading 0 native plugins for Editor in 0.00 ms.
Unloading 44 Unused Serialized files (Serialized files now loaded: 0)
Unloading 7282 unused Assets / (9.4 MB). Loaded Objects now: 8092.
Memory consumption went from 256.3 MB to 246.9 MB.
Total: 39.237400 ms (FindLiveObjects: 1.657800 ms CreateObjectMapping: 4.475700 ms MarkObjects: 19.572900 ms  DeleteObjects: 13.528700 ms)

Prepare: number of updated asset objects reloaded= 0
========================================================================
Received Prepare
Refreshing native plugins compatible for Editor in 1.75 ms, found 3 plugins.
Preloading 0 native plugins for Editor in 0.00 ms.
Unloading 44 Unused Serialized files (Serialized files now loaded: 0)
Unloading 7282 unused Assets / (8.4 MB). Loaded Objects now: 8092.
Memory consumption went from 256.3 MB to 247.9 MB.
Total: 25.044800 ms (FindLiveObjects: 1.829600 ms CreateObjectMapping: 2.474900 ms MarkObjects: 10.977800 ms  DeleteObjects: 9.760600 ms)

Prepare: number of updated asset objects reloaded= 0
========================================================================
Received Prepare
Begin MonoManager ReloadAssembly
- Loaded All Assemblies, in  1.227 seconds
Refreshing native plugins compatible for Editor in 0.90 ms, found 3 plugins.
Native extension for LinuxStandalone target not found
Native extension for Android target not found
Native extension for WindowsStandalone target not found
Mono: successfully reloaded assembly
- Finished resetting the current domain, in  2.004 seconds
Domain Reload Profiling: 3232ms
	BeginReloadAssembly (340ms)
		ExecutionOrderSort (0ms)
		DisableScriptedObjects (11ms)
		BackupInstance (0ms)
		ReleaseScriptingObjects (0ms)
		CreateAndSetChildDomain (74ms)
	RebuildCommonClasses (65ms)
	RebuildNativeTypeToScriptingClass (21ms)
	initialDomainReloadingComplete (45ms)
	LoadAllAssembliesAndSetupDomain (757ms)
		LoadAssemblies (551ms)
		RebuildTransferFunctionScriptingTraits (0ms)
		AnalyzeDomain (365ms)
			TypeCache.Refresh (17ms)
				TypeCache.ScanAssembly (2ms)
			BuildScriptInfoCaches (325ms)
			ResolveRequiredComponents (18ms)
	FinalizeReload (2005ms)
		ReleaseScriptCaches (0ms)
		RebuildScriptCaches (0ms)
		SetupLoadedEditorAssemblies (1702ms)
			LogAssemblyErrors (0ms)
			InitializePlatformSupportModulesInManaged (34ms)
			SetLoadedEditorAssemblies (11ms)
			BeforeProcessingInitializeOnLoad (365ms)
			ProcessInitializeOnLoadAttributes (1116ms)
			ProcessInitializeOnLoadMethodAttributes (158ms)
			AfterProcessingInitializeOnLoad (17ms)
			EditorAssembliesLoaded (1ms)
		ExecutionOrderSort2 (0ms)
		AwakeInstancesAfterBackupRestoration (44ms)
Refreshing native plugins compatible for Editor in 1.74 ms, found 3 plugins.
Preloading 0 native plugins for Editor in 0.00 ms.
Unloading 44 Unused Serialized files (Serialized files now loaded: 0)
Unloading 7289 unused Assets / (8.7 MB). Loaded Objects now: 8095.
Memory consumption went from 256.1 MB to 247.5 MB.
Total: 24.798300 ms (FindLiveObjects: 1.496300 ms CreateObjectMapping: 1.858600 ms MarkObjects: 11.540700 ms  DeleteObjects: 9.900700 ms)

Prepare: number of updated asset objects reloaded= 0
========================================================================
Received Prepare
Refreshing native plugins compatible for Editor in 1.79 ms, found 3 plugins.
Preloading 0 native plugins for Editor in 0.00 ms.
Unloading 44 Unused Serialized files (Serialized files now loaded: 0)
Unloading 7282 unused Assets / (8.1 MB). Loaded Objects now: 8095.
Memory consumption went from 256.3 MB to 248.2 MB.
Total: 27.324200 ms (FindLiveObjects: 1.721100 ms CreateObjectMapping: 1.862400 ms MarkObjects: 11.975600 ms  DeleteObjects: 11.763200 ms)

Prepare: number of updated asset objects reloaded= 0
========================================================================
Received Prepare
Refreshing native plugins compatible for Editor in 1.94 ms, found 3 plugins.
Preloading 0 native plugins for Editor in 0.00 ms.
Unloading 44 Unused Serialized files (Serialized files now loaded: 0)
Unloading 7282 unused Assets / (8.6 MB). Loaded Objects now: 8095.
Memory consumption went from 256.3 MB to 247.7 MB.
Total: 54.889300 ms (FindLiveObjects: 1.468700 ms CreateObjectMapping: 3.543500 ms MarkObjects: 39.885200 ms  DeleteObjects: 9.989900 ms)

Prepare: number of updated asset objects reloaded= 0
========================================================================
Received Prepare
Refreshing native plugins compatible for Editor in 1.85 ms, found 3 plugins.
Preloading 0 native plugins for Editor in 0.00 ms.
Unloading 44 Unused Serialized files (Serialized files now loaded: 0)
Unloading 7282 unused Assets / (8.4 MB). Loaded Objects now: 8095.
Memory consumption went from 256.3 MB to 247.9 MB.
Total: 34.077000 ms (FindLiveObjects: 1.662600 ms CreateObjectMapping: 2.027200 ms MarkObjects: 13.762100 ms  DeleteObjects: 16.622500 ms)

Prepare: number of updated asset objects reloaded= 0
========================================================================
Received Prepare
Begin MonoManager ReloadAssembly
- Loaded All Assemblies, in  1.288 seconds
Refreshing native plugins compatible for Editor in 0.73 ms, found 3 plugins.
Native extension for LinuxStandalone target not found
Native extension for Android target not found
Native extension for WindowsStandalone target not found
Mono: successfully reloaded assembly
- Finished resetting the current domain, in  2.072 seconds
Domain Reload Profiling: 3363ms
	BeginReloadAssembly (315ms)
		ExecutionOrderSort (0ms)
		DisableScriptedObjects (9ms)
		BackupInstance (0ms)
		ReleaseScriptingObjects (0ms)
		CreateAndSetChildDomain (73ms)
	RebuildCommonClasses (72ms)
	RebuildNativeTypeToScriptingClass (22ms)
	initialDomainReloadingComplete (51ms)
	LoadAllAssembliesAndSetupDomain (830ms)
		LoadAssemblies (588ms)
		RebuildTransferFunctionScriptingTraits (0ms)
		AnalyzeDomain (387ms)
			TypeCache.Refresh (20ms)
				TypeCache.ScanAssembly (2ms)
			BuildScriptInfoCaches (338ms)
			ResolveRequiredComponents (24ms)
	FinalizeReload (2074ms)
		ReleaseScriptCaches (0ms)
		RebuildScriptCaches (0ms)
		SetupLoadedEditorAssemblies (1818ms)
			LogAssemblyErrors (0ms)
			InitializePlatformSupportModulesInManaged (38ms)
			SetLoadedEditorAssemblies (12ms)
			BeforeProcessingInitializeOnLoad (355ms)
			ProcessInitializeOnLoadAttributes (1239ms)
			ProcessInitializeOnLoadMethodAttributes (162ms)
			AfterProcessingInitializeOnLoad (11ms)
			EditorAssembliesLoaded (1ms)
		ExecutionOrderSort2 (0ms)
		AwakeInstancesAfterBackupRestoration (31ms)
Refreshing native plugins compatible for Editor in 1.42 ms, found 3 plugins.
Preloading 0 native plugins for Editor in 0.00 ms.
Unloading 44 Unused Serialized files (Serialized files now loaded: 0)
Unloading 7289 unused Assets / (8.9 MB). Loaded Objects now: 8098.
Memory consumption went from 256.2 MB to 247.2 MB.
Total: 24.795600 ms (FindLiveObjects: 1.204300 ms CreateObjectMapping: 1.660800 ms MarkObjects: 11.761400 ms  DeleteObjects: 10.167200 ms)

Prepare: number of updated asset objects reloaded= 0
========================================================================
Received Prepare
Refreshing native plugins compatible for Editor in 1.89 ms, found 3 plugins.
Preloading 0 native plugins for Editor in 0.00 ms.
Unloading 44 Unused Serialized files (Serialized files now loaded: 0)
Unloading 7282 unused Assets / (8.6 MB). Loaded Objects now: 8098.
Memory consumption went from 256.3 MB to 247.7 MB.
Total: 28.450400 ms (FindLiveObjects: 1.580400 ms CreateObjectMapping: 1.900900 ms MarkObjects: 13.720500 ms  DeleteObjects: 11.246400 ms)

Prepare: number of updated asset objects reloaded= 0
========================================================================
Received Prepare
Refreshing native plugins compatible for Editor in 3.37 ms, found 3 plugins.
Preloading 0 native plugins for Editor in 0.00 ms.
Unloading 44 Unused Serialized files (Serialized files now loaded: 0)
Unloading 7282 unused Assets / (9.1 MB). Loaded Objects now: 8098.
Memory consumption went from 256.3 MB to 247.3 MB.
Total: 26.818900 ms (FindLiveObjects: 1.692000 ms CreateObjectMapping: 1.772000 ms MarkObjects: 12.671300 ms  DeleteObjects: 10.681400 ms)

Prepare: number of updated asset objects reloaded= 0
========================================================================
Received Prepare
Refreshing native plugins compatible for Editor in 1.23 ms, found 3 plugins.
Preloading 0 native plugins for Editor in 0.00 ms.
Unloading 44 Unused Serialized files (Serialized files now loaded: 0)
Unloading 7282 unused Assets / (8.5 MB). Loaded Objects now: 8098.
Memory consumption went from 256.3 MB to 247.9 MB.
Total: 27.268500 ms (FindLiveObjects: 2.252600 ms CreateObjectMapping: 2.043100 ms MarkObjects: 12.691900 ms  DeleteObjects: 10.278900 ms)

Prepare: number of updated asset objects reloaded= 0
========================================================================
Received Prepare
Refreshing native plugins compatible for Editor in 1.83 ms, found 3 plugins.
Preloading 0 native plugins for Editor in 0.00 ms.
Unloading 44 Unused Serialized files (Serialized files now loaded: 0)
Unloading 7282 unused Assets / (8.6 MB). Loaded Objects now: 8098.
Memory consumption went from 256.3 MB to 247.7 MB.
Total: 28.657700 ms (FindLiveObjects: 1.658900 ms CreateObjectMapping: 2.080300 ms MarkObjects: 13.787800 ms  DeleteObjects: 11.128400 ms)

Prepare: number of updated asset objects reloaded= 0
========================================================================
Received Prepare
Refreshing native plugins compatible for Editor in 2.26 ms, found 3 plugins.
Preloading 0 native plugins for Editor in 0.00 ms.
Unloading 44 Unused Serialized files (Serialized files now loaded: 0)
Unloading 7282 unused Assets / (8.5 MB). Loaded Objects now: 8098.
Memory consumption went from 256.3 MB to 247.8 MB.
Total: 23.449300 ms (FindLiveObjects: 1.374500 ms CreateObjectMapping: 1.796300 ms MarkObjects: 10.489400 ms  DeleteObjects: 9.787200 ms)

Prepare: number of updated asset objects reloaded= 0
========================================================================
Received Prepare
Begin MonoManager ReloadAssembly
- Loaded All Assemblies, in  1.262 seconds
Refreshing native plugins compatible for Editor in 0.87 ms, found 3 plugins.
Native extension for LinuxStandalone target not found
Native extension for Android target not found
Native extension for WindowsStandalone target not found
Mono: successfully reloaded assembly
- Finished resetting the current domain, in  2.503 seconds
Domain Reload Profiling: 3767ms
	BeginReloadAssembly (327ms)
		ExecutionOrderSort (0ms)
		DisableScriptedObjects (11ms)
		BackupInstance (0ms)
		ReleaseScriptingObjects (0ms)
		CreateAndSetChildDomain (82ms)
	RebuildCommonClasses (57ms)
	RebuildNativeTypeToScriptingClass (20ms)
	initialDomainReloadingComplete (41ms)
	LoadAllAssembliesAndSetupDomain (818ms)
		LoadAssemblies (606ms)
		RebuildTransferFunctionScriptingTraits (0ms)
		AnalyzeDomain (354ms)
			TypeCache.Refresh (19ms)
				TypeCache.ScanAssembly (3ms)
			BuildScriptInfoCaches (311ms)
			ResolveRequiredComponents (19ms)
	FinalizeReload (2504ms)
		ReleaseScriptCaches (0ms)
		RebuildScriptCaches (0ms)
		SetupLoadedEditorAssemblies (2111ms)
			LogAssemblyErrors (0ms)
			InitializePlatformSupportModulesInManaged (66ms)
			SetLoadedEditorAssemblies (20ms)
			BeforeProcessingInitializeOnLoad (577ms)
			ProcessInitializeOnLoadAttributes (1319ms)
			ProcessInitializeOnLoadMethodAttributes (120ms)
			AfterProcessingInitializeOnLoad (10ms)
			EditorAssembliesLoaded (1ms)
		ExecutionOrderSort2 (0ms)
		AwakeInstancesAfterBackupRestoration (24ms)
Refreshing native plugins compatible for Editor in 1.96 ms, found 3 plugins.
Preloading 0 native plugins for Editor in 0.00 ms.
Unloading 44 Unused Serialized files (Serialized files now loaded: 0)
Unloading 7289 unused Assets / (8.7 MB). Loaded Objects now: 8101.
Memory consumption went from 256.2 MB to 247.5 MB.
Total: 27.999000 ms (FindLiveObjects: 1.434300 ms CreateObjectMapping: 1.817600 ms MarkObjects: 13.641500 ms  DeleteObjects: 11.102800 ms)

Prepare: number of updated asset objects reloaded= 0
========================================================================
Received Prepare
Refreshing native plugins compatible for Editor in 1.55 ms, found 3 plugins.
Preloading 0 native plugins for Editor in 0.00 ms.
Unloading 44 Unused Serialized files (Serialized files now loaded: 0)
Unloading 7282 unused Assets / (8.5 MB). Loaded Objects now: 8101.
Memory consumption went from 256.4 MB to 247.9 MB.
Total: 25.387600 ms (FindLiveObjects: 1.464900 ms CreateObjectMapping: 1.646100 ms MarkObjects: 12.973400 ms  DeleteObjects: 9.301000 ms)

Prepare: number of updated asset objects reloaded= 0
========================================================================
Received Prepare
Begin MonoManager ReloadAssembly
- Loaded All Assemblies, in  1.184 seconds
Refreshing native plugins compatible for Editor in 0.75 ms, found 3 plugins.
Native extension for LinuxStandalone target not found
Native extension for Android target not found
Native extension for WindowsStandalone target not found
Mono: successfully reloaded assembly
- Finished resetting the current domain, in  1.663 seconds
Domain Reload Profiling: 2848ms
	BeginReloadAssembly (286ms)
		ExecutionOrderSort (0ms)
		DisableScriptedObjects (9ms)
		BackupInstance (0ms)
		ReleaseScriptingObjects (0ms)
		CreateAndSetChildDomain (66ms)
	RebuildCommonClasses (61ms)
	RebuildNativeTypeToScriptingClass (22ms)
	initialDomainReloadingComplete (47ms)
	LoadAllAssembliesAndSetupDomain (769ms)
		LoadAssemblies (540ms)
		RebuildTransferFunctionScriptingTraits (0ms)
		AnalyzeDomain (365ms)
			TypeCache.Refresh (17ms)
				TypeCache.ScanAssembly (2ms)
			BuildScriptInfoCaches (325ms)
			ResolveRequiredComponents (18ms)
	FinalizeReload (1664ms)
		ReleaseScriptCaches (0ms)
		RebuildScriptCaches (0ms)
		SetupLoadedEditorAssemblies (1388ms)
			LogAssemblyErrors (0ms)
			InitializePlatformSupportModulesInManaged (32ms)
			SetLoadedEditorAssemblies (10ms)
			BeforeProcessingInitializeOnLoad (303ms)
			ProcessInitializeOnLoadAttributes (949ms)
			ProcessInitializeOnLoadMethodAttributes (86ms)
			AfterProcessingInitializeOnLoad (8ms)
			EditorAssembliesLoaded (1ms)
		ExecutionOrderSort2 (0ms)
		AwakeInstancesAfterBackupRestoration (22ms)
Refreshing native plugins compatible for Editor in 1.97 ms, found 3 plugins.
Preloading 0 native plugins for Editor in 0.00 ms.
Unloading 44 Unused Serialized files (Serialized files now loaded: 0)
Unloading 7289 unused Assets / (8.2 MB). Loaded Objects now: 8104.
Memory consumption went from 256.2 MB to 248.0 MB.
Total: 26.984600 ms (FindLiveObjects: 1.611700 ms CreateObjectMapping: 2.301400 ms MarkObjects: 13.117900 ms  DeleteObjects: 9.951200 ms)

Prepare: number of updated asset objects reloaded= 0
========================================================================
Received Prepare
Refreshing native plugins compatible for Editor in 2.01 ms, found 3 plugins.
Preloading 0 native plugins for Editor in 0.00 ms.
Unloading 44 Unused Serialized files (Serialized files now loaded: 0)
Unloading 7282 unused Assets / (8.5 MB). Loaded Objects now: 8104.
Memory consumption went from 256.4 MB to 247.9 MB.
Total: 28.892500 ms (FindLiveObjects: 1.475900 ms CreateObjectMapping: 2.192500 ms MarkObjects: 14.013600 ms  DeleteObjects: 11.207900 ms)

Prepare: number of updated asset objects reloaded= 0
========================================================================
Received Prepare
Begin MonoManager ReloadAssembly
- Loaded All Assemblies, in  1.225 seconds
Refreshing native plugins compatible for Editor in 0.76 ms, found 3 plugins.
Native extension for LinuxStandalone target not found
Native extension for Android target not found
Native extension for WindowsStandalone target not found
Mono: successfully reloaded assembly
- Finished resetting the current domain, in  2.010 seconds
Domain Reload Profiling: 3238ms
	BeginReloadAssembly (296ms)
		ExecutionOrderSort (0ms)
		DisableScriptedObjects (8ms)
		BackupInstance (0ms)
		ReleaseScriptingObjects (0ms)
		CreateAndSetChildDomain (74ms)
	RebuildCommonClasses (50ms)
	RebuildNativeTypeToScriptingClass (19ms)
	initialDomainReloadingComplete (38ms)
	LoadAllAssembliesAndSetupDomain (825ms)
		LoadAssemblies (530ms)
		RebuildTransferFunctionScriptingTraits (0ms)
		AnalyzeDomain (422ms)
			TypeCache.Refresh (16ms)
				TypeCache.ScanAssembly (2ms)
			BuildScriptInfoCaches (344ms)
			ResolveRequiredComponents (53ms)
	FinalizeReload (2011ms)
		ReleaseScriptCaches (0ms)
		RebuildScriptCaches (0ms)
		SetupLoadedEditorAssemblies (1725ms)
			LogAssemblyErrors (0ms)
			InitializePlatformSupportModulesInManaged (38ms)
			SetLoadedEditorAssemblies (12ms)
			BeforeProcessingInitializeOnLoad (499ms)
			ProcessInitializeOnLoadAttributes (1027ms)
			ProcessInitializeOnLoadMethodAttributes (137ms)
			AfterProcessingInitializeOnLoad (11ms)
			EditorAssembliesLoaded (1ms)
		ExecutionOrderSort2 (0ms)
		AwakeInstancesAfterBackupRestoration (36ms)
Refreshing native plugins compatible for Editor in 1.19 ms, found 3 plugins.
Preloading 0 native plugins for Editor in 0.00 ms.
Unloading 44 Unused Serialized files (Serialized files now loaded: 0)
Unloading 7289 unused Assets / (9.0 MB). Loaded Objects now: 8107.
Memory consumption went from 256.3 MB to 247.2 MB.
Total: 24.381800 ms (FindLiveObjects: 1.668900 ms CreateObjectMapping: 1.490900 ms MarkObjects: 10.386800 ms  DeleteObjects: 10.832900 ms)

Prepare: number of updated asset objects reloaded= 0
========================================================================
Received Prepare
Refreshing native plugins compatible for Editor in 1.39 ms, found 3 plugins.
Preloading 0 native plugins for Editor in 0.00 ms.
Unloading 44 Unused Serialized files (Serialized files now loaded: 0)
Unloading 7282 unused Assets / (9.0 MB). Loaded Objects now: 8107.
Memory consumption went from 256.5 MB to 247.5 MB.
Total: 25.046700 ms (FindLiveObjects: 1.361500 ms CreateObjectMapping: 1.739600 ms MarkObjects: 12.088300 ms  DeleteObjects: 9.855000 ms)

Prepare: number of updated asset objects reloaded= 0
========================================================================
Received Prepare
Begin MonoManager ReloadAssembly
- Loaded All Assemblies, in  1.181 seconds
Refreshing native plugins compatible for Editor in 0.84 ms, found 3 plugins.
Native extension for LinuxStandalone target not found
Native extension for Android target not found
Native extension for WindowsStandalone target not found
Mono: successfully reloaded assembly
- Finished resetting the current domain, in  1.829 seconds
Domain Reload Profiling: 3012ms
	BeginReloadAssembly (293ms)
		ExecutionOrderSort (0ms)
		DisableScriptedObjects (10ms)
		BackupInstance (0ms)
		ReleaseScriptingObjects (0ms)
		CreateAndSetChildDomain (70ms)
	RebuildCommonClasses (65ms)
	RebuildNativeTypeToScriptingClass (17ms)
	initialDomainReloadingComplete (44ms)
	LoadAllAssembliesAndSetupDomain (763ms)
		LoadAssemblies (541ms)
		RebuildTransferFunctionScriptingTraits (0ms)
		AnalyzeDomain (351ms)
			TypeCache.Refresh (17ms)
				TypeCache.ScanAssembly (2ms)
			BuildScriptInfoCaches (305ms)
			ResolveRequiredComponents (25ms)
	FinalizeReload (1830ms)
		ReleaseScriptCaches (0ms)
		RebuildScriptCaches (0ms)
		SetupLoadedEditorAssemblies (1529ms)
			LogAssemblyErrors (0ms)
			InitializePlatformSupportModulesInManaged (37ms)
			SetLoadedEditorAssemblies (12ms)
			BeforeProcessingInitializeOnLoad (359ms)
			ProcessInitializeOnLoadAttributes (1024ms)
			ProcessInitializeOnLoadMethodAttributes (89ms)
			AfterProcessingInitializeOnLoad (8ms)
			EditorAssembliesLoaded (1ms)
		ExecutionOrderSort2 (0ms)
		AwakeInstancesAfterBackupRestoration (28ms)
Refreshing native plugins compatible for Editor in 2.02 ms, found 3 plugins.
Preloading 0 native plugins for Editor in 0.00 ms.
Unloading 44 Unused Serialized files (Serialized files now loaded: 0)
Unloading 7289 unused Assets / (8.8 MB). Loaded Objects now: 8110.
Memory consumption went from 256.3 MB to 247.5 MB.
Total: 27.672900 ms (FindLiveObjects: 1.533900 ms CreateObjectMapping: 1.949300 ms MarkObjects: 13.544500 ms  DeleteObjects: 10.642700 ms)

Prepare: number of updated asset objects reloaded= 0
========================================================================
Received Prepare
Refreshing native plugins compatible for Editor in 1.84 ms, found 3 plugins.
Preloading 0 native plugins for Editor in 0.00 ms.
Unloading 44 Unused Serialized files (Serialized files now loaded: 0)
Unloading 7282 unused Assets / (8.9 MB). Loaded Objects now: 8110.
Memory consumption went from 256.5 MB to 247.6 MB.
Total: 29.150500 ms (FindLiveObjects: 1.512800 ms CreateObjectMapping: 2.496800 ms MarkObjects: 12.679400 ms  DeleteObjects: 12.459200 ms)

Prepare: number of updated asset objects reloaded= 0
========================================================================
Received Prepare
Begin MonoManager ReloadAssembly
- Loaded All Assemblies, in  1.177 seconds
Refreshing native plugins compatible for Editor in 0.64 ms, found 3 plugins.
Native extension for LinuxStandalone target not found
Native extension for Android target not found
Native extension for WindowsStandalone target not found
Mono: successfully reloaded assembly
- Finished resetting the current domain, in  1.376 seconds
Domain Reload Profiling: 2556ms
	BeginReloadAssembly (277ms)
		ExecutionOrderSort (0ms)
		DisableScriptedObjects (9ms)
		BackupInstance (0ms)
		ReleaseScriptingObjects (0ms)
		CreateAndSetChildDomain (77ms)
	RebuildCommonClasses (59ms)
	RebuildNativeTypeToScriptingClass (17ms)
	initialDomainReloadingComplete (40ms)
	LoadAllAssembliesAndSetupDomain (786ms)
		LoadAssemblies (505ms)
		RebuildTransferFunctionScriptingTraits (0ms)
		AnalyzeDomain (396ms)
			TypeCache.Refresh (22ms)
				TypeCache.ScanAssembly (2ms)
			BuildScriptInfoCaches (353ms)
			ResolveRequiredComponents (17ms)
	FinalizeReload (1377ms)
		ReleaseScriptCaches (0ms)
		RebuildScriptCaches (0ms)
		SetupLoadedEditorAssemblies (1162ms)
			LogAssemblyErrors (0ms)
			InitializePlatformSupportModulesInManaged (31ms)
			SetLoadedEditorAssemblies (10ms)
			BeforeProcessingInitializeOnLoad (298ms)
			ProcessInitializeOnLoadAttributes (712ms)
			ProcessInitializeOnLoadMethodAttributes (103ms)
			AfterProcessingInitializeOnLoad (7ms)
			EditorAssembliesLoaded (1ms)
		ExecutionOrderSort2 (0ms)
		AwakeInstancesAfterBackupRestoration (25ms)
Refreshing native plugins compatible for Editor in 1.80 ms, found 3 plugins.
Preloading 0 native plugins for Editor in 0.00 ms.
Unloading 44 Unused Serialized files (Serialized files now loaded: 0)
Unloading 7289 unused Assets / (8.7 MB). Loaded Objects now: 8113.
Memory consumption went from 256.3 MB to 247.7 MB.
Total: 26.743600 ms (FindLiveObjects: 1.291500 ms CreateObjectMapping: 1.810700 ms MarkObjects: 12.634200 ms  DeleteObjects: 11.005100 ms)

Prepare: number of updated asset objects reloaded= 0
========================================================================
Received Prepare
Refreshing native plugins compatible for Editor in 1.59 ms, found 3 plugins.
Preloading 0 native plugins for Editor in 0.00 ms.
Unloading 44 Unused Serialized files (Serialized files now loaded: 0)
Unloading 7282 unused Assets / (9.7 MB). Loaded Objects now: 8113.
Memory consumption went from 256.5 MB to 246.9 MB.
Total: 24.860500 ms (FindLiveObjects: 1.229500 ms CreateObjectMapping: 1.786900 ms MarkObjects: 10.244500 ms  DeleteObjects: 11.598000 ms)

Prepare: number of updated asset objects reloaded= 0
========================================================================
Received Prepare
Begin MonoManager ReloadAssembly
- Loaded All Assemblies, in  1.330 seconds
Refreshing native plugins compatible for Editor in 1.76 ms, found 3 plugins.
Native extension for LinuxStandalone target not found
Native extension for Android target not found
Native extension for WindowsStandalone target not found
Mono: successfully reloaded assembly
- Finished resetting the current domain, in  2.364 seconds
Domain Reload Profiling: 3696ms
	BeginReloadAssembly (340ms)
		ExecutionOrderSort (0ms)
		DisableScriptedObjects (13ms)
		BackupInstance (0ms)
		ReleaseScriptingObjects (0ms)
		CreateAndSetChildDomain (89ms)
	RebuildCommonClasses (64ms)
	RebuildNativeTypeToScriptingClass (19ms)
	initialDomainReloadingComplete (44ms)
	LoadAllAssembliesAndSetupDomain (865ms)
		LoadAssemblies (595ms)
		RebuildTransferFunctionScriptingTraits (0ms)
		AnalyzeDomain (411ms)
			TypeCache.Refresh (20ms)
				TypeCache.ScanAssembly (2ms)
			BuildScriptInfoCaches (363ms)
			ResolveRequiredComponents (23ms)
	FinalizeReload (2365ms)
		ReleaseScriptCaches (0ms)
		RebuildScriptCaches (0ms)
		SetupLoadedEditorAssemblies (1964ms)
			LogAssemblyErrors (0ms)
			InitializePlatformSupportModulesInManaged (56ms)
			SetLoadedEditorAssemblies (16ms)
			BeforeProcessingInitializeOnLoad (585ms)
			ProcessInitializeOnLoadAttributes (1186ms)
			ProcessInitializeOnLoadMethodAttributes (113ms)
			AfterProcessingInitializeOnLoad (8ms)
			EditorAssembliesLoaded (1ms)
		ExecutionOrderSort2 (0ms)
		AwakeInstancesAfterBackupRestoration (25ms)
Refreshing native plugins compatible for Editor in 4.94 ms, found 3 plugins.
Preloading 0 native plugins for Editor in 0.00 ms.
Unloading 44 Unused Serialized files (Serialized files now loaded: 0)
Unloading 7289 unused Assets / (9.6 MB). Loaded Objects now: 8116.
Memory consumption went from 256.4 MB to 246.8 MB.
Total: 86.188900 ms (FindLiveObjects: 3.051700 ms CreateObjectMapping: 2.725800 ms MarkObjects: 35.434700 ms  DeleteObjects: 44.974500 ms)

Prepare: number of updated asset objects reloaded= 0
========================================================================
Received Prepare
Refreshing native plugins compatible for Editor in 6.02 ms, found 3 plugins.
Preloading 0 native plugins for Editor in 0.00 ms.
Unloading 44 Unused Serialized files (Serialized files now loaded: 0)
Unloading 7282 unused Assets / (11.8 MB). Loaded Objects now: 8116.
Memory consumption went from 256.6 MB to 244.8 MB.
Total: 144.075300 ms (FindLiveObjects: 11.259000 ms CreateObjectMapping: 36.212200 ms MarkObjects: 46.665200 ms  DeleteObjects: 49.936800 ms)

Prepare: number of updated asset objects reloaded= 0
========================================================================
Received Prepare
Begin MonoManager ReloadAssembly
- Loaded All Assemblies, in  1.322 seconds
Refreshing native plugins compatible for Editor in 1.17 ms, found 3 plugins.
Native extension for LinuxStandalone target not found
Native extension for Android target not found
Native extension for WindowsStandalone target not found
Mono: successfully reloaded assembly
- Finished resetting the current domain, in  1.801 seconds
Domain Reload Profiling: 3140ms
	BeginReloadAssembly (355ms)
		ExecutionOrderSort (0ms)
		DisableScriptedObjects (11ms)
		BackupInstance (0ms)
		ReleaseScriptingObjects (0ms)
		CreateAndSetChildDomain (84ms)
	RebuildCommonClasses (84ms)
	RebuildNativeTypeToScriptingClass (21ms)
	initialDomainReloadingComplete (48ms)
	LoadAllAssembliesAndSetupDomain (817ms)
		LoadAssemblies (587ms)
		RebuildTransferFunctionScriptingTraits (0ms)
		AnalyzeDomain (402ms)
			TypeCache.Refresh (18ms)
				TypeCache.ScanAssembly (2ms)
			BuildScriptInfoCaches (347ms)
			ResolveRequiredComponents (31ms)
	FinalizeReload (1814ms)
		ReleaseScriptCaches (0ms)
		RebuildScriptCaches (0ms)
		SetupLoadedEditorAssemblies (1543ms)
			LogAssemblyErrors (0ms)
			InitializePlatformSupportModulesInManaged (34ms)
			SetLoadedEditorAssemblies (11ms)
			BeforeProcessingInitializeOnLoad (322ms)
			ProcessInitializeOnLoadAttributes (1046ms)
			ProcessInitializeOnLoadMethodAttributes (102ms)
			AfterProcessingInitializeOnLoad (27ms)
			EditorAssembliesLoaded (1ms)
		ExecutionOrderSort2 (0ms)
		AwakeInstancesAfterBackupRestoration (33ms)
Refreshing native plugins compatible for Editor in 1.65 ms, found 3 plugins.
Preloading 0 native plugins for Editor in 0.00 ms.
Unloading 44 Unused Serialized files (Serialized files now loaded: 0)
Unloading 7289 unused Assets / (8.6 MB). Loaded Objects now: 8119.
Memory consumption went from 256.4 MB to 247.8 MB.
Total: 24.918400 ms (FindLiveObjects: 1.329000 ms CreateObjectMapping: 1.600900 ms MarkObjects: 12.595700 ms  DeleteObjects: 9.390400 ms)

Prepare: number of updated asset objects reloaded= 0
========================================================================
Received Prepare
Refreshing native plugins compatible for Editor in 2.15 ms, found 3 plugins.
Preloading 0 native plugins for Editor in 0.00 ms.
Unloading 44 Unused Serialized files (Serialized files now loaded: 0)
Unloading 7282 unused Assets / (8.9 MB). Loaded Objects now: 8119.
Memory consumption went from 256.6 MB to 247.7 MB.
Total: 30.392800 ms (FindLiveObjects: 1.482200 ms CreateObjectMapping: 1.678700 ms MarkObjects: 14.914000 ms  DeleteObjects: 12.315900 ms)

Prepare: number of updated asset objects reloaded= 0
========================================================================
Received Prepare
Begin MonoManager ReloadAssembly
- Loaded All Assemblies, in  1.236 seconds
Refreshing native plugins compatible for Editor in 1.31 ms, found 3 plugins.
Native extension for LinuxStandalone target not found
Native extension for Android target not found
Native extension for WindowsStandalone target not found
Mono: successfully reloaded assembly
- Finished resetting the current domain, in  2.164 seconds
Domain Reload Profiling: 3404ms
	BeginReloadAssembly (305ms)
		ExecutionOrderSort (0ms)
		DisableScriptedObjects (13ms)
		BackupInstance (0ms)
		ReleaseScriptingObjects (0ms)
		CreateAndSetChildDomain (82ms)
	RebuildCommonClasses (62ms)
	RebuildNativeTypeToScriptingClass (25ms)
	initialDomainReloadingComplete (43ms)
	LoadAllAssembliesAndSetupDomain (804ms)
		LoadAssemblies (545ms)
		RebuildTransferFunctionScriptingTraits (0ms)
		AnalyzeDomain (384ms)
			TypeCache.Refresh (16ms)
				TypeCache.ScanAssembly (2ms)
			BuildScriptInfoCaches (334ms)
			ResolveRequiredComponents (28ms)
	FinalizeReload (2165ms)
		ReleaseScriptCaches (0ms)
		RebuildScriptCaches (0ms)
		SetupLoadedEditorAssemblies (1907ms)
			LogAssemblyErrors (0ms)
			InitializePlatformSupportModulesInManaged (34ms)
			SetLoadedEditorAssemblies (19ms)
			BeforeProcessingInitializeOnLoad (577ms)
			ProcessInitializeOnLoadAttributes (1168ms)
			ProcessInitializeOnLoadMethodAttributes (99ms)
			AfterProcessingInitializeOnLoad (10ms)
			EditorAssembliesLoaded (1ms)
		ExecutionOrderSort2 (0ms)
		AwakeInstancesAfterBackupRestoration (30ms)
Refreshing native plugins compatible for Editor in 2.00 ms, found 3 plugins.
Preloading 0 native plugins for Editor in 0.00 ms.
Unloading 44 Unused Serialized files (Serialized files now loaded: 0)
Unloading 7289 unused Assets / (7.2 MB). Loaded Objects now: 8122.
Memory consumption went from 256.5 MB to 249.2 MB.
Total: 36.546600 ms (FindLiveObjects: 1.945900 ms CreateObjectMapping: 1.777300 ms MarkObjects: 19.450500 ms  DeleteObjects: 13.370300 ms)

Prepare: number of updated asset objects reloaded= 0
========================================================================
Received Prepare
Refreshing native plugins compatible for Editor in 2.41 ms, found 3 plugins.
Preloading 0 native plugins for Editor in 0.00 ms.
Unloading 44 Unused Serialized files (Serialized files now loaded: 0)
Unloading 7282 unused Assets / (8.6 MB). Loaded Objects now: 8122.
Memory consumption went from 256.6 MB to 248.0 MB.
Total: 82.820600 ms (FindLiveObjects: 9.156500 ms CreateObjectMapping: 13.620000 ms MarkObjects: 34.645200 ms  DeleteObjects: 25.397000 ms)

Prepare: number of updated asset objects reloaded= 0
========================================================================
Received Prepare
Begin MonoManager ReloadAssembly
- Loaded All Assemblies, in  1.159 seconds
Refreshing native plugins compatible for Editor in 0.57 ms, found 3 plugins.
Native extension for LinuxStandalone target not found
Native extension for Android target not found
Native extension for WindowsStandalone target not found
Mono: successfully reloaded assembly
- Finished resetting the current domain, in  1.522 seconds
Domain Reload Profiling: 2684ms
	BeginReloadAssembly (307ms)
		ExecutionOrderSort (0ms)
		DisableScriptedObjects (9ms)
		BackupInstance (0ms)
		ReleaseScriptingObjects (0ms)
		CreateAndSetChildDomain (74ms)
	RebuildCommonClasses (59ms)
	RebuildNativeTypeToScriptingClass (20ms)
	initialDomainReloadingComplete (39ms)
	LoadAllAssembliesAndSetupDomain (736ms)
		LoadAssemblies (530ms)
		RebuildTransferFunctionScriptingTraits (0ms)
		AnalyzeDomain (347ms)
			TypeCache.Refresh (15ms)
				TypeCache.ScanAssembly (2ms)
			BuildScriptInfoCaches (305ms)
			ResolveRequiredComponents (22ms)
	FinalizeReload (1522ms)
		ReleaseScriptCaches (0ms)
		RebuildScriptCaches (0ms)
		SetupLoadedEditorAssemblies (1301ms)
			LogAssemblyErrors (0ms)
			InitializePlatformSupportModulesInManaged (32ms)
			SetLoadedEditorAssemblies (10ms)
			BeforeProcessingInitializeOnLoad (284ms)
			ProcessInitializeOnLoadAttributes (882ms)
			ProcessInitializeOnLoadMethodAttributes (87ms)
			AfterProcessingInitializeOnLoad (7ms)
			EditorAssembliesLoaded (1ms)
		ExecutionOrderSort2 (0ms)
		AwakeInstancesAfterBackupRestoration (21ms)
Refreshing native plugins compatible for Editor in 1.68 ms, found 3 plugins.
Preloading 0 native plugins for Editor in 0.00 ms.
Unloading 44 Unused Serialized files (Serialized files now loaded: 0)
Unloading 7289 unused Assets / (8.5 MB). Loaded Objects now: 8125.
Memory consumption went from 256.5 MB to 248.0 MB.
Total: 25.320600 ms (FindLiveObjects: 1.528700 ms CreateObjectMapping: 1.737400 ms MarkObjects: 11.016700 ms  DeleteObjects: 11.031200 ms)

Prepare: number of updated asset objects reloaded= 0
========================================================================
Received Prepare
Refreshing native plugins compatible for Editor in 1.70 ms, found 3 plugins.
Preloading 0 native plugins for Editor in 0.00 ms.
Unloading 44 Unused Serialized files (Serialized files now loaded: 0)
Unloading 7282 unused Assets / (8.3 MB). Loaded Objects now: 8125.
Memory consumption went from 256.7 MB to 248.3 MB.
Total: 24.229100 ms (FindLiveObjects: 1.314500 ms CreateObjectMapping: 1.247400 ms MarkObjects: 11.800900 ms  DeleteObjects: 9.863900 ms)

Prepare: number of updated asset objects reloaded= 0
========================================================================
Received Prepare
Begin MonoManager ReloadAssembly
- Loaded All Assemblies, in  1.243 seconds
Refreshing native plugins compatible for Editor in 0.77 ms, found 3 plugins.
Native extension for LinuxStandalone target not found
Native extension for Android target not found
Native extension for WindowsStandalone target not found
Mono: successfully reloaded assembly
- Finished resetting the current domain, in  2.112 seconds
Domain Reload Profiling: 3359ms
	BeginReloadAssembly (301ms)
		ExecutionOrderSort (0ms)
		DisableScriptedObjects (10ms)
		BackupInstance (0ms)
		ReleaseScriptingObjects (0ms)
		CreateAndSetChildDomain (72ms)
	RebuildCommonClasses (52ms)
	RebuildNativeTypeToScriptingClass (18ms)
	initialDomainReloadingComplete (37ms)
	LoadAllAssembliesAndSetupDomain (837ms)
		LoadAssemblies (536ms)
		RebuildTransferFunctionScriptingTraits (0ms)
		AnalyzeDomain (423ms)
			TypeCache.Refresh (21ms)
				TypeCache.ScanAssembly (2ms)
			BuildScriptInfoCaches (369ms)
			ResolveRequiredComponents (27ms)
	FinalizeReload (2113ms)
		ReleaseScriptCaches (0ms)
		RebuildScriptCaches (0ms)
		SetupLoadedEditorAssemblies (1808ms)
			LogAssemblyErrors (0ms)
			InitializePlatformSupportModulesInManaged (33ms)
			SetLoadedEditorAssemblies (11ms)
			BeforeProcessingInitializeOnLoad (415ms)
			ProcessInitializeOnLoadAttributes (1212ms)
			ProcessInitializeOnLoadMethodAttributes (117ms)
			AfterProcessingInitializeOnLoad (19ms)
			EditorAssembliesLoaded (1ms)
		ExecutionOrderSort2 (0ms)
		AwakeInstancesAfterBackupRestoration (35ms)
Refreshing native plugins compatible for Editor in 1.61 ms, found 3 plugins.
Preloading 0 native plugins for Editor in 0.00 ms.
Unloading 44 Unused Serialized files (Serialized files now loaded: 0)
Unloading 7289 unused Assets / (9.4 MB). Loaded Objects now: 8128.
Memory consumption went from 256.5 MB to 247.1 MB.
Total: 29.470500 ms (FindLiveObjects: 1.456700 ms CreateObjectMapping: 1.733700 ms MarkObjects: 13.583000 ms  DeleteObjects: 12.694700 ms)

Prepare: number of updated asset objects reloaded= 0
========================================================================
Received Prepare
Refreshing native plugins compatible for Editor in 2.06 ms, found 3 plugins.
Preloading 0 native plugins for Editor in 0.00 ms.
Unloading 44 Unused Serialized files (Serialized files now loaded: 0)
Unloading 7282 unused Assets / (9.3 MB). Loaded Objects now: 8128.
Memory consumption went from 256.7 MB to 247.4 MB.
Total: 30.708300 ms (FindLiveObjects: 1.491800 ms CreateObjectMapping: 1.820400 ms MarkObjects: 15.058900 ms  DeleteObjects: 12.334700 ms)

Prepare: number of updated asset objects reloaded= 0
========================================================================
Received Prepare
Refreshing native plugins compatible for Editor in 1.78 ms, found 3 plugins.
Preloading 0 native plugins for Editor in 0.00 ms.
Unloading 44 Unused Serialized files (Serialized files now loaded: 0)
Unloading 7282 unused Assets / (8.5 MB). Loaded Objects now: 8128.
Memory consumption went from 256.7 MB to 248.2 MB.
Total: 25.051800 ms (FindLiveObjects: 1.312200 ms CreateObjectMapping: 1.445600 ms MarkObjects: 12.215800 ms  DeleteObjects: 10.075600 ms)

Prepare: number of updated asset objects reloaded= 0
========================================================================
Received Prepare
Begin MonoManager ReloadAssembly
- Loaded All Assemblies, in  1.147 seconds
Refreshing native plugins compatible for Editor in 0.71 ms, found 3 plugins.
Native extension for LinuxStandalone target not found
Native extension for Android target not found
Native extension for WindowsStandalone target not found
Mono: successfully reloaded assembly
- Finished resetting the current domain, in  1.311 seconds
Domain Reload Profiling: 2460ms
	BeginReloadAssembly (285ms)
		ExecutionOrderSort (0ms)
		DisableScriptedObjects (9ms)
		BackupInstance (0ms)
		ReleaseScriptingObjects (0ms)
		CreateAndSetChildDomain (75ms)
	RebuildCommonClasses (56ms)
	RebuildNativeTypeToScriptingClass (18ms)
	initialDomainReloadingComplete (38ms)
	LoadAllAssembliesAndSetupDomain (750ms)
		LoadAssemblies (525ms)
		RebuildTransferFunctionScriptingTraits (0ms)
		AnalyzeDomain (348ms)
			TypeCache.Refresh (16ms)
				TypeCache.ScanAssembly (2ms)
			BuildScriptInfoCaches (298ms)
			ResolveRequiredComponents (26ms)
	FinalizeReload (1312ms)
		ReleaseScriptCaches (0ms)
		RebuildScriptCaches (0ms)
		SetupLoadedEditorAssemblies (1098ms)
			LogAssemblyErrors (0ms)
			InitializePlatformSupportModulesInManaged (30ms)
			SetLoadedEditorAssemblies (11ms)
			BeforeProcessingInitializeOnLoad (268ms)
			ProcessInitializeOnLoadAttributes (706ms)
			ProcessInitializeOnLoadMethodAttributes (74ms)
			AfterProcessingInitializeOnLoad (7ms)
			EditorAssembliesLoaded (1ms)
		ExecutionOrderSort2 (0ms)
		AwakeInstancesAfterBackupRestoration (20ms)
Refreshing native plugins compatible for Editor in 1.74 ms, found 3 plugins.
Preloading 0 native plugins for Editor in 0.00 ms.
Unloading 44 Unused Serialized files (Serialized files now loaded: 0)
Unloading 7289 unused Assets / (8.9 MB). Loaded Objects now: 8131.
Memory consumption went from 256.6 MB to 247.6 MB.
Total: 25.940200 ms (FindLiveObjects: 1.417400 ms CreateObjectMapping: 1.551500 ms MarkObjects: 12.824100 ms  DeleteObjects: 10.144900 ms)

Prepare: number of updated asset objects reloaded= 0
========================================================================
Received Prepare
Refreshing native plugins compatible for Editor in 1.93 ms, found 3 plugins.
Preloading 0 native plugins for Editor in 0.00 ms.
Unloading 44 Unused Serialized files (Serialized files now loaded: 0)
Unloading 7282 unused Assets / (8.4 MB). Loaded Objects now: 8131.
Memory consumption went from 256.7 MB to 248.4 MB.
Total: 24.336000 ms (FindLiveObjects: 1.280400 ms CreateObjectMapping: 1.879300 ms MarkObjects: 12.366800 ms  DeleteObjects: 8.807700 ms)

Prepare: number of updated asset objects reloaded= 0
========================================================================
Received Prepare
Begin MonoManager ReloadAssembly
- Loaded All Assemblies, in  1.156 seconds
Refreshing native plugins compatible for Editor in 0.57 ms, found 3 plugins.
Native extension for LinuxStandalone target not found
Native extension for Android target not found
Native extension for WindowsStandalone target not found
Mono: successfully reloaded assembly
- Finished resetting the current domain, in  1.375 seconds
Domain Reload Profiling: 2533ms
	BeginReloadAssembly (282ms)
		ExecutionOrderSort (0ms)
		DisableScriptedObjects (9ms)
		BackupInstance (0ms)
		ReleaseScriptingObjects (0ms)
		CreateAndSetChildDomain (75ms)
	RebuildCommonClasses (61ms)
	RebuildNativeTypeToScriptingClass (22ms)
	initialDomainReloadingComplete (48ms)
	LoadAllAssembliesAndSetupDomain (744ms)
		LoadAssemblies (516ms)
		RebuildTransferFunctionScriptingTraits (0ms)
		AnalyzeDomain (348ms)
			TypeCache.Refresh (19ms)
				TypeCache.ScanAssembly (2ms)
			BuildScriptInfoCaches (305ms)
			ResolveRequiredComponents (20ms)
	FinalizeReload (1376ms)
		ReleaseScriptCaches (0ms)
		RebuildScriptCaches (0ms)
		SetupLoadedEditorAssemblies (1176ms)
			LogAssemblyErrors (0ms)
			InitializePlatformSupportModulesInManaged (35ms)
			SetLoadedEditorAssemblies (12ms)
			BeforeProcessingInitializeOnLoad (298ms)
			ProcessInitializeOnLoadAttributes (750ms)
			ProcessInitializeOnLoadMethodAttributes (75ms)
			AfterProcessingInitializeOnLoad (7ms)
			EditorAssembliesLoaded (1ms)
		ExecutionOrderSort2 (0ms)
		AwakeInstancesAfterBackupRestoration (20ms)
Refreshing native plugins compatible for Editor in 1.73 ms, found 3 plugins.
Preloading 0 native plugins for Editor in 0.00 ms.
Unloading 44 Unused Serialized files (Serialized files now loaded: 0)
Unloading 7289 unused Assets / (8.7 MB). Loaded Objects now: 8134.
Memory consumption went from 256.6 MB to 248.0 MB.
Total: 26.232200 ms (FindLiveObjects: 1.226600 ms CreateObjectMapping: 1.741400 ms MarkObjects: 13.325000 ms  DeleteObjects: 9.936700 ms)

Prepare: number of updated asset objects reloaded= 0
========================================================================
Received Prepare
Refreshing native plugins compatible for Editor in 1.58 ms, found 3 plugins.
Preloading 0 native plugins for Editor in 0.00 ms.
Unloading 44 Unused Serialized files (Serialized files now loaded: 0)
Unloading 7282 unused Assets / (9.3 MB). Loaded Objects now: 8134.
Memory consumption went from 256.8 MB to 247.5 MB.
Total: 23.044100 ms (FindLiveObjects: 1.365500 ms CreateObjectMapping: 1.800400 ms MarkObjects: 9.184300 ms  DeleteObjects: 10.692500 ms)

Prepare: number of updated asset objects reloaded= 0
========================================================================
Received Import Request.
  Time since last request: 593.803372 seconds.
  path: Assets/Fate/Scripts/Networking/FateNetworkPlayerSpawner.cs
  artifactKey: Guid(7b4eb0ff737ee0248b14ccbfa5172886) Importer(815301076,1909f56bfc062723c751e8b465ee728b)
Start importing Assets/Fate/Scripts/Networking/FateNetworkPlayerSpawner.cs using Guid(7b4eb0ff737ee0248b14ccbfa5172886) Importer(815301076,1909f56bfc062723c751e8b465ee728b) (PreviewImporter) -> (artifact id: 'ad2d52e043d989ed92d7ab328f868b3c') in 2.3713419 seconds
Number of updated asset objects reloaded before import = 0Number of asset objects unloaded after import = 0

========================================================================
Received Prepare
Begin MonoManager ReloadAssembly
- Loaded All Assemblies, in  1.384 seconds
Refreshing native plugins compatible for Editor in 0.79 ms, found 3 plugins.
Native extension for LinuxStandalone target not found
Native extension for Android target not found
Native extension for WindowsStandalone target not found
Mono: successfully reloaded assembly
- Finished resetting the current domain, in  1.360 seconds
Domain Reload Profiling: 2747ms
	BeginReloadAssembly (383ms)
		ExecutionOrderSort (0ms)
		DisableScriptedObjects (19ms)
		BackupInstance (0ms)
		ReleaseScriptingObjects (0ms)
		CreateAndSetChildDomain (116ms)
	RebuildCommonClasses (72ms)
	RebuildNativeTypeToScriptingClass (20ms)
	initialDomainReloadingComplete (48ms)
	LoadAllAssembliesAndSetupDomain (863ms)
		LoadAssemblies (628ms)
		RebuildTransferFunctionScriptingTraits (0ms)
		AnalyzeDomain (389ms)
			TypeCache.Refresh (19ms)
				TypeCache.ScanAssembly (2ms)
			BuildScriptInfoCaches (340ms)
			ResolveRequiredComponents (24ms)
	FinalizeReload (1360ms)
		ReleaseScriptCaches (0ms)
		RebuildScriptCaches (0ms)
		SetupLoadedEditorAssemblies (1136ms)
			LogAssemblyErrors (0ms)
			InitializePlatformSupportModulesInManaged (32ms)
			SetLoadedEditorAssemblies (12ms)
			BeforeProcessingInitializeOnLoad (296ms)
			ProcessInitializeOnLoadAttributes (726ms)
			ProcessInitializeOnLoadMethodAttributes (62ms)
			AfterProcessingInitializeOnLoad (7ms)
			EditorAssembliesLoaded (1ms)
		ExecutionOrderSort2 (0ms)
		AwakeInstancesAfterBackupRestoration (24ms)
Refreshing native plugins compatible for Editor in 1.16 ms, found 3 plugins.
Preloading 0 native plugins for Editor in 0.00 ms.
Unloading 44 Unused Serialized files (Serialized files now loaded: 0)
Unloading 7289 unused Assets / (8.5 MB). Loaded Objects now: 8137.
Memory consumption went from 256.6 MB to 248.1 MB.
Total: 20.222900 ms (FindLiveObjects: 1.122000 ms CreateObjectMapping: 0.949900 ms MarkObjects: 11.183500 ms  DeleteObjects: 6.965700 ms)

Prepare: number of updated asset objects reloaded= 0
========================================================================
Received Prepare
Refreshing native plugins compatible for Editor in 1.78 ms, found 3 plugins.
Preloading 0 native plugins for Editor in 0.00 ms.
Unloading 44 Unused Serialized files (Serialized files now loaded: 0)
Unloading 7282 unused Assets / (9.2 MB). Loaded Objects now: 8137.
Memory consumption went from 256.8 MB to 247.6 MB.
Total: 28.243600 ms (FindLiveObjects: 1.642800 ms CreateObjectMapping: 1.987900 ms MarkObjects: 14.027300 ms  DeleteObjects: 10.583000 ms)

Prepare: number of updated asset objects reloaded= 0
========================================================================
Received Import Request.
  Time since last request: 20.525789 seconds.
  path: Assets/Fate/Scripts/Networking/FateNetworkPlayerSpawner.cs
  artifactKey: Guid(7b4eb0ff737ee0248b14ccbfa5172886) Importer(815301076,1909f56bfc062723c751e8b465ee728b)
Start importing Assets/Fate/Scripts/Networking/FateNetworkPlayerSpawner.cs using Guid(7b4eb0ff737ee0248b14ccbfa5172886) Importer(815301076,1909f56bfc062723c751e8b465ee728b) (PreviewImporter) -> (artifact id: '2c463a038de411c4c11ab2486e5fb95e') in 0.0605596 seconds
Number of updated asset objects reloaded before import = 0Number of asset objects unloaded after import = 0

========================================================================
Received Prepare
Begin MonoManager ReloadAssembly
- Loaded All Assemblies, in  1.194 seconds
Refreshing native plugins compatible for Editor in 0.87 ms, found 3 plugins.
Native extension for LinuxStandalone target not found
Native extension for Android target not found
Native extension for WindowsStandalone target not found
Mono: successfully reloaded assembly
- Finished resetting the current domain, in  1.399 seconds
Domain Reload Profiling: 2593ms
	BeginReloadAssembly (354ms)
		ExecutionOrderSort (0ms)
		DisableScriptedObjects (16ms)
		BackupInstance (0ms)
		ReleaseScriptingObjects (0ms)
		CreateAndSetChildDomain (116ms)
	RebuildCommonClasses (49ms)
	RebuildNativeTypeToScriptingClass (17ms)
	initialDomainReloadingComplete (50ms)
	LoadAllAssembliesAndSetupDomain (723ms)
		LoadAssemblies (537ms)
		RebuildTransferFunctionScriptingTraits (0ms)
		AnalyzeDomain (323ms)
			TypeCache.Refresh (17ms)
				TypeCache.ScanAssembly (2ms)
			BuildScriptInfoCaches (282ms)
			ResolveRequiredComponents (20ms)
	FinalizeReload (1400ms)
		ReleaseScriptCaches (0ms)
		RebuildScriptCaches (0ms)
		SetupLoadedEditorAssemblies (1162ms)
			LogAssemblyErrors (0ms)
			InitializePlatformSupportModulesInManaged (30ms)
			SetLoadedEditorAssemblies (11ms)
			BeforeProcessingInitializeOnLoad (290ms)
			ProcessInitializeOnLoadAttributes (764ms)
			ProcessInitializeOnLoadMethodAttributes (62ms)
			AfterProcessingInitializeOnLoad (6ms)
			EditorAssembliesLoaded (0ms)
		ExecutionOrderSort2 (0ms)
		AwakeInstancesAfterBackupRestoration (17ms)
Refreshing native plugins compatible for Editor in 2.00 ms, found 3 plugins.
Preloading 0 native plugins for Editor in 0.00 ms.
Unloading 44 Unused Serialized files (Serialized files now loaded: 0)
Unloading 7289 unused Assets / (8.7 MB). Loaded Objects now: 8140.
Memory consumption went from 256.7 MB to 247.9 MB.
Total: 25.651500 ms (FindLiveObjects: 1.476800 ms CreateObjectMapping: 2.040100 ms MarkObjects: 11.902500 ms  DeleteObjects: 10.229900 ms)

Prepare: number of updated asset objects reloaded= 0
========================================================================
Received Prepare
Refreshing native plugins compatible for Editor in 1.62 ms, found 3 plugins.
Preloading 0 native plugins for Editor in 0.00 ms.
Unloading 44 Unused Serialized files (Serialized files now loaded: 0)
Unloading 7282 unused Assets / (8.2 MB). Loaded Objects now: 8140.
Memory consumption went from 256.8 MB to 248.6 MB.
Total: 26.449700 ms (FindLiveObjects: 1.755700 ms CreateObjectMapping: 2.459700 ms MarkObjects: 13.139500 ms  DeleteObjects: 9.091800 ms)

Prepare: number of updated asset objects reloaded= 0
========================================================================
Received Import Request.
  Time since last request: 226.638667 seconds.
  path: Assets/Fate/Scripts/Networking/FateNetworkPlayerSpawner.cs
  artifactKey: Guid(7b4eb0ff737ee0248b14ccbfa5172886) Importer(815301076,1909f56bfc062723c751e8b465ee728b)
Start importing Assets/Fate/Scripts/Networking/FateNetworkPlayerSpawner.cs using Guid(7b4eb0ff737ee0248b14ccbfa5172886) Importer(815301076,1909f56bfc062723c751e8b465ee728b) (PreviewImporter) -> (artifact id: '63c1ef149434f77f146b8a096da66534') in 0.0397146 seconds
Number of updated asset objects reloaded before import = 0Number of asset objects unloaded after import = 0

========================================================================
Received Prepare
Refreshing native plugins compatible for Editor in 1.43 ms, found 3 plugins.
Preloading 0 native plugins for Editor in 0.00 ms.
Unloading 44 Unused Serialized files (Serialized files now loaded: 0)
Unloading 7282 unused Assets / (8.3 MB). Loaded Objects now: 8140.
Memory consumption went from 256.8 MB to 248.6 MB.
Total: 25.406400 ms (FindLiveObjects: 2.411000 ms CreateObjectMapping: 2.058000 ms MarkObjects: 10.993100 ms  DeleteObjects: 9.942800 ms)

Prepare: number of updated asset objects reloaded= 0
========================================================================
Received Import Request.
  Time since last request: 70.898751 seconds.
  path: Assets/Fate/Scripts/Networking/FateNetworkPlayerSpawner.cs
  artifactKey: Guid(7b4eb0ff737ee0248b14ccbfa5172886) Importer(815301076,1909f56bfc062723c751e8b465ee728b)
Start importing Assets/Fate/Scripts/Networking/FateNetworkPlayerSpawner.cs using Guid(7b4eb0ff737ee0248b14ccbfa5172886) Importer(815301076,1909f56bfc062723c751e8b465ee728b) (PreviewImporter) -> (artifact id: '36e3eb257c3bed08f04a65178b497e8e') in 0.0232697 seconds
Number of updated asset objects reloaded before import = 0Number of asset objects unloaded after import = 0

========================================================================
Received Prepare
Refreshing native plugins compatible for Editor in 1.87 ms, found 3 plugins.
Preloading 0 native plugins for Editor in 0.00 ms.
Unloading 44 Unused Serialized files (Serialized files now loaded: 0)
Unloading 7282 unused Assets / (8.9 MB). Loaded Objects now: 8140.
Memory consumption went from 256.8 MB to 248.0 MB.
Total: 28.802200 ms (FindLiveObjects: 1.405800 ms CreateObjectMapping: 2.042800 ms MarkObjects: 14.250100 ms  DeleteObjects: 11.101000 ms)

Prepare: number of updated asset objects reloaded= 0
========================================================================
Received Import Request.
  Time since last request: 105.290601 seconds.
  path: Assets/Fate/Scripts/Networking/FateNetworkPlayerSpawner.cs
  artifactKey: Guid(7b4eb0ff737ee0248b14ccbfa5172886) Importer(815301076,1909f56bfc062723c751e8b465ee728b)
Start importing Assets/Fate/Scripts/Networking/FateNetworkPlayerSpawner.cs using Guid(7b4eb0ff737ee0248b14ccbfa5172886) Importer(815301076,1909f56bfc062723c751e8b465ee728b) (PreviewImporter) -> (artifact id: '7c71b9cf9fc3a257db23a7543c9fc560') in 0.0186484 seconds
Number of updated asset objects reloaded before import = 0Number of asset objects unloaded after import = 0

========================================================================
Received Prepare
Refreshing native plugins compatible for Editor in 1.73 ms, found 3 plugins.
Preloading 0 native plugins for Editor in 0.00 ms.
Unloading 44 Unused Serialized files (Serialized files now loaded: 0)
Unloading 7282 unused Assets / (8.8 MB). Loaded Objects now: 8140.
Memory consumption went from 256.8 MB to 248.1 MB.
Total: 25.316600 ms (FindLiveObjects: 1.536800 ms CreateObjectMapping: 1.822100 ms MarkObjects: 12.961900 ms  DeleteObjects: 8.993100 ms)

Prepare: number of updated asset objects reloaded= 0
========================================================================
Received Import Request.
  Time since last request: 41.272521 seconds.
  path: Assets/Fate/Scripts/Networking/FateNetworkPlayerSpawner.cs
  artifactKey: Guid(7b4eb0ff737ee0248b14ccbfa5172886) Importer(815301076,1909f56bfc062723c751e8b465ee728b)
Start importing Assets/Fate/Scripts/Networking/FateNetworkPlayerSpawner.cs using Guid(7b4eb0ff737ee0248b14ccbfa5172886) Importer(815301076,1909f56bfc062723c751e8b465ee728b) (PreviewImporter) -> (artifact id: '1c6ce3d56c607d756579345995fc8755') in 0.0141955 seconds
Number of updated asset objects reloaded before import = 0Number of asset objects unloaded after import = 0

========================================================================
Received Prepare
Refreshing native plugins compatible for Editor in 1.74 ms, found 3 plugins.
Preloading 0 native plugins for Editor in 0.00 ms.
Unloading 44 Unused Serialized files (Serialized files now loaded: 0)
Unloading 7282 unused Assets / (9.1 MB). Loaded Objects now: 8140.
Memory consumption went from 256.8 MB to 247.8 MB.
Total: 26.228700 ms (FindLiveObjects: 1.580900 ms CreateObjectMapping: 1.875900 ms MarkObjects: 12.441200 ms  DeleteObjects: 10.328500 ms)

Prepare: number of updated asset objects reloaded= 0
========================================================================
Received Import Request.
  Time since last request: 9.857591 seconds.
  path: Assets/Fate/Scripts/Networking/FateNetworkPlayerSpawner.cs
  artifactKey: Guid(7b4eb0ff737ee0248b14ccbfa5172886) Importer(815301076,1909f56bfc062723c751e8b465ee728b)
Start importing Assets/Fate/Scripts/Networking/FateNetworkPlayerSpawner.cs using Guid(7b4eb0ff737ee0248b14ccbfa5172886) Importer(815301076,1909f56bfc062723c751e8b465ee728b) (PreviewImporter) -> (artifact id: 'f7f7b603f308e02b34bc1504f6a6a2a7') in 0.0127556 seconds
Number of updated asset objects reloaded before import = 0Number of asset objects unloaded after import = 0

========================================================================
Received Prepare
Refreshing native plugins compatible for Editor in 2.50 ms, found 3 plugins.
Preloading 0 native plugins for Editor in 0.00 ms.
Unloading 44 Unused Serialized files (Serialized files now loaded: 0)
Unloading 7282 unused Assets / (8.4 MB). Loaded Objects now: 8140.
Memory consumption went from 256.8 MB to 248.5 MB.
Total: 23.689300 ms (FindLiveObjects: 1.783800 ms CreateObjectMapping: 2.081100 ms MarkObjects: 10.859600 ms  DeleteObjects: 8.962700 ms)

Prepare: number of updated asset objects reloaded= 0
========================================================================
Received Import Request.
  Time since last request: 4.747275 seconds.
  path: Assets/Fate/Scripts/Networking/FateNetworkPlayerSpawner.cs
  artifactKey: Guid(7b4eb0ff737ee0248b14ccbfa5172886) Importer(815301076,1909f56bfc062723c751e8b465ee728b)
Start importing Assets/Fate/Scripts/Networking/FateNetworkPlayerSpawner.cs using Guid(7b4eb0ff737ee0248b14ccbfa5172886) Importer(815301076,1909f56bfc062723c751e8b465ee728b) (PreviewImporter) -> (artifact id: '2dbacb63a71005186f68fa1597bf422e') in 0.013512 seconds
Number of updated asset objects reloaded before import = 0Number of asset objects unloaded after import = 0

========================================================================
Received Prepare
Refreshing native plugins compatible for Editor in 1.36 ms, found 3 plugins.
Preloading 0 native plugins for Editor in 0.00 ms.
Unloading 44 Unused Serialized files (Serialized files now loaded: 0)
Unloading 7282 unused Assets / (8.9 MB). Loaded Objects now: 8140.
Memory consumption went from 256.9 MB to 247.9 MB.
Total: 24.733700 ms (FindLiveObjects: 1.363800 ms CreateObjectMapping: 1.653400 ms MarkObjects: 11.811300 ms  DeleteObjects: 9.902900 ms)

Prepare: number of updated asset objects reloaded= 0
========================================================================
Received Import Request.
  Time since last request: 6.924580 seconds.
  path: Assets/Fate/Scripts/Networking/FateNetworkPlayerSpawner.cs
  artifactKey: Guid(7b4eb0ff737ee0248b14ccbfa5172886) Importer(815301076,1909f56bfc062723c751e8b465ee728b)
Start importing Assets/Fate/Scripts/Networking/FateNetworkPlayerSpawner.cs using Guid(7b4eb0ff737ee0248b14ccbfa5172886) Importer(815301076,1909f56bfc062723c751e8b465ee728b) (PreviewImporter) -> (artifact id: 'c9d85152075dfc34fcc70dfda3b414be') in 0.0141884 seconds
Number of updated asset objects reloaded before import = 0Number of asset objects unloaded after import = 0

========================================================================
Received Prepare
Refreshing native plugins compatible for Editor in 1.47 ms, found 3 plugins.
Preloading 0 native plugins for Editor in 0.00 ms.
Unloading 44 Unused Serialized files (Serialized files now loaded: 0)
Unloading 7282 unused Assets / (7.9 MB). Loaded Objects now: 8140.
Memory consumption went from 256.9 MB to 249.0 MB.
Total: 25.109500 ms (FindLiveObjects: 1.416700 ms CreateObjectMapping: 1.917700 ms MarkObjects: 12.625300 ms  DeleteObjects: 9.147600 ms)

Prepare: number of updated asset objects reloaded= 0
========================================================================
Received Import Request.
  Time since last request: 1.535743 seconds.
  path: Assets/Fate/Scripts/Networking/FateNetworkPlayerSpawner.cs
  artifactKey: Guid(7b4eb0ff737ee0248b14ccbfa5172886) Importer(815301076,1909f56bfc062723c751e8b465ee728b)
Start importing Assets/Fate/Scripts/Networking/FateNetworkPlayerSpawner.cs using Guid(7b4eb0ff737ee0248b14ccbfa5172886) Importer(815301076,1909f56bfc062723c751e8b465ee728b) (PreviewImporter) -> (artifact id: 'b29c4a85f23c3afb0ee912043b4192bf') in 0.0133197 seconds
Number of updated asset objects reloaded before import = 0Number of asset objects unloaded after import = 0

========================================================================
Received Prepare
Refreshing native plugins compatible for Editor in 1.58 ms, found 3 plugins.
Preloading 0 native plugins for Editor in 0.00 ms.
Unloading 44 Unused Serialized files (Serialized files now loaded: 0)
Unloading 7282 unused Assets / (9.2 MB). Loaded Objects now: 8140.
Memory consumption went from 256.9 MB to 247.7 MB.
Total: 28.178500 ms (FindLiveObjects: 1.651200 ms CreateObjectMapping: 1.733700 ms MarkObjects: 12.504400 ms  DeleteObjects: 12.287200 ms)

Prepare: number of updated asset objects reloaded= 0
========================================================================
Received Import Request.
  Time since last request: 18.105795 seconds.
  path: Assets/Fate/Scripts/Networking/FateNetworkPlayerSpawner.cs
  artifactKey: Guid(7b4eb0ff737ee0248b14ccbfa5172886) Importer(815301076,1909f56bfc062723c751e8b465ee728b)
Start importing Assets/Fate/Scripts/Networking/FateNetworkPlayerSpawner.cs using Guid(7b4eb0ff737ee0248b14ccbfa5172886) Importer(815301076,1909f56bfc062723c751e8b465ee728b) (PreviewImporter) -> (artifact id: '1503cc59b007e2945d155bf5cd043464') in 0.0154098 seconds
Number of updated asset objects reloaded before import = 0Number of asset objects unloaded after import = 0

========================================================================
Received Prepare
Refreshing native plugins compatible for Editor in 1.81 ms, found 3 plugins.
Preloading 0 native plugins for Editor in 0.00 ms.
Unloading 44 Unused Serialized files (Serialized files now loaded: 0)
Unloading 7282 unused Assets / (8.5 MB). Loaded Objects now: 8140.
Memory consumption went from 256.9 MB to 248.4 MB.
Total: 31.026600 ms (FindLiveObjects: 2.438700 ms CreateObjectMapping: 2.359100 ms MarkObjects: 16.365600 ms  DeleteObjects: 9.861200 ms)

Prepare: number of updated asset objects reloaded= 0
========================================================================
Received Import Request.
  Time since last request: 77.642474 seconds.
  path: Assets/Fate/Scripts/Networking/FateNetworkPlayerSpawner.cs
  artifactKey: Guid(7b4eb0ff737ee0248b14ccbfa5172886) Importer(815301076,1909f56bfc062723c751e8b465ee728b)
Start importing Assets/Fate/Scripts/Networking/FateNetworkPlayerSpawner.cs using Guid(7b4eb0ff737ee0248b14ccbfa5172886) Importer(815301076,1909f56bfc062723c751e8b465ee728b) (PreviewImporter) -> (artifact id: 'd80acaad29699e0dfdfab4be0cfab0b6') in 0.0190733 seconds
Number of updated asset objects reloaded before import = 0Number of asset objects unloaded after import = 0

========================================================================
Received Prepare
Begin MonoManager ReloadAssembly
- Loaded All Assemblies, in  1.178 seconds
Refreshing native plugins compatible for Editor in 0.77 ms, found 3 plugins.
Native extension for LinuxStandalone target not found
Native extension for Android target not found
Native extension for WindowsStandalone target not found
Mono: successfully reloaded assembly
- Finished resetting the current domain, in  1.666 seconds
Domain Reload Profiling: 2846ms
	BeginReloadAssembly (332ms)
		ExecutionOrderSort (0ms)
		DisableScriptedObjects (9ms)
		BackupInstance (0ms)
		ReleaseScriptingObjects (0ms)
		CreateAndSetChildDomain (95ms)
	RebuildCommonClasses (57ms)
	RebuildNativeTypeToScriptingClass (13ms)
	initialDomainReloadingComplete (34ms)
	LoadAllAssembliesAndSetupDomain (743ms)
		LoadAssemblies (540ms)
		RebuildTransferFunctionScriptingTraits (0ms)
		AnalyzeDomain (352ms)
			TypeCache.Refresh (17ms)
				TypeCache.ScanAssembly (2ms)
			BuildScriptInfoCaches (306ms)
			ResolveRequiredComponents (23ms)
	FinalizeReload (1666ms)
		ReleaseScriptCaches (0ms)
		RebuildScriptCaches (0ms)
		SetupLoadedEditorAssemblies (1409ms)
			LogAssemblyErrors (0ms)
			InitializePlatformSupportModulesInManaged (53ms)
			SetLoadedEditorAssemblies (21ms)
			BeforeProcessingInitializeOnLoad (314ms)
			ProcessInitializeOnLoadAttributes (929ms)
			ProcessInitializeOnLoadMethodAttributes (84ms)
			AfterProcessingInitializeOnLoad (7ms)
			EditorAssembliesLoaded (1ms)
		ExecutionOrderSort2 (0ms)
		AwakeInstancesAfterBackupRestoration (20ms)
Refreshing native plugins compatible for Editor in 5.21 ms, found 3 plugins.
Preloading 0 native plugins for Editor in 0.00 ms.
Unloading 44 Unused Serialized files (Serialized files now loaded: 0)
Unloading 7289 unused Assets / (7.9 MB). Loaded Objects now: 8143.
Memory consumption went from 256.7 MB to 248.8 MB.
Total: 43.808000 ms (FindLiveObjects: 8.373700 ms CreateObjectMapping: 4.044300 ms MarkObjects: 20.497400 ms  DeleteObjects: 10.890700 ms)

Prepare: number of updated asset objects reloaded= 0
========================================================================
Received Prepare
Refreshing native plugins compatible for Editor in 1.44 ms, found 3 plugins.
Preloading 0 native plugins for Editor in 0.00 ms.
Unloading 44 Unused Serialized files (Serialized files now loaded: 0)
Unloading 7282 unused Assets / (9.6 MB). Loaded Objects now: 8143.
Memory consumption went from 256.9 MB to 247.3 MB.
Total: 24.869200 ms (FindLiveObjects: 1.384800 ms CreateObjectMapping: 1.747700 ms MarkObjects: 11.609900 ms  DeleteObjects: 10.124600 ms)

Prepare: number of updated asset objects reloaded= 0
========================================================================
Received Prepare
Begin MonoManager ReloadAssembly
- Loaded All Assemblies, in  1.076 seconds
Refreshing native plugins compatible for Editor in 0.75 ms, found 3 plugins.
Native extension for LinuxStandalone target not found
Native extension for Android target not found
Native extension for WindowsStandalone target not found
Mono: successfully reloaded assembly
- Finished resetting the current domain, in  1.316 seconds
Domain Reload Profiling: 2394ms
	BeginReloadAssembly (283ms)
		ExecutionOrderSort (0ms)
		DisableScriptedObjects (8ms)
		BackupInstance (0ms)
		ReleaseScriptingObjects (0ms)
		CreateAndSetChildDomain (74ms)
	RebuildCommonClasses (48ms)
	RebuildNativeTypeToScriptingClass (19ms)
	initialDomainReloadingComplete (38ms)
	LoadAllAssembliesAndSetupDomain (690ms)
		LoadAssemblies (488ms)
		RebuildTransferFunctionScriptingTraits (0ms)
		AnalyzeDomain (332ms)
			TypeCache.Refresh (15ms)
				TypeCache.ScanAssembly (2ms)
			BuildScriptInfoCaches (287ms)
			ResolveRequiredComponents (25ms)
	FinalizeReload (1317ms)
		ReleaseScriptCaches (0ms)
		RebuildScriptCaches (0ms)
		SetupLoadedEditorAssemblies (1102ms)
			LogAssemblyErrors (0ms)
			InitializePlatformSupportModulesInManaged (29ms)
			SetLoadedEditorAssemblies (11ms)
			BeforeProcessingInitializeOnLoad (265ms)
			ProcessInitializeOnLoadAttributes (721ms)
			ProcessInitializeOnLoadMethodAttributes (68ms)
			AfterProcessingInitializeOnLoad (7ms)
			EditorAssembliesLoaded (1ms)
		ExecutionOrderSort2 (0ms)
		AwakeInstancesAfterBackupRestoration (20ms)
Refreshing native plugins compatible for Editor in 1.44 ms, found 3 plugins.
Preloading 0 native plugins for Editor in 0.00 ms.
Unloading 44 Unused Serialized files (Serialized files now loaded: 0)
Unloading 7289 unused Assets / (8.0 MB). Loaded Objects now: 8146.
Memory consumption went from 256.8 MB to 248.7 MB.
Total: 23.909500 ms (FindLiveObjects: 1.247600 ms CreateObjectMapping: 1.155300 ms MarkObjects: 11.936300 ms  DeleteObjects: 9.568200 ms)

Prepare: number of updated asset objects reloaded= 0
========================================================================
Received Import Request.
  Time since last request: 24.358605 seconds.
  path: Assets/FishNet/Demos/Prefabs/NetworkManager.prefab
  artifactKey: Guid(0b650fca685f2eb41a86538aa883e4c1) Importer(815301076,1909f56bfc062723c751e8b465ee728b)
Start importing Assets/FishNet/Demos/Prefabs/NetworkManager.prefab using Guid(0b650fca685f2eb41a86538aa883e4c1) Importer(815301076,1909f56bfc062723c751e8b465ee728b) (PreviewImporter) -> (artifact id: '4fb7da2f09acee580171f7c1b747b3bd') in 0.0785606 seconds
Number of updated asset objects reloaded before import = 0Number of asset objects unloaded after import = 40

========================================================================
Received Import Request.
  Time since last request: 8.829042 seconds.
  path: Assets/Fate/Prefabs/NetworkManager.prefab
  artifactKey: Guid(fdcd88f1adcb0fc48824f39faab8cab3) Importer(815301076,1909f56bfc062723c751e8b465ee728b)
Start importing Assets/Fate/Prefabs/NetworkManager.prefab using Guid(fdcd88f1adcb0fc48824f39faab8cab3) Importer(815301076,1909f56bfc062723c751e8b465ee728b) (PreviewImporter) -> (artifact id: 'dae75c0ecd59d14aba260457768f5b53') in 0.0361245 seconds
Number of updated asset objects reloaded before import = 0Number of asset objects unloaded after import = 189

========================================================================
Received Import Request.
  Time since last request: 47.838508 seconds.
  path: Assets/Fate/Prefabs/FateNetworkManager.prefab
  artifactKey: Guid(fdcd88f1adcb0fc48824f39faab8cab3) Importer(815301076,1909f56bfc062723c751e8b465ee728b)
Start importing Assets/Fate/Prefabs/FateNetworkManager.prefab using Guid(fdcd88f1adcb0fc48824f39faab8cab3) Importer(815301076,1909f56bfc062723c751e8b465ee728b) (PreviewImporter) -> (artifact id: 'd6339fb31751f9ee0ec6e915237db6c8') in 0.0072344 seconds
Number of updated asset objects reloaded before import = 0Number of asset objects unloaded after import = 189

========================================================================
Received Import Request.
  Time since last request: 24.092551 seconds.
  path: Assets/FishNet/Demos/Prefabs/NetworkHudCanvas.prefab
  artifactKey: Guid(0570b6f7f713dc44a90463654bbcd8d0) Importer(815301076,1909f56bfc062723c751e8b465ee728b)
Start importing Assets/FishNet/Demos/Prefabs/NetworkHudCanvas.prefab using Guid(0570b6f7f713dc44a90463654bbcd8d0) Importer(815301076,1909f56bfc062723c751e8b465ee728b) (PreviewImporter) -> (artifact id: '62d588190574403ee40cfb1356daa08f') in 0.0042798 seconds
Number of updated asset objects reloaded before import = 0Number of asset objects unloaded after import = 34

========================================================================
Received Import Request.
  Time since last request: 33.914856 seconds.
  path: Assets/Fate/Prefabs/FatePlayer Variant.prefab
  artifactKey: Guid(960b53cb5b2e7b045a8513eca10d9d32) Importer(815301076,1909f56bfc062723c751e8b465ee728b)
Start importing Assets/Fate/Prefabs/FatePlayer Variant.prefab using Guid(960b53cb5b2e7b045a8513eca10d9d32) Importer(815301076,1909f56bfc062723c751e8b465ee728b) (PreviewImporter) -> (artifact id: 'ba84ab15617c951abc00954b57d1ad63') in 0.601249 seconds
Number of updated asset objects reloaded before import = 0Number of asset objects unloaded after import = 1658

========================================================================
Received Import Request.
  Time since last request: 4.793016 seconds.
  path: Assets/Fate/Prefabs/FatePlayer Variant.prefab
  artifactKey: Guid(960b53cb5b2e7b045a8513eca10d9d32) Importer(815301076,1909f56bfc062723c751e8b465ee728b)
Start importing Assets/Fate/Prefabs/FatePlayer Variant.prefab using Guid(960b53cb5b2e7b045a8513eca10d9d32) Importer(815301076,1909f56bfc062723c751e8b465ee728b) (PreviewImporter) -> (artifact id: '7c6cab2dc520b0b18d141f3427856036') in 0.1076694 seconds
Number of updated asset objects reloaded before import = 0Number of asset objects unloaded after import = 1657

========================================================================
Received Import Request.
  Time since last request: 52.256286 seconds.
  path: Assets/FishNet/Runtime/Observing/Conditions/ScriptableObjects/SceneCondition.asset
  artifactKey: Guid(2033f54fd2794464bae08fa5a55c8996) Importer(815301076,1909f56bfc062723c751e8b465ee728b)
Start importing Assets/FishNet/Runtime/Observing/Conditions/ScriptableObjects/SceneCondition.asset using Guid(2033f54fd2794464bae08fa5a55c8996) Importer(815301076,1909f56bfc062723c751e8b465ee728b) (PreviewImporter) -> (artifact id: '3fd17caabd734aca3561b368aaced2fc') in 0.001971 seconds
Number of updated asset objects reloaded before import = 0Number of asset objects unloaded after import = 1

========================================================================
Received Import Request.
  Time since last request: 21.317172 seconds.
  path: Assets/DefaultPrefabObjects.asset
  artifactKey: Guid(71fcdc2723d949848bb07d9d436099a1) Importer(815301076,1909f56bfc062723c751e8b465ee728b)
Start importing Assets/DefaultPrefabObjects.asset using Guid(71fcdc2723d949848bb07d9d436099a1) Importer(815301076,1909f56bfc062723c751e8b465ee728b) (PreviewImporter) -> (artifact id: '48eba43caddfd0c1a68515bb625ce7f1') in 0.0318041 seconds
Number of updated asset objects reloaded before import = 0Number of asset objects unloaded after import = 908

========================================================================
Received Import Request.
  Time since last request: 6.217305 seconds.
  path: Assets/FishNet/Demos/SceneManager (Old Examples)/Prefabs/Player.prefab
  artifactKey: Guid(bf5f023b4017a5e41a9815ec5745df3d) Importer(815301076,1909f56bfc062723c751e8b465ee728b)
Start importing Assets/FishNet/Demos/SceneManager (Old Examples)/Prefabs/Player.prefab using Guid(bf5f023b4017a5e41a9815ec5745df3d) Importer(815301076,1909f56bfc062723c751e8b465ee728b) (PreviewImporter) -> (artifact id: 'c32c7250c1b452295d5fa6555bb854e0') in 0.0094747 seconds
Number of updated asset objects reloaded before import = 0Number of asset objects unloaded after import = 19

========================================================================
Received Import Request.
  Time since last request: 6.653807 seconds.
  path: Assets/FishNet/Demos/SceneManager/Additive Scenes/Prefabs/Player.prefab
  artifactKey: Guid(6331b3542e64a564c81bc39cedf70c8d) Importer(815301076,1909f56bfc062723c751e8b465ee728b)
Start importing Assets/FishNet/Demos/SceneManager/Additive Scenes/Prefabs/Player.prefab using Guid(6331b3542e64a564c81bc39cedf70c8d) Importer(815301076,1909f56bfc062723c751e8b465ee728b) (PreviewImporter) -> (artifact id: 'c9f4a45feba87bc09c6a8ed32d070511') in 0.0152712 seconds
Number of updated asset objects reloaded before import = 0Number of asset objects unloaded after import = 28

========================================================================
Received Import Request.
  Time since last request: 6.018229 seconds.
  path: Assets/FishNet/Demos/SceneManager/Additive Scenes/Scenes
  artifactKey: Guid(4f574493adcd0c841bc7be2e53b79af8) Importer(815301076,1909f56bfc062723c751e8b465ee728b)
Start importing Assets/FishNet/Demos/SceneManager/Additive Scenes/Scenes using Guid(4f574493adcd0c841bc7be2e53b79af8) Importer(815301076,1909f56bfc062723c751e8b465ee728b) (PreviewImporter) -> (artifact id: '22876b503da48ce9dc94204fa186acdd') in 0.0012463 seconds
Number of updated asset objects reloaded before import = 0Number of asset objects unloaded after import = 0

========================================================================
Received Import Request.
  Time since last request: 4.537825 seconds.
  path: Assets/FishNet/Demos/SceneManager/Additive Scenes/Prefabs
  artifactKey: Guid(9a4ba80779d8f594a99ac095c656b95e) Importer(815301076,1909f56bfc062723c751e8b465ee728b)
Start importing Assets/FishNet/Demos/SceneManager/Additive Scenes/Prefabs using Guid(9a4ba80779d8f594a99ac095c656b95e) Importer(815301076,1909f56bfc062723c751e8b465ee728b) (PreviewImporter) -> (artifact id: '860eabde99f3e99e1e795c2ef44b5fa4') in 0.0010286 seconds
Number of updated asset objects reloaded before import = 0Number of asset objects unloaded after import = 0

========================================================================
Received Import Request.
  Time since last request: 2.533251 seconds.
  path: Assets/FishNet/Demos/SceneManager/Additive Scenes/Scenes/AdditiveScenes_Start.unity
  artifactKey: Guid(afbcf8f41ca78ef4296672aeb824f605) Importer(815301076,1909f56bfc062723c751e8b465ee728b)
Start importing Assets/FishNet/Demos/SceneManager/Additive Scenes/Scenes/AdditiveScenes_Start.unity using Guid(afbcf8f41ca78ef4296672aeb824f605) Importer(815301076,1909f56bfc062723c751e8b465ee728b) (PreviewImporter) -> (artifact id: '60b2692a7c9b24dcb324b3610f1508d2') in 0.0008734 seconds
Number of updated asset objects reloaded before import = 0Number of asset objects unloaded after import = 0

========================================================================
Received Prepare
Begin MonoManager ReloadAssembly
- Loaded All Assemblies, in  1.340 seconds
Refreshing native plugins compatible for Editor in 1.17 ms, found 3 plugins.
Native extension for LinuxStandalone target not found
Native extension for Android target not found
Native extension for WindowsStandalone target not found
Mono: successfully reloaded assembly
- Finished resetting the current domain, in  1.583 seconds
Domain Reload Profiling: 2922ms
	BeginReloadAssembly (370ms)
		ExecutionOrderSort (0ms)
		DisableScriptedObjects (31ms)
		BackupInstance (0ms)
		ReleaseScriptingObjects (0ms)
		CreateAndSetChildDomain (114ms)
	RebuildCommonClasses (62ms)
	RebuildNativeTypeToScriptingClass (24ms)
	initialDomainReloadingComplete (49ms)
	LoadAllAssembliesAndSetupDomain (833ms)
		LoadAssemblies (567ms)
		RebuildTransferFunctionScriptingTraits (0ms)
		AnalyzeDomain (413ms)
			TypeCache.Refresh (13ms)
				TypeCache.ScanAssembly (0ms)
			BuildScriptInfoCaches (371ms)
			ResolveRequiredComponents (24ms)
	FinalizeReload (1584ms)
		ReleaseScriptCaches (0ms)
		RebuildScriptCaches (0ms)
		SetupLoadedEditorAssemblies (1295ms)
			LogAssemblyErrors (0ms)
			InitializePlatformSupportModulesInManaged (31ms)
			SetLoadedEditorAssemblies (11ms)
			BeforeProcessingInitializeOnLoad (333ms)
			ProcessInitializeOnLoadAttributes (828ms)
			ProcessInitializeOnLoadMethodAttributes (83ms)
			AfterProcessingInitializeOnLoad (9ms)
			EditorAssembliesLoaded (1ms)
		ExecutionOrderSort2 (0ms)
		AwakeInstancesAfterBackupRestoration (23ms)
Refreshing native plugins compatible for Editor in 1.67 ms, found 3 plugins.
Preloading 0 native plugins for Editor in 0.00 ms.
Unloading 44 Unused Serialized files (Serialized files now loaded: 0)
Unloading 7294 unused Assets / (8.0 MB). Loaded Objects now: 8169.
Memory consumption went from 257.3 MB to 249.3 MB.
Total: 22.351500 ms (FindLiveObjects: 1.532400 ms CreateObjectMapping: 1.870900 ms MarkObjects: 11.851800 ms  DeleteObjects: 7.094200 ms)

Prepare: number of updated asset objects reloaded= 0
========================================================================
Received Import Request.
  Time since last request: 112.010169 seconds.
  path: Assets/FishNet/Demos/SceneManager/Additive Scenes/Scenes/AdditiveScenes_0.unity
  artifactKey: Guid(7643cdc3eefb15f4f8608cc633c55f7e) Importer(815301076,1909f56bfc062723c751e8b465ee728b)
Start importing Assets/FishNet/Demos/SceneManager/Additive Scenes/Scenes/AdditiveScenes_0.unity using Guid(7643cdc3eefb15f4f8608cc633c55f7e) Importer(815301076,1909f56bfc062723c751e8b465ee728b) (PreviewImporter) -> (artifact id: 'd6b8384716f7af52d6eceeaaf370bc52') in 0.0137155 seconds
Number of updated asset objects reloaded before import = 0Number of asset objects unloaded after import = 0

========================================================================
Received Prepare
Begin MonoManager ReloadAssembly
- Loaded All Assemblies, in  1.255 seconds
Refreshing native plugins compatible for Editor in 0.77 ms, found 3 plugins.
Native extension for LinuxStandalone target not found
Native extension for Android target not found
Native extension for WindowsStandalone target not found
Mono: successfully reloaded assembly
- Finished resetting the current domain, in  1.709 seconds
Domain Reload Profiling: 2965ms
	BeginReloadAssembly (309ms)
		ExecutionOrderSort (0ms)
		DisableScriptedObjects (9ms)
		BackupInstance (0ms)
		ReleaseScriptingObjects (0ms)
		CreateAndSetChildDomain (92ms)
	RebuildCommonClasses (57ms)
	RebuildNativeTypeToScriptingClass (18ms)
	initialDomainReloadingComplete (47ms)
	LoadAllAssembliesAndSetupDomain (825ms)
		LoadAssemblies (599ms)
		RebuildTransferFunctionScriptingTraits (0ms)
		AnalyzeDomain (362ms)
			TypeCache.Refresh (12ms)
				TypeCache.ScanAssembly (0ms)
			BuildScriptInfoCaches (321ms)
			ResolveRequiredComponents (23ms)
	FinalizeReload (1710ms)
		ReleaseScriptCaches (0ms)
		RebuildScriptCaches (0ms)
		SetupLoadedEditorAssemblies (1446ms)
			LogAssemblyErrors (0ms)
			InitializePlatformSupportModulesInManaged (37ms)
			SetLoadedEditorAssemblies (12ms)
			BeforeProcessingInitializeOnLoad (367ms)
			ProcessInitializeOnLoadAttributes (911ms)
			ProcessInitializeOnLoadMethodAttributes (109ms)
			AfterProcessingInitializeOnLoad (10ms)
			EditorAssembliesLoaded (1ms)
		ExecutionOrderSort2 (0ms)
		AwakeInstancesAfterBackupRestoration (29ms)
Refreshing native plugins compatible for Editor in 2.24 ms, found 3 plugins.
Preloading 0 native plugins for Editor in 0.00 ms.
Unloading 44 Unused Serialized files (Serialized files now loaded: 0)
Unloading 7289 unused Assets / (9.5 MB). Loaded Objects now: 8172.
Memory consumption went from 257.1 MB to 247.7 MB.
Total: 31.263900 ms (FindLiveObjects: 1.486700 ms CreateObjectMapping: 2.054800 ms MarkObjects: 14.377500 ms  DeleteObjects: 13.342300 ms)

Prepare: number of updated asset objects reloaded= 0
========================================================================
Received Prepare
Begin MonoManager ReloadAssembly
- Loaded All Assemblies, in  1.268 seconds
Refreshing native plugins compatible for Editor in 0.80 ms, found 3 plugins.
Native extension for LinuxStandalone target not found
Native extension for Android target not found
Native extension for WindowsStandalone target not found
Mono: successfully reloaded assembly
- Finished resetting the current domain, in  1.542 seconds
Domain Reload Profiling: 2811ms
	BeginReloadAssembly (294ms)
		ExecutionOrderSort (0ms)
		DisableScriptedObjects (10ms)
		BackupInstance (0ms)
		ReleaseScriptingObjects (0ms)
		CreateAndSetChildDomain (79ms)
	RebuildCommonClasses (59ms)
	RebuildNativeTypeToScriptingClass (22ms)
	initialDomainReloadingComplete (41ms)
	LoadAllAssembliesAndSetupDomain (852ms)
		LoadAssemblies (583ms)
		RebuildTransferFunctionScriptingTraits (0ms)
		AnalyzeDomain (394ms)
			TypeCache.Refresh (12ms)
				TypeCache.ScanAssembly (0ms)
			BuildScriptInfoCaches (353ms)
			ResolveRequiredComponents (23ms)
	FinalizeReload (1542ms)
		ReleaseScriptCaches (0ms)
		RebuildScriptCaches (0ms)
		SetupLoadedEditorAssemblies (1302ms)
			LogAssemblyErrors (0ms)
			InitializePlatformSupportModulesInManaged (35ms)
			SetLoadedEditorAssemblies (12ms)
			BeforeProcessingInitializeOnLoad (322ms)
			ProcessInitializeOnLoadAttributes (840ms)
			ProcessInitializeOnLoadMethodAttributes (85ms)
			AfterProcessingInitializeOnLoad (7ms)
			EditorAssembliesLoaded (1ms)
		ExecutionOrderSort2 (0ms)
		AwakeInstancesAfterBackupRestoration (22ms)
Refreshing native plugins compatible for Editor in 1.67 ms, found 3 plugins.
Preloading 0 native plugins for Editor in 0.00 ms.
Unloading 44 Unused Serialized files (Serialized files now loaded: 0)
Unloading 7289 unused Assets / (8.7 MB). Loaded Objects now: 8175.
Memory consumption went from 257.2 MB to 248.5 MB.
Total: 24.965400 ms (FindLiveObjects: 1.326900 ms CreateObjectMapping: 1.430700 ms MarkObjects: 11.647400 ms  DeleteObjects: 10.558200 ms)

Prepare: number of updated asset objects reloaded= 0
========================================================================
Received Prepare
Refreshing native plugins compatible for Editor in 1.62 ms, found 3 plugins.
Preloading 0 native plugins for Editor in 0.00 ms.
Unloading 44 Unused Serialized files (Serialized files now loaded: 0)
Unloading 47 unused Assets / (4.5 MB). Loaded Objects now: 8172.
Memory consumption went from 252.1 MB to 247.6 MB.
Total: 23.272200 ms (FindLiveObjects: 0.915800 ms CreateObjectMapping: 0.875700 ms MarkObjects: 16.833500 ms  DeleteObjects: 4.644300 ms)

Prepare: number of updated asset objects reloaded= 1
========================================================================
Received Prepare
Begin MonoManager ReloadAssembly
- Loaded All Assemblies, in  1.482 seconds
Refreshing native plugins compatible for Editor in 1.00 ms, found 3 plugins.
Native extension for LinuxStandalone target not found
Native extension for Android target not found
Native extension for WindowsStandalone target not found
Mono: successfully reloaded assembly
- Finished resetting the current domain, in  1.956 seconds
Domain Reload Profiling: 3440ms
	BeginReloadAssembly (366ms)
		ExecutionOrderSort (0ms)
		DisableScriptedObjects (11ms)
		BackupInstance (0ms)
		ReleaseScriptingObjects (0ms)
		CreateAndSetChildDomain (96ms)
	RebuildCommonClasses (72ms)
	RebuildNativeTypeToScriptingClass (35ms)
	initialDomainReloadingComplete (51ms)
	LoadAllAssembliesAndSetupDomain (959ms)
		LoadAssemblies (689ms)
		RebuildTransferFunctionScriptingTraits (0ms)
		AnalyzeDomain (443ms)
			TypeCache.Refresh (12ms)
				TypeCache.ScanAssembly (0ms)
			BuildScriptInfoCaches (398ms)
			ResolveRequiredComponents (26ms)
	FinalizeReload (1957ms)
		ReleaseScriptCaches (0ms)
		RebuildScriptCaches (0ms)
		SetupLoadedEditorAssemblies (1638ms)
			LogAssemblyErrors (0ms)
			InitializePlatformSupportModulesInManaged (47ms)
			SetLoadedEditorAssemblies (17ms)
			BeforeProcessingInitializeOnLoad (404ms)
			ProcessInitializeOnLoadAttributes (1049ms)
			ProcessInitializeOnLoadMethodAttributes (111ms)
			AfterProcessingInitializeOnLoad (9ms)
			EditorAssembliesLoaded (1ms)
		ExecutionOrderSort2 (0ms)
		AwakeInstancesAfterBackupRestoration (22ms)
Refreshing native plugins compatible for Editor in 1.93 ms, found 3 plugins.
Preloading 0 native plugins for Editor in 0.00 ms.
Unloading 44 Unused Serialized files (Serialized files now loaded: 0)
Unloading 7289 unused Assets / (8.6 MB). Loaded Objects now: 8175.
Memory consumption went from 257.3 MB to 248.7 MB.
Total: 26.949600 ms (FindLiveObjects: 1.370200 ms CreateObjectMapping: 1.587900 ms MarkObjects: 14.030400 ms  DeleteObjects: 9.958300 ms)

Prepare: number of updated asset objects reloaded= 0
========================================================================
Received Import Request.
  Time since last request: 1035.899188 seconds.
  path: Assets/FishNet/Demos/ColliderRollback
  artifactKey: Guid(b4a241a573ddd2841a4f3eb890a36bf2) Importer(815301076,1909f56bfc062723c751e8b465ee728b)
Start importing Assets/FishNet/Demos/ColliderRollback using Guid(b4a241a573ddd2841a4f3eb890a36bf2) Importer(815301076,1909f56bfc062723c751e8b465ee728b) (PreviewImporter) -> (artifact id: '547dac83f79f310c712be049f35e155f') in 0.0536342 seconds
Number of updated asset objects reloaded before import = 0Number of asset objects unloaded after import = 0

========================================================================
Received Prepare
Begin MonoManager ReloadAssembly
- Loaded All Assemblies, in  1.525 seconds
Refreshing native plugins compatible for Editor in 1.04 ms, found 3 plugins.
Native extension for LinuxStandalone target not found
Native extension for Android target not found
Native extension for WindowsStandalone target not found
Mono: successfully reloaded assembly
- Finished resetting the current domain, in  2.253 seconds
Domain Reload Profiling: 3778ms
	BeginReloadAssembly (369ms)
		ExecutionOrderSort (0ms)
		DisableScriptedObjects (13ms)
		BackupInstance (0ms)
		ReleaseScriptingObjects (0ms)
		CreateAndSetChildDomain (102ms)
	RebuildCommonClasses (64ms)
	RebuildNativeTypeToScriptingClass (25ms)
	initialDomainReloadingComplete (54ms)
	LoadAllAssembliesAndSetupDomain (1012ms)
		LoadAssemblies (684ms)
		RebuildTransferFunctionScriptingTraits (0ms)
		AnalyzeDomain (490ms)
			TypeCache.Refresh (14ms)
				TypeCache.ScanAssembly (0ms)
			BuildScriptInfoCaches (441ms)
			ResolveRequiredComponents (29ms)
	FinalizeReload (2254ms)
		ReleaseScriptCaches (0ms)
		RebuildScriptCaches (0ms)
		SetupLoadedEditorAssemblies (1907ms)
			LogAssemblyErrors (0ms)
			InitializePlatformSupportModulesInManaged (42ms)
			SetLoadedEditorAssemblies (14ms)
			BeforeProcessingInitializeOnLoad (486ms)
			ProcessInitializeOnLoadAttributes (1233ms)
			ProcessInitializeOnLoadMethodAttributes (121ms)
			AfterProcessingInitializeOnLoad (10ms)
			EditorAssembliesLoaded (1ms)
		ExecutionOrderSort2 (0ms)
		AwakeInstancesAfterBackupRestoration (24ms)
Refreshing native plugins compatible for Editor in 2.14 ms, found 3 plugins.
Preloading 0 native plugins for Editor in 0.00 ms.
Unloading 44 Unused Serialized files (Serialized files now loaded: 0)
Unloading 7289 unused Assets / (9.0 MB). Loaded Objects now: 8178.
Memory consumption went from 257.3 MB to 248.3 MB.
Total: 32.804700 ms (FindLiveObjects: 1.900500 ms CreateObjectMapping: 1.972500 ms MarkObjects: 16.362400 ms  DeleteObjects: 12.566800 ms)

Prepare: number of updated asset objects reloaded= 0
========================================================================
Received Prepare
Begin MonoManager ReloadAssembly
- Loaded All Assemblies, in  1.538 seconds
Refreshing native plugins compatible for Editor in 1.19 ms, found 3 plugins.
Native extension for LinuxStandalone target not found
Native extension for Android target not found
Native extension for WindowsStandalone target not found
Mono: successfully reloaded assembly
- Finished resetting the current domain, in  1.890 seconds
Domain Reload Profiling: 3428ms
	BeginReloadAssembly (407ms)
		ExecutionOrderSort (0ms)
		DisableScriptedObjects (16ms)
		BackupInstance (0ms)
		ReleaseScriptingObjects (0ms)
		CreateAndSetChildDomain (119ms)
	RebuildCommonClasses (58ms)
	RebuildNativeTypeToScriptingClass (23ms)
	initialDomainReloadingComplete (51ms)
	LoadAllAssembliesAndSetupDomain (999ms)
		LoadAssemblies (692ms)
		RebuildTransferFunctionScriptingTraits (0ms)
		AnalyzeDomain (480ms)
			TypeCache.Refresh (12ms)
				TypeCache.ScanAssembly (0ms)
			BuildScriptInfoCaches (437ms)
			ResolveRequiredComponents (25ms)
	FinalizeReload (1891ms)
		ReleaseScriptCaches (0ms)
		RebuildScriptCaches (0ms)
		SetupLoadedEditorAssemblies (1564ms)
			LogAssemblyErrors (0ms)
			InitializePlatformSupportModulesInManaged (44ms)
			SetLoadedEditorAssemblies (14ms)
			BeforeProcessingInitializeOnLoad (374ms)
			ProcessInitializeOnLoadAttributes (1018ms)
			ProcessInitializeOnLoadMethodAttributes (104ms)
			AfterProcessingInitializeOnLoad (9ms)
			EditorAssembliesLoaded (1ms)
		ExecutionOrderSort2 (0ms)
		AwakeInstancesAfterBackupRestoration (20ms)
Refreshing native plugins compatible for Editor in 2.13 ms, found 3 plugins.
Preloading 0 native plugins for Editor in 0.00 ms.
Unloading 44 Unused Serialized files (Serialized files now loaded: 0)
Unloading 7289 unused Assets / (8.9 MB). Loaded Objects now: 8181.
Memory consumption went from 257.4 MB to 248.4 MB.
Total: 29.183100 ms (FindLiveObjects: 1.487000 ms CreateObjectMapping: 1.714400 ms MarkObjects: 14.939100 ms  DeleteObjects: 11.039800 ms)

Prepare: number of updated asset objects reloaded= 0
========================================================================
Received Prepare
Begin MonoManager ReloadAssembly
- Loaded All Assemblies, in  1.257 seconds
Refreshing native plugins compatible for Editor in 1.48 ms, found 3 plugins.
Native extension for LinuxStandalone target not found
Native extension for Android target not found
Native extension for WindowsStandalone target not found
Mono: successfully reloaded assembly
- Finished resetting the current domain, in  1.879 seconds
Domain Reload Profiling: 3139ms
	BeginReloadAssembly (315ms)
		ExecutionOrderSort (0ms)
		DisableScriptedObjects (11ms)
		BackupInstance (0ms)
		ReleaseScriptingObjects (0ms)
		CreateAndSetChildDomain (81ms)
	RebuildCommonClasses (62ms)
	RebuildNativeTypeToScriptingClass (18ms)
	initialDomainReloadingComplete (38ms)
	LoadAllAssembliesAndSetupDomain (825ms)
		LoadAssemblies (582ms)
		RebuildTransferFunctionScriptingTraits (0ms)
		AnalyzeDomain (387ms)
			TypeCache.Refresh (10ms)
				TypeCache.ScanAssembly (0ms)
			BuildScriptInfoCaches (347ms)
			ResolveRequiredComponents (23ms)
	FinalizeReload (1880ms)
		ReleaseScriptCaches (0ms)
		RebuildScriptCaches (0ms)
		SetupLoadedEditorAssemblies (1578ms)
			LogAssemblyErrors (0ms)
			InitializePlatformSupportModulesInManaged (50ms)
			SetLoadedEditorAssemblies (14ms)
			BeforeProcessingInitializeOnLoad (370ms)
			ProcessInitializeOnLoadAttributes (1046ms)
			ProcessInitializeOnLoadMethodAttributes (87ms)
			AfterProcessingInitializeOnLoad (9ms)
			EditorAssembliesLoaded (1ms)
		ExecutionOrderSort2 (0ms)
		AwakeInstancesAfterBackupRestoration (21ms)
Refreshing native plugins compatible for Editor in 1.84 ms, found 3 plugins.
Preloading 0 native plugins for Editor in 0.00 ms.
Unloading 44 Unused Serialized files (Serialized files now loaded: 0)
Unloading 7289 unused Assets / (8.7 MB). Loaded Objects now: 8184.
Memory consumption went from 257.4 MB to 248.7 MB.
Total: 26.773500 ms (FindLiveObjects: 1.250500 ms CreateObjectMapping: 1.713400 ms MarkObjects: 12.804800 ms  DeleteObjects: 11.002600 ms)

Prepare: number of updated asset objects reloaded= 0
========================================================================
Received Import Request.
  Time since last request: 554.784058 seconds.
  path: Assets/FishNet/Demos/SceneManager (Old Examples)
  artifactKey: Guid(20e6b1dc6b2c2aa41a7bab869daa1ce5) Importer(815301076,1909f56bfc062723c751e8b465ee728b)
Start importing Assets/FishNet/Demos/SceneManager (Old Examples) using Guid(20e6b1dc6b2c2aa41a7bab869daa1ce5) Importer(815301076,1909f56bfc062723c751e8b465ee728b) (PreviewImporter) -> (artifact id: 'e3572aa92c9f1ebdff84b034aa665565') in 0.0781639 seconds
Number of updated asset objects reloaded before import = 0Number of asset objects unloaded after import = 0

========================================================================
Received Import Request.
  Time since last request: 10.115166 seconds.
  path: Assets/FishNet/Demos/SceneManager (Old Examples)/Scenes/Replace/ReplaceMain.unity
  artifactKey: Guid(099398b014b86004abd99a7d21cf417a) Importer(815301076,1909f56bfc062723c751e8b465ee728b)
Start importing Assets/FishNet/Demos/SceneManager (Old Examples)/Scenes/Replace/ReplaceMain.unity using Guid(099398b014b86004abd99a7d21cf417a) Importer(815301076,1909f56bfc062723c751e8b465ee728b) (PreviewImporter) -> (artifact id: '01062fefb63f5b38217b0b8d5325c4f7') in 0.0021469 seconds
Number of updated asset objects reloaded before import = 0Number of asset objects unloaded after import = 0

========================================================================
Received Prepare
Begin MonoManager ReloadAssembly
- Loaded All Assemblies, in  2.407 seconds
Refreshing native plugins compatible for Editor in 1.14 ms, found 3 plugins.
Native extension for LinuxStandalone target not found
Native extension for Android target not found
Native extension for WindowsStandalone target not found
Mono: successfully reloaded assembly
- Finished resetting the current domain, in  2.091 seconds
Domain Reload Profiling: 4496ms
	BeginReloadAssembly (1086ms)
		ExecutionOrderSort (0ms)
		DisableScriptedObjects (35ms)
		BackupInstance (0ms)
		ReleaseScriptingObjects (1ms)
		CreateAndSetChildDomain (298ms)
	RebuildCommonClasses (107ms)
	RebuildNativeTypeToScriptingClass (38ms)
	initialDomainReloadingComplete (72ms)
	LoadAllAssembliesAndSetupDomain (1100ms)
		LoadAssemblies (1104ms)
		RebuildTransferFunctionScriptingTraits (0ms)
		AnalyzeDomain (494ms)
			TypeCache.Refresh (15ms)
				TypeCache.ScanAssembly (0ms)
			BuildScriptInfoCaches (445ms)
			ResolveRequiredComponents (27ms)
	FinalizeReload (2092ms)
		ReleaseScriptCaches (0ms)
		RebuildScriptCaches (0ms)
		SetupLoadedEditorAssemblies (1772ms)
			LogAssemblyErrors (0ms)
			InitializePlatformSupportModulesInManaged (60ms)
			SetLoadedEditorAssemblies (15ms)
			BeforeProcessingInitializeOnLoad (464ms)
			ProcessInitializeOnLoadAttributes (1113ms)
			ProcessInitializeOnLoadMethodAttributes (110ms)
			AfterProcessingInitializeOnLoad (10ms)
			EditorAssembliesLoaded (1ms)
		ExecutionOrderSort2 (0ms)
		AwakeInstancesAfterBackupRestoration (21ms)
Refreshing native plugins compatible for Editor in 2.88 ms, found 3 plugins.
Preloading 0 native plugins for Editor in 0.00 ms.
Unloading 44 Unused Serialized files (Serialized files now loaded: 0)
Unloading 7289 unused Assets / (8.5 MB). Loaded Objects now: 8187.
Memory consumption went from 257.5 MB to 249.0 MB.
Total: 44.900900 ms (FindLiveObjects: 2.364400 ms CreateObjectMapping: 3.049600 ms MarkObjects: 21.627400 ms  DeleteObjects: 17.854900 ms)

Prepare: number of updated asset objects reloaded= 0
========================================================================
Received Import Request.
  Time since last request: 85.140152 seconds.
  path: Assets/Online_FPS_TPS_KIT/Models
  artifactKey: Guid(72be83080c5f2494e96c3862a5ef6e46) Importer(815301076,1909f56bfc062723c751e8b465ee728b)
Start importing Assets/Online_FPS_TPS_KIT/Models using Guid(72be83080c5f2494e96c3862a5ef6e46) Importer(815301076,1909f56bfc062723c751e8b465ee728b) (PreviewImporter) -> (artifact id: '99ace961a16086715b473007bc71225c') in 0.0136915 seconds
Number of updated asset objects reloaded before import = 0Number of asset objects unloaded after import = 0

========================================================================
Received Import Request.
  Time since last request: 7.730271 seconds.
  path: Assets/Online_FPS_TPS_KIT/Models/Character
  artifactKey: Guid(9139839af82e50c479e6112832d219c4) Importer(815301076,1909f56bfc062723c751e8b465ee728b)
Start importing Assets/Online_FPS_TPS_KIT/Models/Character using Guid(9139839af82e50c479e6112832d219c4) Importer(815301076,1909f56bfc062723c751e8b465ee728b) (PreviewImporter) -> (artifact id: 'e35484b77975f6187edb7c0c42bea1c3') in 0.0009189 seconds
Number of updated asset objects reloaded before import = 0Number of asset objects unloaded after import = 0

========================================================================
Received Import Request.
  Time since last request: 25.048345 seconds.
  path: Assets/Fate/Prefabs/Weapons
  artifactKey: Guid(e473db4805fa7fc4e99a05dafcd314dd) Importer(815301076,1909f56bfc062723c751e8b465ee728b)
Start importing Assets/Fate/Prefabs/Weapons using Guid(e473db4805fa7fc4e99a05dafcd314dd) Importer(815301076,1909f56bfc062723c751e8b465ee728b) (PreviewImporter) -> (artifact id: '2c7001ea9462f6cb8f8a9ce3e808e916') in 0.0025785 seconds
Number of updated asset objects reloaded before import = 0Number of asset objects unloaded after import = 0

========================================================================
Received Import Request.
  Time since last request: 1.370007 seconds.
  path: Assets/Fate/Prefabs/FatePlayer Variant.prefab
  artifactKey: Guid(960b53cb5b2e7b045a8513eca10d9d32) Importer(815301076,1909f56bfc062723c751e8b465ee728b)
Start importing Assets/Fate/Prefabs/FatePlayer Variant.prefab using Guid(960b53cb5b2e7b045a8513eca10d9d32) Importer(815301076,1909f56bfc062723c751e8b465ee728b) (PreviewImporter) -> (artifact id: '28facb0c7e114179b9d04e40af3651bf') in 0.5217518 seconds
Number of updated asset objects reloaded before import = 0Number of asset objects unloaded after import = 1654

========================================================================
Received Import Request.
  Time since last request: 69.120123 seconds.
  path: Assets/Fate/Prefabs/Weapons/New Folder
  artifactKey: Guid(7d9aef1abf1c6034c9e010356e73617d) Importer(815301076,1909f56bfc062723c751e8b465ee728b)
Start importing Assets/Fate/Prefabs/Weapons/New Folder using Guid(7d9aef1abf1c6034c9e010356e73617d) Importer(815301076,1909f56bfc062723c751e8b465ee728b) (PreviewImporter) -> (artifact id: '27e210a43fc67b35328e4d79cc2bea3e') in 0.0018913 seconds
Number of updated asset objects reloaded before import = 0Number of asset objects unloaded after import = 0

========================================================================
Received Import Request.
  Time since last request: 8.881543 seconds.
  path: Assets/Fate/Prefabs/Weapons/Variants
  artifactKey: Guid(7d9aef1abf1c6034c9e010356e73617d) Importer(815301076,1909f56bfc062723c751e8b465ee728b)
Start importing Assets/Fate/Prefabs/Weapons/Variants using Guid(7d9aef1abf1c6034c9e010356e73617d) Importer(815301076,1909f56bfc062723c751e8b465ee728b) (PreviewImporter) -> (artifact id: '2ae21c9cb27dcc8f5943c44f658ca653') in 0.0008794 seconds
Number of updated asset objects reloaded before import = 0Number of asset objects unloaded after import = 0

========================================================================
Received Import Request.
  Time since last request: 37.109937 seconds.
  path: Assets/Fate/Prefabs/Weapons/Saga_Rifle.prefab
  artifactKey: Guid(75d050257db54454dbdf217a0633efe9) Importer(815301076,1909f56bfc062723c751e8b465ee728b)
Start importing Assets/Fate/Prefabs/Weapons/Saga_Rifle.prefab using Guid(75d050257db54454dbdf217a0633efe9) Importer(815301076,1909f56bfc062723c751e8b465ee728b) (PreviewImporter) -> (artifact id: '789590825d17ec04cdda03b237bfde75') in 0.0265771 seconds
Number of updated asset objects reloaded before import = 0Number of asset objects unloaded after import = 134

========================================================================
Received Import Request.
  Time since last request: 8.335017 seconds.
  path: Assets/Fate/Prefabs/Weapons/Glok_Pistol.prefab
  artifactKey: Guid(c54e4bbb46096c444bc79732c7f6756f) Importer(815301076,1909f56bfc062723c751e8b465ee728b)
Start importing Assets/Fate/Prefabs/Weapons/Glok_Pistol.prefab using Guid(c54e4bbb46096c444bc79732c7f6756f) Importer(815301076,1909f56bfc062723c751e8b465ee728b) (PreviewImporter) -> (artifact id: '10c78bbdbb9df7a5ada03f3e549d855b') in 0.0269781 seconds
Number of updated asset objects reloaded before import = 0Number of asset objects unloaded after import = 123

========================================================================
Received Import Request.
  Time since last request: 6.974712 seconds.
  path: Assets/Online_FPS_TPS_KIT/Prefabs/weapons/Glok_Pistol.prefab
  artifactKey: Guid(46a4cef94db477b44853ac449a673553) Importer(815301076,1909f56bfc062723c751e8b465ee728b)
Start importing Assets/Online_FPS_TPS_KIT/Prefabs/weapons/Glok_Pistol.prefab using Guid(46a4cef94db477b44853ac449a673553) Importer(815301076,1909f56bfc062723c751e8b465ee728b) (PreviewImporter) -> (artifact id: 'ee6a7e701f6e59b67fd6d16a8b12e1d0') in 0.0254872 seconds
Number of updated asset objects reloaded before import = 0Number of asset objects unloaded after import = 120

========================================================================
Received Import Request.
  Time since last request: 1.320745 seconds.
  path: Assets/Online_FPS_TPS_KIT/Prefabs/weapons/N4_Rifle.prefab
  artifactKey: Guid(35772b39c6785bc43bcbef7d3d0f9600) Importer(815301076,1909f56bfc062723c751e8b465ee728b)
Start importing Assets/Online_FPS_TPS_KIT/Prefabs/weapons/N4_Rifle.prefab using Guid(35772b39c6785bc43bcbef7d3d0f9600) Importer(815301076,1909f56bfc062723c751e8b465ee728b) (PreviewImporter) -> (artifact id: '8eed1c5dca2aa53f129b2e512cdfccbb') in 0.0255324 seconds
Number of updated asset objects reloaded before import = 0Number of asset objects unloaded after import = 144

========================================================================
Received Import Request.
  Time since last request: 8.220140 seconds.
  path: Assets/Online_FPS_TPS_KIT/Prefabs/Player.prefab
  artifactKey: Guid(1711848c311a7e84a8d4e466405d6c0c) Importer(815301076,1909f56bfc062723c751e8b465ee728b)
Start importing Assets/Online_FPS_TPS_KIT/Prefabs/Player.prefab using Guid(1711848c311a7e84a8d4e466405d6c0c) Importer(815301076,1909f56bfc062723c751e8b465ee728b) (PreviewImporter) -> (artifact id: '534a5b648e6f795b18c0a4548694379d') in 0.0925677 seconds
Number of updated asset objects reloaded before import = 0Number of asset objects unloaded after import = 1327

========================================================================
Received Import Request.
  Time since last request: 6.797339 seconds.
  path: Assets/Online_FPS_TPS_KIT/Prefabs/weapons
  artifactKey: Guid(37e3058a2a13b214e8238b4d39a86b23) Importer(815301076,1909f56bfc062723c751e8b465ee728b)
Start importing Assets/Online_FPS_TPS_KIT/Prefabs/weapons using Guid(37e3058a2a13b214e8238b4d39a86b23) Importer(815301076,1909f56bfc062723c751e8b465ee728b) (PreviewImporter) -> (artifact id: '8841d974cd01625a20e7b0880630f6e4') in 0.0015884 seconds
Number of updated asset objects reloaded before import = 0Number of asset objects unloaded after import = 0

========================================================================
Received Import Request.
  Time since last request: 0.791672 seconds.
  path: Assets/Online_FPS_TPS_KIT/Prefabs/weapons/Saga_Rifle.prefab
  artifactKey: Guid(83e00367807ebba40b0dade6f9487778) Importer(815301076,1909f56bfc062723c751e8b465ee728b)
Start importing Assets/Online_FPS_TPS_KIT/Prefabs/weapons/Saga_Rifle.prefab using Guid(83e00367807ebba40b0dade6f9487778) Importer(815301076,1909f56bfc062723c751e8b465ee728b) (PreviewImporter) -> (artifact id: '873fd1ba114cee42f459ff776e7b8899') in 0.0248377 seconds
Number of updated asset objects reloaded before import = 0Number of asset objects unloaded after import = 135

========================================================================
Received Import Request.
  Time since last request: 11.853336 seconds.
  path: Assets/Fate/Prefabs/Weapons/N4_Rifle.prefab
  artifactKey: Guid(c8e4cb520194b8a4aaddf28e8c3e66e7) Importer(815301076,1909f56bfc062723c751e8b465ee728b)
Start importing Assets/Fate/Prefabs/Weapons/N4_Rifle.prefab using Guid(c8e4cb520194b8a4aaddf28e8c3e66e7) Importer(815301076,1909f56bfc062723c751e8b465ee728b) (PreviewImporter) -> (artifact id: 'c6b563e2de05bc2b59eeea061d97ca5f') in 0.0309496 seconds
Number of updated asset objects reloaded before import = 0Number of asset objects unloaded after import = 252

========================================================================
Received Import Request.
  Time since last request: 5.502185 seconds.
  path: Assets/Fate/Prefabs/Weapons/N4_Rifle Variant 01.prefab
  artifactKey: Guid(e290763716aeecf428c3c53b2b714c01) Importer(815301076,1909f56bfc062723c751e8b465ee728b)
Start importing Assets/Fate/Prefabs/Weapons/N4_Rifle Variant 01.prefab using Guid(e290763716aeecf428c3c53b2b714c01) Importer(815301076,1909f56bfc062723c751e8b465ee728b) (PreviewImporter) -> (artifact id: 'a253d372b8f04df0370bd4e74319fea5') in 0.0336465 seconds
Number of updated asset objects reloaded before import = 0Number of asset objects unloaded after import = 377

========================================================================
Received Import Request.
  Time since last request: 39.241067 seconds.
  path: Assets/Fate/Materials
  artifactKey: Guid(fcf786efb6a9cf44eae0b7f7b4280270) Importer(815301076,1909f56bfc062723c751e8b465ee728b)
Start importing Assets/Fate/Materials using Guid(fcf786efb6a9cf44eae0b7f7b4280270) Importer(815301076,1909f56bfc062723c751e8b465ee728b) (PreviewImporter) -> (artifact id: 'b2420b1f659ca229cd0ae6142f7d8d5d') in 0.0012615 seconds
Number of updated asset objects reloaded before import = 0Number of asset objects unloaded after import = 0

========================================================================
Received Import Request.
  Time since last request: 99.223850 seconds.
  path: Assets/Online_FPS_TPS_KIT/Shaders/WeaponSights/RedDotShader.shadergraph
  artifactKey: Guid(46c96878d56dd2e449eb1143ac5b01a1) Importer(815301076,1909f56bfc062723c751e8b465ee728b)
Start importing Assets/Online_FPS_TPS_KIT/Shaders/WeaponSights/RedDotShader.shadergraph using Guid(46c96878d56dd2e449eb1143ac5b01a1) Importer(815301076,1909f56bfc062723c751e8b465ee728b) (PreviewImporter) -> (artifact id: 'db50c26a427e23544551b171278df243') in 0.0492603 seconds
Number of updated asset objects reloaded before import = 0Number of asset objects unloaded after import = 1

========================================================================
Received Import Request.
  Time since last request: 11.428914 seconds.
  path: Assets/Online_FPS_TPS_KIT/Shaders/WeaponSights
  artifactKey: Guid(e3680dea8c5c11c49824dd6c0ec0c3af) Importer(815301076,1909f56bfc062723c751e8b465ee728b)
Start importing Assets/Online_FPS_TPS_KIT/Shaders/WeaponSights using Guid(e3680dea8c5c11c49824dd6c0ec0c3af) Importer(815301076,1909f56bfc062723c751e8b465ee728b) (PreviewImporter) -> (artifact id: '560d8ff56bad6e2880d7e7990055463e') in 0.0008374 seconds
Number of updated asset objects reloaded before import = 0Number of asset objects unloaded after import = 0

========================================================================
Received Import Request.
  Time since last request: 216.527525 seconds.
  path: Assets/PolygonSciFiSpace/Prefabs/Weapons/SM_Wep_Pistol_01.prefab
  artifactKey: Guid(054873fb4d8fb414f9c75a47ff19cfe1) Importer(815301076,1909f56bfc062723c751e8b465ee728b)
Start importing Assets/PolygonSciFiSpace/Prefabs/Weapons/SM_Wep_Pistol_01.prefab using Guid(054873fb4d8fb414f9c75a47ff19cfe1) Importer(815301076,1909f56bfc062723c751e8b465ee728b) (PreviewImporter) -> (artifact id: '5169581cf73f53bdb02b7bf087fcd7b6') in 0.0342265 seconds
Number of updated asset objects reloaded before import = 0Number of asset objects unloaded after import = 18

========================================================================
Received Import Request.
  Time since last request: 18.640353 seconds.
  path: Assets/Fate/Scenes/Game/Sandbox.unity
  artifactKey: Guid(2ee27b3d4c67728448cadcb87e2f9355) Importer(815301076,1909f56bfc062723c751e8b465ee728b)
Start importing Assets/Fate/Scenes/Game/Sandbox.unity using Guid(2ee27b3d4c67728448cadcb87e2f9355) Importer(815301076,1909f56bfc062723c751e8b465ee728b) (PreviewImporter) -> (artifact id: '801ade366e7bcd957f972d71aedfa2d4') in 0.0008486 seconds
Number of updated asset objects reloaded before import = 0Number of asset objects unloaded after import = 0

========================================================================
Received Import Request.
  Time since last request: 41.506084 seconds.
  path: Packages/com.unity.render-pipelines.universal
  artifactKey: Guid(3daadad2994c8267822ff01d6ff240b2) Importer(815301076,1909f56bfc062723c751e8b465ee728b)
Start importing Packages/com.unity.render-pipelines.universal using Guid(3daadad2994c8267822ff01d6ff240b2) Importer(815301076,1909f56bfc062723c751e8b465ee728b) (PreviewImporter) -> (artifact id: 'c671d3810db108245cdaa799a4151f57') in 0.0016678 seconds
Number of updated asset objects reloaded before import = 0Number of asset objects unloaded after import = 0

========================================================================
Received Import Request.
  Time since last request: 4.051183 seconds.
  path: Assets/PolygonSciFiSpace/Prefabs/Weapons/SM_Wep_Pistol_01.prefab
  artifactKey: Guid(054873fb4d8fb414f9c75a47ff19cfe1) Importer(815301076,1909f56bfc062723c751e8b465ee728b)
Start importing Assets/PolygonSciFiSpace/Prefabs/Weapons/SM_Wep_Pistol_01.prefab using Guid(054873fb4d8fb414f9c75a47ff19cfe1) Importer(815301076,1909f56bfc062723c751e8b465ee728b) (PreviewImporter) -> (artifact id: '048560a2b545fc859f73a6d847fbcd24') in 0.0193111 seconds
Number of updated asset objects reloaded before import = 0Number of asset objects unloaded after import = 17

========================================================================
Received Prepare
Begin MonoManager ReloadAssembly
- Loaded All Assemblies, in  1.301 seconds
Refreshing native plugins compatible for Editor in 0.76 ms, found 3 plugins.
Native extension for LinuxStandalone target not found
Native extension for Android target not found
Native extension for WindowsStandalone target not found
Mono: successfully reloaded assembly
- Finished resetting the current domain, in  1.748 seconds
Domain Reload Profiling: 3050ms
	BeginReloadAssembly (317ms)
		ExecutionOrderSort (0ms)
		DisableScriptedObjects (12ms)
		BackupInstance (0ms)
		ReleaseScriptingObjects (0ms)
		CreateAndSetChildDomain (82ms)
	RebuildCommonClasses (66ms)
	RebuildNativeTypeToScriptingClass (22ms)
	initialDomainReloadingComplete (46ms)
	LoadAllAssembliesAndSetupDomain (851ms)
		LoadAssemblies (584ms)
		RebuildTransferFunctionScriptingTraits (0ms)
		AnalyzeDomain (404ms)
			TypeCache.Refresh (13ms)
				TypeCache.ScanAssembly (0ms)
			BuildScriptInfoCaches (360ms)
			ResolveRequiredComponents (25ms)
	FinalizeReload (1748ms)
		ReleaseScriptCaches (0ms)
		RebuildScriptCaches (0ms)
		SetupLoadedEditorAssemblies (1463ms)
			LogAssemblyErrors (0ms)
			InitializePlatformSupportModulesInManaged (37ms)
			SetLoadedEditorAssemblies (12ms)
			BeforeProcessingInitializeOnLoad (349ms)
			ProcessInitializeOnLoadAttributes (961ms)
			ProcessInitializeOnLoadMethodAttributes (95ms)
			AfterProcessingInitializeOnLoad (8ms)
			EditorAssembliesLoaded (1ms)
		ExecutionOrderSort2 (0ms)
		AwakeInstancesAfterBackupRestoration (20ms)
Refreshing native plugins compatible for Editor in 1.76 ms, found 3 plugins.
Preloading 0 native plugins for Editor in 0.00 ms.
Unloading 44 Unused Serialized files (Serialized files now loaded: 0)
Unloading 7290 unused Assets / (8.5 MB). Loaded Objects now: 8222.
Memory consumption went from 257.7 MB to 249.2 MB.
Total: 29.578200 ms (FindLiveObjects: 1.444700 ms CreateObjectMapping: 1.987700 ms MarkObjects: 14.765700 ms  DeleteObjects: 11.377000 ms)

Prepare: number of updated asset objects reloaded= 0
========================================================================
Received Prepare
Begin MonoManager ReloadAssembly
- Loaded All Assemblies, in  1.431 seconds
Refreshing native plugins compatible for Editor in 0.81 ms, found 3 plugins.
Native extension for LinuxStandalone target not found
Native extension for Android target not found
Native extension for WindowsStandalone target not found
Mono: successfully reloaded assembly
- Finished resetting the current domain, in  1.871 seconds
Domain Reload Profiling: 3304ms
	BeginReloadAssembly (485ms)
		ExecutionOrderSort (0ms)
		DisableScriptedObjects (13ms)
		BackupInstance (0ms)
		ReleaseScriptingObjects (0ms)
		CreateAndSetChildDomain (157ms)
	RebuildCommonClasses (60ms)
	RebuildNativeTypeToScriptingClass (27ms)
	initialDomainReloadingComplete (43ms)
	LoadAllAssembliesAndSetupDomain (818ms)
		LoadAssemblies (639ms)
		RebuildTransferFunctionScriptingTraits (0ms)
		AnalyzeDomain (365ms)
			TypeCache.Refresh (13ms)
				TypeCache.ScanAssembly (0ms)
			BuildScriptInfoCaches (328ms)
			ResolveRequiredComponents (19ms)
	FinalizeReload (1872ms)
		ReleaseScriptCaches (0ms)
		RebuildScriptCaches (0ms)
		SetupLoadedEditorAssemblies (1593ms)
			LogAssemblyErrors (0ms)
			InitializePlatformSupportModulesInManaged (38ms)
			SetLoadedEditorAssemblies (13ms)
			BeforeProcessingInitializeOnLoad (369ms)
			ProcessInitializeOnLoadAttributes (1064ms)
			ProcessInitializeOnLoadMethodAttributes (100ms)
			AfterProcessingInitializeOnLoad (9ms)
			EditorAssembliesLoaded (1ms)
		ExecutionOrderSort2 (0ms)
		AwakeInstancesAfterBackupRestoration (17ms)
Refreshing native plugins compatible for Editor in 2.15 ms, found 3 plugins.
Preloading 0 native plugins for Editor in 0.00 ms.
Unloading 44 Unused Serialized files (Serialized files now loaded: 0)
Unloading 7289 unused Assets / (9.2 MB). Loaded Objects now: 8225.
Memory consumption went from 257.8 MB to 248.6 MB.
Total: 29.479900 ms (FindLiveObjects: 1.475800 ms CreateObjectMapping: 1.623000 ms MarkObjects: 14.307100 ms  DeleteObjects: 12.071500 ms)

Prepare: number of updated asset objects reloaded= 0
========================================================================
Received Import Request.
  Time since last request: 216.454699 seconds.
  path: Assets/Fate/Prefabs/FatePlayer Variant.prefab
  artifactKey: Guid(960b53cb5b2e7b045a8513eca10d9d32) Importer(815301076,1909f56bfc062723c751e8b465ee728b)
Start importing Assets/Fate/Prefabs/FatePlayer Variant.prefab using Guid(960b53cb5b2e7b045a8513eca10d9d32) Importer(815301076,1909f56bfc062723c751e8b465ee728b) (PreviewImporter) -> (artifact id: 'edd012edec6194c9c1b31cdd5d324fc7') in 0.3685737 seconds
Number of updated asset objects reloaded before import = 0Number of asset objects unloaded after import = 1964

========================================================================
Received Import Request.
  Time since last request: 7.226514 seconds.
  path: Assets/Fate/Prefabs/FatePlayer Variant Variant.prefab
  artifactKey: Guid(25941c8ebcf4a7348808296fa0c3aa23) Importer(815301076,1909f56bfc062723c751e8b465ee728b)
Start importing Assets/Fate/Prefabs/FatePlayer Variant Variant.prefab using Guid(25941c8ebcf4a7348808296fa0c3aa23) Importer(815301076,1909f56bfc062723c751e8b465ee728b) (PreviewImporter) -> (artifact id: 'c0ee691505ff285bdce7c3cd4f1f8460') in 0.1107605 seconds
Number of updated asset objects reloaded before import = 0Number of asset objects unloaded after import = 2599

========================================================================
Received Import Request.
  Time since last request: 8.022262 seconds.
  path: Assets/Fate/Prefabs/FatePlayerNetworked Variant.prefab
  artifactKey: Guid(25941c8ebcf4a7348808296fa0c3aa23) Importer(815301076,1909f56bfc062723c751e8b465ee728b)
Start importing Assets/Fate/Prefabs/FatePlayerNetworked Variant.prefab using Guid(25941c8ebcf4a7348808296fa0c3aa23) Importer(815301076,1909f56bfc062723c751e8b465ee728b) (PreviewImporter) -> (artifact id: '9f506bed7350c778f7fc25c96f340c41') in 0.1108174 seconds
Number of updated asset objects reloaded before import = 0Number of asset objects unloaded after import = 2599

========================================================================
Received Import Request.
  Time since last request: 17.079026 seconds.
  path: Assets/Fate/Prefabs/FatePlayer Variant.prefab
  artifactKey: Guid(960b53cb5b2e7b045a8513eca10d9d32) Importer(815301076,1909f56bfc062723c751e8b465ee728b)
Start importing Assets/Fate/Prefabs/FatePlayer Variant.prefab using Guid(960b53cb5b2e7b045a8513eca10d9d32) Importer(815301076,1909f56bfc062723c751e8b465ee728b) (PreviewImporter) -> (artifact id: 'ee98f970a80fc5bb98209a0699dafe32') in 0.1269546 seconds
Number of updated asset objects reloaded before import = 0Number of asset objects unloaded after import = 1964

========================================================================
Received Import Request.
  Time since last request: 5.101219 seconds.
  path: Assets/Fate/Prefabs/FatePlayer Variant.prefab
  artifactKey: Guid(960b53cb5b2e7b045a8513eca10d9d32) Importer(815301076,1909f56bfc062723c751e8b465ee728b)
Start importing Assets/Fate/Prefabs/FatePlayer Variant.prefab using Guid(960b53cb5b2e7b045a8513eca10d9d32) Importer(815301076,1909f56bfc062723c751e8b465ee728b) (PreviewImporter) -> (artifact id: 'dbbb5e5637c99b1ce9d6adc32f25ad95') in 0.1132623 seconds
Number of updated asset objects reloaded before import = 0Number of asset objects unloaded after import = 1961

========================================================================
Received Import Request.
  Time since last request: 2.173224 seconds.
  path: Assets/Fate/Prefabs/FatePlayerNetworked Variant.prefab
  artifactKey: Guid(25941c8ebcf4a7348808296fa0c3aa23) Importer(815301076,1909f56bfc062723c751e8b465ee728b)
Start importing Assets/Fate/Prefabs/FatePlayerNetworked Variant.prefab using Guid(25941c8ebcf4a7348808296fa0c3aa23) Importer(815301076,1909f56bfc062723c751e8b465ee728b) (PreviewImporter) -> (artifact id: 'cca3f6920bfb83c070d0a589837785c9') in 0.1074797 seconds
Number of updated asset objects reloaded before import = 0Number of asset objects unloaded after import = 2594

========================================================================
Received Import Request.
  Time since last request: 2.430895 seconds.
  path: Assets/Fate/Prefabs/FatePlayerNetworked Variant.prefab
  artifactKey: Guid(25941c8ebcf4a7348808296fa0c3aa23) Importer(815301076,1909f56bfc062723c751e8b465ee728b)
Start importing Assets/Fate/Prefabs/FatePlayerNetworked Variant.prefab using Guid(25941c8ebcf4a7348808296fa0c3aa23) Importer(815301076,1909f56bfc062723c751e8b465ee728b) (PreviewImporter) -> (artifact id: '41fed755270f0525644ae4ebb99d5b18') in 0.1126029 seconds
Number of updated asset objects reloaded before import = 0Number of asset objects unloaded after import = 2596

========================================================================
Received Import Request.
  Time since last request: 3.310199 seconds.
  path: Assets/Fate/Prefabs/FateNetworkManager.prefab
  artifactKey: Guid(fdcd88f1adcb0fc48824f39faab8cab3) Importer(815301076,1909f56bfc062723c751e8b465ee728b)
Start importing Assets/Fate/Prefabs/FateNetworkManager.prefab using Guid(fdcd88f1adcb0fc48824f39faab8cab3) Importer(815301076,1909f56bfc062723c751e8b465ee728b) (PreviewImporter) -> (artifact id: '0a1a60dbc7128f87dd0ce2ec154ad923') in 0.0508658 seconds
Number of updated asset objects reloaded before import = 0Number of asset objects unloaded after import = 919

========================================================================
Received Prepare
Begin MonoManager ReloadAssembly
- Loaded All Assemblies, in  1.313 seconds
Refreshing native plugins compatible for Editor in 0.96 ms, found 3 plugins.
Native extension for LinuxStandalone target not found
Native extension for Android target not found
Native extension for WindowsStandalone target not found
Mono: successfully reloaded assembly
- Finished resetting the current domain, in  1.849 seconds
Domain Reload Profiling: 3164ms
	BeginReloadAssembly (344ms)
		ExecutionOrderSort (0ms)
		DisableScriptedObjects (12ms)
		BackupInstance (0ms)
		ReleaseScriptingObjects (0ms)
		CreateAndSetChildDomain (99ms)
	RebuildCommonClasses (68ms)
	RebuildNativeTypeToScriptingClass (21ms)
	initialDomainReloadingComplete (41ms)
	LoadAllAssembliesAndSetupDomain (840ms)
		LoadAssemblies (578ms)
		RebuildTransferFunctionScriptingTraits (0ms)
		AnalyzeDomain (409ms)
			TypeCache.Refresh (12ms)
				TypeCache.ScanAssembly (0ms)
			BuildScriptInfoCaches (351ms)
			ResolveRequiredComponents (42ms)
	FinalizeReload (1850ms)
		ReleaseScriptCaches (0ms)
		RebuildScriptCaches (0ms)
		SetupLoadedEditorAssemblies (1517ms)
			LogAssemblyErrors (0ms)
			InitializePlatformSupportModulesInManaged (38ms)
			SetLoadedEditorAssemblies (11ms)
			BeforeProcessingInitializeOnLoad (378ms)
			ProcessInitializeOnLoadAttributes (982ms)
			ProcessInitializeOnLoadMethodAttributes (99ms)
			AfterProcessingInitializeOnLoad (8ms)
			EditorAssembliesLoaded (1ms)
		ExecutionOrderSort2 (0ms)
		AwakeInstancesAfterBackupRestoration (17ms)
Refreshing native plugins compatible for Editor in 2.08 ms, found 3 plugins.
Preloading 0 native plugins for Editor in 0.00 ms.
Unloading 44 Unused Serialized files (Serialized files now loaded: 0)
Unloading 7293 unused Assets / (8.7 MB). Loaded Objects now: 8228.
Memory consumption went from 258.0 MB to 249.3 MB.
Total: 26.750100 ms (FindLiveObjects: 2.123300 ms CreateObjectMapping: 2.190900 ms MarkObjects: 11.513000 ms  DeleteObjects: 10.920900 ms)

Prepare: number of updated asset objects reloaded= 0
